uf60,nome_uf,zona_cod,zona,code_muni_1960,name_muni_1960,code_district_1960,name_district_1960,duvida,pagina
0,Território de Rondônia,001,Zona do Alto Madeira,10,GUAJARÁ-MIRIM,1,Guajará-Mirim,False,2
0,Território de Rondônia,001,Zona do Alto Madeira,10,GUAJARÁ-MIRIM,3,Pedras Negras,False,2
0,Território de Rondônia,001,Zona do Alto Madeira,10,GUAJARÁ-MIRIM,5,Príncipe da Beira,False,2
0,Território de Rondônia,001,Zona do Alto Madeira,11,PÔRTO VELHO,1,Pôrto Velho,False,2
0,Território de Rondônia,001,Zona do Alto Madeira,11,PÔRTO VELHO,3,Abunã,False,2
0,Território de Rondônia,001,Zona do Alto Madeira,11,PÔRTO VELHO,5,Ariquemes,False,2
0,Território de Rondônia,001,Zona do Alto Madeira,11,PÔRTO VELHO,7,Calama,False,2
0,Território de Rondônia,001,Zona do Alto Madeira,11,PÔRTO VELHO,9,Jaci Paraná,False,2
0,Território de Rondônia,001,Zona do Alto Madeira,11,PÔRTO VELHO,11,Rondônia,False,2
1,Território do Acre,011,Zona do Alto Purus,110,BRASILÉIA,1,Brasiléia,False,3
1,Território do Acre,011,Zona do Alto Purus,111,RIO BRANCO,1,Rio Branco,False,3
1,Território do Acre,011,Zona do Alto Purus,111,RIO BRANCO,3,Plácido de Castro,False,3
1,Território do Acre,011,Zona do Alto Purus,111,RIO BRANCO,5,Pôrto Acre,False,3
1,Território do Acre,011,Zona do Alto Purus,112,SENA MADUREIRA,1,Sena Madureira,False,3
1,Território do Acre,011,Zona do Alto Purus,112,SENA MADUREIRA,3,Manuel Urbano,False,3
1,Território do Acre,011,Zona do Alto Purus,113,XAPURI,1,Xapuri,False,3
1,Território do Acre,012,Zona do Alto Juruá,120,CRUZEIRO DO SUL,1,Cruzeiro do Sul,False,3
1,Território do Acre,012,Zona do Alto Juruá,120,CRUZEIRO DO SUL,3,Japiim,False,3
1,Território do Acre,012,Zona do Alto Juruá,120,CRUZEIRO DO SUL,5,Pôrto Valter,False,3
1,Território do Acre,012,Zona do Alto Juruá,120,CRUZEIRO DO SUL,7,Taumaturgo,False,3
1,Território do Acre,012,Zona do Alto Juruá,121,FEIJÓ,1,Feijó,False,3
1,Território do Acre,012,Zona do Alto Juruá,122,TARAUACÁ,1,Tarauacá,False,3
1,Território do Acre,012,Zona do Alto Juruá,122,TARAUACÁ,3,Foz do Jordão,False,3
2,Amazonas,021,Zona do Médio Amazonas,210,BARREIRINHA,1,Barreirinha,False,4
2,Amazonas,021,Zona do Médio Amazonas,210,BARREIRINHA,3,Ariaú,False,4
2,Amazonas,021,Zona do Médio Amazonas,210,BARREIRINHA,5,Freguesia do Andirá,False,4
2,Amazonas,021,Zona do Médio Amazonas,210,BARREIRINHA,7,Pedras,False,4
2,Amazonas,021,Zona do Médio Amazonas,211,ITACOATIARA,1,Itacoatiara,False,4
2,Amazonas,021,Zona do Médio Amazonas,211,ITACOATIARA,3,Amatari,False,4
2,Amazonas,021,Zona do Médio Amazonas,212,ITAPIRANGA,1,Itapiranga,False,4
2,Amazonas,021,Zona do Médio Amazonas,213,MAUÉS,1,Maués,False,4
2,Amazonas,021,Zona do Médio Amazonas,214,NHAMUNDÁ,1,Nhamundá,False,4
2,Amazonas,021,Zona do Médio Amazonas,215,NOVA OLINDA DO NORTE,1,Nova Olinda do Norte,False,4
2,Amazonas,021,Zona do Médio Amazonas,216,PARINTINS,1,Parintins,False,4
2,Amazonas,021,Zona do Médio Amazonas,217,SILVES,1,Silves,False,4
2,Amazonas,021,Zona do Médio Amazonas,218,URUCARÁ,1,Urucará,False,4
2,Amazonas,021,Zona do Médio Amazonas,219,URUCURITUBA,1,Urucurituba,False,4
2,Amazonas,024,Zona do Rio Negro,240,AIRÃO,1,Airão,False,4
2,Amazonas,024,Zona do Rio Negro,241,BARCELOS,1,Barcelos,False,4
2,Amazonas,024,Zona do Rio Negro,241,BARCELOS,3,Carvoeiro,False,4
2,Amazonas,024,Zona do Rio Negro,241,BARCELOS,5,Moura,False,4
2,Amazonas,024,Zona do Rio Negro,242,CAREIRO,1,Careiro,False,5
2,Amazonas,024,Zona do Rio Negro,243,ILHA GRANDE,1,Ilha Grande,False,5
2,Amazonas,024,Zona do Rio Negro,244,MANAUS,1,Manaus,False,5
2,Amazonas,024,Zona do Rio Negro,245,UAUPÉS,1,Uaupés,False,5
2,Amazonas,024,Zona do Rio Negro,245,UAUPÉS,3,Iauaretê,False,5
2,Amazonas,024,Zona do Rio Negro,245,UAUPÉS,5,Içana,False,5
2,Amazonas,025,Zona do Solimões-Tefé,250,ANORI,1,Anori,False,5
2,Amazonas,025,Zona do Solimões-Tefé,250,ANORI,3,Anamã,False,5
2,Amazonas,025,Zona do Solimões-Tefé,251,COARI,1,Coari,False,5
2,Amazonas,025,Zona do Solimões-Tefé,252,CODAJÁS,1,Codajás,False,5
2,Amazonas,025,Zona do Solimões-Tefé,253,JAPURÁ,1,Japurá,False,5
2,Amazonas,025,Zona do Solimões-Tefé,254,MANACAPURU,1,Manacapuru,False,5
2,Amazonas,025,Zona do Solimões-Tefé,254,MANACAPURU,3,Beruri,False,5
2,Amazonas,025,Zona do Solimões-Tefé,254,MANACAPURU,5,Caapiranga,False,5
2,Amazonas,025,Zona do Solimões-Tefé,254,MANACAPURU,7,Vila Rica,False,5
2,Amazonas,025,Zona do Solimões-Tefé,255,MARAÃ,1,Maraã,False,5
2,Amazonas,025,Zona do Solimões-Tefé,256,TEFÉ,1,Tefé,False,5
2,Amazonas,025,Zona do Solimões-Tefé,256,TEFÉ,3,Alvarães,False,5
2,Amazonas,026,Zona do Rio Purus,260,BÔCA DO ACRE,1,Bôca do Acre,False,5
2,Amazonas,026,Zona do Rio Purus,260,BÔCA DO ACRE,3,Floriano Peixoto,False,5
2,Amazonas,026,Zona do Rio Purus,261,CANUTAMA,1,Canutama,False,6
2,Amazonas,026,Zona do Rio Purus,262,LÁBREA,1,Lábrea,False,6
2,Amazonas,026,Zona do Rio Purus,262,LÁBREA,3,Fortaleza do Ituxi,False,6
2,Amazonas,026,Zona do Rio Purus,263,PAUINI,1,Pauini,False,6
2,Amazonas,026,Zona do Rio Purus,264,TAPAUÁ,1,Tapauá,False,6
2,Amazonas,027,Zona do Rio Juruá,270,CARAUARI,1,Carauari,False,6
2,Amazonas,027,Zona do Rio Juruá,271,EIRUNEPÉ,1,Eirunepé,False,6
2,Amazonas,027,Zona do Rio Juruá,272,ENVIRA,1,Envira,False,6
2,Amazonas,027,Zona do Rio Juruá,273,IPIXUNA,1,Ipixuna,False,6
2,Amazonas,027,Zona do Rio Juruá,274,JURUÁ,1,Juruá,False,6
2,Amazonas,028,Zona do Solimões-Javari,280,ATALAIA DO NORTE,1,Atalaia do Norte,False,6
2,Amazonas,028,Zona do Solimões-Javari,281,BENJAMIN CONSTANT,1,Benjamin Constant,False,6
2,Amazonas,028,Zona do Solimões-Javari,282,FONTE BOA,1,Fonte Boa,False,6
2,Amazonas,028,Zona do Solimões-Javari,283,JUTAÍ,1,Jutaí,False,6
2,Amazonas,028,Zona do Solimões-Javari,284,SANTO ANTÔNIO DO IÇÁ,1,Santo Antônio do Içá,False,6
2,Amazonas,028,Zona do Solimões-Javari,284,SANTO ANTÔNIO DO IÇÁ,3,Tonantins,False,6
2,Amazonas,028,Zona do Solimões-Javari,285,SÃO PAULO DE OLIVENÇA,1,São Paulo de Olivença,False,7
2,Amazonas,028,Zona do Solimões-Javari,285,SÃO PAULO DE OLIVENÇA,3,Amataurá,False,7
2,Amazonas,028,Zona do Solimões-Javari,285,SÃO PAULO DE OLIVENÇA,5,Santa Rita do Weil,False,7
2,Amazonas,023,Zona do Rio Madeira,230,AUTAZES,1,Autazes,False,7
2,Amazonas,023,Zona do Rio Madeira,230,AUTAZES,3,Murutinga,False,7
2,Amazonas,023,Zona do Rio Madeira,231,BORBA,1,Borba,False,7
2,Amazonas,023,Zona do Rio Madeira,231,BORBA,3,Axinim,False,7
2,Amazonas,023,Zona do Rio Madeira,231,BORBA,5,Canumã,False,7
2,Amazonas,023,Zona do Rio Madeira,232,HUMAITÁ,1,Humaitá,False,7
2,Amazonas,023,Zona do Rio Madeira,233,MANICORÉ,1,Manicoré,False,7
2,Amazonas,023,Zona do Rio Madeira,234,NOVO ARIPUANÃ,1,Novo Aripuanã,False,7
2,Amazonas,023,Zona do Rio Madeira,234,NOVO ARIPUANÃ,3,Sumaúma,False,7
3,Território do Rio Branco,031,Zona do Alto Rio Branco,310,BOA VISTA,1,Boa Vista,False,8
3,Território do Rio Branco,031,Zona do Alto Rio Branco,310,BOA VISTA,3,Conceição do Maú,False,8
3,Território do Rio Branco,031,Zona do Alto Rio Branco,310,BOA VISTA,5,Depósito,False,8
3,Território do Rio Branco,031,Zona do Alto Rio Branco,310,BOA VISTA,7,Uraricoera,False,8
3,Território do Rio Branco,032,Zona de Catrimâni,320,CARACARAÍ,1,Caracaraí,False,8
3,Território do Rio Branco,032,Zona de Catrimâni,320,CARACARAÍ,3,Boiaçu,False,8
3,Território do Rio Branco,032,Zona de Catrimâni,320,CARACARAÍ,5,São José de Anauá,False,8
3,Pará,043044,Zona do Marajó e Ilhas,430,AFUÁ,1,Afuá,False,9
3,Pará,043044,Zona do Marajó e Ilhas,430,AFUÁ,3,Vila Baturité,False,9
3,Pará,043044,Zona do Marajó e Ilhas,431,ANAJÁS,1,Anajás,False,9
3,Pará,043044,Zona do Marajó e Ilhas,432,BREVES,1,Breves,False,9
3,Pará,043044,Zona do Marajó e Ilhas,432,BREVES,3,Antônio Lemos,False,9
3,Pará,043044,Zona do Marajó e Ilhas,432,BREVES,5,Curumu,False,9
3,Pará,043044,Zona do Marajó e Ilhas,432,BREVES,7,São Miguel dos Macacos,False,9
3,Pará,043044,Zona do Marajó e Ilhas,433,CACHOEIRA DO ARARI,1,Cachoeira do Arari,False,9
3,Pará,043044,Zona do Marajó e Ilhas,434,CHAVES,1,Chaves,False,9
3,Pará,043044,Zona do Marajó e Ilhas,434,CHAVES,3,São Sebastião de Viçosa [9.16],False,9
3,Pará,043044,Zona do Marajó e Ilhas,435,CURRALINHO,1,Curralinho,False,9
3,Pará,043044,Zona do Marajó e Ilhas,435,CURRALINHO,3,Piriá,False,9
3,Pará,043044,Zona do Marajó e Ilhas,436,GURUPÁ,1,Gurupá,False,9
3,Pará,043044,Zona do Marajó e Ilhas,436,GURUPÁ,3,Carrazedo,False,9
3,Pará,043044,Zona do Marajó e Ilhas,436,GURUPÁ,5,Itatupã,False,9
3,Pará,043044,Zona do Marajó e Ilhas,437,MUANÁ,1,Muaná,False,9
3,Pará,043044,Zona do Marajó e Ilhas,437,MUANÁ,3,São Francisco da Jararaca,False,9
3,Pará,043044,Zona do Marajó e Ilhas,438,PONTA DE PEDRAS,1,Ponta de Pedras,False,9
3,Pará,043044,Zona do Marajó e Ilhas,438,PONTA DE PEDRAS,3,Santa Cruz,False,9
3,Pará,043044,Zona do Marajó e Ilhas,439,SÃO SEBASTIÃO DA BOA VISTA,1,São Sebastião da Boa Vista,False,10
3,Pará,043044,Zona do Marajó e Ilhas,440,SOURE,1,Soure,False,10
3,Pará,043044,Zona do Marajó e Ilhas,440,SOURE,3,Condeixa,False,10
3,Pará,043044,Zona do Marajó e Ilhas,440,SOURE,5,Joanes,False,10
3,Pará,043044,Zona do Marajó e Ilhas,440,SOURE,7,Salvaterra,False,10
3,Pará,041,Zona do Salgado,410,CURUÇÁ,1,Curuçá,False,10
3,Pará,041,Zona do Salgado,410,CURUÇÁ,3,Lauro Sodré,False,10
3,Pará,041,Zona do Salgado,410,CURUÇÁ,5,Murajá,False,10
3,Pará,041,Zona do Salgado,410,CURUÇÁ,7,Ponta de Ramos,False,10
3,Pará,041,Zona do Salgado,410,CURUÇÁ,9,Terra Alta,False,10
3,Pará,041,Zona do Salgado,411,MARACANÃ,1,Maracanã,False,10
3,Pará,041,Zona do Salgado,411,MARACANÃ,3,Boa Esperança,False,10
3,Pará,041,Zona do Salgado,411,MARACANÃ,5,Santarém Nôvo,False,10
3,Pará,041,Zona do Salgado,411,MARACANÃ,7,São Roberto,False,10
3,Pará,041,Zona do Salgado,412,MARAPANIM,1,Marapanim,False,10
3,Pará,041,Zona do Salgado,412,MARAPANIM,3,Cuinaruna,False,10
3,Pará,041,Zona do Salgado,412,MARAPANIM,5,Marudá,False,10
3,Pará,041,Zona do Salgado,412,MARAPANIM,7,Matapiquara,False,10
3,Pará,041,Zona do Salgado,412,MARAPANIM,9,Maú,False,10
3,Pará,041,Zona do Salgado,413,SALINÓPOLIS,1,Salinópolis,False,10
3,Pará,041,Zona do Salgado,413,SALINÓPOLIS,3,Japerica,False,10
3,Pará,041,Zona do Salgado,413,SALINÓPOLIS,5,São João de Pirabas,False,10
3,Pará,041,Zona do Salgado,414,SÃO CAETANO DE ODIVELAS,1,São Caetano de Odivelas,False,10
3,Pará,041,Zona do Salgado,414,SÃO CAETANO DE ODIVELAS,3,Perseverança,False,10
3,Pará,041,Zona do Salgado,414,SÃO CAETANO DE ODIVELAS,5,São João da Ponta,False,10
3,Pará,041,Zona do Salgado,415,VIGIA,1,Vigia,False,11
3,Pará,041,Zona do Salgado,415,VIGIA,3,Colares,False,11
3,Pará,041,Zona do Salgado,415,VIGIA,5,Pôrto Salvo,False,11
3,Pará,041,Zona do Salgado,415,VIGIA,7,Santo Antônio do Tauá,False,11
3,Pará,054055,Zona Bragantina,540,ANANINDEUA,1,Ananindeua,False,11
3,Pará,054055,Zona Bragantina,540,ANANINDEUA,3,Benevides,False,11
3,Pará,054055,Zona Bragantina,540,ANANINDEUA,5,Benfica,False,11
3,Pará,054055,Zona Bragantina,540,ANANINDEUA,7,Engenho Araci,False,11
3,Pará,054055,Zona Bragantina,541,ANHANGA,1,Anhanga,False,11
3,Pará,054055,Zona Bragantina,542,BELÉM,1,Belém,False,11
3,Pará,054055,Zona Bragantina,542,BELÉM,3,Icoraci,False,11
3,Pará,054055,Zona Bragantina,542,BELÉM,5,Mosqueiro,False,11
3,Pará,054055,Zona Bragantina,542,BELÉM,7,Val-de-Cães,False,11
3,Pará,054055,Zona Bragantina,543,BRAGANÇA,1,Bragança,False,11
3,Pará,054055,Zona Bragantina,543,BRAGANÇA,3,Almôço,False,11
3,Pará,054055,Zona Bragantina,543,BRAGANÇA,5,Caratateua,False,11
3,Pará,054055,Zona Bragantina,543,BRAGANÇA,7,Emboraí,False,11
3,Pará,054055,Zona Bragantina,543,BRAGANÇA,9,Itapixuna,False,11
3,Pará,054055,Zona Bragantina,543,BRAGANÇA,11,Nova Mocajuba,False,11
3,Pará,054055,Zona Bragantina,543,BRAGANÇA,13,Piabas,False,11
3,Pará,054055,Zona Bragantina,543,BRAGANÇA,15,Tijoca,False,11
3,Pará,054055,Zona Bragantina,543,BRAGANÇA,17,Tracuateua,False,11
3,Pará,054055,Zona Bragantina,543,BRAGANÇA,19,Urumajó,False,11
3,Pará,054055,Zona Bragantina,544,CAPANEMA,1,Capanema,False,11
3,Pará,054055,Zona Bragantina,544,CAPANEMA,3,Mirasselvas,False,11
3,Pará,054055,Zona Bragantina,544,CAPANEMA,5,Primavera,False,11
3,Pará,054055,Zona Bragantina,544,CAPANEMA,7,Quatipuru,False,11
3,Pará,054055,Zona Bragantina,544,CAPANEMA,9,Tauari,False,11
3,Pará,054055,Zona Bragantina,545,CASTANHAL,1,Castanhal,False,12
3,Pará,054055,Zona Bragantina,545,CASTANHAL,3,Apeú,False,12
3,Pará,054055,Zona Bragantina,546,IGARAPÉ-AÇU,1,Igarapé-Açu,False,12
3,Pará,054055,Zona Bragantina,546,IGARAPÉ-AÇU,3,Caripi,False,12
3,Pará,054055,Zona Bragantina,547,INHANGAPI,1,Inhangapi,False,12
3,Pará,054055,Zona Bragantina,549,NOVA TIMBOTEUA,1,Nova Timboteua,False,12
3,Pará,054055,Zona Bragantina,549,NOVA TIMBOTEUA,3,Peixe-Boi,False,12
3,Pará,054055,Zona Bragantina,549,NOVA TIMBOTEUA,5,Timboteua,False,12
3,Pará,054055,Zona Bragantina,548,SANTA ISABEL DO PARÁ,1,Santa Isabel do Pará,False,12
3,Pará,054055,Zona Bragantina,548,SANTA ISABEL DO PARÁ,3,Americano,False,12
3,Pará,054055,Zona Bragantina,548,SANTA ISABEL DO PARÁ,5,Caraparu,False,12
3,Pará,056057,Zona Guajarina,560,ABAETETUBA,1,Abaetetuba,False,12
3,Pará,056057,Zona Guajarina,560,ABAETETUBA,3,Bejá,False,12
3,Pará,056057,Zona Guajarina,561,ACARÁ,1,Acará,False,12
3,Pará,056057,Zona Guajarina,561,ACARÁ,3,Guajará-Miri,False,12
3,Pará,056057,Zona Guajarina,561,ACARÁ,5,Jupariteua,False,12
3,Pará,056057,Zona Guajarina,562,BARCARENA,1,Barcarena,False,12
3,Pará,056057,Zona Guajarina,562,BARCARENA,3,Murucupi,False,12
3,Pará,056057,Zona Guajarina,563,BUJARU,1,Bujaru,False,12
3,Pará,056057,Zona Guajarina,563,BUJARU,3,Guajará-Açu,False,12
3,Pará,056057,Zona Guajarina,564,CAPIM,1,Capim,False,12
3,Pará,056057,Zona Guajarina,565,GUAMÁ,1,Guamá,False,13
3,Pará,056057,Zona Guajarina,565,GUAMÁ,3,Bonito,False,13
3,Pará,056057,Zona Guajarina,565,GUAMÁ,5,Caju,False,13
3,Pará,056057,Zona Guajarina,565,GUAMÁ,7,Urucuri,False,13
3,Pará,056057,Zona Guajarina,565,GUAMÁ,9,Urucuriteua,False,13
3,Pará,056057,Zona Guajarina,566,IGARAPÉ-MIRI,1,Igarapé-Miri,False,13
3,Pará,056057,Zona Guajarina,566,IGARAPÉ-MIRI,3,Maiauatá,False,13
3,Pará,056057,Zona Guajarina,568,IRITUIA,1,Irituia,False,13
3,Pará,056057,Zona Guajarina,569,MOJU,1,Moju,False,13
3,Pará,056057,Zona Guajarina,569,MOJU,3,Cairari,False,13
3,Pará,056057,Zona Guajarina,570,OURÉM,1,Ourém,False,13
3,Pará,056057,Zona Guajarina,570,OURÉM,3,Tentugal,False,13
3,Pará,056057,Zona Guajarina,567,TOMÉ-AÇU,1,Tomé-Açu,False,13
3,Pará,052,Zona Tocantina,520,BAIÃO,1,Baião,False,13
3,Pará,052,Zona Tocantina,520,BAIÃO,3,Joana Peres,False,13
3,Pará,052,Zona Tocantina,521,CAMETÁ,1,Cametá,False,13
3,Pará,052,Zona Tocantina,521,CAMETÁ,3,Carapajó,False,13
3,Pará,052,Zona Tocantina,521,CAMETÁ,5,Curuçambaba,False,13
3,Pará,052,Zona Tocantina,521,CAMETÁ,7,Joana Coeli,False,13
3,Pará,052,Zona Tocantina,521,CAMETÁ,9,Juaba,False,13
3,Pará,052,Zona Tocantina,521,CAMETÁ,11,Moiraba,False,13
3,Pará,052,Zona Tocantina,522,MOCAJUBA,1,Mocajuba,False,13
3,Pará,052,Zona Tocantina,522,MOCAJUBA,3,São Pedro de Viseu,False,13
3,Pará,052,Zona Tocantina,523,TUCURUÍ,1,Tucuruí,False,14
3,Pará,052,Zona Tocantina,523,TUCURUÍ,3,Remansão,False,14
3,Pará,053,Zona do Jacundá - Pacajá,530,ARATICU,1,Araticu,False,14
3,Pará,053,Zona do Jacundá - Pacajá,530,ARATICU,3,Bagre,False,14
3,Pará,053,Zona do Jacundá - Pacajá,531,PORTEL,1,Portel,False,14
3,Pará,053,Zona do Jacundá - Pacajá,531,PORTEL,3,Melgaço,False,14
3,Pará,042,Zona do Gurupi,420,VISEU,1,Viseu,False,14
3,Pará,042,Zona do Gurupi,420,VISEU,3,Camiranga,False,14
3,Pará,042,Zona do Gurupi,420,VISEU,5,Fernandes Belo,False,14
3,Pará,042,Zona do Gurupi,420,VISEU,7,São José do Gurupi,False,14
3,Pará,042,Zona do Gurupi,420,VISEU,9,São José do Piriá,False,14
3,Pará,048049,Zona do Baixo Amazonas,480,ALENQUER,1,Alenquer,False,14
3,Pará,048049,Zona do Baixo Amazonas,480,ALENQUER,3,Curuá,False,14
3,Pará,048049,Zona do Baixo Amazonas,481,ALMEIRIM,1,Almeirim,False,14
3,Pará,048049,Zona do Baixo Amazonas,481,ALMEIRIM,3,Arumanduba,False,14
3,Pará,048049,Zona do Baixo Amazonas,482,FARO,1,Faro,False,14
3,Pará,048049,Zona do Baixo Amazonas,482,FARO,3,Terra Santa,False,14
3,Pará,048049,Zona do Baixo Amazonas,483,JURUTI,1,Juruti,False,14
3,Pará,048049,Zona do Baixo Amazonas,484,MONTE ALEGRE,1,Monte Alegre,False,14
3,Pará,048049,Zona do Baixo Amazonas,485,ÓBIDOS,1,Óbidos,False,15
3,Pará,048049,Zona do Baixo Amazonas,486,ORIXIMINÁ,1,Oriximiná,False,15
3,Pará,048049,Zona do Baixo Amazonas,487,PÔRTO DE MOZ,1,Pôrto de Moz,False,15
3,Pará,048049,Zona do Baixo Amazonas,487,PÔRTO DE MOZ,3,Sousel,False,15
3,Pará,048049,Zona do Baixo Amazonas,487,PÔRTO DE MOZ,5,Veiros,False,15
3,Pará,048049,Zona do Baixo Amazonas,487,PÔRTO DE MOZ,7,Vilarinho do Monte,False,15
3,Pará,048049,Zona do Baixo Amazonas,488,PRAINHA,1,Prainha,False,15
3,Pará,048049,Zona do Baixo Amazonas,488,PRAINHA,3,Pacoval,False,15
3,Pará,048049,Zona do Baixo Amazonas,489,SANTARÉM,1,Santarém,False,15
3,Pará,048049,Zona do Baixo Amazonas,489,SANTARÉM,3,Alter do Chão,False,15
3,Pará,048049,Zona do Baixo Amazonas,489,SANTARÉM,5,Aveiro,False,15
3,Pará,048049,Zona do Baixo Amazonas,489,SANTARÉM,7,Belterra,False,15
3,Pará,048049,Zona do Baixo Amazonas,489,SANTARÉM,9,Boim,False,15
3,Pará,048049,Zona do Baixo Amazonas,489,SANTARÉM,11,Curuai,False,15
3,Pará,045,Zona de Itacaiunas,450,ITUPIRANGA,1,Itupiranga,False,15
3,Pará,045,Zona de Itacaiunas,450,ITUPIRANGA,3,Jacundá,False,15
3,Pará,045,Zona de Itacaiunas,451,MARABÁ,1,Marabá,False,15
3,Pará,045,Zona de Itacaiunas,451,MARABÁ,3,Santa Isabel do Araguaia,False,15
3,Pará,045,Zona de Itacaiunas,451,MARABÁ,5,São João do Araguaia,False,15
3,Pará,047,Zona do Rio Xingu,470,ALTAMIRA,1,Altamira,False,15
3,Pará,047,Zona do Rio Xingu,470,ALTAMIRA,3,Gradaús,False,15
3,Pará,046,Zona do Planalto,460,CONCEIÇÃO DO ARAGUAIA,1,Conceição do Araguaia,False,16
3,Pará,046,Zona do Planalto,460,CONCEIÇÃO DO ARAGUAIA,3,Santa Maria das Barreiras,False,16
3,Pará,051,Zona do Tapajós,510,ITAITUBA,1,Itaituba,False,16
3,Pará,051,Zona do Tapajós,510,ITAITUBA,3,Brasília Legal,False,16
6,Território do Amapá,061,Zona de Mazagão,610,MAZAGÃO,1,Mazagão,False,17
6,Território do Amapá,061,Zona de Mazagão,610,MAZAGÃO,3,Bôca do Jari,False,17
6,Território do Amapá,061,Zona de Mazagão,610,MAZAGÃO,5,Mazagão Velho,False,17
6,Território do Amapá,062,Zona de Amapá - Macapá,620,AMAPÁ,1,Amapá,False,17
6,Território do Amapá,062,Zona de Amapá - Macapá,620,AMAPÁ,3,Aporema,False,17
6,Território do Amapá,062,Zona de Amapá - Macapá,620,AMAPÁ,5,Sucuriju,False,17
6,Território do Amapá,062,Zona de Amapá - Macapá,621,CALÇOENE,1,Calçoene,False,17
6,Território do Amapá,062,Zona de Amapá - Macapá,621,CALÇOENE,3,Cunani,False,17
6,Território do Amapá,062,Zona de Amapá - Macapá,621,CALÇOENE,5,Lourenço,False,17
6,Território do Amapá,062,Zona de Amapá - Macapá,622,MACAPÁ,1,Macapá,False,17
6,Território do Amapá,062,Zona de Amapá - Macapá,622,MACAPÁ,3,Bailique,False,17
6,Território do Amapá,062,Zona de Amapá - Macapá,622,MACAPÁ,5,Ferreira Gomes,False,17
6,Território do Amapá,062,Zona de Amapá - Macapá,622,MACAPÁ,7,Pôrto Grande [17.19],False,17
6,Território do Amapá,062,Zona de Amapá - Macapá,622,MACAPÁ,9,Serra do Navio,False,17
6,Território do Amapá,063,Zona do Oiapoque,630,OIAPOQUE,1,Oiapoque,False,17
6,Território do Amapá,063,Zona do Oiapoque,630,OIAPOQUE,3,Clevelândia do Norte,False,17
6,Território do Amapá,063,Zona do Oiapoque,630,OIAPOQUE,5,Vila Velha,False,17
6,Maranhão,101,Zona do Litoral Norte,1010,ALCÂNTARA,1,Alcântara,False,18
6,Maranhão,101,Zona do Litoral Norte,1010,ALCÂNTARA,3,São João de Côrtes,False,18
6,Maranhão,101,Zona do Litoral Norte,1011,BEQUIMÃO,1,Bequimão,False,18
6,Maranhão,101,Zona do Litoral Norte,1012,CURURUPU,1,Cururupu,False,18
6,Maranhão,101,Zona do Litoral Norte,1013,GUIMARÃES,1,Guimarães,False,18
6,Maranhão,101,Zona do Litoral Norte,1013,GUIMARÃES,3,Mirinzal,False,18
6,Maranhão,101,Zona do Litoral Norte,1013,GUIMARÃES,5,Muiraneu,False,18
6,Maranhão,101,Zona do Litoral Norte,1014,RIBAMAR,1,Ribamar,False,18
6,Maranhão,101,Zona do Litoral Norte,1014,RIBAMAR,3,Mata,False,18
6,Maranhão,101,Zona do Litoral Norte,1014,RIBAMAR,5,Paço do Lumiar,False,18
6,Maranhão,101,Zona do Litoral Norte,1015,SÃO LUÍS,1,São Luís,False,18
6,Maranhão,101,Zona do Litoral Norte,1015,SÃO LUÍS,3,Anil,False,18
6,Maranhão,102103,Zona da Baixada,1020,ANAJATUBA,1,Anajatuba,False,18
6,Maranhão,102103,Zona da Baixada,1020,ANAJATUBA,3,Pôrto das Gabarras,False,18
6,Maranhão,102103,Zona da Baixada,1021,CAJAPIÓ,1,Cajapió,False,18
6,Maranhão,102103,Zona da Baixada,1021,CAJAPIÓ,3,Bacurituba,False,18
6,Maranhão,102103,Zona da Baixada,1022,CAJARI,1,Cajari,False,18
6,Maranhão,102103,Zona da Baixada,1022,CAJARI,3,Boa Vista do Pindaré,False,18
6,Maranhão,102103,Zona da Baixada,1023,MATINHA,1,Matinha,False,18
6,Maranhão,102103,Zona da Baixada,1024,PENALVA [19.1],1,Penalva,False,19
6,Maranhão,102103,Zona da Baixada,1025,PERI-MIRIM,1,Peri-Mirim,False,19
6,Maranhão,102103,Zona da Baixada,1026,PINHEIRO,1,Pinheiro,False,19
6,Maranhão,102103,Zona da Baixada,1026,PINHEIRO,3,Roque,False,19
6,Maranhão,102103,Zona da Baixada,1027,ROSÁRIO,1,Rosário,False,19
6,Maranhão,102103,Zona da Baixada,1028,SANTA HELENA,1,Santa Helena,False,19
6,Maranhão,102103,Zona da Baixada,1028,SANTA HELENA,3,Curva Grande,False,19
6,Maranhão,102103,Zona da Baixada,1029,SÃO BENTO,1,São Bento,False,19
6,Maranhão,102103,Zona da Baixada,1030,SÃO JOÃO BATISTA,1,São João Batista,False,19
6,Maranhão,102103,Zona da Baixada,1031,SÃO VICENTE FERRER,1,São Vicente Ferrer,False,19
6,Maranhão,102103,Zona da Baixada,1032,VIANA,1,Viana,False,19
6,Maranhão,104,Zona do Baixo Mearim,1040,ARARI,1,Arari,False,19
6,Maranhão,104,Zona do Baixo Mearim,1040,ARARI,3,Bonfim do Arari,False,19
6,Maranhão,104,Zona do Baixo Mearim,1041,BACABAL,1,Bacabal,False,19
6,Maranhão,104,Zona do Baixo Mearim,1042,IPIXUNA,1,Ipixuna,False,19
6,Maranhão,104,Zona do Baixo Mearim,1042,IPIXUNA,3,São Lourenço do Ipixuna,False,19
6,Maranhão,104,Zona do Baixo Mearim,1043,LAGO DA PEDRA [19.30],1,Lago da Pedra [19.31],False,19
6,Maranhão,1044,PEDREIRAS [20.1],1043,LAGO DA PEDRA [19.30],1,Pedreiras,False,20
6,Maranhão,1044,PEDREIRAS [20.1],1043,LAGO DA PEDRA [19.30],3,Igarapé Grande,False,20
6,Maranhão,1044,PEDREIRAS [20.1],1043,LAGO DA PEDRA [19.30],5,Marianópolis,False,20
6,Maranhão,1044,PEDREIRAS [20.1],1043,LAGO DA PEDRA [19.30],7,Ôlho-d&#x27;Água Grande,False,20
6,Maranhão,1044,PEDREIRAS [20.1],1045,PIO XII,1,Pio XII,False,20
6,Maranhão,1044,PEDREIRAS [20.1],1046,VITÓRIA DO MEARIM,1,Vitória do Mearim,False,20
6,Maranhão,1044,PEDREIRAS [20.1],1046,VITÓRIA DO MEARIM,3,Lapela,False,20
6,Maranhão,1044,PEDREIRAS [20.1],1047,VITORINO FREIRE,1,Vitorino Freire,False,20
6,Maranhão,105,Zona do Gurupi,1050,CÂNDIDO MENDES,1,Cândido Mendes,False,20
6,Maranhão,105,Zona do Gurupi,1050,CÂNDIDO MENDES,3,Aurizona,False,20
6,Maranhão,105,Zona do Gurupi,1050,CÂNDIDO MENDES,5,Barão de Tromaí,False,20
6,Maranhão,105,Zona do Gurupi,1050,CÂNDIDO MENDES,7,Estandarte,False,20
6,Maranhão,105,Zona do Gurupi,1051,CARUTAPERA,1,Carutapera,False,20
6,Maranhão,105,Zona do Gurupi,1051,CARUTAPERA,3,Itamataré,False,20
6,Maranhão,105,Zona do Gurupi,1051,CARUTAPERA,5,Luís Domingues,False,20
6,Maranhão,105,Zona do Gurupi,1052,TURIAÇU,1,Turiaçu,False,20
6,Maranhão,106,Zona do Pindaré,1060,MONÇÃO,1,Monção,False,20
6,Maranhão,106,Zona do Pindaré,1061,PINDARÉ-MIRIM,1,Pindaré-Mirim,False,20
6,Maranhão,106,Zona do Pindaré,1061,PINDARÉ-MIRIM,3,Aterrado,False,20
6,Maranhão,106,Zona do Pindaré,1061,PINDARÉ-MIRIM,5,Pimentel,False,20
6,Maranhão,116,Zona do Tocantins,1160,IMPERATRIZ,1,Imperatriz,False,21
6,Maranhão,116,Zona do Tocantins,1161,MONTES ALTOS,1,Montes Altos,False,21
6,Maranhão,107,Zona do Litoral Nordeste,1070,ARAIOSES,1,Araioses,False,21
6,Maranhão,107,Zona do Litoral Nordeste,1070,ARAIOSES,3,Frecheiras,False,21
6,Maranhão,107,Zona do Litoral Nordeste,1071,AXIXÁ,1,Axixá,False,21
6,Maranhão,107,Zona do Litoral Nordeste,1072,BARREIRINHAS,1,Barreirinhas,False,21
6,Maranhão,107,Zona do Litoral Nordeste,1073,HUMBERTO DE CAMPOS,1,Humberto de Campos,False,21
6,Maranhão,107,Zona do Litoral Nordeste,1074,ICATU,1,Icatu,False,21
6,Maranhão,107,Zona do Litoral Nordeste,1074,ICATU,3,Itapera,False,21
6,Maranhão,107,Zona do Litoral Nordeste,1075,MORROS,1,Morros,False,21
6,Maranhão,107,Zona do Litoral Nordeste,1076,PRIMEIRA CRUZ,1,Primeira Cruz,False,21
6,Maranhão,107,Zona do Litoral Nordeste,1076,PRIMEIRA CRUZ,3,Santo Amaro,False,21
6,Maranhão,107,Zona do Litoral Nordeste,1077,TUTÓIA,1,Tutóia,False,21
6,Maranhão,107,Zona do Litoral Nordeste,1077,TUTÓIA,3,Barro Duro,False,21
6,Maranhão,107,Zona do Litoral Nordeste,1077,TUTÓIA,5,Paulino Neves,False,21
6,Maranhão,108,Zona do Baixo Parnaíba,1080,BREJO,1,Brejo,False,21
6,Maranhão,108,Zona do Baixo Parnaíba,1080,BREJO,3,Estrêla dos Anapurus,False,21
6,Maranhão,108,Zona do Baixo Parnaíba,1081,BURITI,1,Buriti,False,22
6,Maranhão,108,Zona do Baixo Parnaíba,1082,CHAPADINHA,1,Chapadinha,False,22
6,Maranhão,108,Zona do Baixo Parnaíba,1083,COELHO NETO,1,Coelho Neto,False,22
6,Maranhão,108,Zona do Baixo Parnaíba,1084,DUQUE BACELAR,1,Duque Bacelar,False,22
6,Maranhão,108,Zona do Baixo Parnaíba,1085,MAGALHÃES DE ALMEIDA,1,Magalhães de Almeida,False,22
6,Maranhão,108,Zona do Baixo Parnaíba,1085,MAGALHÃES DE ALMEIDA,3,Custódio Lima,False,22
6,Maranhão,108,Zona do Baixo Parnaíba,1086,SANTA QUITÉRIA DO MARANHÃO,1,Santa Quitéria do Maranhão,False,22
6,Maranhão,108,Zona do Baixo Parnaíba,1087,SÃO BERNARDO,1,São Bernardo,False,22
6,Maranhão,108,Zona do Baixo Parnaíba,1088,URBANO SANTOS,1,Urbano Santos,False,22
6,Maranhão,109,Zona do Médio Parnaíba,1090,BARÃO DE GRAJAÚ,1,Barão de Grajaú,False,22
6,Maranhão,109,Zona do Médio Parnaíba,1091,MATÕES,1,Matões,False,22
6,Maranhão,109,Zona do Médio Parnaíba,1092,PARNARAMA,1,Parnarama,False,22
6,Maranhão,109,Zona do Médio Parnaíba,1092,PARNARAMA,3,Brejo de São Félix,False,22
6,Maranhão,109,Zona do Médio Parnaíba,1093,SÃO FRANCISCO DO MARANHÃO,1,São Francisco do Maranhão,False,22
6,Maranhão,109,Zona do Médio Parnaíba,1093,SÃO FRANCISCO DO MARANHÃO,3,Caraíba do Norte,False,22
6,Maranhão,109,Zona do Médio Parnaíba,1093,SÃO FRANCISCO DO MARANHÃO,5,Ribeirão Azul,False,22
6,Maranhão,109,Zona do Médio Parnaíba,1094,SÃO JOÃO DOS PATOS,1,São João dos Patos,False,22
6,Maranhão,109,Zona do Médio Parnaíba,1095,TIMON,1,Timon,False,23
6,Maranhão,109,Zona do Médio Parnaíba,1095,TIMON,3,Buriti Cortado,False,23
6,Maranhão,113114,Zona de Itapecuru [23.4],1130,BURITI BRAVO,1,Buriti Bravo,False,23
6,Maranhão,113114,Zona de Itapecuru [23.4],1130,BURITI BRAVO,3,Bacatuba,False,23
6,Maranhão,113114,Zona de Itapecuru [23.4],1131,CANTANHEDE,1,Cantanhede,False,23
6,Maranhão,113114,Zona de Itapecuru [23.4],1132,CAXIAS,1,Caxias,False,23
6,Maranhão,113114,Zona de Itapecuru [23.4],1133,CODÓ,1,Codó,False,23
6,Maranhão,113114,Zona de Itapecuru [23.4],1133,CODÓ,3,Codòzinho,False,23
6,Maranhão,113114,Zona de Itapecuru [23.4],1133,CODÓ,5,São Raimundo de Codó,False,23
6,Maranhão,113114,Zona de Itapecuru [23.4],1134,COLINAS,1,Colinas,False,23
6,Maranhão,113114,Zona de Itapecuru [23.4],1135,COROATÁ,1,Coroatá,False,23
6,Maranhão,113114,Zona de Itapecuru [23.4],1135,COROATÁ,3,Peritoró,False,23
6,Maranhão,113114,Zona de Itapecuru [23.4],1136,DOM PEDRO,1,Dom Pedro,False,23
6,Maranhão,113114,Zona de Itapecuru [23.4],1137,GONÇALVES DIAS,1,Gonçalves Dias,False,23
6,Maranhão,113114,Zona de Itapecuru [23.4],1138,ITAPECURU-MIRIM,1,Itapecuru-Mirim,False,23
6,Maranhão,113114,Zona de Itapecuru [23.4],1139,PASSAGEM FRANCA,1,Passagem Franca,False,23
6,Maranhão,113114,Zona de Itapecuru [23.4],1140,PIRAPEMAS,1,Pirapemas,False,23
6,Maranhão,113114,Zona de Itapecuru [23.4],1141,SÃO BENEDITO DO RIO PRÊTO,1,São Benedito do Rio Prêto,False,23
6,Maranhão,113114,Zona de Itapecuru [23.4],1142,SÃO DOMINGOS DO MARANHÃO,1,São Domingos do Maranhão,False,24
6,Maranhão,113114,Zona de Itapecuru [23.4],1143,TIMBIRAS,1,Timbiras,False,24
6,Maranhão,113114,Zona de Itapecuru [23.4],1144,VARGEM GRANDE,1,Vargem Grande,False,24
6,Maranhão,117,Zona de Carolina,1170,CAROLINA,1,Carolina,False,24
6,Maranhão,117,Zona de Carolina,1170,CAROLINA,3,Paranaidji,False,24
6,Maranhão,117,Zona de Carolina,1171,PÔRTO FRANCO,1,Pôrto Franco,False,24
6,Maranhão,111,Zona do Alto Parnaíba,1110,ALTO PARNAÍBA,1,Alto Parnaíba,False,24
6,Maranhão,111,Zona do Alto Parnaíba,1110,ALTO PARNAÍBA,3,Brejo da Porta,False,24
6,Maranhão,111,Zona do Alto Parnaíba,1110,ALTO PARNAÍBA,5,Curupá,False,24
6,Maranhão,111,Zona do Alto Parnaíba,1111,BALSAS,1,Balsas,False,24
6,Maranhão,111,Zona do Alto Parnaíba,1112,BENEDITO LEITE,1,Benedito Leite,False,24
6,Maranhão,111,Zona do Alto Parnaíba,1113,LORETO,1,Loreto,False,24
6,Maranhão,111,Zona do Alto Parnaíba,1113,LORETO,3,São Félix de Balsas,False,24
6,Maranhão,111,Zona do Alto Parnaíba,1114,NOVA IORQUE,1,Nova Iorque,False,24
6,Maranhão,111,Zona do Alto Parnaíba,1115,PARAIBANO,1,Paraibano,False,24
6,Maranhão,111,Zona do Alto Parnaíba,1116,PASTOS BONS,1,Pastos Bons,False,24
6,Maranhão,111,Zona do Alto Parnaíba,1116,PASTOS BONS,3,Roçado,False,24
6,Maranhão,111,Zona do Alto Parnaíba,1117,RIACHÃO,1,Riachão,False,25
6,Maranhão,111,Zona do Alto Parnaíba,1117,RIACHÃO,3,Fortaleza dos Nogueiras,False,25
6,Maranhão,111,Zona do Alto Parnaíba,1118,SAMBAÍBA,1,Sambaíba,False,25
6,Maranhão,111,Zona do Alto Parnaíba,1119,SÃO RAIMUNDO DAS MANGABEIRAS,1,São Raimundo das Mangabeiras,False,25
6,Maranhão,115,Zona do Alto Mearim,1150,AMARANTE DO MARANHÃO,1,Amarante do Maranhão,False,25
6,Maranhão,115,Zona do Alto Mearim,1151,BARRA DO CORDA,1,Barra do Corda,False,25
6,Maranhão,115,Zona do Alto Mearim,1151,BARRA DO CORDA,3,Leandro,False,25
6,Maranhão,115,Zona do Alto Mearim,1151,BARRA DO CORDA,5,Papagaio,False,25
6,Maranhão,115,Zona do Alto Mearim,1151,BARRA DO CORDA,7,Resplandes,False,25
6,Maranhão,115,Zona do Alto Mearim,1152,ESPERANTINÓPOLIS,1,Esperantinópolis,False,25
6,Maranhão,115,Zona do Alto Mearim,1153,GRAJAÚ,1,Grajaú,False,25
6,Maranhão,115,Zona do Alto Mearim,1153,GRAJAÚ,3,Sítio Nôvo do Grajaú,False,25
6,Maranhão,115,Zona do Alto Mearim,1154,MIRADOR,1,Mirador,False,25
6,Maranhão,115,Zona do Alto Mearim,1154,MIRADOR,3,Ibipira,False,25
6,Maranhão,115,Zona do Alto Mearim,1155,PRESIDENTE DUTRA,1,Presidente Dutra,False,25
6,Maranhão,115,Zona do Alto Mearim,1156,TUNTUM,1,Tuntum,False,25
6,Maranhão,115,Zona do Alto Mearim,1156,TUNTUM,3,São Joaquim dos Melos,False,25
6,Piauí,122,Zona do Alto Parnaíba,1220,BERTOLÍNIA,1,Bertolínia,False,26
6,Piauí,122,Zona do Alto Parnaíba,1221,BOM JESUS,1,Bom Jesus,False,26
6,Piauí,122,Zona do Alto Parnaíba,1222,CRISTINO CASTRO,1,Cristino Castro,False,26
6,Piauí,122,Zona do Alto Parnaíba,1223,ELISEU MARTINS,1,Eliseu Martins,False,26
6,Piauí,122,Zona do Alto Parnaíba,1224,GUADALUPE,1,Guadalupe,False,26
6,Piauí,122,Zona do Alto Parnaíba,1225,JERUMENHA,1,Jerumenha,False,26
6,Piauí,122,Zona do Alto Parnaíba,1226,LANDRI SALES,1,Landri Sales,False,26
6,Piauí,122,Zona do Alto Parnaíba,1227,RIBEIRO GONÇALVES,1,Ribeiro Gonçalves,False,26
6,Piauí,122,Zona do Alto Parnaíba,1228,SANTA FILOMENA,1,Santa Filomena,False,26
6,Piauí,122,Zona do Alto Parnaíba,1229,URUÇUÍ,1,Uruçuí,False,26
6,Piauí,121,Zona do Planalto,1210,CORRENTE,1,Corrente,False,26
6,Piauí,121,Zona do Planalto,1211,CURIMATÁ,1,Curimatá,False,26
6,Piauí,121,Zona do Planalto,1212,GILBUÉS,1,Gilbués,False,26
6,Piauí,121,Zona do Planalto,1213,MONTE ALEGRE DO PIAUÍ,1,Monte Alegre do Piauí,False,27
6,Piauí,121,Zona do Planalto,1214,PARNAGUÁ,1,Parnaguá,False,27
6,Piauí,125,Zona do Litoral,1250,BURITI DOS LOPES,1,Buriti dos Lopes,False,27
6,Piauí,125,Zona do Litoral,1251,LUÍS CORREIA,1,Luís Correia,False,27
6,Piauí,125,Zona do Litoral,1252,PARNAÍBA,1,Parnaíba,False,27
6,Piauí,123124,Zona do Sertão,1230,CANTO DO BURITI,1,Canto do Buriti,False,27
6,Piauí,123124,Zona do Sertão,1231,CARACOL,1,Caracol,False,27
6,Piauí,123124,Zona do Sertão,1232,CONCEIÇÃO DO CANINDÉ,1,Conceição do Canindé,False,27
6,Piauí,123124,Zona do Sertão,1232,CONCEIÇÃO DO CANINDÉ,3,Queimada Nova,False,27
6,Piauí,123124,Zona do Sertão,1233,FRONTEIRAS,1,Fronteiras,False,27
6,Piauí,123124,Zona do Sertão,1234,ITAINÓPOLIS,1,Itainópolis,False,27
6,Piauí,123124,Zona do Sertão,1235,JAICÓS,1,Jaicós,False,27
6,Piauí,123124,Zona do Sertão,1236,MONSENHOR HIPÓLITO,1,Monsenhor Hipólito,False,27
6,Piauí,123124,Zona do Sertão,1237,OEIRAS,1,Oeiras,False,27
6,Piauí,123124,Zona do Sertão,1238,PAULISTANA,1,Paulistana,False,27
6,Piauí,123124,Zona do Sertão,1239,PICOS,1,Picos,False,28
6,Piauí,123124,Zona do Sertão,1240,PIO IX,1,Pio IX,False,28
6,Piauí,123124,Zona do Sertão,1241,SANTA CRUZ DO PIAUÍ,1,Santa Cruz do Piauí,False,28
6,Piauí,123124,Zona do Sertão,1242,SÃO FRANCISCO DO PIAUÍ,1,São Francisco do Piauí,False,28
6,Piauí,123124,Zona do Sertão,1243,SÃO JOÃO DO PIAUÍ,1,São João do Piauí,False,28
6,Piauí,123124,Zona do Sertão,1244,SÃO JOSÉ DO PEIXE,1,São José do Peixe,False,28
6,Piauí,123124,Zona do Sertão,1245,SÃO RAIMUNDO NONATO,1,São Raimundo Nonato,False,28
6,Piauí,123124,Zona do Sertão,1245,SÃO RAIMUNDO NONATO,3,Curral Novo,False,28
6,Piauí,123124,Zona do Sertão,1246,SIMÕES,1,Simões,False,28
6,Piauí,123124,Zona do Sertão,1247,SIMPLÍCIO MENDES,1,Simplício Mendes,False,28
6,Piauí,126,Zona do Ibiapaba,1260,CASTELO DO PIAUÍ,1,Castelo do Piauí,False,28
6,Piauí,126,Zona do Ibiapaba,1261,COCAL,1,Cocal,False,28
6,Piauí,126,Zona do Ibiapaba,1262,ELESBÃO VELOSO,1,Elesbão Veloso,False,28
6,Piauí,126,Zona do Ibiapaba,1263,INHUMA,1,Inhuma,False,28
6,Piauí,126,Zona do Ibiapaba,1264,PEDRO II,1,Pedro II,False,28
6,Piauí,126,Zona do Ibiapaba,1265,PIMENTEIRAS,1,Pimenteiras,False,28
6,Piauí,126,Zona do Ibiapaba,1266,PIRACURUCA,1,Piracuruca,False,29
6,Piauí,126,Zona do Ibiapaba,1267,SÃO FÉLIX DO PIAUÍ,1,São Félix do Piauí,False,29
6,Piauí,126,Zona do Ibiapaba,1268,SÃO MIGUEL DO TAPUIO,1,São Miguel do Tapuio,False,29
6,Piauí,126,Zona do Ibiapaba,1269,VALENÇA DO PIAUÍ,1,Valença do Piauí,False,29
6,Piauí,127,Zona Carnaubeira,1270,ALTO LONGÁ,1,Alto Longá,False,29
6,Piauí,127,Zona Carnaubeira,1271,BARRAS,1,Barras,False,29
6,Piauí,127,Zona Carnaubeira,1272,BATALHA,1,Batalha,False,29
6,Piauí,127,Zona Carnaubeira,1273,CAMPO MAIOR,1,Campo Maior,False,29
6,Piauí,127,Zona Carnaubeira,1274,CAPITÃO DE CAMPOS,1,Capitão de Campos,False,29
6,Piauí,127,Zona Carnaubeira,1275,PIRIPIRI,1,Piripiri,False,29
6,Piauí,128,Zona do Baixo Parnaíba,1280,ESPERANTINA,1,Esperantina,False,29
6,Piauí,128,Zona do Baixo Parnaíba,1281,LUZILÂNDIA,1,Luzilândia,False,29
6,Piauí,128,Zona do Baixo Parnaíba,1282,MATIAS OLÍMPIO,1,Matias Olímpio,False,29
6,Piauí,128,Zona do Baixo Parnaíba,1283,MIGUEL ALVES,1,Miguel Alves,False,29
6,Piauí,128,Zona do Baixo Parnaíba,1284,PORTO,1,Pôrto,False,29
6,Piauí,129130,Zona do Médio Parnaíba,1290,ÁGUA BRANCA,1,Água Branca,False,30
6,Piauí,129130,Zona do Médio Parnaíba,1291,ALTOS,1,Altos,False,30
6,Piauí,129130,Zona do Médio Parnaíba,1292,AMARANTE,1,Amarante,False,30
6,Piauí,129130,Zona do Médio Parnaíba,1293,ANGICAL DO PIAUÍ,1,Angical do Piauí,False,30
6,Piauí,129130,Zona do Médio Parnaíba,1294,BENEDITINOS,1,Beneditinos,False,30
6,Piauí,129130,Zona do Médio Parnaíba,1295,FLORIANO,1,Floriano,False,30
6,Piauí,129130,Zona do Médio Parnaíba,1296,ITAUEIRA,1,Itaueira,False,30
6,Piauí,129130,Zona do Médio Parnaíba,1297,JOSÉ DE FREITAS,1,José de Freitas,False,30
6,Piauí,129130,Zona do Médio Parnaíba,1298,NAZARÉ DO PIAUÍ,1,Nazaré do Piauí,False,30
6,Piauí,129130,Zona do Médio Parnaíba,1299,PALMEIRAIS,1,Palmeirais,False,30
6,Piauí,129130,Zona do Médio Parnaíba,1300,REGENERAÇÃO,1,Regeneração,False,30
6,Piauí,129130,Zona do Médio Parnaíba,1301,SÃO PEDRO DO PIAUÍ,1,São Pedro do Piauí,False,30
6,Piauí,129130,Zona do Médio Parnaíba,1302,TERESINA,1,Teresina,False,30
6,Piauí,129130,Zona do Médio Parnaíba,1303,UNIÃO,1,União,False,30
6,Ceará,151153,Zona do Litoral,1510,ACARAÚ,1,Acaraú,False,31
6,Ceará,151153,Zona do Litoral,1510,ACARAÚ,3,Aranaú,False,31
6,Ceará,151153,Zona do Litoral,1510,ACARAÚ,9,Cruz [31.5],False,31
6,Ceará,151153,Zona do Litoral,1510,ACARAÚ,5,Itarema,False,31
6,Ceará,151153,Zona do Litoral,1510,ACARAÚ,7,Jericoacoara,False,31
6,Ceará,151153,Zona do Litoral,1511,AQUIRAZ,1,Aquiraz,False,31
6,Ceará,151153,Zona do Litoral,1511,AQUIRAZ,3,Eusébio,False,31
6,Ceará,151153,Zona do Litoral,1511,AQUIRAZ,5,Jacaúna,False,31
6,Ceará,151153,Zona do Litoral,1511,AQUIRAZ,7,Justiniano Serpa,False,31
6,Ceará,151153,Zona do Litoral,1512,ARACATI,1,Aracati,False,31
6,Ceará,151153,Zona do Litoral,1512,ARACATI,3,Cabreiro,False,31
6,Ceará,151153,Zona do Litoral,1512,ARACATI,5,Cuipiranga,False,31
6,Ceará,151153,Zona do Litoral,1512,ARACATI,7,Fortim,False,31
6,Ceará,151153,Zona do Litoral,1512,ARACATI,9,Ibicuitaba,False,31
6,Ceará,151153,Zona do Litoral,1512,ARACATI,11,Icapuí,False,31
6,Ceará,151153,Zona do Litoral,1512,ARACATI,13,Mata Fresca,False,31
6,Ceará,151153,Zona do Litoral,1513,BEBERIBE,1,Beberibe,False,31
6,Ceará,151153,Zona do Litoral,1513,BEBERIBE,3,Itapeim,False,31
6,Ceará,151153,Zona do Litoral,1513,BEBERIBE,5,Parajuru,False,31
6,Ceará,151153,Zona do Litoral,1513,BEBERIBE,7,Paripueira,False,31
6,Ceará,151153,Zona do Litoral,1513,BEBERIBE,9,Sucatinga,False,31
6,Ceará,151153,Zona do Litoral,1514,BELA CRUZ,1,Bela Cruz,False,31
6,Ceará,151153,Zona do Litoral,1514,BELA CRUZ,3,Prata,False,31
6,Ceará,151153,Zona do Litoral,1515,CAMOCIM,1,Camocim,False,32
6,Ceará,151153,Zona do Litoral,1515,CAMOCIM,3,Barroquinha,False,32
6,Ceará,151153,Zona do Litoral,1515,CAMOCIM,5,Bitupitá,False,32
6,Ceará,151153,Zona do Litoral,1515,CAMOCIM,7,Guriú,False,32
6,Ceará,151153,Zona do Litoral,1516,CASCAVEL,1,Cascavel,False,32
6,Ceará,151153,Zona do Litoral,1516,CASCAVEL,3,Caponga,False,32
6,Ceará,151153,Zona do Litoral,1516,CASCAVEL,5,Guanacés,False,32
6,Ceará,151153,Zona do Litoral,1516,CASCAVEL,7,Jacarecoara,False,32
6,Ceará,151153,Zona do Litoral,1516,CASCAVEL,9,Pindoretama,False,32
6,Ceará,151153,Zona do Litoral,1516,CASCAVEL,11,Pitombeiras,False,32
6,Ceará,151153,Zona do Litoral,1517,CAUCAIA,1,Caucaia,False,32
6,Ceará,151153,Zona do Litoral,1517,CAUCAIA,3,Catuana,False,32
6,Ceará,151153,Zona do Litoral,1517,CAUCAIA,5,Guararu,False,32
6,Ceará,151153,Zona do Litoral,1517,CAUCAIA,7,Mirambé,False,32
6,Ceará,151153,Zona do Litoral,1517,CAUCAIA,9,Sítios Novos,False,32
6,Ceará,151153,Zona do Litoral,1517,CAUCAIA,11,Tucunduba,False,32
6,Ceará,151153,Zona do Litoral,1518,CHAVAL,1,Chaval,False,32
6,Ceará,151153,Zona do Litoral,1519,FORTALEZA,1,Fortaleza,False,32
6,Ceará,151153,Zona do Litoral,1519,FORTALEZA,3,Antônio Bezerra,False,32
6,Ceará,151153,Zona do Litoral,1519,FORTALEZA,5,Messejana,False,32
6,Ceará,151153,Zona do Litoral,1519,FORTALEZA,7,Mondubim,False,32
6,Ceará,151153,Zona do Litoral,1519,FORTALEZA,9,Parangaba,False,32
6,Ceará,151153,Zona do Litoral,1520,GRANJA,1,Granja,False,32
6,Ceará,151153,Zona do Litoral,1520,GRANJA,3,Ibuguaçu,False,32
6,Ceará,151153,Zona do Litoral,1520,GRANJA,5,Paràzinho,False,32
6,Ceará,151153,Zona do Litoral,1520,GRANJA,7,Pessoa Anta,False,32
6,Ceará,151153,Zona do Litoral,1520,GRANJA,9,Timonha,False,32
6,Ceará,151153,Zona do Litoral,1522,ITAPIPOCA,1,Itapipoca,False,33
6,Ceará,151153,Zona do Litoral,1522,ITAPIPOCA,3,Amontada,False,33
6,Ceará,151153,Zona do Litoral,1522,ITAPIPOCA,5,Aracatiara,False,33
6,Ceará,151153,Zona do Litoral,1522,ITAPIPOCA,7,Arapari,False,33
6,Ceará,151153,Zona do Litoral,1522,ITAPIPOCA,9,Assunção,False,33
6,Ceará,151153,Zona do Litoral,1522,ITAPIPOCA,11,Barrento,False,33
6,Ceará,151153,Zona do Litoral,1522,ITAPIPOCA,13,Cruxati,False,33
6,Ceará,151153,Zona do Litoral,1522,ITAPIPOCA,15,Icaraí,False,33
6,Ceará,151153,Zona do Litoral,1522,ITAPIPOCA,17,Marinheiros,False,33
6,Ceará,151153,Zona do Litoral,1522,ITAPIPOCA,19,Miraíma,False,33
6,Ceará,151153,Zona do Litoral,1523,MARCO,1,Marco,False,33
6,Ceará,151153,Zona do Litoral,1523,MARCO,3,Panacuí,False,33
6,Ceará,151153,Zona do Litoral,1524,MARTINÓPOLE,1,Martinópole,False,33
6,Ceará,151153,Zona do Litoral,1525,MORRINHOS,1,Morrinhos,False,33
6,Ceará,151153,Zona do Litoral,1526,PACAJUS,1,Pacajus,False,33
6,Ceará,151153,Zona do Litoral,1526,PACAJUS,3,Choròzinho,False,33
6,Ceará,151153,Zona do Litoral,1526,PACAJUS,5,Horizonte,False,33
6,Ceará,151153,Zona do Litoral,1526,PACAJUS,7,Itaipaba,False,33
6,Ceará,151153,Zona do Litoral,1527,PARACURU,1,Paracuru,False,33
6,Ceará,151153,Zona do Litoral,1527,PARACURU,3,Paraipaba,False,33
6,Ceará,151153,Zona do Litoral,1528,SANTANA DO ACARAÚ,1,Santana do Acaraú,False,33
6,Ceará,151153,Zona do Litoral,1528,SANTANA DO ACARAÚ,3,Mutambeiras,False,33
6,Ceará,151153,Zona do Litoral,1528,SANTANA DO ACARAÚ,5,Parapuí,False,33
6,Ceará,151153,Zona do Litoral,1529,SÃO GONÇALO DO AMARANTE,1,São Gonçalo do Amarante,False,33
6,Ceará,151153,Zona do Litoral,1529,SÃO GONÇALO DO AMARANTE,3,Pecém,False,33
6,Ceará,151153,Zona do Litoral,1529,SÃO GONÇALO DO AMARANTE,5,Serrote,False,34
6,Ceará,151153,Zona do Litoral,1529,SÃO GONÇALO DO AMARANTE,7,Siupé,False,34
6,Ceará,151153,Zona do Litoral,1529,SÃO GONÇALO DO AMARANTE,9,Umarituba,False,34
6,Ceará,151153,Zona do Litoral,1530,SÃO LUÍS DO CURU,1,São Luís do Curu,False,34
6,Ceará,151153,Zona do Litoral,1531,TRAIRI,1,Trairí,False,34
6,Ceará,151153,Zona do Litoral,1531,TRAIRI,3,Mundaú,False,34
6,Ceará,151153,Zona do Litoral,1533,URUBURETAMA [34.9],1,Uruburetama,False,34
6,Ceará,151153,Zona do Litoral,1533,URUBURETAMA [34.9],3,Cemoaba,False,34
6,Ceará,151153,Zona do Litoral,1533,URUBURETAMA [34.9],5,São Joaquim,False,34
6,Ceará,151153,Zona do Litoral,1533,URUBURETAMA [34.9],7,Tururu,False,34
6,Ceará,151153,Zona do Litoral,1533,URUBURETAMA [34.9],9,Umirim,False,34
6,Ceará,151153,Zona do Litoral,1532,URUOCA [34.15],1,Uruoca,False,34
6,Ceará,151153,Zona do Litoral,1532,URUOCA [34.15],3,Paracuá,False,34
6,Ceará,154155,Zona do Sertão Central,1540,BOA VIAGEM,1,Boa Viagem,False,34
6,Ceará,154155,Zona do Sertão Central,1540,BOA VIAGEM,3,Domingos da Costa,False,34
6,Ceará,154155,Zona do Sertão Central,1540,BOA VIAGEM,5,Ibuaçú,False,34
6,Ceará,154155,Zona do Sertão Central,1540,BOA VIAGEM,7,Jacampari,False,34
6,Ceará,154155,Zona do Sertão Central,1542,ITATIRA,1,Itatira,False,34
6,Ceará,154155,Zona do Sertão Central,1542,ITATIRA,3,Lagoa do Mato,False,34
6,Ceará,154155,Zona do Sertão Central,1544,MOMBAÇA,1,Mombaça,False,34
6,Ceará,154155,Zona do Sertão Central,1544,MOMBAÇA,3,Boa Vista,False,34
6,Ceará,154155,Zona do Sertão Central,1544,MOMBAÇA,5,Carnaúbas,False,34
6,Ceará,154155,Zona do Sertão Central,1544,MOMBAÇA,7,Catolé,False,34
6,Ceará,154155,Zona do Sertão Central,1545,PEDRA BRANCA,1,Pedra Branca,False,35
6,Ceará,154155,Zona do Sertão Central,1545,PEDRA BRANCA,3,Mineirolândia,False,35
6,Ceará,154155,Zona do Sertão Central,1545,PEDRA BRANCA,5,Riachão do Banabuiú,False,35
6,Ceará,154155,Zona do Sertão Central,1545,PEDRA BRANCA,7,Tróia,False,35
6,Ceará,154155,Zona do Sertão Central,1546,PIQUET CARNEIRO,1,Piquet Carneiro,False,35
6,Ceará,154155,Zona do Sertão Central,1546,PIQUET CARNEIRO,3,Ibicuã,False,35
6,Ceará,154155,Zona do Sertão Central,1547,QUIXADÁ,1,Quixadá,False,35
6,Ceará,154155,Zona do Sertão Central,1547,QUIXADÁ,3,Banabuiú,False,35
6,Ceará,154155,Zona do Sertão Central,1547,QUIXADÁ,5,Caiçarinha,False,35
6,Ceará,154155,Zona do Sertão Central,1547,QUIXADÁ,7,Choró,False,35
6,Ceará,154155,Zona do Sertão Central,1547,QUIXADÁ,9,Custódio,False,35
6,Ceará,154155,Zona do Sertão Central,1547,QUIXADÁ,11,Daniel Queirós,False,35
6,Ceará,154155,Zona do Sertão Central,1547,QUIXADÁ,13,Dom Maurício,False,35
6,Ceará,154155,Zona do Sertão Central,1547,QUIXADÁ,15,Ibaretama,False,35
6,Ceará,154155,Zona do Sertão Central,1547,QUIXADÁ,17,Juatama,False,35
6,Ceará,154155,Zona do Sertão Central,1547,QUIXADÁ,19,Rinaré,False,35
6,Ceará,154155,Zona do Sertão Central,1547,QUIXADÁ,21,Sitiá,False,35
6,Ceará,154155,Zona do Sertão Central,1547,QUIXADÁ,23,Tapuiará,False,35
6,Ceará,154155,Zona do Sertão Central,1548,QUIXERAMOBIM,1,Quixeramobim,False,35
6,Ceará,154155,Zona do Sertão Central,1548,QUIXERAMOBIM,3,Encantado,False,35
6,Ceará,154155,Zona do Sertão Central,1548,QUIXERAMOBIM,5,Lacerda,False,35
6,Ceará,154155,Zona do Sertão Central,1548,QUIXERAMOBIM,7,Macacoca,False,35
6,Ceará,154155,Zona do Sertão Central,1548,QUIXERAMOBIM,9,Madalena,False,35
6,Ceará,154155,Zona do Sertão Central,1548,QUIXERAMOBIM,11,Manituba,False,35
6,Ceará,154155,Zona do Sertão Central,1548,QUIXERAMOBIM,13,Passagem,False,35
6,Ceará,154155,Zona do Sertão Central,1548,QUIXERAMOBIM,15,Pirabibu,False,35
6,Ceará,154155,Zona do Sertão Central,1548,QUIXERAMOBIM,17,São Miguel,False,35
6,Ceará,154155,Zona do Sertão Central,1548,QUIXERAMOBIM,19,Uruquê,False,35
6,Ceará,154155,Zona do Sertão Central,1549,SENADOR POMPEU,1,Senador Pompeu,False,35
6,Ceará,154155,Zona do Sertão Central,1549,SENADOR POMPEU,3,Engenheiro José Lopes,False,35
6,Ceará,154155,Zona do Sertão Central,1549,SENADOR POMPEU,5,São Joaquim do Salgado,False,35
6,Ceará,154155,Zona do Sertão Central,1550,SOLONÓPOLE,1,Solonópole,False,36
6,Ceará,154155,Zona do Sertão Central,1550,SOLONÓPOLE,3,Cangati,False,36
6,Ceará,154155,Zona do Sertão Central,1550,SOLONÓPOLE,5,Carnaubinha,False,36
6,Ceará,154155,Zona do Sertão Central,1550,SOLONÓPOLE,7,Flôres Novas,False,36
6,Ceará,154155,Zona do Sertão Central,1550,SOLONÓPOLE,9,Milhã,False,36
6,Ceará,154155,Zona do Sertão Central,1550,SOLONÓPOLE,11,Pasta,False,36
6,Ceará,154155,Zona do Sertão Central,1550,SOLONÓPOLE,13,Tataíra,False,36
6,Ceará,141143,Zona do Sertão Centro-Norte,1410,ALCÂNTARAS,1,Alcântaras,False,36
6,Ceará,141143,Zona do Sertão Centro-Norte,1410,ALCÂNTARAS,3,Ventura,False,36
6,Ceará,141143,Zona do Sertão Centro-Norte,1411,APUIARÉS,1,Apuiarés,False,36
6,Ceará,141143,Zona do Sertão Centro-Norte,1412,BATOQUE,1,Batoque,False,36
6,Ceará,141143,Zona do Sertão Centro-Norte,1412,BATOQUE,3,Irajá,False,36
6,Ceará,141143,Zona do Sertão Centro-Norte,1413,CANINDÉ,1,Canindé,False,36
6,Ceará,141143,Zona do Sertão Centro-Norte,1413,CANINDÉ,3,Bonito,False,36
6,Ceará,141143,Zona do Sertão Centro-Norte,1413,CANINDÉ,5,Esperança,False,36
6,Ceará,141143,Zona do Sertão Centro-Norte,1413,CANINDÉ,7,Targinos,False,36
6,Ceará,141143,Zona do Sertão Centro-Norte,1413,CANINDÉ,9,Ubiraçu,False,36
6,Ceará,141143,Zona do Sertão Centro-Norte,1414,CARIDADE,1,Caridade,False,36
6,Ceará,141143,Zona do Sertão Centro-Norte,1414,CARIDADE,3,Inhuporanga,False,36
6,Ceará,141143,Zona do Sertão Centro-Norte,1415,CARIRÉ,1,Cariré,False,36
6,Ceará,141143,Zona do Sertão Centro-Norte,1415,CARIRÉ,3,Arariús,False,36
6,Ceará,141143,Zona do Sertão Centro-Norte,1416,COREAÚ,1,Coreaú,False,36
6,Ceará,141143,Zona do Sertão Centro-Norte,1416,COREAÚ,3,Araquém,False,36
6,Ceará,141143,Zona do Sertão Centro-Norte,1416,COREAÚ,5,Ubaúna,False,36
6,Ceará,141143,Zona do Sertão Centro-Norte,1417,FRECHEIRINHA,1,Frecheirinha,False,37
6,Ceará,141143,Zona do Sertão Centro-Norte,1418,GENERAL SAMPAIO,1,General Sampaio,False,37
6,Ceará,141143,Zona do Sertão Centro-Norte,1419,GROAÍRAS,1,Groaíras,False,37
6,Ceará,141143,Zona do Sertão Centro-Norte,1420,IRAUÇUBÁ,1,Irauçubá,False,37
6,Ceará,141143,Zona do Sertão Centro-Norte,1420,IRAUÇUBÁ,3,Juá,False,37
6,Ceará,141143,Zona do Sertão Centro-Norte,1420,IRAUÇUBÁ,5,Missi,False,37
6,Ceará,141143,Zona do Sertão Centro-Norte,1421,ITAPAGÉ,1,Itapagé,False,37
6,Ceará,141143,Zona do Sertão Centro-Norte,1421,ITAPAGÉ,3,Caxitoré,False,37
6,Ceará,141143,Zona do Sertão Centro-Norte,1421,ITAPAGÉ,5,Cruz,False,37
6,Ceará,141143,Zona do Sertão Centro-Norte,1421,ITAPAGÉ,7,Iratinga,False,37
6,Ceará,141143,Zona do Sertão Centro-Norte,1421,ITAPAGÉ,9,Pitombeira,False,37
6,Ceará,141143,Zona do Sertão Centro-Norte,1421,ITAPAGÉ,11,Tejuçuoca,False,37
6,Ceará,141143,Zona do Sertão Centro-Norte,1423,MASSAPÊ,1,Massapê,False,37
6,Ceará,141143,Zona do Sertão Centro-Norte,1423,MASSAPÊ,3,Aiuá,False,37
6,Ceará,141143,Zona do Sertão Centro-Norte,1423,MASSAPÊ,5,Padre Linhares,False,37
6,Ceará,141143,Zona do Sertão Centro-Norte,1423,MASSAPÊ,7,Tuína,False,37
6,Ceará,141143,Zona do Sertão Centro-Norte,1424,MERUOCA,1,Meruoca,False,37
6,Ceará,141143,Zona do Sertão Centro-Norte,1425,MONSENHOR TABOSA,1,Monsenhor Tabosa,False,37
6,Ceará,141143,Zona do Sertão Centro-Norte,1426,MORAÚJO,1,Moraújo,False,37
6,Ceará,141143,Zona do Sertão Centro-Norte,1426,MORAÚJO,3,Várzea da Volta,False,37
6,Ceará,141143,Zona do Sertão Centro-Norte,1427,NOVA RUSSAS,1,Nova Russas,False,37
6,Ceará,141143,Zona do Sertão Centro-Norte,1427,NOVA RUSSAS,3,Ararendá,False,37
6,Ceará,141143,Zona do Sertão Centro-Norte,1427,NOVA RUSSAS,5,Ipaporanga,False,38
6,Ceará,141143,Zona do Sertão Centro-Norte,1428,PARAMOTI,1,Paramoti,False,38
6,Ceará,141143,Zona do Sertão Centro-Norte,1429,PENTECOSTE,1,Pentecoste,False,38
6,Ceará,141143,Zona do Sertão Centro-Norte,1429,PENTECOSTE,3,Matias,False,38
6,Ceará,141143,Zona do Sertão Centro-Norte,1430,RERIUTABA,1,Reriutaba,False,38
6,Ceará,141143,Zona do Sertão Centro-Norte,1430,RERIUTABA,3,Amanaiara,False,38
6,Ceará,141143,Zona do Sertão Centro-Norte,1430,RERIUTABA,5,Varjota,False,38
6,Ceará,141143,Zona do Sertão Centro-Norte,1431,SANTA QUITÉRIA,1,Santa Quitéria,False,38
6,Ceará,141143,Zona do Sertão Centro-Norte,1431,SANTA QUITÉRIA,3,Catunda,False,38
6,Ceará,141143,Zona do Sertão Centro-Norte,1431,SANTA QUITÉRIA,5,Macaraú,False,38
6,Ceará,141143,Zona do Sertão Centro-Norte,1431,SANTA QUITÉRIA,7,Trapiá,False,38
6,Ceará,141143,Zona do Sertão Centro-Norte,1432,SENADOR SÁ,1,Senador Sá,False,38
6,Ceará,141143,Zona do Sertão Centro-Norte,1432,SENADOR SÁ,3,Salão,False,38
6,Ceará,141143,Zona do Sertão Centro-Norte,1432,SENADOR SÁ,5,Serrota,False,38
6,Ceará,141143,Zona do Sertão Centro-Norte,1433,SOBRAL,1,Sobral,False,38
6,Ceará,141143,Zona do Sertão Centro-Norte,1433,SOBRAL,3,Aracatiaçu,False,38
6,Ceará,141143,Zona do Sertão Centro-Norte,1433,SOBRAL,5,Caracará,False,38
6,Ceará,141143,Zona do Sertão Centro-Norte,1433,SOBRAL,7,Forquilha,False,38
6,Ceará,141143,Zona do Sertão Centro-Norte,1433,SOBRAL,9,Jaibaras,False,38
6,Ceará,141143,Zona do Sertão Centro-Norte,1433,SOBRAL,11,Jordão,False,38
6,Ceará,141143,Zona do Sertão Centro-Norte,1433,SOBRAL,13,Ôlho d&#x27;Água,False,38
6,Ceará,141143,Zona do Sertão Centro-Norte,1433,SOBRAL,15,Patriarca,False,38
6,Ceará,141143,Zona do Sertão Centro-Norte,1433,SOBRAL,17,Taperuaba,False,38
6,Ceará,141143,Zona do Sertão Centro-Norte,1433,SOBRAL,19,Trapiá,False,38
6,Ceará,141143,Zona do Sertão Centro-Norte,1434,TAMBORIL,1,Tamboril,False,38
6,Ceará,141143,Zona do Sertão Centro-Norte,1434,TAMBORIL,3,Curatis,False,38
6,Ceará,141143,Zona do Sertão Centro-Norte,1434,TAMBORIL,5,Holanda,False,39
6,Ceará,141143,Zona do Sertão Centro-Norte,1434,TAMBORIL,7,Oliveiras,False,39
6,Ceará,141143,Zona do Sertão Centro-Norte,1434,TAMBORIL,9,Sucesso,False,39
6,Ceará,161162,Zona do Sertão do Sudoeste,1610,AIUABA,1,Aiuaba,False,39
6,Ceará,161162,Zona do Sertão do Sudoeste,1610,AIUABA,3,Barra,False,39
6,Ceará,161162,Zona do Sertão do Sudoeste,1611,ANTONINA DO NORTE,1,Antonina do Norte,False,39
6,Ceará,161162,Zona do Sertão do Sudoeste,1612,ARNEIROZ,1,Arneiroz,False,39
6,Ceará,161162,Zona do Sertão do Sudoeste,1613,CATARINA,1,Catarina,False,39
6,Ceará,161162,Zona do Sertão do Sudoeste,1614,COCOCI,1,Cococi,False,39
6,Ceará,161162,Zona do Sertão do Sudoeste,1615,CRATEÚS,1,Crateús,False,39
6,Ceará,161162,Zona do Sertão do Sudoeste,1615,CRATEÚS,3,Ibiapaba,False,39
6,Ceará,161162,Zona do Sertão do Sudoeste,1615,CRATEÚS,5,Irapuá,False,39
6,Ceará,161162,Zona do Sertão do Sudoeste,1615,CRATEÚS,7,Montenebo,False,39
6,Ceará,161162,Zona do Sertão do Sudoeste,1615,CRATEÚS,9,Oiticica,False,39
6,Ceará,161162,Zona do Sertão do Sudoeste,1615,CRATEÚS,11,Poti,False,39
6,Ceará,161162,Zona do Sertão do Sudoeste,1615,CRATEÚS,13,Santo Antônio,False,39
6,Ceará,161162,Zona do Sertão do Sudoeste,1615,CRATEÚS,15,Tucuns,False,39
6,Ceará,161162,Zona do Sertão do Sudoeste,1616,INDEPENDÊNCIA,1,Independência,False,39
6,Ceará,161162,Zona do Sertão do Sudoeste,1616,INDEPENDÊNCIA,3,Algodões,False,39
6,Ceará,161162,Zona do Sertão do Sudoeste,1616,INDEPENDÊNCIA,5,Coutinho,False,39
6,Ceará,161162,Zona do Sertão do Sudoeste,1616,INDEPENDÊNCIA,7,Ematuba,False,39
6,Ceará,161162,Zona do Sertão do Sudoeste,1616,INDEPENDÊNCIA,9,Iapi,False,39
6,Ceará,161162,Zona do Sertão do Sudoeste,1616,INDEPENDÊNCIA,11,São Francisco,False,39
6,Ceará,161162,Zona do Sertão do Sudoeste,1617,NOVO ORIENTE,1,Novo Oriente,False,39
6,Ceará,161162,Zona do Sertão do Sudoeste,1618,PARAMBU,1,Parambu,False,40
6,Ceará,161162,Zona do Sertão do Sudoeste,1619,SABOEIRO,1,Saboeiro,False,40
6,Ceará,161162,Zona do Sertão do Sudoeste,1619,SABOEIRO,3,Flamengo,False,40
6,Ceará,161162,Zona do Sertão do Sudoeste,1620,TAUÁ,1,Tauá,False,40
6,Ceará,161162,Zona do Sertão do Sudoeste,1620,TAUÁ,3,Barra Nova,False,40
6,Ceará,161162,Zona do Sertão do Sudoeste,1620,TAUÁ,5,Carrapateiras,False,40
6,Ceará,161162,Zona do Sertão do Sudoeste,1620,TAUÁ,7,Inhamuns,False,40
6,Ceará,161162,Zona do Sertão do Sudoeste,1620,TAUÁ,9,Marrecas,False,40
6,Ceará,161162,Zona do Sertão do Sudoeste,1620,TAUÁ,11,Marruás,False,40
6,Ceará,161162,Zona do Sertão do Sudoeste,1620,TAUÁ,13,Trici,False,40
6,Ceará,156,Zona do Sertão do Baixo Jaguaribe,1560,ALTO SANTO,1,Alto Santo,False,40
6,Ceará,156,Zona do Sertão do Baixo Jaguaribe,1560,ALTO SANTO,3,Castanhão,False,40
6,Ceará,156,Zona do Sertão do Baixo Jaguaribe,1561,ITAIÇABA,1,Itaiçaba,False,40
6,Ceará,156,Zona do Sertão do Baixo Jaguaribe,1562,JAGUARUANA,1,Jaguaruana,False,40
6,Ceará,156,Zona do Sertão do Baixo Jaguaribe,1562,JAGUARUANA,3,Borges,False,40
6,Ceará,156,Zona do Sertão do Baixo Jaguaribe,1562,JAGUARUANA,5,Giqui,False,40
6,Ceará,156,Zona do Sertão do Baixo Jaguaribe,1563,LIMOEIRO DO NORTE,1,Limoeiro do Norte,False,40
6,Ceará,156,Zona do Sertão do Baixo Jaguaribe,1563,LIMOEIRO DO NORTE,3,Bixopá,False,40
6,Ceará,156,Zona do Sertão do Baixo Jaguaribe,1564,MORADA NOVA,1,Morada Nova,False,40
6,Ceará,156,Zona do Sertão do Baixo Jaguaribe,1564,MORADA NOVA,3,Aruaru,False,40
6,Ceará,156,Zona do Sertão do Baixo Jaguaribe,1564,MORADA NOVA,5,Boa Água,False,40
6,Ceará,156,Zona do Sertão do Baixo Jaguaribe,1564,MORADA NOVA,7,Ibicuitinga,False,40
6,Ceará,156,Zona do Sertão do Baixo Jaguaribe,1564,MORADA NOVA,9,Juàzeiro de Baixo,False,40
6,Ceará,156,Zona do Sertão do Baixo Jaguaribe,1564,MORADA NOVA,11,Pedras,False,40
6,Ceará,156,Zona do Sertão do Baixo Jaguaribe,1564,MORADA NOVA,13,Roldão,False,41
6,Ceará,156,Zona do Sertão do Baixo Jaguaribe,1564,MORADA NOVA,15,Uiraponga,False,41
6,Ceará,156,Zona do Sertão do Baixo Jaguaribe,1565,PALHANO,1,Palhano,False,41
6,Ceará,156,Zona do Sertão do Baixo Jaguaribe,1566,QUIXERÉ,1,Quixeré,False,41
6,Ceará,156,Zona do Sertão do Baixo Jaguaribe,1567,RUSSAS,1,Russas,False,41
6,Ceará,156,Zona do Sertão do Baixo Jaguaribe,1567,RUSSAS,3,Bonhu,False,41
6,Ceará,156,Zona do Sertão do Baixo Jaguaribe,1567,RUSSAS,5,Flôres,False,41
6,Ceará,156,Zona do Sertão do Baixo Jaguaribe,1568,SÃO JOÃO DO JAGUARIBE,1,São João do Jaguaribe,False,41
6,Ceará,156,Zona do Sertão do Baixo Jaguaribe,1569,TABULEIRO DO NORTE,1,Tabuleiro do Norte,False,41
6,Ceará,156,Zona do Sertão do Baixo Jaguaribe,1569,TABULEIRO DO NORTE,3,Ôlho d&#x27;Água da Bica,False,41
6,Ceará,158,Zona do Sertão do Médio Jaguaribe,1580,JAGUARETAMA,1,Jaguaretama,False,41
6,Ceará,158,Zona do Sertão do Médio Jaguaribe,1581,JAGUARIBARA,1,Jaguaribara,False,41
6,Ceará,158,Zona do Sertão do Médio Jaguaribe,1581,JAGUARIBARA,3,Poço Comprido,False,41
6,Ceará,158,Zona do Sertão do Médio Jaguaribe,1582,JAGUARIBE,1,Jaguaribe,False,41
6,Ceará,158,Zona do Sertão do Médio Jaguaribe,1582,JAGUARIBE,3,Feiticeiro,False,41
6,Ceará,158,Zona do Sertão do Médio Jaguaribe,1582,JAGUARIBE,5,Mapuá,False,41
6,Ceará,158,Zona do Sertão do Médio Jaguaribe,1582,JAGUARIBE,7,Nova Floresta,False,41
6,Ceará,144145,Zona do Sertão do Salgado e Alto do Jaguaribe [41.27],1440,ACOPIARA,1,Acopiara,False,41
6,Ceará,144145,Zona do Sertão do Salgado e Alto do Jaguaribe [41.27],1440,ACOPIARA,3,Isidoro,False,41
6,Ceará,144145,Zona do Sertão do Salgado e Alto do Jaguaribe [41.27],1440,ACOPIARA,5,Quincoê,False,41
6,Ceará,144145,Zona do Sertão do Salgado e Alto do Jaguaribe [41.27],1440,ACOPIARA,7,Irussu,False,42
6,Ceará,144145,Zona do Sertão do Salgado e Alto do Jaguaribe [41.27],1441,ALTANEIRA,1,Altaneira,False,42
6,Ceará,144145,Zona do Sertão do Salgado e Alto do Jaguaribe [41.27],1442,ASSARÉ,1,Assaré,False,42
6,Ceará,144145,Zona do Sertão do Salgado e Alto do Jaguaribe [41.27],1442,ASSARÉ,3,Amaro,False,42
6,Ceará,144145,Zona do Sertão do Salgado e Alto do Jaguaribe [41.27],1442,ASSARÉ,5,Aratama,False,42
6,Ceará,144145,Zona do Sertão do Salgado e Alto do Jaguaribe [41.27],1442,ASSARÉ,7,Tarrafas,False,42
6,Ceará,144145,Zona do Sertão do Salgado e Alto do Jaguaribe [41.27],1443,AURORA,1,Aurora,False,42
6,Ceará,144145,Zona do Sertão do Salgado e Alto do Jaguaribe [41.27],1443,AURORA,3,Ingàzeiras,False,42
6,Ceará,144145,Zona do Sertão do Salgado e Alto do Jaguaribe [41.27],1443,AURORA,5,Tipi,False,42
6,Ceará,144145,Zona do Sertão do Salgado e Alto do Jaguaribe [41.27],1444,BAIXIO,1,Baixio,False,42
6,Ceará,144145,Zona do Sertão do Salgado e Alto do Jaguaribe [41.27],1445,CARIÚS,1,Cariús,False,42
6,Ceará,144145,Zona do Sertão do Salgado e Alto do Jaguaribe [41.27],1445,CARIÚS,3,Caipu,False,42
6,Ceará,144145,Zona do Sertão do Salgado e Alto do Jaguaribe [41.27],1445,CARIÚS,5,São Bartolomeu,False,42
6,Ceará,144145,Zona do Sertão do Salgado e Alto do Jaguaribe [41.27],1445,CARIÚS,7,São Sebastião,False,42
6,Ceará,144145,Zona do Sertão do Salgado e Alto do Jaguaribe [41.27],1446,CEDRO,1,Cedro,False,42
6,Ceará,144145,Zona do Sertão do Salgado e Alto do Jaguaribe [41.27],1446,CEDRO,3,Várzea,False,42
6,Ceará,144145,Zona do Sertão do Salgado e Alto do Jaguaribe [41.27],1447,FARIAS BRITO,1,Farias Brito,False,42
6,Ceará,144145,Zona do Sertão do Salgado e Alto do Jaguaribe [41.27],1447,FARIAS BRITO,3,Cariutaba,False,42
6,Ceará,144145,Zona do Sertão do Salgado e Alto do Jaguaribe [41.27],1447,FARIAS BRITO,5,Nova Betânia,False,42
6,Ceará,144145,Zona do Sertão do Salgado e Alto do Jaguaribe [41.27],1447,FARIAS BRITO,7,Quincucá,False,42
6,Ceará,144145,Zona do Sertão do Salgado e Alto do Jaguaribe [41.27],1448,ICÓ,1,Icó,False,42
6,Ceará,144145,Zona do Sertão do Salgado e Alto do Jaguaribe [41.27],1448,ICÓ,5,Cruzeirinho [42.30],False,42
6,Ceará,144145,Zona do Sertão do Salgado e Alto do Jaguaribe [41.27],1448,ICÓ,3,Icòzinho,False,42
6,Ceará,144145,Zona do Sertão do Salgado e Alto do Jaguaribe [41.27],1448,ICÓ,7,Lima Campos,False,42
6,Ceará,144145,Zona do Sertão do Salgado e Alto do Jaguaribe [41.27],1448,ICÓ,9,Pedrinhas,False,42
6,Ceará,144145,Zona do Sertão do Salgado e Alto do Jaguaribe [41.27],1449,IGUATU,1,Iguatu,False,43
6,Ceará,144145,Zona do Sertão do Salgado e Alto do Jaguaribe [41.27],1449,IGUATU,3,José de Alencar,False,43
6,Ceará,144145,Zona do Sertão do Salgado e Alto do Jaguaribe [41.27],1449,IGUATU,5,Quixelô,False,43
6,Ceará,144145,Zona do Sertão do Salgado e Alto do Jaguaribe [41.27],1449,IGUATU,7,Quixoá,False,43
6,Ceará,144145,Zona do Sertão do Salgado e Alto do Jaguaribe [41.27],1449,IGUATU,9,Suassurana,False,43
6,Ceará,144145,Zona do Sertão do Salgado e Alto do Jaguaribe [41.27],1450,IPAUMIRIM,1,Ipaumirim,False,43
6,Ceará,144145,Zona do Sertão do Salgado e Alto do Jaguaribe [41.27],1450,IPAUMIRIM,3,Felizardo,False,43
6,Ceará,144145,Zona do Sertão do Salgado e Alto do Jaguaribe [41.27],1451,JUCÁS,1,Jucás,False,43
6,Ceará,144145,Zona do Sertão do Salgado e Alto do Jaguaribe [41.27],1451,JUCÁS,3,Canafístula,False,43
6,Ceará,144145,Zona do Sertão do Salgado e Alto do Jaguaribe [41.27],1451,JUCÁS,5,Mel,False,43
6,Ceará,144145,Zona do Sertão do Salgado e Alto do Jaguaribe [41.27],1452,LAVRAS DA MANGABEIRA,1,Lavras da Mangabeira,False,43
6,Ceará,144145,Zona do Sertão do Salgado e Alto do Jaguaribe [41.27],1452,LAVRAS DA MANGABEIRA,3,Amaniutuba,False,43
6,Ceará,144145,Zona do Sertão do Salgado e Alto do Jaguaribe [41.27],1452,LAVRAS DA MANGABEIRA,5,Arrojado,False,43
6,Ceará,144145,Zona do Sertão do Salgado e Alto do Jaguaribe [41.27],1452,LAVRAS DA MANGABEIRA,7,Iborepi,False,43
6,Ceará,144145,Zona do Sertão do Salgado e Alto do Jaguaribe [41.27],1452,LAVRAS DA MANGABEIRA,9,Mangabeira,False,43
6,Ceará,144145,Zona do Sertão do Salgado e Alto do Jaguaribe [41.27],1452,LAVRAS DA MANGABEIRA,11,Quitaiús,False,43
6,Ceará,144145,Zona do Sertão do Salgado e Alto do Jaguaribe [41.27],1453,ORÓS,1,Orós,False,43
6,Ceará,144145,Zona do Sertão do Salgado e Alto do Jaguaribe [41.27],1453,ORÓS,3,Guassossê,False,43
6,Ceará,144145,Zona do Sertão do Salgado e Alto do Jaguaribe [41.27],1453,ORÓS,5,Igarói,False,43
6,Ceará,144145,Zona do Sertão do Salgado e Alto do Jaguaribe [41.27],1454,UMARI,1,Umari,False,43
6,Ceará,144145,Zona do Sertão do Salgado e Alto do Jaguaribe [41.27],1455,VÁRZEA ALEGRE,1,Várzea Alegre,False,43
6,Ceará,144145,Zona do Sertão do Salgado e Alto do Jaguaribe [41.27],1455,VÁRZEA ALEGRE,3,Calabaça,False,43
6,Ceará,144145,Zona do Sertão do Salgado e Alto do Jaguaribe [41.27],1455,VÁRZEA ALEGRE,5,Canindèzinho,False,43
6,Ceará,144145,Zona do Sertão do Salgado e Alto do Jaguaribe [41.27],1455,VÁRZEA ALEGRE,7,Ibicatu,False,43
6,Ceará,144145,Zona do Sertão do Salgado e Alto do Jaguaribe [41.27],1455,VÁRZEA ALEGRE,9,Naraniú,False,43
6,Ceará,144145,Zona do Sertão do Salgado e Alto do Jaguaribe [41.27],1455,VÁRZEA ALEGRE,11,Riacho Verde,False,43
6,Ceará,163,Zona do Araripe,1630,ARARIPE,1,Araripe,False,44
6,Ceará,163,Zona do Araripe,1630,ARARIPE,3,Brejinho,False,44
6,Ceará,163,Zona do Araripe,1631,CAMPOS SALES,1,Campos Sales,False,44
6,Ceará,163,Zona do Araripe,1631,CAMPOS SALES,3,Barão de Aquiraz,False,44
6,Ceará,163,Zona do Araripe,1631,CAMPOS SALES,5,Carmelópolis,False,44
6,Ceará,163,Zona do Araripe,1631,CAMPOS SALES,7,Itaguá,False,44
6,Ceará,163,Zona do Araripe,1631,CAMPOS SALES,9,Quixariú,False,44
6,Ceará,163,Zona do Araripe,1631,CAMPOS SALES,11,Salitre,False,44
6,Ceará,163,Zona do Araripe,1632,NOVA OLINDA,1,Nova Olinda,False,44
6,Ceará,163,Zona do Araripe,1633,POTENGI,1,Potengi,False,44
6,Ceará,163,Zona do Araripe,1633,POTENGI,3,Barreiros,False,44
6,Ceará,163,Zona do Araripe,1634,SANTANA DO CARIRI,1,Santana do Cariri,False,44
6,Ceará,163,Zona do Araripe,1634,SANTANA DO CARIRI,3,Araporanga,False,44
6,Ceará,163,Zona do Araripe,1634,SANTANA DO CARIRI,5,Brejo Grande,False,44
6,Ceará,146147,Zona de Baturité,1460,ARACOIABA,1,Aracoiaba,False,44
6,Ceará,146147,Zona de Baturité,1460,ARACOIABA,3,Curupira,False,44
6,Ceará,146147,Zona de Baturité,1460,ARACOIABA,5,Ocara,False,44
6,Ceará,146147,Zona de Baturité,1460,ARACOIABA,7,Vasantes [44.26],False,44
6,Ceará,146147,Zona de Baturité,1461,ARATUBA,1,Aratuba,False,44
6,Ceará,146147,Zona de Baturité,1462,BATURITÉ,1,Baturité,False,44
6,Ceará,146147,Zona de Baturité,1463,CAPISTRANO,1,Capistrano,False,44
6,Ceará,146147,Zona de Baturité,1465,GUARAMIRANGA,1,Guaramiranga,False,45
6,Ceará,146147,Zona de Baturité,1465,GUARAMIRANGA,3,Pernambuquinho,False,45
6,Ceará,146147,Zona de Baturité,1466,ITAPIÚNA,1,Itapiúna,False,45
6,Ceará,146147,Zona de Baturité,1466,ITAPIÚNA,3,Caio Prado,False,45
6,Ceará,146147,Zona de Baturité,1466,ITAPIÚNA,5,Itans,False,45
6,Ceará,146147,Zona de Baturité,1466,ITAPIÚNA,7,Palmatória,False,45
6,Ceará,146147,Zona de Baturité,1468,MARANGUAPE,1,Maranguape,False,45
6,Ceará,146147,Zona de Baturité,1468,MARANGUAPE,3,Amanari,False,45
6,Ceará,146147,Zona de Baturité,1468,MARANGUAPE,5,Itapebussu,False,45
6,Ceará,146147,Zona de Baturité,1468,MARANGUAPE,7,Jubaia,False,45
6,Ceará,146147,Zona de Baturité,1468,MARANGUAPE,9,Maracanaú,False,45
6,Ceará,146147,Zona de Baturité,1468,MARANGUAPE,11,Sapupara,False,45
6,Ceará,146147,Zona de Baturité,1468,MARANGUAPE,13,Tanques,False,45
6,Ceará,146147,Zona de Baturité,1469,MULUNGU,1,Mulungu,False,45
6,Ceará,146147,Zona de Baturité,1470,PACATUBA,1,Pacatuba,False,45
6,Ceará,146147,Zona de Baturité,1470,PACATUBA,3,Água Verde,False,45
6,Ceará,146147,Zona de Baturité,1470,PACATUBA,5,Gereraú,False,45
6,Ceará,146147,Zona de Baturité,1470,PACATUBA,7,Guaiúba,False,45
6,Ceará,146147,Zona de Baturité,1470,PACATUBA,9,Itacima,False,45
6,Ceará,146147,Zona de Baturité,1470,PACATUBA,11,Itapó,False,45
6,Ceará,146147,Zona de Baturité,1470,PACATUBA,13,Pavuna,False,45
6,Ceará,146147,Zona de Baturité,1471,PACOTI,1,Pacoti,False,45
6,Ceará,146147,Zona de Baturité,1472,PALMÁCIA,1,Palmácia,False,45
6,Ceará,146147,Zona de Baturité,1472,PALMÁCIA,3,Gado,False,45
6,Ceará,146147,Zona de Baturité,1473,REDENÇÃO,1,Redenção,False,45
6,Ceará,146147,Zona de Baturité,1473,REDENÇÃO,3,Acarape,False,46
6,Ceará,146147,Zona de Baturité,1473,REDENÇÃO,5,Antônio Diogo,False,46
6,Ceará,146147,Zona de Baturité,1473,REDENÇÃO,7,Barreira,False,46
6,Ceará,146147,Zona de Baturité,1473,REDENÇÃO,9,Guassi,False,46
6,Ceará,146147,Zona de Baturité,1473,REDENÇÃO,11,São Gerardo,False,46
6,Ceará,148149,Zona da Ibiapaba,1480,CARNAUBAL,1,Carnaubal,False,46
6,Ceará,148149,Zona da Ibiapaba,1481,GUARACIABA DO NORTE,1,Guaraciaba do Norte,False,46
6,Ceará,148149,Zona da Ibiapaba,1481,GUARACIABA DO NORTE,3,Croatá,False,46
6,Ceará,148149,Zona da Ibiapaba,1481,GUARACIABA DO NORTE,5,Espinho,False,46
6,Ceará,148149,Zona da Ibiapaba,1481,GUARACIABA DO NORTE,7,Sussuanha,False,46
6,Ceará,148149,Zona da Ibiapaba,1482,IBIAPINA,1,Ibiapina,False,46
6,Ceará,148149,Zona da Ibiapaba,1482,IBIAPINA,3,Santo Antônio da Pindoba,False,46
6,Ceará,148149,Zona da Ibiapaba,1483,IPU,1,Ipu,False,46
6,Ceará,148149,Zona da Ibiapaba,1483,IPU,3,Pires Ferreira,False,46
6,Ceará,148149,Zona da Ibiapaba,1483,IPU,5,Santo Isidro,False,46
6,Ceará,148149,Zona da Ibiapaba,1484,IPUEIRAS,1,Ipueiras,False,46
6,Ceará,148149,Zona da Ibiapaba,1484,IPUEIRAS,3,América,False,46
6,Ceará,148149,Zona da Ibiapaba,1484,IPUEIRAS,5,Engenheiro João Tomé,False,46
6,Ceará,148149,Zona da Ibiapaba,1484,IPUEIRAS,7,Gázea,False,46
6,Ceará,148149,Zona da Ibiapaba,1484,IPUEIRAS,9,Livramento,False,46
6,Ceará,148149,Zona da Ibiapaba,1484,IPUEIRAS,11,Mororó,False,46
6,Ceará,148149,Zona da Ibiapaba,1484,IPUEIRAS,13,São José das Lontras,False,46
6,Ceará,148149,Zona da Ibiapaba,1485,MUCAMBO,1,Mucambo,False,46
6,Ceará,148149,Zona da Ibiapaba,1485,MUCAMBO,3,Carquejo,False,46
6,Ceará,148149,Zona da Ibiapaba,1486,PACUJÁ,1,Pacujá,False,46
6,Ceará,148149,Zona da Ibiapaba,1487,PORANGA,1,Poranga,False,47
6,Ceará,148149,Zona da Ibiapaba,1487,PORANGA,3,Macambira,False,47
6,Ceará,148149,Zona da Ibiapaba,1488,SÃO BENEDITO,1,São Benedito,False,47
6,Ceará,148149,Zona da Ibiapaba,1488,SÃO BENEDITO,3,Graça,False,47
6,Ceará,148149,Zona da Ibiapaba,1488,SÃO BENEDITO,5,Inhuçu,False,47
6,Ceará,148149,Zona da Ibiapaba,1489,TIANGUÁ,1,Tianguá,False,47
6,Ceará,148149,Zona da Ibiapaba,1489,TIANGUÁ,3,Arapá,False,47
6,Ceará,148149,Zona da Ibiapaba,1489,TIANGUÁ,5,Caruataí,False,47
6,Ceará,148149,Zona da Ibiapaba,1489,TIANGUÁ,7,Pindoguaba,False,47
6,Ceará,148149,Zona da Ibiapaba,1489,TIANGUÁ,9,Tabainha,False,47
6,Ceará,148149,Zona da Ibiapaba,1490,UBAJARA,1,Ubajara,False,47
6,Ceará,148149,Zona da Ibiapaba,1490,UBAJARA,3,Araticum,False,47
6,Ceará,148149,Zona da Ibiapaba,1490,UBAJARA,5,Jaburuna,False,47
6,Ceará,148149,Zona da Ibiapaba,1491,VIÇOSA DO CEARÁ,1,Viçosa do Ceará,False,47
6,Ceará,148149,Zona da Ibiapaba,1491,VIÇOSA DO CEARÁ,3,General Tibúrcio,False,47
6,Ceará,148149,Zona da Ibiapaba,1491,VIÇOSA DO CEARÁ,5,Lambedouro,False,47
6,Ceará,148149,Zona da Ibiapaba,1491,VIÇOSA DO CEARÁ,7,Padre Vieira,False,47
6,Ceará,148149,Zona da Ibiapaba,1491,VIÇOSA DO CEARÁ,9,Quatiguaba,False,47
6,Ceará,159,Zona de Pereiro,1590,IRACEMA,1,Iracema,False,47
6,Ceará,159,Zona de Pereiro,1590,IRACEMA,3,Potiretama,False,47
6,Ceará,159,Zona de Pereiro,1591,PEREIRO,1,Pereiro,False,47
6,Ceará,159,Zona de Pereiro,1591,PEREIRO,3,Ererê,False,47
6,Ceará,164165,Zona do Cariri,1640,ABAIARA,1,Abaiara,False,47
6,Ceará,164165,Zona do Cariri,1641,BARBALHA,1,Barbalha,False,48
6,Ceará,164165,Zona do Cariri,1641,BARBALHA,3,Arajara,False,48
6,Ceará,164165,Zona do Cariri,1642,BARRO,1,Barro,False,48
6,Ceará,164165,Zona do Cariri,1642,BARRO,3,Cuncas,False,48
6,Ceará,164165,Zona do Cariri,1642,BARRO,5,Iara,False,48
6,Ceará,164165,Zona do Cariri,1643,BREJO SANTO,1,Brejo Santo,False,48
6,Ceará,164165,Zona do Cariri,1644,CARIRIAÇU,1,Caririaçu,False,48
6,Ceará,164165,Zona do Cariri,1644,CARIRIAÇU,3,Feitosa,False,48
6,Ceará,164165,Zona do Cariri,1644,CARIRIAÇU,5,Miguel Xavier,False,48
6,Ceará,164165,Zona do Cariri,1644,CARIRIAÇU,7,Miragem,False,48
6,Ceará,164165,Zona do Cariri,1645,CRATO,1,Crato,False,48
6,Ceará,164165,Zona do Cariri,1645,CRATO,3,Dom Quintino,False,48
6,Ceará,164165,Zona do Cariri,1645,CRATO,5,Lameiro,False,48
6,Ceará,164165,Zona do Cariri,1645,CRATO,7,Muriti,False,48
6,Ceará,164165,Zona do Cariri,1645,CRATO,9,Ponta da Serra,False,48
6,Ceará,164165,Zona do Cariri,1645,CRATO,11,Santa Fé,False,48
6,Ceará,164165,Zona do Cariri,1646,GRANJEIRO,1,Granjeiro,False,48
6,Ceará,164165,Zona do Cariri,1647,JARDIM,1,Jardim,False,48
6,Ceará,164165,Zona do Cariri,1647,JARDIM,3,Jardimirim,False,48
6,Ceará,164165,Zona do Cariri,1648,JATI,1,Jati,False,48
6,Ceará,164165,Zona do Cariri,1649,JUÀZEIRO DO NORTE,1,Juàzeiro do Norte,False,48
6,Ceará,164165,Zona do Cariri,1649,JUÀZEIRO DO NORTE,5,Marrecos [48.31],False,48
6,Ceará,164165,Zona do Cariri,1649,JUÀZEIRO DO NORTE,3,Padre Cícero,False,48
6,Ceará,164165,Zona do Cariri,1650,MAURITI,1,Mauriti,False,49
6,Ceará,164165,Zona do Cariri,1650,MAURITI,3,Anauá,False,49
6,Ceará,164165,Zona do Cariri,1650,MAURITI,5,Coité,False,49
6,Ceará,164165,Zona do Cariri,1650,MAURITI,7,Maraguá,False,49
6,Ceará,164165,Zona do Cariri,1650,MAURITI,9,Mararupá,False,49
6,Ceará,164165,Zona do Cariri,1650,MAURITI,11,Umburanas,False,49
6,Ceará,164165,Zona do Cariri,1651,MILAGRES,1,Milagres,False,49
6,Ceará,164165,Zona do Cariri,1651,MILAGRES,3,Podimirim,False,49
6,Ceará,164165,Zona do Cariri,1652,MISSÃO VELHA,1,Missão Velha,False,49
6,Ceará,164165,Zona do Cariri,1652,MISSÃO VELHA,3,Gameleira de São Sebastião,False,49
6,Ceará,164165,Zona do Cariri,1652,MISSÃO VELHA,5,Jamacaru,False,49
6,Ceará,164165,Zona do Cariri,1652,MISSÃO VELHA,7,Missão Nova,False,49
6,Ceará,164165,Zona do Cariri,1652,MISSÃO VELHA,9,Quimani,False,49
6,Ceará,164165,Zona do Cariri,1653,PENAFORTE,1,Penaforte,False,49
6,Ceará,164165,Zona do Cariri,1654,PORTEIRAS,1,Porteiras,False,49
6,Rio Grande do Norte,178,Zona Salineira ou Litoral e Salinas,1780,AÇU,1,Açu,False,50
6,Rio Grande do Norte,178,Zona Salineira ou Litoral e Salinas,1780,AÇU,3,Carnaubais,False,50
6,Rio Grande do Norte,178,Zona Salineira ou Litoral e Salinas,1780,AÇU,5,Pôrto do Mangue,False,50
6,Rio Grande do Norte,178,Zona Salineira ou Litoral e Salinas,1781,AREIA BRANCA,1,Areia Branca,False,50
6,Rio Grande do Norte,178,Zona Salineira ou Litoral e Salinas,1782,GROSSOS,1,Grossos,False,50
6,Rio Grande do Norte,178,Zona Salineira ou Litoral e Salinas,1782,GROSSOS,3,Tibau,False,50
6,Rio Grande do Norte,178,Zona Salineira ou Litoral e Salinas,1783,JOÃO CÂMARA,1,João Câmara,False,50
6,Rio Grande do Norte,178,Zona Salineira ou Litoral e Salinas,1784,MACAU,1,Macau,False,50
6,Rio Grande do Norte,178,Zona Salineira ou Litoral e Salinas,1785,PENDÊNCIAS,1,Pendências,False,50
6,Rio Grande do Norte,178,Zona Salineira ou Litoral e Salinas,1786,SÃO BENTO DO NORTE,1,São Bento do Norte,False,50
6,Rio Grande do Norte,178,Zona Salineira ou Litoral e Salinas,1786,SÃO BENTO DO NORTE,3,Caiçara,False,50
6,Rio Grande do Norte,178,Zona Salineira ou Litoral e Salinas,1786,SÃO BENTO DO NORTE,5,Galinhos,False,50
6,Rio Grande do Norte,178,Zona Salineira ou Litoral e Salinas,1786,SÃO BENTO DO NORTE,7,Pedra Grande,False,50
6,Rio Grande do Norte,172173,Zona do Litoral,1720,ARÊS,1,Arês,False,50
6,Rio Grande do Norte,172173,Zona do Litoral,1721,BAÍA FORMOSA,1,Baía Formosa,False,50
6,Rio Grande do Norte,172173,Zona do Litoral,1722,CAIADA,1,Caiada,False,50
6,Rio Grande do Norte,172173,Zona do Litoral,1723,CANGUARETAMA,1,Canguaretama,False,50
6,Rio Grande do Norte,172173,Zona do Litoral,1723,CANGUARETAMA,3,Vila Flor,False,50
6,Rio Grande do Norte,172173,Zona do Litoral,1724,CEARÁ-MIRIM,1,Ceará-Mirim,False,51
6,Rio Grande do Norte,172173,Zona do Litoral,1725,GOIANINHA,1,Goianinha,False,51
6,Rio Grande do Norte,172173,Zona do Litoral,1725,GOIANINHA,5,Tibau do Sul [51.5],False,51
6,Rio Grande do Norte,172173,Zona do Litoral,1726,JANUÁRIO CICCO,1,Januário Cicco,False,51
6,Rio Grande do Norte,172173,Zona do Litoral,1726,JANUÁRIO CICCO,3,Lagoa Salgada,False,51
6,Rio Grande do Norte,172173,Zona do Litoral,1727,MACAÍBA,1,Macaíba,False,51
6,Rio Grande do Norte,172173,Zona do Litoral,1728,MAXARANGUAPE,1,Maxaranguape,False,51
6,Rio Grande do Norte,172173,Zona do Litoral,1729,MONTE ALEGRE,1,Monte Alegre,False,51
6,Rio Grande do Norte,172173,Zona do Litoral,1730,NATAL,1,Natal,False,51
6,Rio Grande do Norte,172173,Zona do Litoral,1730,NATAL,3,Redinha,False,51
6,Rio Grande do Norte,172173,Zona do Litoral,1731,NÍSIA FLORESTA,1,Nísia Floresta,False,51
6,Rio Grande do Norte,172173,Zona do Litoral,1732,PARNAMIRIM,1,Parnamirim,False,51
6,Rio Grande do Norte,172173,Zona do Litoral,1733,SÃO GONÇALO DO AMARANTE,1,São Gonçalo do Amarante,False,51
6,Rio Grande do Norte,172173,Zona do Litoral,1734,SÃO JOSÉ DE MIPIBU,1,São José de Mipibu,False,51
6,Rio Grande do Norte,172173,Zona do Litoral,1734,SÃO JOSÉ DE MIPIBU,3,Vera Cruz,False,51
6,Rio Grande do Norte,172173,Zona do Litoral,1735,SERRA CAIADA,1,Serra Caiada,False,51
6,Rio Grande do Norte,172173,Zona do Litoral,1736,TOUROS,1,Touros,False,51
6,Rio Grande do Norte,172173,Zona do Litoral,1736,TOUROS,3,Maxaranguape,False,51
6,Rio Grande do Norte,172173,Zona do Litoral,1737,VÁRZEA,1,Várzea,False,51
6,Rio Grande do Norte,172173,Zona do Litoral,1737,VÁRZEA,3,Espírito Santo,False,51
6,Rio Grande do Norte,179180,Zona do Agreste,1790,BARCELONA,1,Barcelona,False,52
6,Rio Grande do Norte,179180,Zona do Agreste,1791,BARRETO,1,Barreto,False,52
6,Rio Grande do Norte,179180,Zona do Agreste,1792,CAMPO REDONDO,1,Campo Redondo,False,52
6,Rio Grande do Norte,179180,Zona do Agreste,1793,CORONEL EZEQUIEL,1,Coronel Ezequiel,False,52
6,Rio Grande do Norte,179180,Zona do Agreste,1793,CORONEL EZEQUIEL,3,Jaçanã,False,52
6,Rio Grande do Norte,179180,Zona do Agreste,1794,JAPI,1,Japi,False,52
6,Rio Grande do Norte,179180,Zona do Agreste,1795,LAGES PINTADAS,1,Lages Pintadas,False,52
6,Rio Grande do Norte,179180,Zona do Agreste,1796,NOVA CRUZ,1,Nova Cruz,False,52
6,Rio Grande do Norte,179180,Zona do Agreste,1797,PEDRO VELHO,1,Pedro Velho,False,52
6,Rio Grande do Norte,179180,Zona do Agreste,1797,PEDRO VELHO,3,Montanhas,False,52
6,Rio Grande do Norte,179180,Zona do Agreste,1798,SANTA CRUZ,1,Santa Cruz,False,52
6,Rio Grande do Norte,179180,Zona do Agreste,1799,SANTO ANTÔNIO,1,Santo Antônio,False,52
6,Rio Grande do Norte,179180,Zona do Agreste,1800,SÃO BENTO DO TRAIRI,1,São Bento do Trairi,False,52
6,Rio Grande do Norte,179180,Zona do Agreste,1801,SÃO JOSÉ DO CAMPESTRE,1,São José do Campestre,False,52
6,Rio Grande do Norte,179180,Zona do Agreste,1802,SÃO PAULO DO POTENGI,1,São Paulo do Potengi,False,52
6,Rio Grande do Norte,179180,Zona do Agreste,1803,SÃO TOMÉ,1,São Tomé,False,52
6,Rio Grande do Norte,179180,Zona do Agreste,1804,SERRA DE SÃO BENTO,1,Serra de São Bento,False,52
6,Rio Grande do Norte,179180,Zona do Agreste,1805,SÍTIO NOVO,1,Sítio Novo,False,53
6,Rio Grande do Norte,179180,Zona do Agreste,1806,TAIPU,1,Taipu,False,53
6,Rio Grande do Norte,179180,Zona do Agreste,1806,TAIPU,3,Poço Branco,False,53
6,Rio Grande do Norte,179180,Zona do Agreste,1807,TANGARÁ,1,Tangará,False,53
6,Rio Grande do Norte,179180,Zona do Agreste,1807,TANGARÁ,3,Trairi,False,53
6,Rio Grande do Norte,182,Zona do Centro Norte,1820,AFONSO BEZERRA,1,Afonso Bezerra,False,53
6,Rio Grande do Norte,182,Zona do Centro Norte,1821,ANGICOS,1,Angicos,False,53
6,Rio Grande do Norte,182,Zona do Centro Norte,1821,ANGICOS,3,Fernando Pedrosa,False,53
6,Rio Grande do Norte,182,Zona do Centro Norte,1822,IPANGUAÇU,1,Ipanguaçu,False,53
6,Rio Grande do Norte,182,Zona do Centro Norte,1823,LAJES,1,Lajes,False,53
6,Rio Grande do Norte,182,Zona do Centro Norte,1823,LAJES,3,Caiçara do Rio do Vento,False,53
6,Rio Grande do Norte,182,Zona do Centro Norte,1823,LAJES,5,Jandaíra,False,53
6,Rio Grande do Norte,182,Zona do Centro Norte,1823,LAJES,7,Jardim de Angicos,False,53
6,Rio Grande do Norte,182,Zona do Centro Norte,1823,LAJES,9,Pedra Preta,False,53
6,Rio Grande do Norte,182,Zona do Centro Norte,1824,PEDRO AVELINO,1,Pedro Avelino,False,53
6,Rio Grande do Norte,182,Zona do Centro Norte,1825,SANTANA DO MATOS,1,Santana do Matos,False,53
6,Rio Grande do Norte,182,Zona do Centro Norte,1825,SANTANA DO MATOS,3,Barão de Serra Branca,False,53
6,Rio Grande do Norte,182,Zona do Centro Norte,1825,SANTANA DO MATOS,5,Bodó,False,53
6,Rio Grande do Norte,182,Zona do Centro Norte,1825,SANTANA DO MATOS,7,Santa Teresa,False,53
6,Rio Grande do Norte,182,Zona do Centro Norte,1825,SANTANA DO MATOS,9,São José da Passagem,False,53
6,Rio Grande do Norte,182,Zona do Centro Norte,1826,SÃO RAFAEL,1,São Rafael,False,53
6,Rio Grande do Norte,174175,Zona do Seridó,1740,ACARI,1,Acari,False,53
6,Rio Grande do Norte,174175,Zona do Seridó,1741,CAICÓ,1,Caicó,False,54
6,Rio Grande do Norte,174175,Zona do Seridó,1741,CAICÓ,5,Timbaúba dos Batistas [54.3],False,54
6,Rio Grande do Norte,174175,Zona do Seridó,1742,CARNAÚBA DOS DANTAS,1,Carnaúba dos Dantas,False,54
6,Rio Grande do Norte,174175,Zona do Seridó,1743,CÊRRO CORÁ,1,Cêrro Corá,False,54
6,Rio Grande do Norte,174175,Zona do Seridó,1744,CRUZETA,1,Cruzeta,False,54
6,Rio Grande do Norte,174175,Zona do Seridó,1745,CURRAIS NOVOS,1,Currais Novos,False,54
6,Rio Grande do Norte,174175,Zona do Seridó,1745,CURRAIS NOVOS,3,Lagoa Nova,False,54
6,Rio Grande do Norte,174175,Zona do Seridó,1746,FLORÂNIA,1,Florânia,False,54
6,Rio Grande do Norte,174175,Zona do Seridó,1747,JARDIM DE PIRANHAS,1,Jardim de Piranhas,False,54
6,Rio Grande do Norte,174175,Zona do Seridó,1748,JARDIM DO SERIDÓ,1,Jardim do Seridó,False,54
6,Rio Grande do Norte,174175,Zona do Seridó,1748,JARDIM DO SERIDÓ,3,Santana,False,54
6,Rio Grande do Norte,174175,Zona do Seridó,1748,JARDIM DO SERIDÓ,5,São José de Seridó,False,54
6,Rio Grande do Norte,174175,Zona do Seridó,1749,JUCURUTU,1,Jucurutu,False,54
6,Rio Grande do Norte,174175,Zona do Seridó,1750,OURO BRANCO,1,Ouro Branco,False,54
6,Rio Grande do Norte,174175,Zona do Seridó,1751,PARELHAS,3,Parelhas [54.26],False,54
6,Rio Grande do Norte,174175,Zona do Seridó,1751,PARELHAS,1,Equador [54.27],False,54
6,Rio Grande do Norte,174175,Zona do Seridó,1752,SÃO FERNANDO,1,São Fernando,False,54
6,Rio Grande do Norte,174175,Zona do Seridó,1753,SÃO JOÃO DO SABUGI,1,São João do Sabugi,False,54
6,Rio Grande do Norte,174175,Zona do Seridó,1754,SÃO VICENTE,1,São Vicente,False,54
6,Rio Grande do Norte,174175,Zona do Seridó,1755,SERRA NEGRA DO NORTE,1,Serra Negra do Norte,False,55
6,Rio Grande do Norte,171,Zona da Chapada do Apodi,1710,APODI,1,Apodi,False,55
6,Rio Grande do Norte,171,Zona da Chapada do Apodi,1711,AUGUSTO SEVERO,1,Augusto Severo,False,55
6,Rio Grande do Norte,171,Zona da Chapada do Apodi,1711,AUGUSTO SEVERO,3,Paraú,False,55
6,Rio Grande do Norte,171,Zona da Chapada do Apodi,1712,CARAÚBAS,1,Caraúbas,False,55
6,Rio Grande do Norte,171,Zona da Chapada do Apodi,1712,CARAÚBAS,3,Janduís,False,55
6,Rio Grande do Norte,171,Zona da Chapada do Apodi,1713,ITAÚ,1,Itaú,False,55
6,Rio Grande do Norte,171,Zona da Chapada do Apodi,1714,MOSSORÓ,1,Mossoró,False,55
6,Rio Grande do Norte,171,Zona da Chapada do Apodi,1714,MOSSORÓ,3,Baraúnas,False,55
6,Rio Grande do Norte,171,Zona da Chapada do Apodi,1714,MOSSORÓ,5,Governador Dix-Sept-Rosado,False,55
6,Rio Grande do Norte,171,Zona da Chapada do Apodi,1715,UPANEMA,1,Upanema,False,55
6,Rio Grande do Norte,176177,Zona Serrana,1760,ALEXANDRIA,1,Alexandria,False,55
6,Rio Grande do Norte,176177,Zona Serrana,1760,ALEXANDRIA,3,Tenente Ananias Gomes,False,55
6,Rio Grande do Norte,176177,Zona Serrana,1761,ALMINO AFONSO,1,Almino Afonso,False,55
6,Rio Grande do Norte,176177,Zona Serrana,1761,ALMINO AFONSO,3,Ôlho d&#x27;Água do Borges,False,55
6,Rio Grande do Norte,176177,Zona Serrana,1762,JOSÉ DA PENHA,1,José da Penha,False,55
6,Rio Grande do Norte,176177,Zona Serrana,1763,LUÍS GOMES,1,Luís Gomes,False,55
6,Rio Grande do Norte,176177,Zona Serrana,1764,MARCELINO VIEIRA,1,Marcelino Vieira,False,55
6,Rio Grande do Norte,176177,Zona Serrana,1765,MARTINS,1,Martins,False,56
6,Rio Grande do Norte,176177,Zona Serrana,1765,MARTINS,3,Demétrio Lemos,False,56
6,Rio Grande do Norte,176177,Zona Serrana,1765,MARTINS,5,Mineiro,False,56
6,Rio Grande do Norte,176177,Zona Serrana,1766,PATU,1,Patu,False,56
6,Rio Grande do Norte,176177,Zona Serrana,1767,PAU DOS FERROS,1,Pau dos Ferros,False,56
6,Rio Grande do Norte,176177,Zona Serrana,1767,PAU DOS FERROS,3,Joaquim Correia,False,56
6,Rio Grande do Norte,176177,Zona Serrana,1767,PAU DOS FERROS,5,Rafael Fernandes,False,56
6,Rio Grande do Norte,176177,Zona Serrana,1767,PAU DOS FERROS,7,Riacho de Santana,False,56
6,Rio Grande do Norte,176177,Zona Serrana,1768,PORTALEGRE,1,Portalegre,False,56
6,Rio Grande do Norte,176177,Zona Serrana,1768,PORTALEGRE,3,Francisco Dantas,False,56
6,Rio Grande do Norte,176177,Zona Serrana,1768,PORTALEGRE,5,Rodolfo Fernandes,False,56
6,Rio Grande do Norte,176177,Zona Serrana,1769,SÃO MIGUEL,1,São Miguel,False,56
6,Rio Grande do Norte,176177,Zona Serrana,1769,SÃO MIGUEL,3,Coronel João Pessoa,False,56
6,Rio Grande do Norte,176177,Zona Serrana,1769,SÃO MIGUEL,5,Doutor Severiano,False,56
6,Rio Grande do Norte,176177,Zona Serrana,1770,UMARIZAL,1,Umarizal,False,56
6,Paraíba,192,Zona do Litoral e Mata,1920,ALHANDRA,1,Alhandra,False,57
6,Paraíba,192,Zona do Litoral e Mata,1921,BAYEUX,1,Bayeux,False,57
6,Paraíba,192,Zona do Litoral e Mata,1922,CABEDELO,1,Cabedelo,False,57
6,Paraíba,192,Zona do Litoral e Mata,1923,CRUZ DO ESPÍRITO SANTO,1,Cruz do Espírito Santo,False,57
6,Paraíba,192,Zona do Litoral e Mata,1924,JOÃO PESSOA,1,João Pessoa,False,57
6,Paraíba,192,Zona do Litoral e Mata,1924,JOÃO PESSOA,3,Pitimbu,False,57
6,Paraíba,192,Zona do Litoral e Mata,1924,JOÃO PESSOA,5,Vila do Conde,False,57
6,Paraíba,192,Zona do Litoral e Mata,1925,MAMANGUAPE,1,Mamanguape,False,57
6,Paraíba,192,Zona do Litoral e Mata,1925,MAMANGUAPE,3,Baía da Traição,False,57
6,Paraíba,192,Zona do Litoral e Mata,1925,MAMANGUAPE,5,Capim,False,57
6,Paraíba,192,Zona do Litoral e Mata,1925,MAMANGUAPE,7,Cuité de Mamanguape,False,57
6,Paraíba,192,Zona do Litoral e Mata,1925,MAMANGUAPE,9,Curral de Cima,False,57
6,Paraíba,192,Zona do Litoral e Mata,1925,MAMANGUAPE,11,Itapororoca,False,57
6,Paraíba,192,Zona do Litoral e Mata,1925,MAMANGUAPE,13,Jacaraú,False,57
6,Paraíba,192,Zona do Litoral e Mata,1925,MAMANGUAPE,15,Mataraca,False,57
6,Paraíba,192,Zona do Litoral e Mata,1926,PEDRAS DE FOGO,1,Pedras de Fogo,False,57
6,Paraíba,192,Zona do Litoral e Mata,1926,PEDRAS DE FOGO,3,Caaporã,False,57
6,Paraíba,192,Zona do Litoral e Mata,1927,RIO TINTO,1,Rio Tinto,False,57
6,Paraíba,192,Zona do Litoral e Mata,1928,SANTA RITA,1,Santa Rita,False,57
6,Paraíba,192,Zona do Litoral e Mata,1928,SANTA RITA,3,Lucena,False,57
6,Paraíba,192,Zona do Litoral e Mata,1928,SANTA RITA,5,Nossa Senhora do Livramento,False,57
6,Paraíba,202203,Zona do Agreste e Caatinga Litorânea,2020,ALAGOA GRANDE,1,Alagoa Grande,False,58
6,Paraíba,202203,Zona do Agreste e Caatinga Litorânea,2021,ALAGOINHA,1,Alagoinha,False,58
6,Paraíba,202203,Zona do Agreste e Caatinga Litorânea,2022,ARAÇAGI,1,Araçagi,False,58
6,Paraíba,202203,Zona do Agreste e Caatinga Litorânea,2023,AROEIRAS,1,Aroeiras,False,58
6,Paraíba,202203,Zona do Agreste e Caatinga Litorânea,2024,BELÉM,1,Belém,False,58
6,Paraíba,202203,Zona do Agreste e Caatinga Litorânea,2025,CAIÇARA,1,Caiçara,False,58
6,Paraíba,202203,Zona do Agreste e Caatinga Litorânea,2025,CAIÇARA,3,Lagoa de Dentro,False,58
6,Paraíba,202203,Zona do Agreste e Caatinga Litorânea,2026,GUARABIRA,1,Guarabira,False,58
6,Paraíba,202203,Zona do Agreste e Caatinga Litorânea,2026,GUARABIRA,3,Cachoeira,False,58
6,Paraíba,202203,Zona do Agreste e Caatinga Litorânea,2026,GUARABIRA,5,Cuitegi,False,58
6,Paraíba,202203,Zona do Agreste e Caatinga Litorânea,2026,GUARABIRA,7,Pilõezinhos,False,58
6,Paraíba,202203,Zona do Agreste e Caatinga Litorânea,2027,GURINHÉM,1,Gurinhém,False,58
6,Paraíba,202203,Zona do Agreste e Caatinga Litorânea,2028,INGÁ,1,Ingá,False,58
6,Paraíba,202203,Zona do Agreste e Caatinga Litorânea,2028,INGÁ,3,Itatuba,False,58
6,Paraíba,202203,Zona do Agreste e Caatinga Litorânea,2028,INGÁ,7,Riachão do Bacamarte [58.25],False,58
6,Paraíba,202203,Zona do Agreste e Caatinga Litorânea,2029,ITABAIANA,1,Itabaiana,False,58
6,Paraíba,202203,Zona do Agreste e Caatinga Litorânea,2029,ITABAIANA,3,Campo Grande,False,58
6,Paraíba,202203,Zona do Agreste e Caatinga Litorânea,2029,ITABAIANA,5,Guarita,False,58
6,Paraíba,202203,Zona do Agreste e Caatinga Litorânea,2029,ITABAIANA,7,Mogeiro,False,58
6,Paraíba,202203,Zona do Agreste e Caatinga Litorânea,2029,ITABAIANA,9,Salgado de São Félix,False,58
6,Paraíba,202203,Zona do Agreste e Caatinga Litorânea,2030,JUAREZ TÁVORA,1,Juarez Távora,False,58
6,Paraíba,202203,Zona do Agreste e Caatinga Litorânea,2031,MARI,1,Mari,False,58
6,Paraíba,202203,Zona do Agreste e Caatinga Litorânea,2032,MULUNGU,1,Mulungu,False,59
6,Paraíba,202203,Zona do Agreste e Caatinga Litorânea,2033,PILAR,1,Pilar,False,59
6,Paraíba,202203,Zona do Agreste e Caatinga Litorânea,2033,PILAR,3,Acaú,False,59
6,Paraíba,202203,Zona do Agreste e Caatinga Litorânea,2033,PILAR,5,Juripiranga,False,59
6,Paraíba,202203,Zona do Agreste e Caatinga Litorânea,2033,PILAR,7,São Miguel de Taipu,False,59
6,Paraíba,202203,Zona do Agreste e Caatinga Litorânea,2034,PIRPIRITUBA,1,Pirpirituba,False,59
6,Paraíba,202203,Zona do Agreste e Caatinga Litorânea,2035,SAPÉ,1,Sapé,False,59
6,Paraíba,202203,Zona do Agreste e Caatinga Litorânea,2036,SERRA DA RAIZ,1,Serra da Raiz,False,59
6,Paraíba,202203,Zona do Agreste e Caatinga Litorânea,2036,SERRA DA RAIZ,3,Duas Estradas,False,59
6,Paraíba,202203,Zona do Agreste e Caatinga Litorânea,2037,SERRA REDONDA,1,Serra Redonda,False,59
6,Paraíba,202203,Zona do Agreste e Caatinga Litorânea,2038,UMBUZEIRO,1,Umbuzeiro,False,59
6,Paraíba,202203,Zona do Agreste e Caatinga Litorânea,2038,UMBUZEIRO,3,Mata Virgem,False,59
6,Paraíba,202203,Zona do Agreste e Caatinga Litorânea,2038,UMBUZEIRO,5,Natuba,False,59
6,Paraíba,202203,Zona do Agreste e Caatinga Litorânea,2038,UMBUZEIRO,7,Pirauá,False,59
6,Paraíba,191,Zona do Seridó,1910,SANTA LUZIA,1,Santa Luzia,False,59
6,Paraíba,191,Zona do Seridó,1910,SANTA LUZIA,3,Junco do Seridó,False,59
6,Paraíba,191,Zona do Seridó,1910,SANTA LUZIA,5,São José do Sabugi,False,59
6,Paraíba,191,Zona do Seridó,1910,SANTA LUZIA,7,Várzea,False,59
6,Paraíba,191,Zona do Seridó,1911,SÃO MAMEDE,1,São Mamede,False,59
6,Paraíba,193,Zona do Brejo,1930,ALAGOA NOVA,1,Alagoa Nova,False,59
6,Paraíba,193,Zona do Brejo,1930,ALAGOA NOVA,3,Alagoa de Roça,False,59
6,Paraíba,193,Zona do Brejo,1930,ALAGOA NOVA,5,Matinhas,False,59
6,Paraíba,193,Zona do Brejo,1931,AREIA,1,Areia,False,60
6,Paraíba,193,Zona do Brejo,1932,BANANEIRAS,1,Bananeiras,False,60
6,Paraíba,193,Zona do Brejo,1932,BANANEIRAS,3,Maia,False,60
6,Paraíba,193,Zona do Brejo,1933,BORBOREMA,1,Borborema,False,60
6,Paraíba,193,Zona do Brejo,1934,DONA INÊS,1,Dona Inês,False,60
6,Paraíba,193,Zona do Brejo,1935,ESPERANÇA,1,Esperança,False,60
6,Paraíba,193,Zona do Brejo,1935,ESPERANÇA,3,Novo Areal,False,60
6,Paraíba,193,Zona do Brejo,1936,PILÕES,1,Pilões,False,60
6,Paraíba,193,Zona do Brejo,1937,REMÍGIO,1,Remígio,False,60
6,Paraíba,193,Zona do Brejo,1938,SERRARIA,1,Serraria,False,60
6,Paraíba,193,Zona do Brejo,1938,SERRARIA,3,Arara,False,60
6,Paraíba,193,Zona do Brejo,1939,SOLÂNEA,1,Solânea,False,60
6,Paraíba,204,Zona da Borborema Oriental,2040,ARARUNA,1,Araruna,False,60
6,Paraíba,204,Zona da Borborema Oriental,2041,BARRA DE SANTA ROSA,1,Barra de Santa Rosa,False,60
6,Paraíba,204,Zona da Borborema Oriental,2042,CACIMBA DE DENTRO,1,Cacimba de Dentro,False,60
6,Paraíba,204,Zona da Borborema Oriental,2043,CAMPINA GRANDE,1,Campina Grande,False,60
6,Paraíba,204,Zona da Borborema Oriental,2043,CAMPINA GRANDE,3,Boa Vista,False,60
6,Paraíba,204,Zona da Borborema Oriental,2043,CAMPINA GRANDE,5,Catolé,False,60
6,Paraíba,204,Zona da Borborema Oriental,2043,CAMPINA GRANDE,7,Fagundes,False,60
6,Paraíba,204,Zona da Borborema Oriental,2043,CAMPINA GRANDE,9,Galante,False,61
6,Paraíba,204,Zona da Borborema Oriental,2043,CAMPINA GRANDE,11,Lagoa Sêca,False,61
6,Paraíba,204,Zona da Borborema Oriental,2043,CAMPINA GRANDE,13,Massaranduba,False,61
6,Paraíba,204,Zona da Borborema Oriental,2043,CAMPINA GRANDE,15,Queimadas,False,61
6,Paraíba,204,Zona da Borborema Oriental,2043,CAMPINA GRANDE,17,São José da Mata,False,61
6,Paraíba,204,Zona da Borborema Oriental,2044,CUITÉ,1,Cuité,False,61
6,Paraíba,204,Zona da Borborema Oriental,2045,NOVA FLORESTA,1,Nova Floresta,False,61
6,Paraíba,204,Zona da Borborema Oriental,2046,POCINHOS,1,Pocinhos,False,61
6,Paraíba,204,Zona da Borborema Oriental,2046,POCINHOS,3,Nazaré,False,61
6,Paraíba,204,Zona da Borborema Oriental,2046,POCINHOS,5,Puxinanã,False,61
6,Paraíba,204,Zona da Borborema Oriental,2047,TACIMA,1,Tacima,False,61
6,Paraíba,195196,Zona da Borborema Central,1950,CABACEIRAS,1,Cabaceiras,False,61
6,Paraíba,195196,Zona da Borborema Central,1950,CABACEIRAS,3,Potira,False,61
6,Paraíba,195196,Zona da Borborema Central,1951,CARNOIÓ,1,Carnoió,False,61
6,Paraíba,195196,Zona da Borborema Central,1951,CARNOIÓ,3,Alcantil,False,61
6,Paraíba,195196,Zona da Borborema Central,1951,CARNOIÓ,5,Bodocongó,False,61
6,Paraíba,195196,Zona da Borborema Central,1951,CARNOIÓ,7,Caturité,False,61
6,Paraíba,195196,Zona da Borborema Central,1951,CARNOIÓ,9,Riacho de Santo Antônio,False,61
6,Paraíba,195196,Zona da Borborema Central,1952,CONGO,1,Congo,False,61
6,Paraíba,195196,Zona da Borborema Central,1953,CUBATI,1,Cubati,False,61
6,Paraíba,195196,Zona da Borborema Central,1954,JUÀZEIRINHO,1,Juàzeirinho,False,61
6,Paraíba,195196,Zona da Borborema Central,1954,JUÀZEIRINHO,3,Tenório,False,61
6,Paraíba,195196,Zona da Borborema Central,1955,MONTEIRO,1,Monteiro,False,62
6,Paraíba,195196,Zona da Borborema Central,1955,MONTEIRO,3,Camalaú,False,62
6,Paraíba,195196,Zona da Borborema Central,1956,PEDRA LAVRADA,1,Pedra Lavrada,False,62
6,Paraíba,195196,Zona da Borborema Central,1957,PICUÍ,1,Picuí,False,62
6,Paraíba,195196,Zona da Borborema Central,1957,PICUÍ,3,Frei Martinho,False,62
6,Paraíba,195196,Zona da Borborema Central,1958,PRATA,1,Prata,False,62
6,Paraíba,195196,Zona da Borborema Central,1958,PRATA,3,Ouro Velho,False,62
6,Paraíba,195196,Zona da Borborema Central,1959,SÃO JOÃO DO CARIRI,1,São João do Cariri,False,62
6,Paraíba,195196,Zona da Borborema Central,1959,SÃO JOÃO DO CARIRI,3,Caraúbas,False,62
6,Paraíba,195196,Zona da Borborema Central,1959,SÃO JOÃO DO CARIRI,5,Gurjão,False,62
6,Paraíba,195196,Zona da Borborema Central,1959,SÃO JOÃO DO CARIRI,7,Parari,False,62
6,Paraíba,195196,Zona da Borborema Central,1959,SÃO JOÃO DO CARIRI,9,Santo André,False,62
6,Paraíba,195196,Zona da Borborema Central,1959,SÃO JOÃO DO CARIRI,11,São José dos Cordeiros,False,62
6,Paraíba,195196,Zona da Borborema Central,1960,SÃO SEBASTIÃO DO UMBUZEIRO,1,São Sebastião do Umbuzeiro,False,62
6,Paraíba,195196,Zona da Borborema Central,1960,SÃO SEBASTIÃO DO UMBUZEIRO,3,São João do Tigre,False,62
6,Paraíba,195196,Zona da Borborema Central,1961,SERRA BRANCA,1,Serra Branca,False,62
6,Paraíba,195196,Zona da Borborema Central,1961,SERRA BRANCA,3,Coxixola,False,62
6,Paraíba,195196,Zona da Borborema Central,1961,SERRA BRANCA,5,Santa Luzia do Cariri,False,62
6,Paraíba,195196,Zona da Borborema Central,1961,SERRA BRANCA,7,Sucuru,False,62
6,Paraíba,195196,Zona da Borborema Central,1962,SOLEDADE,1,Soledade,False,62
6,Paraíba,195196,Zona da Borborema Central,1962,SOLEDADE,3,Bom Sucesso,False,62
6,Paraíba,195196,Zona da Borborema Central,1962,SOLEDADE,5,Olivedos,False,62
6,Paraíba,195196,Zona da Borborema Central,1962,SOLEDADE,7,Seridó,False,62
6,Paraíba,195196,Zona da Borborema Central,1963,SUMÉ,1,Sumé,False,62
6,Paraíba,195196,Zona da Borborema Central,1963,SUMÉ,3,Amparo,False,62
6,Paraíba,195196,Zona da Borborema Central,1964,TAPEROÁ,1,Taperoá,False,63
6,Paraíba,195196,Zona da Borborema Central,1964,TAPEROÁ,3,Assunção,False,63
6,Paraíba,195196,Zona da Borborema Central,1964,TAPEROÁ,5,Livramento,False,63
6,Paraíba,199,Zona do Sertão Alto,1990,ÁGUA BRANCA,1,Água Branca,False,63
6,Paraíba,199,Zona do Sertão Alto,1991,DESTÊRRO,1,Destêrro,False,63
6,Paraíba,199,Zona do Sertão Alto,1992,PRINCESA ISABEL,1,Princesa Isabel,False,63
6,Paraíba,199,Zona do Sertão Alto,1992,PRINCESA ISABEL,3,Manaíra,False,63
6,Paraíba,199,Zona do Sertão Alto,1992,PRINCESA ISABEL,5,São José,False,63
6,Paraíba,199,Zona do Sertão Alto,1993,TAVARES,1,Tavares,False,63
6,Paraíba,199,Zona do Sertão Alto,1993,TAVARES,3,Juru,False,63
6,Paraíba,199,Zona do Sertão Alto,1994,TEIXEIRA,1,Teixeira,False,63
6,Paraíba,199,Zona do Sertão Alto,1994,TEIXEIRA,3,Imaculada,False,63
6,Paraíba,199,Zona do Sertão Alto,1994,TEIXEIRA,5,Mãe-d&#x27;Água,False,63
6,Paraíba,197198,Zona do Sertão do Piranhas,1970,BREJO DO CRUZ,1,Brejo do Cruz,False,63
6,Paraíba,197198,Zona do Sertão do Piranhas,1970,BREJO DO CRUZ,3,Belém,False,63
6,Paraíba,197198,Zona do Sertão do Piranhas,1971,CATINGUEIRA,1,Catingueira,False,63
6,Paraíba,197198,Zona do Sertão do Piranhas,1971,CATINGUEIRA,3,Itajubatiba,False,63
6,Paraíba,197198,Zona do Sertão do Piranhas,1972,CATOLÉ DO ROCHA,1,Catolé do Rocha,False,63
6,Paraíba,197198,Zona do Sertão do Piranhas,1972,CATOLÉ DO ROCHA,3,Coronel Maia,False,63
6,Paraíba,197198,Zona do Sertão do Piranhas,1972,CATOLÉ DO ROCHA,5,Riacho dos Cavalos,False,63
6,Paraíba,197198,Zona do Sertão do Piranhas,1973,COREMAS,1,Coremas,False,63
6,Paraíba,197198,Zona do Sertão do Piranhas,1974,JERICÓ,1,Jericó,False,64
6,Paraíba,197198,Zona do Sertão do Piranhas,1975,MALTA,1,Malta,False,64
6,Paraíba,197198,Zona do Sertão do Piranhas,1976,PATOS,1,Patos,False,64
6,Paraíba,197198,Zona do Sertão do Piranhas,1976,PATOS,3,Cacimba de Areia,False,64
6,Paraíba,197198,Zona do Sertão do Piranhas,1976,PATOS,5,Passagem,False,64
6,Paraíba,197198,Zona do Sertão do Piranhas,1976,PATOS,7,Salgadinho,False,64
6,Paraíba,197198,Zona do Sertão do Piranhas,1976,PATOS,9,Santa Teresinha,False,64
6,Paraíba,197198,Zona do Sertão do Piranhas,1976,PATOS,11,São José de Espinharas,False,64
6,Paraíba,197198,Zona do Sertão do Piranhas,1977,PIANCÓ,1,Piancó,False,64
6,Paraíba,197198,Zona do Sertão do Piranhas,1977,PIANCÓ,3,Aguiar,False,64
6,Paraíba,197198,Zona do Sertão do Piranhas,1977,PIANCÓ,5,Boqueirão dos Cochos,False,64
6,Paraíba,197198,Zona do Sertão do Piranhas,1977,PIANCÓ,7,Garrotes,False,64
6,Paraíba,197198,Zona do Sertão do Piranhas,1977,PIANCÓ,9,Nova Olinda,False,64
6,Paraíba,197198,Zona do Sertão do Piranhas,1977,PIANCÓ,11,Ôlho d&#x27;Água,False,64
6,Paraíba,197198,Zona do Sertão do Piranhas,1978,POMBAL,1,Pombal,False,64
6,Paraíba,197198,Zona do Sertão do Piranhas,1978,POMBAL,3,Lagoa,False,64
6,Paraíba,197198,Zona do Sertão do Piranhas,1978,POMBAL,5,Paulista,False,64
6,Paraíba,197198,Zona do Sertão do Piranhas,1978,POMBAL,7,Várzea Comprida,False,64
6,Paraíba,197198,Zona do Sertão do Piranhas,1979,SÃO BENTO,1,São Bento,False,64
6,Paraíba,197198,Zona do Sertão do Piranhas,1980,SÃO JOSÉ DA LAGOA TAPADA,1,São José da Lagoa Tapada,False,64
6,Paraíba,197198,Zona do Sertão do Piranhas,1981,SOUSA,1,Sousa,False,64
6,Paraíba,197198,Zona do Sertão do Piranhas,1981,SOUSA,3,Nazarèzinho,False,64
6,Paraíba,197198,Zona do Sertão do Piranhas,1981,SOUSA,5,Santa Cruz,False,64
6,Paraíba,201,Zona do Sertão do Oeste,2010,ANTENOR NAVARRO,1,Antenor Navarro,False,64
6,Paraíba,201,Zona do Sertão do Oeste,2010,ANTENOR NAVARRO,3,Poço,False,64
6,Paraíba,201,Zona do Sertão do Oeste,2010,ANTENOR NAVARRO,5,Santa Helena,False,65
6,Paraíba,201,Zona do Sertão do Oeste,2010,ANTENOR NAVARRO,7,Triunfo,False,65
6,Paraíba,201,Zona do Sertão do Oeste,2010,ANTENOR NAVARRO,9,Umari,False,65
6,Paraíba,201,Zona do Sertão do Oeste,2011,BONITO DE SANTA FÉ,1,Bonito de Santa Fé,False,65
6,Paraíba,201,Zona do Sertão do Oeste,2011,BONITO DE SANTA FÉ,3,Monte Horebe,False,65
6,Paraíba,201,Zona do Sertão do Oeste,2012,CAJÀZEIRAS,1,Cajàzeiras,False,65
6,Paraíba,201,Zona do Sertão do Oeste,2012,CAJÀZEIRAS,5,Cachoeira dos Índios [65.9],False,65
6,Paraíba,201,Zona do Sertão do Oeste,2012,CAJÀZEIRAS,7,Engenheiro Ávidos [65.10],False,65
6,Paraíba,201,Zona do Sertão do Oeste,2013,CONCEIÇÃO,1,Conceição,False,65
6,Paraíba,201,Zona do Sertão do Oeste,2014,IBIARA,1,Ibiara,False,65
6,Paraíba,201,Zona do Sertão do Oeste,2015,ITAPORANGA,1,Itaporanga,False,65
6,Paraíba,201,Zona do Sertão do Oeste,2015,ITAPORANGA,3,Curral Velho,False,65
6,Paraíba,201,Zona do Sertão do Oeste,2015,ITAPORANGA,5,Diamante,False,65
6,Paraíba,201,Zona do Sertão do Oeste,2015,ITAPORANGA,7,Pedra de Fumo,False,65
6,Paraíba,201,Zona do Sertão do Oeste,2015,ITAPORANGA,9,São Boa Ventura,False,65
6,Paraíba,201,Zona do Sertão do Oeste,2015,ITAPORANGA,11,Serra Grande,False,65
6,Paraíba,201,Zona do Sertão do Oeste,2016,SÃO JOSÉ DE PIRANHAS,1,São José de Piranhas,False,65
6,Paraíba,201,Zona do Sertão do Oeste,2016,SÃO JOSÉ DE PIRANHAS,3,Carrapateira,False,65
6,Paraíba,201,Zona do Sertão do Oeste,2017,UIRAÚNA,1,Uiraúna,False,65
6,Paraíba,201,Zona do Sertão do Oeste,2017,UIRAÚNA,3,Poço Dantas,False,65
6,Pernambuco,211214,Zona do Litoral e Mata,2110,ÁGUA PRETA,1,Água Preta,False,66
6,Pernambuco,211214,Zona do Litoral e Mata,2110,ÁGUA PRETA,3,Xexéu,False,66
6,Pernambuco,211214,Zona do Litoral e Mata,2111,ALIANÇA,1,Aliança,False,66
6,Pernambuco,211214,Zona do Litoral e Mata,2111,ALIANÇA,3,Macujé,False,66
6,Pernambuco,211214,Zona do Litoral e Mata,2111,ALIANÇA,5,Tupaoca,False,66
6,Pernambuco,211214,Zona do Litoral e Mata,2111,ALIANÇA,7,Upatininga,False,66
6,Pernambuco,211214,Zona do Litoral e Mata,2112,AMARAJI,1,Amaraji,False,66
6,Pernambuco,211214,Zona do Litoral e Mata,2112,AMARAJI,3,Primavera de Santo Antônio,False,66
6,Pernambuco,211214,Zona do Litoral e Mata,2113,BARREIROS,1,Barreiros,False,66
6,Pernambuco,211214,Zona do Litoral e Mata,2113,BARREIROS,3,Carima,False,66
6,Pernambuco,211214,Zona do Litoral e Mata,2113,BARREIROS,5,São José da Coroa Grande,False,66
6,Pernambuco,211214,Zona do Litoral e Mata,2114,BONITO,1,Bonito,False,66
6,Pernambuco,211214,Zona do Litoral e Mata,2114,BONITO,3,Bentevi,False,66
6,Pernambuco,211214,Zona do Litoral e Mata,2114,BONITO,5,Guabiraba,False,66
6,Pernambuco,211214,Zona do Litoral e Mata,2114,BONITO,7,Iuiteporã,False,66
6,Pernambuco,211214,Zona do Litoral e Mata,2115,CABO,1,Cabo,False,66
6,Pernambuco,211214,Zona do Litoral e Mata,2115,CABO,3,Juçaral,False,66
6,Pernambuco,211214,Zona do Litoral e Mata,2115,CABO,5,Ponte dos Carvalhos,False,66
6,Pernambuco,211214,Zona do Litoral e Mata,2115,CABO,7,Santo Agostinho,False,66
6,Pernambuco,211214,Zona do Litoral e Mata,2116,CARPINA,1,Carpina,False,66
6,Pernambuco,211214,Zona do Litoral e Mata,2116,CARPINA,3,Lagoa do Carro,False,66
6,Pernambuco,211214,Zona do Litoral e Mata,2117,CATENDE,1,Catende,False,66
6,Pernambuco,211214,Zona do Litoral e Mata,2117,CATENDE,3,Belém de Maria,False,67
6,Pernambuco,211214,Zona do Litoral e Mata,2117,CATENDE,5,Laje Grande,False,67
6,Pernambuco,211214,Zona do Litoral e Mata,2118,CORTÊS,1,Cortês,False,67
6,Pernambuco,211214,Zona do Litoral e Mata,2119,ESCADA,1,Escada,False,67
6,Pernambuco,211214,Zona do Litoral e Mata,2119,ESCADA,3,Frexeiras,False,67
6,Pernambuco,211214,Zona do Litoral e Mata,2120,GAMELEIRA,1,Gameleira,False,67
6,Pernambuco,211214,Zona do Litoral e Mata,2120,GAMELEIRA,3,Cuiambuca,False,67
6,Pernambuco,211214,Zona do Litoral e Mata,2120,GAMELEIRA,5,José da Costa,False,67
6,Pernambuco,211214,Zona do Litoral e Mata,2121,GOIANA,1,Goiana,False,67
6,Pernambuco,211214,Zona do Litoral e Mata,2121,GOIANA,3,Condado,False,67
6,Pernambuco,211214,Zona do Litoral e Mata,2121,GOIANA,5,Itaquitinga,False,67
6,Pernambuco,211214,Zona do Litoral e Mata,2121,GOIANA,7,Pontas de Pedra,False,67
6,Pernambuco,211214,Zona do Litoral e Mata,2121,GOIANA,9,Tejucopapo,False,67
6,Pernambuco,211214,Zona do Litoral e Mata,2122,IGARASSU,1,Igarassu,False,67
6,Pernambuco,211214,Zona do Litoral e Mata,2122,IGARASSU,3,Araçoiaba,False,67
6,Pernambuco,211214,Zona do Litoral e Mata,2122,IGARASSU,5,Itamaracá,False,67
6,Pernambuco,211214,Zona do Litoral e Mata,2122,IGARASSU,7,Itapissuma,False,67
6,Pernambuco,211214,Zona do Litoral e Mata,2122,IGARASSU,9,Nova Cruz,False,67
6,Pernambuco,211214,Zona do Litoral e Mata,2122,IGARASSU,11,Três Ladeiras,False,67
6,Pernambuco,211214,Zona do Litoral e Mata,2123,IPOJUCA,1,Ipojuca,False,67
6,Pernambuco,211214,Zona do Litoral e Mata,2123,IPOJUCA,3,Camela,False,67
6,Pernambuco,211214,Zona do Litoral e Mata,2123,IPOJUCA,5,Nossa Senhora do Ó,False,67
6,Pernambuco,211214,Zona do Litoral e Mata,2124,JABOATÃO,1,Jaboatão,False,67
6,Pernambuco,211214,Zona do Litoral e Mata,2124,JABOATÃO,3,Cavaleiro,False,67
6,Pernambuco,211214,Zona do Litoral e Mata,2124,JABOATÃO,5,Muribeca dos Guararapes,False,67
6,Pernambuco,211214,Zona do Litoral e Mata,2125,JOAQUIM NABUCO,1,Joaquim Nabuco,False,67
6,Pernambuco,211214,Zona do Litoral e Mata,2126,MACAPARANA,1,Macaparana,False,68
6,Pernambuco,211214,Zona do Litoral e Mata,2127,MARAIAL,1,Maraial,False,68
6,Pernambuco,211214,Zona do Litoral e Mata,2127,MARAIAL,3,Jaqueira,False,68
6,Pernambuco,211214,Zona do Litoral e Mata,2127,MARAIAL,5,Sertãozinho de Baixo,False,68
6,Pernambuco,211214,Zona do Litoral e Mata,2128,MORENO,1,Moreno,False,68
6,Pernambuco,211214,Zona do Litoral e Mata,2129,NAZARÉ DA MATA,1,Nazaré da Mata,False,68
6,Pernambuco,211214,Zona do Litoral e Mata,2129,NAZARÉ DA MATA,3,Buenos Aires,False,68
6,Pernambuco,211214,Zona do Litoral e Mata,2129,NAZARÉ DA MATA,5,Tracunhaém,False,68
6,Pernambuco,211214,Zona do Litoral e Mata,2130,OLINDA,1,Olinda,False,68
6,Pernambuco,211214,Zona do Litoral e Mata,2131,PALMARES,1,Palmares,False,68
6,Pernambuco,211214,Zona do Litoral e Mata,2131,PALMARES,3,Santo Antônio das Trempes,False,68
6,Pernambuco,211214,Zona do Litoral e Mata,2132,PAUDALHO,1,Paudalho,False,68
6,Pernambuco,211214,Zona do Litoral e Mata,2132,PAUDALHO,3,Lagoa do Itaenga,False,68
6,Pernambuco,211214,Zona do Litoral e Mata,2133,PAULISTA,1,Paulista,False,68
6,Pernambuco,211214,Zona do Litoral e Mata,2133,PAULISTA,3,Abreu e Lima,False,68
6,Pernambuco,211214,Zona do Litoral e Mata,2133,PAULISTA,5,Paratibe,False,68
6,Pernambuco,211214,Zona do Litoral e Mata,2133,PAULISTA,7,Praia da Conceição,False,68
6,Pernambuco,211214,Zona do Litoral e Mata,2134,QUIPAPÁ,1,Quipapá,False,68
6,Pernambuco,211214,Zona do Litoral e Mata,2134,QUIPAPÁ,3,Igarapeba,False,68
6,Pernambuco,211214,Zona do Litoral e Mata,2134,QUIPAPÁ,5,Iraci,False,68
6,Pernambuco,211214,Zona do Litoral e Mata,2134,QUIPAPÁ,7,Pau-Ferro,False,68
6,Pernambuco,211214,Zona do Litoral e Mata,2135,RECIFE,1,Afogados,False,68
6,Pernambuco,211214,Zona do Litoral e Mata,2135,RECIFE,3,Beberibe,False,68
6,Pernambuco,211214,Zona do Litoral e Mata,2135,RECIFE,5,Boa Viagem,False,68
6,Pernambuco,211214,Zona do Litoral e Mata,2135,RECIFE,7,Boa Vista,False,69
6,Pernambuco,211214,Zona do Litoral e Mata,2135,RECIFE,9,Casa Amarela,False,69
6,Pernambuco,211214,Zona do Litoral e Mata,2135,RECIFE,11,Encruzilhada,False,69
6,Pernambuco,211214,Zona do Litoral e Mata,2135,RECIFE,13,Graças,False,69
6,Pernambuco,211214,Zona do Litoral e Mata,2135,RECIFE,15,Madalena,False,69
6,Pernambuco,211214,Zona do Litoral e Mata,2135,RECIFE,17,Poço,False,69
6,Pernambuco,211214,Zona do Litoral e Mata,2135,RECIFE,19,Recife,False,69
6,Pernambuco,211214,Zona do Litoral e Mata,2135,RECIFE,21,Santo Amaro,False,69
6,Pernambuco,211214,Zona do Litoral e Mata,2135,RECIFE,23,Santo Antônio,False,69
6,Pernambuco,211214,Zona do Litoral e Mata,2135,RECIFE,25,São José,False,69
6,Pernambuco,211214,Zona do Litoral e Mata,2135,RECIFE,27,Tejipó,False,69
6,Pernambuco,211214,Zona do Litoral e Mata,2135,RECIFE,29,Várzea,False,69
6,Pernambuco,211214,Zona do Litoral e Mata,2136,RIBEIRÃO,1,Ribeirão,False,69
6,Pernambuco,211214,Zona do Litoral e Mata,2136,RIBEIRÃO,3,Aripibu,False,69
6,Pernambuco,211214,Zona do Litoral e Mata,2136,RIBEIRÃO,7,José Mariano [69.16],False,69
6,Pernambuco,211214,Zona do Litoral e Mata,2137,RIO FORMOSO,1,Rio Formoso,False,69
6,Pernambuco,211214,Zona do Litoral e Mata,2137,RIO FORMOSO,3,Cocau,False,69
6,Pernambuco,211214,Zona do Litoral e Mata,2137,RIO FORMOSO,5,Saué,False,69
6,Pernambuco,211214,Zona do Litoral e Mata,2137,RIO FORMOSO,7,Tamandaré,False,69
6,Pernambuco,211214,Zona do Litoral e Mata,2138,SÃO LOURENÇO DA MATA,1,São Lourenço da Mata,False,69
6,Pernambuco,211214,Zona do Litoral e Mata,2138,SÃO LOURENÇO DA MATA,3,Camarajibe,False,69
6,Pernambuco,211214,Zona do Litoral e Mata,2138,SÃO LOURENÇO DA MATA,5,Nossa Senhora da Luz,False,69
6,Pernambuco,211214,Zona do Litoral e Mata,2139,SÃO VICENTE FERRER,1,São Vicente Ferrer,False,69
6,Pernambuco,211214,Zona do Litoral e Mata,2139,SÃO VICENTE FERRER,3,Siriji,False,69
6,Pernambuco,211214,Zona do Litoral e Mata,2140,SIRINHAÉM,1,Sirinhaém,False,69
6,Pernambuco,211214,Zona do Litoral e Mata,2140,SIRINHAÉM,3,Barra do Sirinhaém,False,69
6,Pernambuco,211214,Zona do Litoral e Mata,2140,SIRINHAÉM,5,Ibiratinga,False,69
6,Pernambuco,211214,Zona do Litoral e Mata,2141,TAMBÉ,1,També,False,69
6,Pernambuco,211214,Zona do Litoral e Mata,2141,TAMBÉ,3,Camutanga,False,69
6,Pernambuco,211214,Zona do Litoral e Mata,2141,TAMBÉ,5,Caricé,False,70
6,Pernambuco,211214,Zona do Litoral e Mata,2141,TAMBÉ,7,Ferreiros,False,70
6,Pernambuco,211214,Zona do Litoral e Mata,2141,TAMBÉ,9,Ibiranga,False,70
6,Pernambuco,211214,Zona do Litoral e Mata,2142,TIMBAÚBA,1,Timbaúba,False,70
6,Pernambuco,211214,Zona do Litoral e Mata,2142,TIMBAÚBA,3,Cruanji,False,70
6,Pernambuco,211214,Zona do Litoral e Mata,2142,TIMBAÚBA,5,Livramento do Tiúma,False,70
6,Pernambuco,211214,Zona do Litoral e Mata,2143,VICÊNCIA,1,Vicência,False,70
6,Pernambuco,211214,Zona do Litoral e Mata,2143,VICÊNCIA,3,Murupé,False,70
6,Pernambuco,211214,Zona do Litoral e Mata,2144,VITÓRIA DE SANTO ANTÃO,1,Vitória de Santo Antão,False,70
6,Pernambuco,211214,Zona do Litoral e Mata,2144,VITÓRIA DE SANTO ANTÃO,3,Pirituba,False,70
6,Pernambuco,211214,Zona do Litoral e Mata,2144,VITÓRIA DE SANTO ANTÃO,5,Pombos,False,70
6,Pernambuco,215218,Zona do Agreste,2150,AGRESTINA,1,Agrestina,False,70
6,Pernambuco,215218,Zona do Agreste,2150,AGRESTINA,3,Barra do Chata,False,70
6,Pernambuco,215218,Zona do Agreste,2150,AGRESTINA,5,Barra do Jardim,False,70
6,Pernambuco,215218,Zona do Agreste,2151,ALAGOINHA,1,Alagoinha,False,70
6,Pernambuco,215218,Zona do Agreste,2151,ALAGOINHA,3,Perpétuo Socorro,False,70
6,Pernambuco,215218,Zona do Agreste,2152,ALTINHO,1,Altinho,False,70
6,Pernambuco,215218,Zona do Agreste,2152,ALTINHO,3,Ibirajuba,False,70
6,Pernambuco,215218,Zona do Agreste,2152,ALTINHO,5,Ituguaçu,False,70
6,Pernambuco,215218,Zona do Agreste,2153,ANGELIM,1,Angelim,False,70
6,Pernambuco,215218,Zona do Agreste,2153,ANGELIM,3,Jucati,False,70
6,Pernambuco,215218,Zona do Agreste,2153,ANGELIM,5,Jupi,False,70
6,Pernambuco,215218,Zona do Agreste,2154,BELO JARDIM,1,Belo Jardim,False,70
6,Pernambuco,215218,Zona do Agreste,2154,BELO JARDIM,3,Água Fria,False,70
6,Pernambuco,215218,Zona do Agreste,2154,BELO JARDIM,5,Serra do Vento,False,70
6,Pernambuco,215218,Zona do Agreste,2154,BELO JARDIM,7,Xucuru,False,70
6,Pernambuco,215218,Zona do Agreste,2155,BEZERROS,1,Bezerros,False,71
6,Pernambuco,215218,Zona do Agreste,2155,BEZERROS,3,Sairé,False,71
6,Pernambuco,215218,Zona do Agreste,2155,BEZERROS,5,Sapucarana,False,71
6,Pernambuco,215218,Zona do Agreste,2156,BOM CONSELHO,1,Bom Conselho,False,71
6,Pernambuco,215218,Zona do Agreste,2156,BOM CONSELHO,5,Caldeirões [71.7],False,71
6,Pernambuco,215218,Zona do Agreste,2156,BOM CONSELHO,7,Iatecá,False,71
6,Pernambuco,215218,Zona do Agreste,2156,BOM CONSELHO,9,Lagoa de São José,False,71
6,Pernambuco,215218,Zona do Agreste,2156,BOM CONSELHO,11,Rainha Isabel,False,71
6,Pernambuco,215218,Zona do Agreste,2156,BOM CONSELHO,13,Saloá,False,71
6,Pernambuco,215218,Zona do Agreste,2156,BOM CONSELHO,15,Teresinha,False,71
6,Pernambuco,215218,Zona do Agreste,2157,BOM JARDIM,1,Bom Jardim,False,71
6,Pernambuco,215218,Zona do Agreste,2157,BOM JARDIM,3,Bizarra,False,71
6,Pernambuco,215218,Zona do Agreste,2157,BOM JARDIM,5,Machados,False,71
6,Pernambuco,215218,Zona do Agreste,2157,BOM JARDIM,7,Tamboatá,False,71
6,Pernambuco,215218,Zona do Agreste,2158,BREJO DA MADRE DE DEUS,1,Brejo da Madre de Deus,False,71
6,Pernambuco,215218,Zona do Agreste,2158,BREJO DA MADRE DE DEUS,3,Fazenda Nova,False,71
6,Pernambuco,215218,Zona do Agreste,2158,BREJO DA MADRE DE DEUS,5,Jataúba,False,71
6,Pernambuco,215218,Zona do Agreste,2159,CAMOCIM DE SÃO FÉLIX,1,Camocim de São Félix,False,71
6,Pernambuco,215218,Zona do Agreste,2160,CANHOTINHO,1,Canhotinho,False,71
6,Pernambuco,215218,Zona do Agreste,2160,CANHOTINHO,3,Calçado,False,71
6,Pernambuco,215218,Zona do Agreste,2160,CANHOTINHO,7,Paquevira [71.27],False,71
6,Pernambuco,215218,Zona do Agreste,2161,CARUARU,1,Caruaru,False,71
6,Pernambuco,215218,Zona do Agreste,2161,CARUARU,3,Carapotós,False,71
6,Pernambuco,215218,Zona do Agreste,2161,CARUARU,5,Gonçalves Ferreira,False,71
6,Pernambuco,215218,Zona do Agreste,2161,CARUARU,7,Lajedo do Cedro,False,71
6,Pernambuco,215218,Zona do Agreste,2162,CORRENTES,1,Correntes,False,71
6,Pernambuco,215218,Zona do Agreste,2162,CORRENTES,3,Igapó,False,71
6,Pernambuco,215218,Zona do Agreste,2162,CORRENTES,5,Lagoa do Ouro,False,72
6,Pernambuco,215218,Zona do Agreste,2162,CORRENTES,7,Poço Comprido,False,72
6,Pernambuco,215218,Zona do Agreste,2163,CUPIRA,1,Cupira,False,72
6,Pernambuco,215218,Zona do Agreste,2164,GARANHUNS,1,Garanhuns,False,72
6,Pernambuco,215218,Zona do Agreste,2164,GARANHUNS,3,Brejão,False,72
6,Pernambuco,215218,Zona do Agreste,2164,GARANHUNS,5,Caetés,False,72
6,Pernambuco,215218,Zona do Agreste,2164,GARANHUNS,7,Iratama,False,72
6,Pernambuco,215218,Zona do Agreste,2164,GARANHUNS,9,Itacatu,False,72
6,Pernambuco,215218,Zona do Agreste,2164,GARANHUNS,11,Miracica,False,72
6,Pernambuco,215218,Zona do Agreste,2164,GARANHUNS,13,Paranatama,False,72
6,Pernambuco,215218,Zona do Agreste,2164,GARANHUNS,15,São João,False,72
6,Pernambuco,215218,Zona do Agreste,2165,GLÓRIA DO GOITÁ,1,Glória do Goitá,False,72
6,Pernambuco,215218,Zona do Agreste,2165,GLÓRIA DO GOITÁ,3,Apoti,False,72
6,Pernambuco,215218,Zona do Agreste,2165,GLÓRIA DO GOITÁ,5,Chã da Alegria,False,72
6,Pernambuco,215218,Zona do Agreste,2165,GLÓRIA DO GOITÁ,7,Feira Nova,False,72
6,Pernambuco,215218,Zona do Agreste,2166,GRAVATÁ,1,Gravatá,False,72
6,Pernambuco,215218,Zona do Agreste,2166,GRAVATÁ,3,Chã Grande,False,72
6,Pernambuco,215218,Zona do Agreste,2166,GRAVATÁ,5,Mandacaru,False,72
6,Pernambuco,215218,Zona do Agreste,2166,GRAVATÁ,7,Uruçu-Mirim,False,72
6,Pernambuco,215218,Zona do Agreste,2167,JOÃO ALFREDO,1,João Alfredo,False,72
6,Pernambuco,215218,Zona do Agreste,2167,JOÃO ALFREDO,3,Salgadinho,False,72
6,Pernambuco,215218,Zona do Agreste,2168,JUREMA,1,Jurema,False,72
6,Pernambuco,215218,Zona do Agreste,2168,JUREMA,3,Santo Antônio das Queimadas,False,72
6,Pernambuco,215218,Zona do Agreste,2169,LAGOA DOS GATOS,1,Lagoa dos Gatos,False,72
6,Pernambuco,215218,Zona do Agreste,2169,LAGOA DOS GATOS,3,Lagoa de Sousa,False,72
6,Pernambuco,215218,Zona do Agreste,2170,LAJEDO,1,Lajedo,False,72
6,Pernambuco,215218,Zona do Agreste,2171,LIMOEIRO,1,Limoeiro,False,73
6,Pernambuco,215218,Zona do Agreste,2171,LIMOEIRO,3,Ameixas,False,73
6,Pernambuco,215218,Zona do Agreste,2171,LIMOEIRO,5,Bengalas,False,73
6,Pernambuco,215218,Zona do Agreste,2171,LIMOEIRO,7,Cumaru,False,73
6,Pernambuco,215218,Zona do Agreste,2171,LIMOEIRO,9,Passira,False,73
6,Pernambuco,215218,Zona do Agreste,2171,LIMOEIRO,11,Urucuba,False,73
6,Pernambuco,215218,Zona do Agreste,2172,OROBÓ,1,Orobó,False,73
6,Pernambuco,215218,Zona do Agreste,2172,OROBÓ,3,Chã de Rocha,False,73
6,Pernambuco,215218,Zona do Agreste,2172,OROBÓ,5,Umburetama,False,73
6,Pernambuco,215218,Zona do Agreste,2173,PALMEIRINA,1,Palmeirina,False,73
6,Pernambuco,215218,Zona do Agreste,2174,PANELAS,1,Panelas,False,73
6,Pernambuco,215218,Zona do Agreste,2174,PANELAS,3,Cruzes,False,73
6,Pernambuco,215218,Zona do Agreste,2175,PESQUEIRA,1,Pesqueira,False,73
6,Pernambuco,215218,Zona do Agreste,2175,PESQUEIRA,3,Cimbres,False,73
6,Pernambuco,215218,Zona do Agreste,2175,PESQUEIRA,5,Mimoso,False,73
6,Pernambuco,215218,Zona do Agreste,2175,PESQUEIRA,7,Mutuca,False,73
6,Pernambuco,215218,Zona do Agreste,2175,PESQUEIRA,9,Salôbro,False,73
6,Pernambuco,215218,Zona do Agreste,2176,POÇÃO,1,Poção,False,73
6,Pernambuco,215218,Zona do Agreste,2177,RIACHO DAS ALMAS,1,Riacho das Almas,False,73
6,Pernambuco,215218,Zona do Agreste,2177,RIACHO DAS ALMAS,3,Couro d&#x27;Antas,False,73
6,Pernambuco,215218,Zona do Agreste,2177,RIACHO DAS ALMAS,5,Trapiá,False,73
6,Pernambuco,215218,Zona do Agreste,2178,SANHARÓ,1,Sanharó,False,73
6,Pernambuco,215218,Zona do Agreste,2178,SANHARÓ,3,Jenipapo,False,73
6,Pernambuco,215218,Zona do Agreste,2179,SANTA CRUZ DO CAPIBARIBE,1,Santa Cruz do Capibaribe,False,73
6,Pernambuco,215218,Zona do Agreste,2179,SANTA CRUZ DO CAPIBARIBE,3,Pará,False,73
6,Pernambuco,215218,Zona do Agreste,2179,SANTA CRUZ DO CAPIBARIBE,5,Poço Fundo,False,73
6,Pernambuco,215218,Zona do Agreste,2180,SÃO BENTO DO UNA,1,São Bento do Una,False,74
6,Pernambuco,215218,Zona do Agreste,2180,SÃO BENTO DO UNA,3,Cabanas,False,74
6,Pernambuco,215218,Zona do Agreste,2180,SÃO BENTO DO UNA,5,Cachoeirinha,False,74
6,Pernambuco,215218,Zona do Agreste,2180,SÃO BENTO DO UNA,7,Capoeiras,False,74
6,Pernambuco,215218,Zona do Agreste,2180,SÃO BENTO DO UNA,9,Espírito Santo,False,74
6,Pernambuco,215218,Zona do Agreste,2181,SÃO CAITANO,1,São Caitano,False,74
6,Pernambuco,215218,Zona do Agreste,2181,SÃO CAITANO,3,Tacaimbó,False,74
6,Pernambuco,215218,Zona do Agreste,2181,SÃO CAITANO,5,Tapiraim,False,74
6,Pernambuco,215218,Zona do Agreste,2182,SÃO JOAQUIM DO MONTE,1,São Joaquim do Monte,False,74
6,Pernambuco,215218,Zona do Agreste,2182,SÃO JOAQUIM DO MONTE,3,Batateira,False,74
6,Pernambuco,215218,Zona do Agreste,2182,SÃO JOAQUIM DO MONTE,5,Santana de São Joaquim,False,74
6,Pernambuco,215218,Zona do Agreste,2183,SURUBIM,1,Surubim,False,74
6,Pernambuco,215218,Zona do Agreste,2183,SURUBIM,3,Casinhas,False,74
6,Pernambuco,215218,Zona do Agreste,2183,SURUBIM,5,Vertentes do Lério,False,74
6,Pernambuco,215218,Zona do Agreste,2184,TAQUARITINGA DO NORTE,1,Taquaritinga do Norte,False,74
6,Pernambuco,215218,Zona do Agreste,2184,TAQUARITINGA DO NORTE,3,Gravatá de Jaburu,False,74
6,Pernambuco,215218,Zona do Agreste,2185,TORITAMA,1,Toritama,False,74
6,Pernambuco,215218,Zona do Agreste,2186,VERTENTES,1,Vertentes,False,74
6,Pernambuco,215218,Zona do Agreste,2186,VERTENTES,3,Cambucá,False,74
6,Pernambuco,215218,Zona do Agreste,2186,VERTENTES,5,Frei Miguelinho,False,74
6,Pernambuco,223,Zona do Sertão do Moxotó,2230,ÁGUAS BELAS,1,Águas Belas,False,74
6,Pernambuco,223,Zona do Sertão do Moxotó,2230,ÁGUAS BELAS,3,Iati,False,74
6,Pernambuco,223,Zona do Sertão do Moxotó,2230,ÁGUAS BELAS,5,Itaíba,False,74
6,Pernambuco,223,Zona do Sertão do Moxotó,2231,BUÍQUE,1,Buíque,False,74
6,Pernambuco,223,Zona do Sertão do Moxotó,2231,BUÍQUE,3,Carneiro,False,75
6,Pernambuco,223,Zona do Sertão do Moxotó,2231,BUÍQUE,7,Guanumbi [75.2],False,75
6,Pernambuco,223,Zona do Sertão do Moxotó,2231,BUÍQUE,9,Tupanatinga,False,75
6,Pernambuco,223,Zona do Sertão do Moxotó,2232,INAJÁ,1,Inajá,False,75
6,Pernambuco,223,Zona do Sertão do Moxotó,2232,INAJÁ,3,Ibimirim,False,75
6,Pernambuco,223,Zona do Sertão do Moxotó,2232,INAJÁ,5,Manari,False,75
6,Pernambuco,223,Zona do Sertão do Moxotó,2232,INAJÁ,7,Moxotó,False,75
6,Pernambuco,223,Zona do Sertão do Moxotó,2233,PEDRA,1,Pedra,False,75
6,Pernambuco,223,Zona do Sertão do Moxotó,2233,PEDRA,3,Grotão,False,75
6,Pernambuco,223,Zona do Sertão do Moxotó,2233,PEDRA,5,Japecanga,False,75
6,Pernambuco,223,Zona do Sertão do Moxotó,2233,PEDRA,7,Tará,False,75
6,Pernambuco,223,Zona do Sertão do Moxotó,2233,PEDRA,9,Venturosa,False,75
6,Pernambuco,222,Zona de Triunfo,2220,TRIUNFO,1,Triunfo,False,75
6,Pernambuco,222,Zona de Triunfo,2220,TRIUNFO,3,Iraguaçu,False,75
6,Pernambuco,222,Zona de Triunfo,2220,TRIUNFO,5,Jatiúca,False,75
6,Pernambuco,222,Zona de Triunfo,2220,TRIUNFO,7,Santa Cruz da Baixa Verde,False,75
6,Pernambuco,221,Zona do Sertão Alto ou do Alto Pajeú,2210,AFOGADOS DA INGÀZEIRA,1,Afogados da Ingàzeira,False,75
6,Pernambuco,221,Zona do Sertão Alto ou do Alto Pajeú,2210,AFOGADOS DA INGÀZEIRA,3,Iguaraci,False,75
6,Pernambuco,221,Zona do Sertão Alto ou do Alto Pajeú,2210,AFOGADOS DA INGÀZEIRA,5,Irajaí,False,75
6,Pernambuco,221,Zona do Sertão Alto ou do Alto Pajeú,2210,AFOGADOS DA INGÀZEIRA,7,Jebitacá,False,75
6,Pernambuco,221,Zona do Sertão Alto ou do Alto Pajeú,2211,CARNAÍBA,1,Carnaíba,False,75
6,Pernambuco,221,Zona do Sertão Alto ou do Alto Pajeú,2211,CARNAÍBA,3,Ibitiranga,False,75
6,Pernambuco,221,Zona do Sertão Alto ou do Alto Pajeú,2211,CARNAÍBA,5,Quixaba,False,75
6,Pernambuco,221,Zona do Sertão Alto ou do Alto Pajeú,2212,FLORES,1,Flores,False,75
6,Pernambuco,221,Zona do Sertão Alto ou do Alto Pajeú,2212,FLORES,3,Calumbi,False,75
6,Pernambuco,221,Zona do Sertão Alto ou do Alto Pajeú,2212,FLORES,7,Sítio dos Nunes [75.34],False,75
6,Pernambuco,221,Zona do Sertão Alto ou do Alto Pajeú,2213,ITAPETIM,1,Itapetim,False,76
6,Pernambuco,221,Zona do Sertão Alto ou do Alto Pajeú,2214,SÃO JOSÉ DO EGITO,1,São José do Egito,False,76
6,Pernambuco,221,Zona do Sertão Alto ou do Alto Pajeú,2214,SÃO JOSÉ DO EGITO,3,Tigre,False,76
6,Pernambuco,221,Zona do Sertão Alto ou do Alto Pajeú,2215,SERRA TALHADA,1,Serra Talhada,False,76
6,Pernambuco,221,Zona do Sertão Alto ou do Alto Pajeú,2215,SERRA TALHADA,3,Bernardo Vieira,False,76
6,Pernambuco,221,Zona do Sertão Alto ou do Alto Pajeú,2215,SERRA TALHADA,5,Caiçarinha da Penha,False,76
6,Pernambuco,221,Zona do Sertão Alto ou do Alto Pajeú,2215,SERRA TALHADA,7,Luanda,False,76
6,Pernambuco,221,Zona do Sertão Alto ou do Alto Pajeú,2215,SERRA TALHADA,9,Pajeú,False,76
6,Pernambuco,221,Zona do Sertão Alto ou do Alto Pajeú,2215,SERRA TALHADA,11,Tauapiranga,False,76
6,Pernambuco,221,Zona do Sertão Alto ou do Alto Pajeú,2216,TABIRA,1,Tabira,False,76
6,Pernambuco,221,Zona do Sertão Alto ou do Alto Pajeú,2216,TABIRA,3,Ingàzeira,False,76
6,Pernambuco,221,Zona do Sertão Alto ou do Alto Pajeú,2216,TABIRA,5,Solidão,False,76
6,Pernambuco,221,Zona do Sertão Alto ou do Alto Pajeú,2216,TABIRA,7,Tuparetama,False,76
6,Pernambuco,224,Zona do Sertão do Alto Moxotó,2240,ARCOVERDE,1,Arcoverde,False,76
6,Pernambuco,224,Zona do Sertão do Alto Moxotó,2241,CUSTÓDIA,1,Custódia,False,76
6,Pernambuco,224,Zona do Sertão do Alto Moxotó,2241,CUSTÓDIA,3,Betânia,False,76
6,Pernambuco,224,Zona do Sertão do Alto Moxotó,2242,SERTÂNIA,1,Sertânia,False,76
6,Pernambuco,224,Zona do Sertão do Alto Moxotó,2242,SERTÂNIA,3,Albuquerque Né,False,76
6,Pernambuco,224,Zona do Sertão do Alto Moxotó,2242,SERTÂNIA,5,Algodões,False,76
6,Pernambuco,224,Zona do Sertão do Alto Moxotó,2242,SERTÂNIA,7,Henrique Dias,False,76
6,Pernambuco,224,Zona do Sertão do Alto Moxotó,2242,SERTÂNIA,9,Rio da Barra,False,76
6,Pernambuco,225,Zona do Araripe,2250,ARARIPINA,1,Araripina,False,76
6,Pernambuco,225,Zona do Araripe,2250,ARARIPINA,3,Morais,False,76
6,Pernambuco,225,Zona do Araripe,2250,ARARIPINA,5,Nascente,False,76
6,Pernambuco,225,Zona do Araripe,2251,BODOCÓ,1,Bodocó,False,77
6,Pernambuco,225,Zona do Araripe,2251,BODOCÓ,3,Claranã,False,77
6,Pernambuco,225,Zona do Araripe,2251,BODOCÓ,5,Feitoria,False,77
6,Pernambuco,225,Zona do Araripe,2251,BODOCÓ,7,Granito,False,77
6,Pernambuco,225,Zona do Araripe,2252,EXU,1,Exu,False,77
6,Pernambuco,225,Zona do Araripe,2252,EXU,3,Tabocas,False,77
6,Pernambuco,225,Zona do Araripe,2252,EXU,5,Timorante,False,77
6,Pernambuco,225,Zona do Araripe,2252,EXU,7,Viração,False,77
6,Pernambuco,225,Zona do Araripe,2252,EXU,9,Zé Gomes,False,77
6,Pernambuco,225,Zona do Araripe,2253,OURICURI,1,Ouricuri,False,77
6,Pernambuco,225,Zona do Araripe,2253,OURICURI,3,Cruz de Malta,False,77
6,Pernambuco,225,Zona do Araripe,2253,OURICURI,5,Ipubi,False,77
6,Pernambuco,225,Zona do Araripe,2253,OURICURI,7,Manacá,False,77
6,Pernambuco,225,Zona do Araripe,2253,OURICURI,9,Munduri,False,77
6,Pernambuco,225,Zona do Araripe,2253,OURICURI,11,Serra Branca,False,77
6,Pernambuco,225,Zona do Araripe,2254,SERRITA,1,Serrita,False,77
6,Pernambuco,225,Zona do Araripe,2254,SERRITA,3,Caririmirim,False,77
6,Pernambuco,225,Zona do Araripe,2254,SERRITA,5,Ipuera,False,77
6,Pernambuco,225,Zona do Araripe,2254,SERRITA,7,Ori,False,77
6,Pernambuco,226,Zona do Sertão Central,2260,PARNAMIRIM,1,Parnamirim,False,77
6,Pernambuco,226,Zona do Sertão Central,2260,PARNAMIRIM,3,Icaiçara,False,77
6,Pernambuco,226,Zona do Sertão Central,2260,PARNAMIRIM,5,Terra Nova,False,77
6,Pernambuco,226,Zona do Sertão Central,2260,PARNAMIRIM,7,Veneza,False,77
6,Pernambuco,226,Zona do Sertão Central,2261,SALGUEIRO,1,Salgueiro,False,77
6,Pernambuco,226,Zona do Sertão Central,2261,SALGUEIRO,3,Conceição das Crioulas,False,77
6,Pernambuco,226,Zona do Sertão Central,2261,SALGUEIRO,5,Umãs,False,77
6,Pernambuco,226,Zona do Sertão Central,2261,SALGUEIRO,7,Vasques,False,77
6,Pernambuco,226,Zona do Sertão Central,2261,SALGUEIRO,9,Verdejante,False,77
6,Pernambuco,226,Zona do Sertão Central,2262,SÃO JOSÉ DO BELMONTE,1,São José do Belmonte,False,78
6,Pernambuco,226,Zona do Sertão Central,2262,SÃO JOSÉ DO BELMONTE,3,Bom Nome,False,78
6,Pernambuco,226,Zona do Sertão Central,2262,SÃO JOSÉ DO BELMONTE,7,Mirandiba [78.4],False,78
6,Pernambuco,226,Zona do Sertão Central,2262,SÃO JOSÉ DO BELMONTE,9,Tupanaci,False,78
6,Pernambuco,219,Zona do Sertão do São Francisco,2190,BELÉM DE SÃO FRANCISCO,1,Belém de São Francisco,False,78
6,Pernambuco,219,Zona do Sertão do São Francisco,2190,BELÉM DE SÃO FRANCISCO,3,Itacuruba,False,78
6,Pernambuco,219,Zona do Sertão do São Francisco,2191,CABROBÓ,1,Cabrobó,False,78
6,Pernambuco,219,Zona do Sertão do São Francisco,2191,CABROBÓ,3,Orocó,False,78
6,Pernambuco,219,Zona do Sertão do São Francisco,2192,FLORESTA,1,Floresta,False,78
6,Pernambuco,219,Zona do Sertão do São Francisco,2192,FLORESTA,3,Airi,False,78
6,Pernambuco,219,Zona do Sertão do São Francisco,2192,FLORESTA,5,Carnaubeira,False,78
6,Pernambuco,219,Zona do Sertão do São Francisco,2192,FLORESTA,7,Carqueja,False,78
6,Pernambuco,219,Zona do Sertão do São Francisco,2192,FLORESTA,9,Segundo,False,78
6,Pernambuco,219,Zona do Sertão do São Francisco,2193,PETROLÂNDIA,1,Petrolândia,False,78
6,Pernambuco,219,Zona do Sertão do São Francisco,2193,PETROLÂNDIA,3,Volta,False,78
6,Pernambuco,219,Zona do Sertão do São Francisco,2194,PETROLINA,1,Petrolina,False,78
6,Pernambuco,219,Zona do Sertão do São Francisco,2194,PETROLINA,3,Afrânio,False,78
6,Pernambuco,219,Zona do Sertão do São Francisco,2194,PETROLINA,7,Rajada [78.25],False,78
6,Pernambuco,219,Zona do Sertão do São Francisco,2195,SANTA MARIA DA BOA VISTA,1,Santa Maria da Boa Vista,False,78
6,Pernambuco,219,Zona do Sertão do São Francisco,2195,SANTA MARIA DA BOA VISTA,3,Jutaí,False,78
6,Pernambuco,219,Zona do Sertão do São Francisco,2196,TACARATU,1,Tacaratu,False,78
6,Pernambuco,219,Zona do Sertão do São Francisco,2196,TACARATU,3,Caraibeiras,False,78
23,Alagoas,230231,Zona do Litoral,2300,BARRA DE SANTO ANTÔNIO,1,Barra de Santo Antônio,False,79
23,Alagoas,230231,Zona do Litoral,2301,BÔCA DA MATA,1,Bôca da Mata,False,79
23,Alagoas,230231,Zona do Litoral,2302,CAMPO ALEGRE,1,Campo Alegre,False,79
23,Alagoas,230231,Zona do Litoral,2303,CORURIPE,1,Coruripe,False,79
23,Alagoas,230231,Zona do Litoral,2303,CORURIPE,3,Poxim,False,79
23,Alagoas,230231,Zona do Litoral,2304,FELIZ DESERTO,1,Feliz Deserto,False,79
23,Alagoas,230231,Zona do Litoral,2305,FLEXEIRAS,1,Flexeiras,False,79
23,Alagoas,230231,Zona do Litoral,2305,FLEXEIRAS,3,Messias,False,79
23,Alagoas,230231,Zona do Litoral,2308,JAPARATINGA,1,Japaratinga,False,79
23,Alagoas,230231,Zona do Litoral,2306,MACEIÓ,1,Maceió,False,79
23,Alagoas,230231,Zona do Litoral,2306,MACEIÓ,3,Fernão Velho,False,79
23,Alagoas,230231,Zona do Litoral,2306,MACEIÓ,5,Floriano Peixoto,False,79
23,Alagoas,230231,Zona do Litoral,2307,MARAGOGI,1,Maragogi,False,79
23,Alagoas,230231,Zona do Litoral,2307,MARAGOGI,3,Barra Grande,False,79
23,Alagoas,230231,Zona do Litoral,2309,MARECHAL DEODORO,1,Marechal Deodoro,False,79
23,Alagoas,230231,Zona do Litoral,2310,MATRIZ DE CAMARAGIBE,1,Matriz de Camaragibe,False,79
23,Alagoas,230231,Zona do Litoral,2311,PASSO DE CAMARAGIBE,1,Passo de Camaragibe,False,79
23,Alagoas,230231,Zona do Litoral,2311,PASSO DE CAMARAGIBE,3,Urucu,False,79
23,Alagoas,230231,Zona do Litoral,2312,PIAÇABUÇU,1,Piaçabuçu,False,80
23,Alagoas,230231,Zona do Litoral,2313,PILAR,1,Pilar,False,80
23,Alagoas,230231,Zona do Litoral,2314,PÔRTO DE PEDRAS,1,Pôrto de Pedras,False,80
23,Alagoas,230231,Zona do Litoral,2314,PÔRTO DE PEDRAS,3,Tatuamunha,False,80
23,Alagoas,230231,Zona do Litoral,2315,RIO LARGO,1,Rio Largo,False,80
23,Alagoas,230231,Zona do Litoral,2316,SATUBA,1,Satuba,False,80
23,Alagoas,230231,Zona do Litoral,2316,SATUBA,3,Coqueiro Sêco,False,80
23,Alagoas,230231,Zona do Litoral,2316,SATUBA,5,Santa Luzia do Norte,False,80
23,Alagoas,230231,Zona do Litoral,2317,SÃO LUÍS DO QUITUNDE,1,São Luís do Quitunde,False,80
23,Alagoas,230231,Zona do Litoral,2318,SÃO MIGUEL DOS CAMPOS,1,São Miguel dos Campos,False,80
23,Alagoas,230231,Zona do Litoral,2318,SÃO MIGUEL DOS CAMPOS,3,Barra de São Miguel,False,80
23,Alagoas,230231,Zona do Litoral,2319,SÃO MIGUEL DOS MILAGRES,1,São Miguel dos Milagres,False,80
23,Alagoas,232233,Zona da Mata,2320,ATALAIA,1,Atalaia,False,80
23,Alagoas,232233,Zona da Mata,2320,ATALAIA,3,Sapucaia,False,80
23,Alagoas,232233,Zona da Mata,2321,CAJUEIRO,1,Cajueiro,False,80
23,Alagoas,232233,Zona da Mata,2322,CAPELA,1,Capela,False,80
23,Alagoas,232233,Zona da Mata,2322,CAPELA,3,Santa Efigênia,False,80
23,Alagoas,232233,Zona da Mata,2323,COLÔNIA LEOPOLDINA,1,Colônia Leopoldina,False,80
23,Alagoas,232233,Zona da Mata,2324,IBATEGUARA,1,Ibateguara,False,80
23,Alagoas,232233,Zona da Mata,2325,JUCUÍPE,1,Jucuípe,False,81
23,Alagoas,232233,Zona da Mata,2326,JUNDIÁ,1,Jundiá,False,81
23,Alagoas,232233,Zona da Mata,2327,MURICI,1,Murici,False,81
23,Alagoas,232233,Zona da Mata,2327,MURICI,3,Branquinha,False,81
23,Alagoas,232233,Zona da Mata,2328,PAULO JACINTO,1,Paulo Jacinto,False,81
23,Alagoas,232233,Zona da Mata,2329,PINDOBA,1,Pindoba,False,81
23,Alagoas,232233,Zona da Mata,2330,PÔRTO CALVO,1,Pôrto Calvo,False,81
23,Alagoas,232233,Zona da Mata,2331,QUEBRANGULO,1,Quebrangulo,False,81
23,Alagoas,232233,Zona da Mata,2332,SANTANA DO MUNDAÚ,1,Santana do Mundaú,False,81
23,Alagoas,232233,Zona da Mata,2332,SANTANA DO MUNDAÚ,3,Munguba,False,81
23,Alagoas,232233,Zona da Mata,2333,SÃO JOSÉ DA LAJE,1,São José da Laje,False,81
23,Alagoas,232233,Zona da Mata,2334,UNIÃO DOS PALMARES,1,União dos Palmares,False,81
23,Alagoas,232233,Zona da Mata,2334,UNIÃO DOS PALMARES,3,Rocha Cavalcante,False,81
23,Alagoas,232233,Zona da Mata,2335,VIÇOSA,1,Viçosa,False,81
23,Alagoas,232233,Zona da Mata,2335,VIÇOSA,3,Anel [81.26],False,81
23,Alagoas,232233,Zona da Mata,2335,VIÇOSA,5,Chã Preta,False,81
23,Alagoas,234,Zona do Baixo São Francisco,2340,IGREJA NOVA,1,Igreja Nova,False,81
23,Alagoas,234,Zona do Baixo São Francisco,2341,PENEDO,1,Penedo,False,81
23,Alagoas,234,Zona do Baixo São Francisco,2342,PÔRTO REAL DO COLÉGIO,1,Pôrto Real do Colégio,False,82
23,Alagoas,234,Zona do Baixo São Francisco,2343,SÃO SEBASTIÃO,1,São Sebastião,False,82
23,Alagoas,235236,Zona do Sertão do São Francisco,2350,BATALHA,1,Batalha,False,82
23,Alagoas,235236,Zona do Sertão do São Francisco,2351,BELO MONTE,1,Belo Monte,False,82
23,Alagoas,235236,Zona do Sertão do São Francisco,2352,CAMPO GRANDE,1,Campo Grande,False,82
23,Alagoas,235236,Zona do Sertão do São Francisco,2353,FEIRA GRANDE,1,Feira Grande,False,82
23,Alagoas,235236,Zona do Sertão do São Francisco,2354,GIRAU DO PONCIANO,1,Girau do Ponciano,False,82
23,Alagoas,235236,Zona do Sertão do São Francisco,2355,JACARÉ DOS HOMENS,1,Jacaré dos Homens,False,82
23,Alagoas,235236,Zona do Sertão do São Francisco,2356,MONTEIRÓPOLIS,1,Monteirópolis,False,82
23,Alagoas,235236,Zona do Sertão do São Francisco,2357,PÃO DE AÇÚCAR,1,Pão de Açúcar,False,82
23,Alagoas,235236,Zona do Sertão do São Francisco,2357,PÃO DE AÇÚCAR,3,Alecrim,False,82
23,Alagoas,235236,Zona do Sertão do São Francisco,2358,PIRANHAS,1,Piranhas,False,82
23,Alagoas,235236,Zona do Sertão do São Francisco,2358,PIRANHAS,3,Entremontes,False,82
23,Alagoas,235236,Zona do Sertão do São Francisco,2358,PIRANHAS,5,Olhos-d&#x27;Água do Casado,False,82
23,Alagoas,235236,Zona do Sertão do São Francisco,2359,SÃO BRÁS,1,São Brás,False,82
23,Alagoas,235236,Zona do Sertão do São Francisco,2360,SÃO JOSÉ DA TAPERA,1,São José da Tapera,False,82
23,Alagoas,235236,Zona do Sertão do São Francisco,2361,TRAIPU,1,Traipu,False,82
23,Alagoas,237238,Zona Sertaneja,2370,ANADIA,1,Anadia,False,83
23,Alagoas,237238,Zona Sertaneja,2370,ANADIA,3,Canudos,False,83
23,Alagoas,237238,Zona Sertaneja,2370,ANADIA,5,Mar Vermelho,False,83
23,Alagoas,237238,Zona Sertaneja,2370,ANADIA,7,Tanque d&#x27;Arca,False,83
23,Alagoas,237238,Zona Sertaneja,2371,ARAPIRACA,1,Arapiraca,False,83
23,Alagoas,237238,Zona Sertaneja,2371,ARAPIRACA,3,Craíba,False,83
23,Alagoas,237238,Zona Sertaneja,2371,ARAPIRACA,5,Lagoa da Canoa,False,83
23,Alagoas,237238,Zona Sertaneja,2372,CACIMBINHAS,1,Cacimbinhas,False,83
23,Alagoas,237238,Zona Sertaneja,2373,DOIS RIACHOS,1,Dois Riachos,False,83
23,Alagoas,237238,Zona Sertaneja,2374,IGACI,1,Igaci,False,83
23,Alagoas,237238,Zona Sertaneja,2375,JUNQUEIRO,1,Junqueiro,False,83
23,Alagoas,237238,Zona Sertaneja,2376,LIMOEIRO DE ANADIA,1,Limoeiro de Anadia,False,83
23,Alagoas,237238,Zona Sertaneja,2376,LIMOEIRO DE ANADIA,3,Cana Brava dos Pais,False,83
23,Alagoas,237238,Zona Sertaneja,2376,LIMOEIRO DE ANADIA,5,Coité,False,83
23,Alagoas,237238,Zona Sertaneja,2377,MAJOR ISIDORO,1,Major Isidoro,False,83
23,Alagoas,237238,Zona Sertaneja,2377,MAJOR ISIDORO,3,Riacho do Sertão,False,83
23,Alagoas,237238,Zona Sertaneja,2378,MARAVILHA,1,Maravilha,False,83
23,Alagoas,237238,Zona Sertaneja,2379,ÔLHO-D&#x27;ÁGUA DAS FLÔRES,1,Ôlho-d&#x27;Água das Flôres,False,83
23,Alagoas,237238,Zona Sertaneja,2380,OLIVENÇA,1,Olivença,False,83
23,Alagoas,237238,Zona Sertaneja,2381,PALMEIRA DOS ÍNDIOS,1,Palmeira dos Índios,False,83
23,Alagoas,237238,Zona Sertaneja,2381,PALMEIRA DOS ÍNDIOS,3,Caldeirões de Cima,False,83
23,Alagoas,237238,Zona Sertaneja,2381,PALMEIRA DOS ÍNDIOS,5,Canafístula,False,84
23,Alagoas,237238,Zona Sertaneja,2381,PALMEIRA DOS ÍNDIOS,7,Minador do Negrão,False,84
23,Alagoas,237238,Zona Sertaneja,2382,POÇO DAS TRINCHEIRAS,1,Poço das Trincheiras,False,84
23,Alagoas,237238,Zona Sertaneja,2383,SANTANA DO IPANEMA,1,Santana do Ipanema,False,84
23,Alagoas,237238,Zona Sertaneja,2383,SANTANA DO IPANEMA,3,Carneiros,False,84
23,Alagoas,237238,Zona Sertaneja,2383,SANTANA DO IPANEMA,5,Ouro Branco,False,84
23,Alagoas,239,Zona Serrana,2390,ÁGUA BRANCA,1,Água Branca,False,84
23,Alagoas,239,Zona Serrana,2391,DELMIRO GOUVEIA,1,Delmiro Gouveia,False,84
23,Alagoas,239,Zona Serrana,2392,MATA GRANDE,1,Mata Grande,False,84
30,Sergipe,301303,Zona do Litoral,3010,ARACAJU,1,Aracaju,False,85
30,Sergipe,301303,Zona do Litoral,3011,ARAUÁ,1,Arauá,False,85
30,Sergipe,301303,Zona do Litoral,3012,BARRA DOS COQUEIROS,1,Barra dos Coqueiros,False,85
30,Sergipe,301303,Zona do Litoral,3013,BREJO GRANDE,1,Brejo Grande,False,85
30,Sergipe,301303,Zona do Litoral,3014,BUQUIM,1,Buquim,False,85
30,Sergipe,301303,Zona do Litoral,3015,CRISTINÁPOLIS,1,Cristinápolis,False,85
30,Sergipe,301303,Zona do Litoral,3016,ESTÂNCIA,1,Estância,False,85
30,Sergipe,301303,Zona do Litoral,3017,ILHA DAS FLÔRES,1,Ilha das Flôres,False,85
30,Sergipe,301303,Zona do Litoral,3018,INDIAROBA,1,Indiaroba,False,85
30,Sergipe,301303,Zona do Litoral,3019,ITAPORANGA D&#x27;AJUDA,1,Itaporanga d&#x27;Ajuda,False,85
30,Sergipe,301303,Zona do Litoral,3020,JAPARATUBA,1,Japaratuba,False,85
30,Sergipe,301303,Zona do Litoral,3021,JAPOATÃ,1,Japoatã,False,85
30,Sergipe,301303,Zona do Litoral,3022,NOSSA SENHORA DO SOCORRO,1,Nossa Senhora do Socorro,False,85
30,Sergipe,301303,Zona do Litoral,3023,PACATUBA,1,Pacatuba,False,86
30,Sergipe,301303,Zona do Litoral,3024,PEDRINHAS,1,Pedrinhas,False,86
30,Sergipe,301303,Zona do Litoral,3025,SALGADO,1,Salgado,False,86
30,Sergipe,301303,Zona do Litoral,3026,SANTA LUZIA DO ITANHI,1,Santa Luzia do Itanhi,False,86
30,Sergipe,301303,Zona do Litoral,3027,SANTO AMARO DAS BROTAS,1,Santo Amaro das Brotas,False,86
30,Sergipe,301303,Zona do Litoral,3028,SÃO CRISTÓVÃO,1,São Cristóvão,False,86
30,Sergipe,301303,Zona do Litoral,3029,UMBAÚBA,1,Umbaúba,False,86
30,Sergipe,306307,Zona Central,3060,CAPELA,1,Capela,False,86
30,Sergipe,306307,Zona Central,3060,CAPELA,3,Barracas,False,86
30,Sergipe,306307,Zona Central,3060,CAPELA,5,Miranda,False,86
30,Sergipe,306307,Zona Central,3060,CAPELA,7,Pedras,False,86
30,Sergipe,306307,Zona Central,3061,CARMÓPOLIS,1,Carmópolis,False,86
30,Sergipe,306307,Zona Central,3062,DIVINA PASTÔRA,1,Divina Pastôra,False,86
30,Sergipe,306307,Zona Central,3063,ITABAIANA,1,Itabaiana,False,86
30,Sergipe,306307,Zona Central,3064,LARANJEIRAS,1,Laranjeiras,False,86
30,Sergipe,306307,Zona Central,3065,MALHADA DOS BOIS,1,Malhada dos Bois,False,86
30,Sergipe,306307,Zona Central,3066,MALHADOR,1,Malhador,False,86
30,Sergipe,306307,Zona Central,3067,MARUIM,1,Maruim,False,87
30,Sergipe,306307,Zona Central,3068,MURIBECA,1,Muribeca,False,87
30,Sergipe,306307,Zona Central,3069,RIACHUELO,1,Riachuelo,False,87
30,Sergipe,306307,Zona Central,3070,ROSÁRIO DO CATETE,1,Rosário do Catete,False,87
30,Sergipe,306307,Zona Central,3071,SANTA ROSA DE LIMA,1,Santa Rosa de Lima,False,87
30,Sergipe,306307,Zona Central,3072,SIRIRI,1,Siriri,False,87
30,Sergipe,304,Zona do Baixo São Francisco,3040,AMPARO DE SÃO FRANCISCO,1,Amparo de São Francisco,False,87
30,Sergipe,304,Zona do Baixo São Francisco,3041,CEDRO DE SÃO JOÃO,1,Cedro de São João,False,87
30,Sergipe,304,Zona do Baixo São Francisco,3041,CEDRO DE SÃO JOÃO,3,São Francisco,False,87
30,Sergipe,304,Zona do Baixo São Francisco,3042,NEÓPOLIS,1,Neópolis,False,87
30,Sergipe,304,Zona do Baixo São Francisco,3043,PROPRIÁ,1,Propriá,False,87
30,Sergipe,305,Zona do Sertão do São Francisco,3050,AQUIDABÃ,1,Aquidabã,False,87
30,Sergipe,305,Zona do Sertão do São Francisco,3051,CANHOBA,1,Canhoba,False,87
30,Sergipe,305,Zona do Sertão do São Francisco,3051,CANHOBA,3,Nossa Senhora de Lourdes,False,87
30,Sergipe,305,Zona do Sertão do São Francisco,3052,CANINDÉ DE SÃO FRANCISCO,1,Canindé de São Francisco,False,88
30,Sergipe,305,Zona do Sertão do São Francisco,3053,GARARU,1,Gararu,False,88
30,Sergipe,305,Zona do Sertão do São Francisco,3053,GARARU,3,Lagoa Funda,False,88
30,Sergipe,305,Zona do Sertão do São Francisco,3053,GARARU,5,São Mateus da Palestina,False,88
30,Sergipe,305,Zona do Sertão do São Francisco,3054,GRACHO CARDOSO,1,Gracho Cardoso,False,88
30,Sergipe,305,Zona do Sertão do São Francisco,3055,ITABI,1,Itabi,False,88
30,Sergipe,305,Zona do Sertão do São Francisco,3056,POÇO REDONDO,1,Poço Redondo,False,88
30,Sergipe,305,Zona do Sertão do São Francisco,3057,PÔRTO DA FÔLHA,1,Pôrto da Fôlha,False,88
30,Sergipe,308309,Zona do Oeste,3080,CAMPO DO BRITO,1,Campo do Brito,False,88
30,Sergipe,308309,Zona do Oeste,3081,CARIRA,1,Carira,False,88
30,Sergipe,308309,Zona do Oeste,3081,CARIRA,3,Altos Verdes,False,88
30,Sergipe,308309,Zona do Oeste,3082,CUMBE,1,Cumbe,False,88
30,Sergipe,308309,Zona do Oeste,3083,FREI PAULO,1,Frei Paulo,False,88
30,Sergipe,308309,Zona do Oeste,3084,ITABAIANINHA,1,Itabaianinha,False,88
30,Sergipe,308309,Zona do Oeste,3085,LAGARTO,1,Lagarto,False,88
30,Sergipe,308309,Zona do Oeste,3086,MACAMBIRA,1,Macambira,False,88
30,Sergipe,308309,Zona do Oeste,3087,MONTE ALEGRE DE SERGIPE,1,Monte Alegre de Sergipe,False,89
30,Sergipe,308309,Zona do Oeste,3088,NOSSA SENHORA DA GLÓRIA,1,Nossa Senhora da Glória,False,89
30,Sergipe,308309,Zona do Oeste,3089,NOSSA SENHORA DAS DORES,1,Nossa Senhora das Dores,False,89
30,Sergipe,308309,Zona do Oeste,3090,PINHÃO,1,Pinhão,False,89
30,Sergipe,308309,Zona do Oeste,3090,PINHÃO,3,Pedra Mole,False,89
30,Sergipe,308309,Zona do Oeste,3091,POÇO VERDE,1,Poço Verde,False,89
30,Sergipe,308309,Zona do Oeste,3092,RIACHÃO DO DANTAS,1,Riachão do Dantas,False,89
30,Sergipe,308309,Zona do Oeste,3092,RIACHÃO DO DANTAS,3,Palmares,False,89
30,Sergipe,308309,Zona do Oeste,3093,RIBEIRÓPOLIS,1,Ribeirópolis,False,89
30,Sergipe,308309,Zona do Oeste,3094,SIMÃO DIAS,1,Simão Dias,False,89
30,Sergipe,308309,Zona do Oeste,3095,TOBIAS BARRETO,1,Tobias Barreto,False,89
30,Sergipe,308309,Zona do Oeste,3095,TOBIAS BARRETO,3,Samambaia,False,89
30,Sergipe,308309,Zona do Oeste,3096,TOMAR DO GERU,1,Tomar do Geru,False,89
30,Bahia,311312,Zona do Litoral Norte,3110,ACAJUTIBA,1,Acajutiba,False,90
30,Bahia,311312,Zona do Litoral Norte,3111,ALAGOINHAS,1,Alagoinhas,False,90
30,Bahia,311312,Zona do Litoral Norte,3111,ALAGOINHAS,3,Araçás,False,90
30,Bahia,311312,Zona do Litoral Norte,3111,ALAGOINHAS,5,Aramari,False,90
30,Bahia,311312,Zona do Litoral Norte,3111,ALAGOINHAS,7,Bôa União,False,90
30,Bahia,311312,Zona do Litoral Norte,3111,ALAGOINHAS,9,Riacho da Guia,False,90
30,Bahia,311312,Zona do Litoral Norte,3112,APORÁ,1,Aporá,False,90
30,Bahia,311312,Zona do Litoral Norte,3112,APORÁ,3,Itamira,False,90
30,Bahia,311312,Zona do Litoral Norte,3113,CONDE,1,Conde,False,90
30,Bahia,311312,Zona do Litoral Norte,3114,ENTRE RIOS,1,Entre Rios,False,90
30,Bahia,311312,Zona do Litoral Norte,3114,ENTRE RIOS,3,Cambuís,False,90
30,Bahia,311312,Zona do Litoral Norte,3114,ENTRE RIOS,5,Ibatuí,False,90
30,Bahia,311312,Zona do Litoral Norte,3114,ENTRE RIOS,7,Pastôra,False,90
30,Bahia,311312,Zona do Litoral Norte,3114,ENTRE RIOS,9,Subaúma,False,90
30,Bahia,311312,Zona do Litoral Norte,3115,ESPLANADA,1,Esplanada,False,90
30,Bahia,311312,Zona do Litoral Norte,3115,ESPLANADA,3,Palame,False,90
30,Bahia,311312,Zona do Litoral Norte,3116,INHAMBUPE,1,Inhambupe,False,90
30,Bahia,311312,Zona do Litoral Norte,3117,JANDAÍRA,1,Jandaíra,False,90
30,Bahia,311312,Zona do Litoral Norte,3117,JANDAÍRA,3,Abadia,False,90
30,Bahia,311312,Zona do Litoral Norte,3117,JANDAÍRA,5,Itanhi,False,90
30,Bahia,311312,Zona do Litoral Norte,3117,JANDAÍRA,7,Mangue Sêco,False,90
30,Bahia,311312,Zona do Litoral Norte,3118,RIO REAL,1,Rio Real,False,91
30,Bahia,311312,Zona do Litoral Norte,3119,SÁTIRO DIAS,1,Sátiro Dias,False,91
30,Bahia,327,Zona do Recôncavo,3250,ARATUÍPE,1,Aratuípe,False,91
30,Bahia,327,Zona do Recôncavo,3250,ARATUÍPE,3,Maragogipinho,False,91
30,Bahia,327,Zona do Recôncavo,3251,CACHOEIRA,1,Cachoeira,False,91
30,Bahia,327,Zona do Recôncavo,3251,CACHOEIRA,3,Belém da Cachoeira,False,91
30,Bahia,327,Zona do Recôncavo,3251,CACHOEIRA,5,Santiago do Iguape,False,91
30,Bahia,327,Zona do Recôncavo,3252,CAMAÇARI,1,Camaçari,False,91
30,Bahia,327,Zona do Recôncavo,3252,CAMAÇARI,3,Abrantes,False,91
30,Bahia,327,Zona do Recôncavo,3252,CAMAÇARI,5,Dias d&#x27;Ávila,False,91
30,Bahia,327,Zona do Recôncavo,3252,CAMAÇARI,7,Monte Gordo,False,91
30,Bahia,327,Zona do Recôncavo,3253,CANDEIAS,1,Candeias,False,91
30,Bahia,327,Zona do Recôncavo,3254,CATU,1,Catu,False,91
30,Bahia,327,Zona do Recôncavo,3254,CATU,3,Bela Flor,False,91
30,Bahia,327,Zona do Recôncavo,3254,CATU,5,Sítio Nôvo,False,91
30,Bahia,327,Zona do Recôncavo,3255,CONCEIÇÃO DA FEIRA,1,Conceição da Feira,False,91
30,Bahia,327,Zona do Recôncavo,3256,CONCEIÇÃO DO ALMEIDA,1,Conceição do Almeida,False,91
30,Bahia,327,Zona do Recôncavo,3256,CONCEIÇÃO DO ALMEIDA,3,Comércio,False,91
30,Bahia,327,Zona do Recôncavo,3256,CONCEIÇÃO DO ALMEIDA,5,Rio da Dona,False,91
30,Bahia,327,Zona do Recôncavo,3257,CRUZ DAS ALMAS,1,Cruz das Almas,False,91
30,Bahia,327,Zona do Recôncavo,3258,ITAPARICA,1,Itaparica,False,92
30,Bahia,327,Zona do Recôncavo,3258,ITAPARICA,3,Cacha Pregos,False,92
30,Bahia,327,Zona do Recôncavo,3258,ITAPARICA,5,Jiribatuba,False,92
30,Bahia,327,Zona do Recôncavo,3258,ITAPARICA,7,Mar Grande,False,92
30,Bahia,327,Zona do Recôncavo,3258,ITAPARICA,9,Salinas da Margarida,False,92
30,Bahia,327,Zona do Recôncavo,3258,ITAPARICA,11,Vera Cruz de Itaparica,False,92
30,Bahia,327,Zona do Recôncavo,3259,JAGUARIPE,1,Jaguaripe,False,92
30,Bahia,327,Zona do Recôncavo,3259,JAGUARIPE,3,Camassandi,False,92
30,Bahia,327,Zona do Recôncavo,3259,JAGUARIPE,5,Cunhangi,False,92
30,Bahia,327,Zona do Recôncavo,3259,JAGUARIPE,7,Jacuruna,False,92
30,Bahia,327,Zona do Recôncavo,3259,JAGUARIPE,9,Pirajuia,False,92
30,Bahia,327,Zona do Recôncavo,3260,MARAGOGIPE,1,Maragogipe,False,92
30,Bahia,327,Zona do Recôncavo,3260,MARAGOGIPE,3,Coqueiros,False,92
30,Bahia,327,Zona do Recôncavo,3260,MARAGOGIPE,5,Guaí,False,92
30,Bahia,327,Zona do Recôncavo,3260,MARAGOGIPE,7,Guapira,False,92
30,Bahia,327,Zona do Recôncavo,3260,MARAGOGIPE,9,Nagé,False,92
30,Bahia,327,Zona do Recôncavo,3260,MARAGOGIPE,11,São Roque do Paraguaçu,False,92
30,Bahia,327,Zona do Recôncavo,3261,MATA DE SÃO JOÃO,1,Mata de São João,False,92
30,Bahia,327,Zona do Recôncavo,3261,MATA DE SÃO JOÃO,3,Açu da Tôrre,False,92
30,Bahia,327,Zona do Recôncavo,3261,MATA DE SÃO JOÃO,5,Amado Baía,False,92
30,Bahia,327,Zona do Recôncavo,3261,MATA DE SÃO JOÃO,7,Itanagra,False,92
30,Bahia,327,Zona do Recôncavo,3262,MURITIBA,1,Muritiba,False,92
30,Bahia,327,Zona do Recôncavo,3262,MURITIBA,3,Cabaceiras do Paraguaçu,False,92
30,Bahia,327,Zona do Recôncavo,3262,MURITIBA,5,Cabeças,False,92
30,Bahia,327,Zona do Recôncavo,3262,MURITIBA,7,Geolândia,False,92
30,Bahia,327,Zona do Recôncavo,3262,MURITIBA,9,Itaporã,False,92
30,Bahia,327,Zona do Recôncavo,3263,NAZARÉ,1,Nazaré,False,92
30,Bahia,327,Zona do Recôncavo,3263,NAZARÉ,3,Muniz Ferreira,False,92
30,Bahia,327,Zona do Recôncavo,3263,NAZARÉ,5,Onha,False,92
30,Bahia,327,Zona do Recôncavo,3264,POJUCA,1,Pojuca,False,93
30,Bahia,327,Zona do Recôncavo,3264,POJUCA,3,Miranga,False,93
30,Bahia,327,Zona do Recôncavo,3265,SALVADOR,1,Salvador,False,93
30,Bahia,327,Zona do Recôncavo,3265,SALVADOR,3,Água Comprida,False,93
30,Bahia,327,Zona do Recôncavo,3265,SALVADOR,5,Ipitanga,False,93
30,Bahia,327,Zona do Recôncavo,3265,SALVADOR,7,Madre de Deus,False,93
30,Bahia,327,Zona do Recôncavo,3266,SANTO AMARO,1,Santo Amaro,False,93
30,Bahia,327,Zona do Recôncavo,3266,SANTO AMARO,3,Acupe,False,93
30,Bahia,327,Zona do Recôncavo,3266,SANTO AMARO,5,Barão de Bom Jardim,False,93
30,Bahia,327,Zona do Recôncavo,3266,SANTO AMARO,7,Buracica,False,93
30,Bahia,327,Zona do Recôncavo,3266,SANTO AMARO,9,Campinhos,False,93
30,Bahia,327,Zona do Recôncavo,3266,SANTO AMARO,11,Conceição do Jacuípe,False,93
30,Bahia,327,Zona do Recôncavo,3266,SANTO AMARO,13,Inhatá,False,93
30,Bahia,327,Zona do Recôncavo,3266,SANTO AMARO,15,Jacu,False,93
30,Bahia,327,Zona do Recôncavo,3266,SANTO AMARO,17,Lustosa,False,93
30,Bahia,327,Zona do Recôncavo,3266,SANTO AMARO,19,Mata da Aliança,False,93
30,Bahia,327,Zona do Recôncavo,3266,SANTO AMARO,21,Rio Fundo,False,93
30,Bahia,327,Zona do Recôncavo,3266,SANTO AMARO,23,Saubara,False,93
30,Bahia,327,Zona do Recôncavo,3266,SANTO AMARO,25,Terra Boa,False,93
30,Bahia,327,Zona do Recôncavo,3266,SANTO AMARO,27,Traripe,False,93
30,Bahia,327,Zona do Recôncavo,3267,SANTO ANTÔNIO DE JESUS,1,Santo Antônio de Jesus,False,93
30,Bahia,327,Zona do Recôncavo,3267,SANTO ANTÔNIO DE JESUS,3,Varzedo,False,93
30,Bahia,327,Zona do Recôncavo,3268,SÃO FÉLIX,1,São Félix,False,93
30,Bahia,327,Zona do Recôncavo,3268,SÃO FÉLIX,3,Outeiro Redondo,False,93
30,Bahia,327,Zona do Recôncavo,3269,SÃO FILIPE,1,São Filipe,False,93
30,Bahia,327,Zona do Recôncavo,3269,SÃO FILIPE,3,Caraípe,False,93
30,Bahia,327,Zona do Recôncavo,3269,SÃO FILIPE,5,Dom Macedo Costa,False,93
30,Bahia,327,Zona do Recôncavo,3270,SÃO FRANCISCO DO CONDE,1,São Francisco do Conde,False,93
30,Bahia,327,Zona do Recôncavo,3270,SÃO FRANCISCO DO CONDE,3,Mataripe,False,93
30,Bahia,327,Zona do Recôncavo,3270,SÃO FRANCISCO DO CONDE,5,Monte Recôncavo,False,93
30,Bahia,327,Zona do Recôncavo,3271,SÃO GONÇALO DOS CAMPOS,1,São Gonçalo dos Campos,False,94
30,Bahia,327,Zona do Recôncavo,3271,SÃO GONÇALO DOS CAMPOS,3,Afligidos,False,94
30,Bahia,327,Zona do Recôncavo,3271,SÃO GONÇALO DOS CAMPOS,5,Sergi,False,94
30,Bahia,327,Zona do Recôncavo,3271,SÃO GONÇALO DOS CAMPOS,7,Tinguatiba,False,94
30,Bahia,327,Zona do Recôncavo,3272,SÃO SEBASTIÃO DO PASSÉ,1,São Sebastião do Passé,False,94
30,Bahia,327,Zona do Recôncavo,3272,SÃO SEBASTIÃO DO PASSÉ,3,Cinco Rios,False,94
30,Bahia,327,Zona do Recôncavo,3272,SÃO SEBASTIÃO DO PASSÉ,5,Jacuípe,False,94
30,Bahia,327,Zona do Recôncavo,3272,SÃO SEBASTIÃO DO PASSÉ,7,Lamarão do Passé,False,94
30,Bahia,327,Zona do Recôncavo,3273,SAPEAÇU,1,Sapeaçu,False,94
30,Bahia,327,Zona do Recôncavo,3273,SAPEAÇU,3,Baixa do Palmeira,False,94
30,Bahia,313314,Zona Cacaueira,3130,BELMONTE,1,Belmonte,False,94
30,Bahia,313314,Zona Cacaueira,3130,BELMONTE,3,Bôca do Córrego,False,94
30,Bahia,313314,Zona Cacaueira,3130,BELMONTE,5,Mogiquiçaba,False,94
30,Bahia,313314,Zona Cacaueira,3131,CAIRU,1,Cairu,False,94
30,Bahia,313314,Zona Cacaueira,3131,CAIRU,3,Galeão,False,94
30,Bahia,313314,Zona Cacaueira,3131,CAIRU,5,Gamboa,False,94
30,Bahia,313314,Zona Cacaueira,3131,CAIRU,7,Velha Boipeba,False,94
30,Bahia,313314,Zona Cacaueira,3132,CAMAMU,1,Camamu,False,94
30,Bahia,313314,Zona Cacaueira,3132,CAMAMU,3,Barcelos do Sul,False,94
30,Bahia,313314,Zona Cacaueira,3132,CAMAMU,5,Ibirapitanga,False,94
30,Bahia,313314,Zona Cacaueira,3132,CAMAMU,7,Igrapiúna,False,94
30,Bahia,313314,Zona Cacaueira,3132,CAMAMU,9,Tapuiá,False,94
30,Bahia,313314,Zona Cacaueira,3133,CANAVIEIRAS,1,Canavieiras,False,94
30,Bahia,313314,Zona Cacaueira,3133,CANAVIEIRAS,3,Camacã,False,94
30,Bahia,313314,Zona Cacaueira,3133,CANAVIEIRAS,5,Jacarandá,False,94
30,Bahia,313314,Zona Cacaueira,3133,CANAVIEIRAS,7,Mascote,False,94
30,Bahia,313314,Zona Cacaueira,3133,CANAVIEIRAS,9,Ouricana,False,94
30,Bahia,313314,Zona Cacaueira,3133,CANAVIEIRAS,11,Pau-Brasil,False,94
30,Bahia,313314,Zona Cacaueira,3133,CANAVIEIRAS,13,Poxim do Sul,False,94
30,Bahia,313314,Zona Cacaueira,3134,COARACI,1,Coaraci,False,95
30,Bahia,313314,Zona Cacaueira,3134,COARACI,3,Almadina,False,95
30,Bahia,313314,Zona Cacaueira,3135,GANDU,1,Gandu,False,95
30,Bahia,313314,Zona Cacaueira,3135,GANDU,3,Itamari,False,95
30,Bahia,313314,Zona Cacaueira,3135,GANDU,5,Nova Ibiá,False,95
30,Bahia,313314,Zona Cacaueira,3136,IBICARAÍ,1,Ibicaraí,False,95
30,Bahia,313314,Zona Cacaueira,3136,IBICARAÍ,3,Firmino Alves,False,95
30,Bahia,313314,Zona Cacaueira,3136,IBICARAÍ,5,Floresta Azul,False,95
30,Bahia,313314,Zona Cacaueira,3136,IBICARAÍ,7,Itaiá,False,95
30,Bahia,313314,Zona Cacaueira,3136,IBICARAÍ,9,Santa Cruz da Vitória,False,95
30,Bahia,313314,Zona Cacaueira,3137,ILHÉUS,1,Ilhéus,False,95
30,Bahia,313314,Zona Cacaueira,3137,ILHÉUS,3,Aritaguá,False,95
30,Bahia,313314,Zona Cacaueira,3137,ILHÉUS,5,Banco Central,False,95
30,Bahia,313314,Zona Cacaueira,3137,ILHÉUS,7,Banco da Vitória,False,95
30,Bahia,313314,Zona Cacaueira,3137,ILHÉUS,9,Castelo Nôvo,False,95
30,Bahia,313314,Zona Cacaueira,3137,ILHÉUS,11,Coutos,False,95
30,Bahia,313314,Zona Cacaueira,3137,ILHÉUS,13,Inema,False,95
30,Bahia,313314,Zona Cacaueira,3137,ILHÉUS,15,Itapitanga,False,95
30,Bahia,313314,Zona Cacaueira,3137,ILHÉUS,17,Japu,False,95
30,Bahia,313314,Zona Cacaueira,3137,ILHÉUS,19,Olivença,False,95
30,Bahia,313314,Zona Cacaueira,3137,ILHÉUS,21,Pimenteira,False,95
30,Bahia,313314,Zona Cacaueira,3137,ILHÉUS,23,Rio do Braço,False,95
30,Bahia,313314,Zona Cacaueira,3138,IPIAÚ,1,Ipiaú,False,95
30,Bahia,313314,Zona Cacaueira,3138,IPIAÚ,3,Algodão,False,95
30,Bahia,313314,Zona Cacaueira,3138,IPIAÚ,5,Barra do Rocha,False,95
30,Bahia,313314,Zona Cacaueira,3138,IPIAÚ,7,Ibirataia,False,95
30,Bahia,313314,Zona Cacaueira,3139,ITABUNA,1,Itabuna,False,95
30,Bahia,313314,Zona Cacaueira,3139,ITABUNA,3,Buerarema,False,95
30,Bahia,313314,Zona Cacaueira,3139,ITABUNA,5,Ferradas,False,95
30,Bahia,313314,Zona Cacaueira,3139,ITABUNA,7,Itaguira,False,95
30,Bahia,313314,Zona Cacaueira,3139,ITABUNA,9,Itapé,False,95
30,Bahia,313314,Zona Cacaueira,3139,ITABUNA,11,Jussari,False,95
30,Bahia,313314,Zona Cacaueira,3140,ITACARÉ,1,Itacaré,False,96
30,Bahia,313314,Zona Cacaueira,3140,ITACARÉ,3,Laje do Banco,False,96
30,Bahia,313314,Zona Cacaueira,3140,ITACARÉ,5,Poço Central,False,96
30,Bahia,313314,Zona Cacaueira,3140,ITACARÉ,7,Poiri,False,96
30,Bahia,313314,Zona Cacaueira,3140,ITACARÉ,9,Taboquinhas,False,96
30,Bahia,313314,Zona Cacaueira,3141,ITAJUÍPE,1,Itajuípe,False,96
30,Bahia,313314,Zona Cacaueira,3141,ITAJUÍPE,3,Bandeira do Almada,False,96
30,Bahia,313314,Zona Cacaueira,3141,ITAJUÍPE,5,Barro Prêto,False,96
30,Bahia,313314,Zona Cacaueira,3142,ITAPEBI,1,Itapebi,False,96
30,Bahia,313314,Zona Cacaueira,3142,ITAPEBI,3,Caiubi,False,96
30,Bahia,313314,Zona Cacaueira,3142,ITAPEBI,5,Itagimirim,False,96
30,Bahia,313314,Zona Cacaueira,3143,ITORORÓ,1,Itororó,False,96
30,Bahia,313314,Zona Cacaueira,3144,ITUBERÁ,1,Ituberá,False,96
30,Bahia,313314,Zona Cacaueira,3144,ITUBERÁ,3,Piraí do Norte,False,96
30,Bahia,313314,Zona Cacaueira,3145,MARAÚ,1,Maraú,False,96
30,Bahia,313314,Zona Cacaueira,3145,MARAÚ,3,Ibiaçu,False,96
30,Bahia,313314,Zona Cacaueira,3145,MARAÚ,5,Piabanha,False,96
30,Bahia,313314,Zona Cacaueira,3146,NILO PEÇANHA,1,Nilo Peçanha,False,96
30,Bahia,313314,Zona Cacaueira,3146,NILO PEÇANHA,3,Indaiá,False,96
30,Bahia,313314,Zona Cacaueira,3147,POTIRAGUÁ,1,Potiraguá,False,96
30,Bahia,313314,Zona Cacaueira,3147,POTIRAGUÁ,3,Gurupá Mirim,False,96
30,Bahia,313314,Zona Cacaueira,3148,TAPEROÁ,1,Taperoá,False,96
30,Bahia,313314,Zona Cacaueira,3148,TAPEROÁ,3,Burietá,False,96
30,Bahia,313314,Zona Cacaueira,3148,TAPEROÁ,5,Camurugi,False,96
30,Bahia,313314,Zona Cacaueira,3149,UBAITABA,1,Ubaitaba,False,97
30,Bahia,313314,Zona Cacaueira,3149,UBAITABA,3,Gongogi,False,97
30,Bahia,313314,Zona Cacaueira,3149,UBAITABA,5,Tapirama,False,97
30,Bahia,313314,Zona Cacaueira,3150,UBATÃ,1,Ubatã,False,97
30,Bahia,313314,Zona Cacaueira,3151,UNA,1,Una,False,97
30,Bahia,313314,Zona Cacaueira,3151,UNA,3,Arataca,False,97
30,Bahia,313314,Zona Cacaueira,3151,UNA,5,Itatingui,False,97
30,Bahia,313314,Zona Cacaueira,3152,URUÇUCA,1,Uruçuca,False,97
30,Bahia,313314,Zona Cacaueira,3153,VALENÇA,1,Valença,False,97
30,Bahia,313314,Zona Cacaueira,3153,VALENÇA,3,Guerém,False,97
30,Bahia,313314,Zona Cacaueira,3153,VALENÇA,5,Maricoabo,False,97
30,Bahia,313314,Zona Cacaueira,3153,VALENÇA,7,Serra Grande,False,97
30,Bahia,316,Zona Extremo Sul,3160,ALCOBAÇA,1,Alcobaça,False,97
30,Bahia,316,Zona Extremo Sul,3160,ALCOBAÇA,3,Cachoeira do Mato,False,97
30,Bahia,316,Zona Extremo Sul,3161,CARAVELAS,1,Caravelas,False,97
30,Bahia,316,Zona Extremo Sul,3161,CARAVELAS,3,Ibirapuã,False,97
30,Bahia,316,Zona Extremo Sul,3161,CARAVELAS,5,Juerana,False,97
30,Bahia,316,Zona Extremo Sul,3161,CARAVELAS,7,Lajedão,False,97
30,Bahia,316,Zona Extremo Sul,3161,CARAVELAS,9,Ponta da Areia,False,97
30,Bahia,316,Zona Extremo Sul,3161,CARAVELAS,11,Santo Antônio de Barcelona,False,97
30,Bahia,316,Zona Extremo Sul,3162,ITANHÉM,1,Itanhém,False,97
30,Bahia,316,Zona Extremo Sul,3162,ITANHÉM,3,Batinga,False,97
30,Bahia,316,Zona Extremo Sul,3162,ITANHÉM,5,Ibirajá,False,97
30,Bahia,316,Zona Extremo Sul,3163,MEDEIROS NETO,1,Medeiros Neto,False,98
30,Bahia,316,Zona Extremo Sul,3163,MEDEIROS NETO,3,Itupeva,False,98
30,Bahia,316,Zona Extremo Sul,3163,MEDEIROS NETO,5,Nova Lídice,False,98
30,Bahia,316,Zona Extremo Sul,3164,MUCURI,1,Mucuri,False,98
30,Bahia,316,Zona Extremo Sul,3164,MUCURI,3,Argôlo,False,98
30,Bahia,316,Zona Extremo Sul,3164,MUCURI,5,Helvécia,False,98
30,Bahia,316,Zona Extremo Sul,3164,MUCURI,7,Ibiranhém,False,98
30,Bahia,316,Zona Extremo Sul,3164,MUCURI,9,Nova Viçosa,False,98
30,Bahia,316,Zona Extremo Sul,3164,MUCURI,11,Taquarinha,False,98
30,Bahia,316,Zona Extremo Sul,3165,PÔRTO SEGURO,1,Pôrto Seguro,False,98
30,Bahia,316,Zona Extremo Sul,3165,PÔRTO SEGURO,3,Buranhém,False,98
30,Bahia,316,Zona Extremo Sul,3165,PÔRTO SEGURO,5,Caraíva,False,98
30,Bahia,316,Zona Extremo Sul,3165,PÔRTO SEGURO,7,Guaratinga,False,98
30,Bahia,316,Zona Extremo Sul,3165,PÔRTO SEGURO,9,Vale Verde,False,98
30,Bahia,316,Zona Extremo Sul,3166,PRADO,1,Prado,False,98
30,Bahia,316,Zona Extremo Sul,3166,PRADO,3,Cumuruxatiba,False,98
30,Bahia,316,Zona Extremo Sul,3166,PRADO,5,Escondido,False,98
30,Bahia,316,Zona Extremo Sul,3166,PRADO,7,Jucururu,False,98
30,Bahia,316,Zona Extremo Sul,3166,PRADO,9,São José do Prado,False,98
30,Bahia,316,Zona Extremo Sul,3167,SANTA CRUZ CABRÁLIA,1,Santa Cruz Cabrália,False,98
30,Bahia,316,Zona Extremo Sul,3167,SANTA CRUZ CABRÁLIA,3,Gabiarra,False,98
30,Bahia,317319,Zona Nordeste,3170,ANTAS,1,Antas,False,98
30,Bahia,317319,Zona Nordeste,3171,ARACI,1,Araci,False,98
30,Bahia,317319,Zona Nordeste,3172,CANSANÇÃO,1,Cansanção,False,98
30,Bahia,317319,Zona Nordeste,3173,CÍCERO DANTAS,1,Cícero Dantas,False,99
30,Bahia,317319,Zona Nordeste,3173,CÍCERO DANTAS,3,Fátima,False,99
30,Bahia,317319,Zona Nordeste,3173,CÍCERO DANTAS,5,São João da Fortaleza,False,99
30,Bahia,317319,Zona Nordeste,3174,CIPÓ,1,Cipó,False,99
30,Bahia,317319,Zona Nordeste,3175,CONCEIÇÃO DO COITÉ,1,Conceição do Coité,False,99
30,Bahia,317319,Zona Nordeste,3175,CONCEIÇÃO DO COITÉ,3,Retirolândia,False,99
30,Bahia,317319,Zona Nordeste,3175,CONCEIÇÃO DO COITÉ,5,Salgadália,False,99
30,Bahia,317319,Zona Nordeste,3176,EUCLIDES DA CUNHA,1,Euclides da Cunha,False,99
30,Bahia,317319,Zona Nordeste,3176,EUCLIDES DA CUNHA,3,Canudos,False,99
30,Bahia,317319,Zona Nordeste,3176,EUCLIDES DA CUNHA,5,Massacará,False,99
30,Bahia,317319,Zona Nordeste,3177,ITAPICURU,1,Itapicuru,False,99
30,Bahia,317319,Zona Nordeste,3177,ITAPICURU,3,Crisópolis,False,99
30,Bahia,317319,Zona Nordeste,3177,ITAPICURU,5,Sambaíba,False,99
30,Bahia,317319,Zona Nordeste,3178,ITIÚBA,1,Itiúba,False,99
30,Bahia,317319,Zona Nordeste,3179,JEREMOABO,1,Jeremoabo,False,99
30,Bahia,317319,Zona Nordeste,3179,JEREMOABO,3,Canché,False,99
30,Bahia,317319,Zona Nordeste,3179,JEREMOABO,5,Iguaba,False,99
30,Bahia,317319,Zona Nordeste,3179,JEREMOABO,7,Santa Brígida,False,99
30,Bahia,317319,Zona Nordeste,3179,JEREMOABO,9,Sítio do Quinto,False,99
30,Bahia,317319,Zona Nordeste,3179,JEREMOABO,11,Voturuna,False,99
30,Bahia,317319,Zona Nordeste,3180,MONTE SANTO,1,Monte Santo,False,99
30,Bahia,317319,Zona Nordeste,3181,NOVA SOURE,1,Nova Soure,False,99
30,Bahia,317319,Zona Nordeste,3182,OLINDINA,1,Olindina,False,99
30,Bahia,317319,Zona Nordeste,3183,PARIPIRANGA,1,Paripiranga,False,100
30,Bahia,317319,Zona Nordeste,3183,PARIPIRANGA,3,Adustina,False,100
30,Bahia,317319,Zona Nordeste,3184,QUEIMADAS,1,Queimadas,False,100
30,Bahia,317319,Zona Nordeste,3184,QUEIMADAS,3,Nordestina,False,100
30,Bahia,317319,Zona Nordeste,3186,RIBEIRA DO AMPARO [100.7],1,Ribeira do Amparo,False,100
30,Bahia,317319,Zona Nordeste,3186,RIBEIRA DO AMPARO [100.7],3,Heliópolis,False,100
30,Bahia,317319,Zona Nordeste,3185,RIBEIRA DO POMBAL [100.10],1,Ribeira do Pombal,False,100
30,Bahia,317319,Zona Nordeste,3185,RIBEIRA DO POMBAL [100.10],3,Mirandela,False,100
30,Bahia,317319,Zona Nordeste,3187,SANTALUZ,1,Santaluz,False,100
30,Bahia,317319,Zona Nordeste,3188,SERRINHA,1,Serrinha,False,100
30,Bahia,317319,Zona Nordeste,3188,SERRINHA,3,Barrocas,False,100
30,Bahia,317319,Zona Nordeste,3188,SERRINHA,5,Biritinga,False,100
30,Bahia,317319,Zona Nordeste,3188,SERRINHA,7,Itapiru,False,100
30,Bahia,317319,Zona Nordeste,3188,SERRINHA,9,Lamarão,False,100
30,Bahia,317319,Zona Nordeste,3189,TUCANO,1,Tucano,False,100
30,Bahia,317319,Zona Nordeste,3189,TUCANO,3,Quijingue,False,100
30,Bahia,317319,Zona Nordeste,3190,UAUÁ,1,Uauá,False,100
30,Bahia,317319,Zona Nordeste,3190,UAUÁ,3,Caldeirão,False,100
30,Bahia,317319,Zona Nordeste,3190,UAUÁ,5,Serra da Canabrava,False,100
30,Bahia,317319,Zona Nordeste,3191,VALENTE,1,Valente,False,100
30,Bahia,328329,Zona de Feira de Santana,3280,CASTRO ALVES,1,Castro Alves,False,101
30,Bahia,328329,Zona de Feira de Santana,3280,CASTRO ALVES,3,Argoim,False,101
30,Bahia,328329,Zona de Feira de Santana,3280,CASTRO ALVES,5,Crussaí,False,101
30,Bahia,328329,Zona de Feira de Santana,3280,CASTRO ALVES,7,Paratigi,False,101
30,Bahia,328329,Zona de Feira de Santana,3280,CASTRO ALVES,9,Petim,False,101
30,Bahia,328329,Zona de Feira de Santana,3280,CASTRO ALVES,11,Sítio do Meio,False,101
30,Bahia,328329,Zona de Feira de Santana,3280,CASTRO ALVES,13,Tabuleiro do Castro,False,101
30,Bahia,328329,Zona de Feira de Santana,3281,CORAÇÃO DE MARIA,1,Coração de Maria,False,101
30,Bahia,328329,Zona de Feira de Santana,3281,CORAÇÃO DE MARIA,3,Itacava,False,101
30,Bahia,328329,Zona de Feira de Santana,3282,FEIRA DE SANTANA,1,Feira de Santana,False,101
30,Bahia,328329,Zona de Feira de Santana,3282,FEIRA DE SANTANA,3,Anguera,False,101
30,Bahia,328329,Zona de Feira de Santana,3282,FEIRA DE SANTANA,5,Bonfim da Feira [101.16],False,101
30,Bahia,328329,Zona de Feira de Santana,3282,FEIRA DE SANTANA,7,Humildes,False,101
30,Bahia,328329,Zona de Feira de Santana,3282,FEIRA DE SANTANA,9,Ipuaçu,False,101
30,Bahia,328329,Zona de Feira de Santana,3282,FEIRA DE SANTANA,11,Jaguara,False,101
30,Bahia,328329,Zona de Feira de Santana,3282,FEIRA DE SANTANA,13,Jaíba,False,101
30,Bahia,328329,Zona de Feira de Santana,3282,FEIRA DE SANTANA,15,Maria Quitéria,False,101
30,Bahia,328329,Zona de Feira de Santana,3282,FEIRA DE SANTANA,17,Pacatu,False,101
30,Bahia,328329,Zona de Feira de Santana,3282,FEIRA DE SANTANA,19,Tiquaruçu,False,101
30,Bahia,328329,Zona de Feira de Santana,3283,IAÇU,1,Iaçu,False,101
30,Bahia,328329,Zona de Feira de Santana,3283,IAÇU,3,João Amaro,False,101
30,Bahia,328329,Zona de Feira de Santana,3283,IAÇU,5,Lajedo Alto,False,101
30,Bahia,328329,Zona de Feira de Santana,3284,IPIRÁ,1,Ipirá,False,101
30,Bahia,328329,Zona de Feira de Santana,3284,IPIRÁ,3,Pintadas,False,101
30,Bahia,328329,Zona de Feira de Santana,3285,IRARÁ,1,Irará,False,102
30,Bahia,328329,Zona de Feira de Santana,3285,IRARÁ,3,Água Fria,False,102
30,Bahia,328329,Zona de Feira de Santana,3285,IRARÁ,5,Bento Simões,False,102
30,Bahia,328329,Zona de Feira de Santana,3285,IRARÁ,7,Boa Esperança,False,102
30,Bahia,328329,Zona de Feira de Santana,3285,IRARÁ,9,Ouriçangas,False,102
30,Bahia,328329,Zona de Feira de Santana,3285,IRARÁ,11,Pataíba,False,102
30,Bahia,328329,Zona de Feira de Santana,3285,IRARÁ,13,Pedrão,False,102
30,Bahia,328329,Zona de Feira de Santana,3285,IRARÁ,15,Santanópolis,False,102
30,Bahia,328329,Zona de Feira de Santana,3286,RIACHÃO DO JACUÍPE,1,Riachão do Jacuípe,False,102
30,Bahia,328329,Zona de Feira de Santana,3286,RIACHÃO DO JACUÍPE,3,Candeal,False,102
30,Bahia,328329,Zona de Feira de Santana,3286,RIACHÃO DO JACUÍPE,5,Gavião,False,102
30,Bahia,328329,Zona de Feira de Santana,3286,RIACHÃO DO JACUÍPE,7,Ichu,False,102
30,Bahia,328329,Zona de Feira de Santana,3287,SANTA TERESINHA,1,Santa Teresinha,False,102
30,Bahia,328329,Zona de Feira de Santana,3287,SANTA TERESINHA,3,Monte Cruzeiro,False,102
30,Bahia,328329,Zona de Feira de Santana,3287,SANTA TERESINHA,5,Nôvo Paraíso,False,102
30,Bahia,328329,Zona de Feira de Santana,3288,SANTO ESTEVÃO,1,Santo Estevão,False,102
30,Bahia,328329,Zona de Feira de Santana,3288,SANTO ESTEVÃO,3,Cavunge,False,102
30,Bahia,328329,Zona de Feira de Santana,3288,SANTO ESTEVÃO,5,Ipecaetá,False,102
30,Bahia,328329,Zona de Feira de Santana,3289,SERRA PRETA,1,Serra Preta,False,102
30,Bahia,328329,Zona de Feira de Santana,3290,TANQUINHO,1,Tanquinho,False,102
30,Bahia,338,Zona do Senhor do Bonfim,3380,CAMPO FORMOSO,1,Campo Formoso,False,102
30,Bahia,338,Zona do Senhor do Bonfim,3380,CAMPO FORMOSO,3,Delfino,False,102
30,Bahia,338,Zona do Senhor do Bonfim,3380,CAMPO FORMOSO,5,Itinga da Serra,False,102
30,Bahia,338,Zona do Senhor do Bonfim,3381,JAGUARARI,1,Jaguarari,False,102
30,Bahia,338,Zona do Senhor do Bonfim,3381,JAGUARARI,3,Juacema,False,102
30,Bahia,338,Zona do Senhor do Bonfim,3382,PINDOBAÇU,1,Pindobaçu,False,103
30,Bahia,338,Zona do Senhor do Bonfim,3383,SAÚDE,1,Saúde,False,103
30,Bahia,338,Zona do Senhor do Bonfim,3383,SAÚDE,3,Caldeirão Grande,False,103
30,Bahia,338,Zona do Senhor do Bonfim,3383,SAÚDE,5,Mirangaba,False,103
30,Bahia,338,Zona do Senhor do Bonfim,3383,SAÚDE,7,Nuguaçu,False,103
30,Bahia,338,Zona do Senhor do Bonfim,3383,SAÚDE,9,Ponto Nôvo,False,103
30,Bahia,338,Zona do Senhor do Bonfim,3383,SAÚDE,11,Taquarandi,False,103
30,Bahia,338,Zona do Senhor do Bonfim,3384,SENHOR DO BONFIM,1,Senhor do Bonfim,False,103
30,Bahia,338,Zona do Senhor do Bonfim,3384,SENHOR DO BONFIM,3,Andorinha,False,103
30,Bahia,338,Zona do Senhor do Bonfim,3384,SENHOR DO BONFIM,5,Carrapichel,False,103
30,Bahia,338,Zona do Senhor do Bonfim,3384,SENHOR DO BONFIM,7,Igara,False,103
30,Bahia,338,Zona do Senhor do Bonfim,3384,SENHOR DO BONFIM,9,Tijuaçu,False,103
30,Bahia,339,Zona da Encosta da Chapada Diamantina,3390,BAIXA GRANDE,1,Baixa Grande,False,103
30,Bahia,339,Zona da Encosta da Chapada Diamantina,3391,IBIQUERA,1,Ibiquera,False,103
30,Bahia,339,Zona da Encosta da Chapada Diamantina,3392,ITABERABA,1,Itaberaba,False,103
30,Bahia,339,Zona da Encosta da Chapada Diamantina,3392,ITABERABA,3,Brejo Nôvo,False,103
30,Bahia,339,Zona da Encosta da Chapada Diamantina,3392,ITABERABA,5,Tupim,False,103
30,Bahia,339,Zona da Encosta da Chapada Diamantina,3393,JACOBINA,1,Jacobina,False,103
30,Bahia,339,Zona da Encosta da Chapada Diamantina,3393,JACOBINA,3,Caém,False,103
30,Bahia,339,Zona da Encosta da Chapada Diamantina,3393,JACOBINA,5,Catinga do Moura [103.28],False,103
30,Bahia,339,Zona da Encosta da Chapada Diamantina,3393,JACOBINA,7,Itaitu,False,103
30,Bahia,339,Zona da Encosta da Chapada Diamantina,3393,JACOBINA,9,Itapeipu,False,103
30,Bahia,339,Zona da Encosta da Chapada Diamantina,3393,JACOBINA,11,São José do Jacuípe,False,103
30,Bahia,339,Zona da Encosta da Chapada Diamantina,3393,JACOBINA,13,Serrolândia,False,103
30,Bahia,339,Zona da Encosta da Chapada Diamantina,3393,JACOBINA,15,Várzea Nova,False,103
30,Bahia,339,Zona da Encosta da Chapada Diamantina,3394,MACAJUBA,1,Macajuba,False,104
30,Bahia,339,Zona da Encosta da Chapada Diamantina,3395,MAIRI,1,Mairi,False,104
30,Bahia,339,Zona da Encosta da Chapada Diamantina,3396,MIGUEL CALMON,1,Miguel Calmon,False,104
30,Bahia,339,Zona da Encosta da Chapada Diamantina,3396,MIGUEL CALMON,3,Itapura,False,104
30,Bahia,339,Zona da Encosta da Chapada Diamantina,3396,MIGUEL CALMON,5,Tapiranga,False,104
30,Bahia,339,Zona da Encosta da Chapada Diamantina,3396,MIGUEL CALMON,7,Várzea do Poço,False,104
30,Bahia,339,Zona da Encosta da Chapada Diamantina,3397,MUNDO NÔVO,1,Mundo Nôvo,False,104
30,Bahia,339,Zona da Encosta da Chapada Diamantina,3397,MUNDO NÔVO,3,Alto Bonito,False,104
30,Bahia,339,Zona da Encosta da Chapada Diamantina,3397,MUNDO NÔVO,5,Ibiaporã,False,104
30,Bahia,339,Zona da Encosta da Chapada Diamantina,3397,MUNDO NÔVO,7,Indaí,False,104
30,Bahia,339,Zona da Encosta da Chapada Diamantina,3397,MUNDO NÔVO,9,Tapiramutá,False,104
30,Bahia,339,Zona da Encosta da Chapada Diamantina,3398,PIRITIBA,1,Piritiba,False,104
30,Bahia,339,Zona da Encosta da Chapada Diamantina,3398,PIRITIBA,3,França,False,104
30,Bahia,339,Zona da Encosta da Chapada Diamantina,3398,PIRITIBA,5,Largo,False,104
30,Bahia,339,Zona da Encosta da Chapada Diamantina,3399,RUY BARBOSA,1,Ruy Barbosa,False,104
30,Bahia,339,Zona da Encosta da Chapada Diamantina,3399,RUY BARBOSA,3,Lajedinho,False,104
30,Bahia,339,Zona da Encosta da Chapada Diamantina,3399,RUY BARBOSA,5,Morro das Flôres,False,104
30,Bahia,339,Zona da Encosta da Chapada Diamantina,3399,RUY BARBOSA,7,Tapiraípe,False,104
30,Bahia,321322,Zona de Jequié,3210,AMARGOSA,1,Amargosa,False,104
30,Bahia,321322,Zona de Jequié,3210,AMARGOSA,3,Corta Mão,False,104
30,Bahia,321322,Zona de Jequié,3210,AMARGOSA,5,Diógenes Sampaio,False,104
30,Bahia,321322,Zona de Jequié,3210,AMARGOSA,7,Itachama,False,104
30,Bahia,321322,Zona de Jequié,3210,AMARGOSA,9,Nossa Senhora dos Milagres,False,104
30,Bahia,321322,Zona de Jequié,3210,AMARGOSA,11,Tartaruga,False,104
30,Bahia,321322,Zona de Jequié,3211,BREJÕES,1,Brejões,False,104
30,Bahia,321322,Zona de Jequié,3211,BREJÕES,3,Nova Itarana,False,104
30,Bahia,321322,Zona de Jequié,3212,ITAQUARA,1,Itaquara,False,105
30,Bahia,321322,Zona de Jequié,3213,ITIRUÇU,1,Itiruçu,False,105
30,Bahia,321322,Zona de Jequié,3214,JAGUAQUARA,1,Jaguaquara,False,105
30,Bahia,321322,Zona de Jequié,3214,JAGUAQUARA,3,Apuarema,False,105
30,Bahia,321322,Zona de Jequié,3214,JAGUAQUARA,5,Ipiúna,False,105
30,Bahia,321322,Zona de Jequié,3215,JEQUIÉ,1,Jequié,False,105
30,Bahia,321322,Zona de Jequié,3215,JEQUIÉ,3,Aiquara,False,105
30,Bahia,321322,Zona de Jequié,3215,JEQUIÉ,5,Baixão,False,105
30,Bahia,321322,Zona de Jequié,3215,JEQUIÉ,7,Boaçu,False,105
30,Bahia,321322,Zona de Jequié,3215,JEQUIÉ,9,Itagi,False,105
30,Bahia,321322,Zona de Jequié,3215,JEQUIÉ,11,Itabó,False,105
30,Bahia,321322,Zona de Jequié,3215,JEQUIÉ,13,Itajuru,False,105
30,Bahia,321322,Zona de Jequié,3215,JEQUIÉ,15,Jitaúna,False,105
30,Bahia,321322,Zona de Jequié,3215,JEQUIÉ,17,Oriente Nôvo,False,105
30,Bahia,321322,Zona de Jequié,3216,JIQUIRIÇÁ,1,Jiquiriçá,False,105
30,Bahia,321322,Zona de Jequié,3217,LAJE,1,Laje,False,105
30,Bahia,321322,Zona de Jequié,3217,LAJE,3,Capão,False,105
30,Bahia,321322,Zona de Jequié,3217,LAJE,5,Engenheiro Pontes,False,105
30,Bahia,321322,Zona de Jequié,3218,MARACÁS,1,Maracás,False,105
30,Bahia,321322,Zona de Jequié,3218,MARACÁS,3,Ibitiguira,False,105
30,Bahia,321322,Zona de Jequié,3218,MARACÁS,5,Juraci,False,105
30,Bahia,321322,Zona de Jequié,3218,MARACÁS,7,Lajedão do Tabocal,False,105
30,Bahia,321322,Zona de Jequié,3218,MARACÁS,9,Nova Itaípe,False,105
30,Bahia,321322,Zona de Jequié,3218,MARACÁS,11,Tamburi,False,105
30,Bahia,321322,Zona de Jequié,3218,MARACÁS,13,Três Morros,False,105
30,Bahia,321322,Zona de Jequié,3219,MUTUÍPE,1,Mutuípe,False,105
30,Bahia,321322,Zona de Jequié,3220,SANTA INÊS,1,Santa Inês,False,106
30,Bahia,321322,Zona de Jequié,3220,SANTA INÊS,3,Igatiquira,False,106
30,Bahia,321322,Zona de Jequié,3220,SANTA INÊS,5,Irajuba,False,106
30,Bahia,321322,Zona de Jequié,3221,SÃO MIGUEL DAS MATAS,1,São Miguel das Matas,False,106
30,Bahia,321322,Zona de Jequié,3222,UBAÍRA,1,Ubaíra,False,106
30,Bahia,321322,Zona de Jequié,3222,UBAÍRA,3,Baixinha,False,106
30,Bahia,321322,Zona de Jequié,3222,UBAÍRA,5,Engenheiro Franca,False,106
30,Bahia,323324,Zona de Conquista,3230,BOA NOVA,1,Boa Nova,False,106
30,Bahia,323324,Zona de Conquista,3230,BOA NOVA,3,Cajazeira,False,106
30,Bahia,323324,Zona de Conquista,3230,BOA NOVA,5,Catingal,False,106
30,Bahia,323324,Zona de Conquista,3230,BOA NOVA,7,Imbuíra,False,106
30,Bahia,323324,Zona de Conquista,3230,BOA NOVA,9,Mirante,False,106
30,Bahia,323324,Zona de Conquista,3231,ENCRUZILHADA,1,Encruzilhada,False,106
30,Bahia,323324,Zona de Conquista,3231,ENCRUZILHADA,3,Campinarana,False,106
30,Bahia,323324,Zona de Conquista,3232,IBICUÍ,1,Ibicuí,False,106
30,Bahia,323324,Zona de Conquista,3232,IBICUÍ,3,Água Doce,False,106
30,Bahia,323324,Zona de Conquista,3232,IBICUÍ,5,Ibitupã,False,106
30,Bahia,323324,Zona de Conquista,3233,IGUAÍ,1,Iguaí,False,106
30,Bahia,323324,Zona de Conquista,3233,IGUAÍ,3,Ponto Chique,False,106
30,Bahia,323324,Zona de Conquista,3234,ITAGIBÁ,1,Itagibá,False,106
30,Bahia,323324,Zona de Conquista,3234,ITAGIBÁ,3,Japomirim,False,106
30,Bahia,323324,Zona de Conquista,3235,ITAMBÉ,1,Itambé,False,106
30,Bahia,323324,Zona de Conquista,3235,ITAMBÉ,3,Catolèzinho [106.33],False,106
30,Bahia,323324,Zona de Conquista,3236,ITAPETINGA,1,Itapetinga,False,107
30,Bahia,323324,Zona de Conquista,3236,ITAPETINGA,3,Bandeira do Colônia,False,107
30,Bahia,323324,Zona de Conquista,3237,MACARANI,1,Macarani,False,107
30,Bahia,323324,Zona de Conquista,3237,MACARANI,3,Itarantim,False,107
30,Bahia,323324,Zona de Conquista,3237,MACARANI,5,Maiquinique,False,107
30,Bahia,323324,Zona de Conquista,3237,MACARANI,7,Ribeirão do Salto,False,107
30,Bahia,323324,Zona de Conquista,3238,POÇÕES,1,Poções,False,107
30,Bahia,323324,Zona de Conquista,3238,POÇÕES,3,Bom Jesus da Serra,False,107
30,Bahia,323324,Zona de Conquista,3238,POÇÕES,5,Lucaia,False,107
30,Bahia,323324,Zona de Conquista,3238,POÇÕES,7,Nova Canaã,False,107
30,Bahia,323324,Zona de Conquista,3238,POÇÕES,9,Periperi de Poções,False,107
30,Bahia,323324,Zona de Conquista,3238,POÇÕES,11,Vista Nova,False,107
30,Bahia,323324,Zona de Conquista,3239,VITÓRIA DA CONQUISTA,1,Vitória da Conquista,False,107
30,Bahia,323324,Zona de Conquista,3239,VITÓRIA DA CONQUISTA,3,Anagé,False,107
30,Bahia,323324,Zona de Conquista,3239,VITÓRIA DA CONQUISTA,5,Barra da Choça,False,107
30,Bahia,323324,Zona de Conquista,3239,VITÓRIA DA CONQUISTA,7,Belo Campo,False,107
30,Bahia,323324,Zona de Conquista,3239,VITÓRIA DA CONQUISTA,9,Caatiba,False,107
30,Bahia,323324,Zona de Conquista,3239,VITÓRIA DA CONQUISTA,11,Coquinhos,False,107
30,Bahia,323324,Zona de Conquista,3239,VITÓRIA DA CONQUISTA,13,Iguá,False,107
30,Bahia,323324,Zona de Conquista,3239,VITÓRIA DA CONQUISTA,15,Inhobim,False,107
30,Bahia,323324,Zona de Conquista,3239,VITÓRIA DA CONQUISTA,17,José Gonçalves,False,107
30,Bahia,323324,Zona de Conquista,3239,VITÓRIA DA CONQUISTA,19,Quaraçu,False,107
30,Bahia,330331,Zona da Chapada Diamantina,3300,ANDARAÍ,1,Andaraí,False,107
30,Bahia,330331,Zona da Chapada Diamantina,3300,ANDARAÍ,3,Igatu,False,107
30,Bahia,330331,Zona da Chapada Diamantina,3300,ANDARAÍ,5,Itaet[ê?] [107.31],False,107
30,Bahia,330331,Zona da Chapada Diamantina,3300,ANDARAÍ,7,Piranhas,False,107
30,Bahia,330331,Zona da Chapada Diamantina,3300,ANDARAÍ,9,Ubiraitá,False,107
30,Bahia,330331,Zona da Chapada Diamantina,3301,BARRA DA ESTIVA,1,Barra da Estiva,False,108
30,Bahia,330331,Zona da Chapada Diamantina,3301,BARRA DA ESTIVA,3,Iramaia,False,108
30,Bahia,330331,Zona da Chapada Diamantina,3301,BARRA DA ESTIVA,5,Jussiape,False,108
30,Bahia,330331,Zona da Chapada Diamantina,3301,BARRA DA ESTIVA,7,Nôvo Acre,False,108
30,Bahia,330331,Zona da Chapada Diamantina,3301,BARRA DA ESTIVA,9,Triunfo do Sincorá,False,108
30,Bahia,330331,Zona da Chapada Diamantina,3303,BARRA DO MENDES [108.7],1,Barra do Mendes,False,108
30,Bahia,330331,Zona da Chapada Diamantina,3303,BARRA DO MENDES [108.7],3,Minas do Espírito Santo,False,108
30,Bahia,330331,Zona da Chapada Diamantina,3302,BROTAS DE MACAÚBAS [108.10],1,Brotas de Macaúbas,False,108
30,Bahia,330331,Zona da Chapada Diamantina,3302,BROTAS DE MACAÚBAS [108.10],3,Morpará,False,108
30,Bahia,330331,Zona da Chapada Diamantina,3302,BROTAS DE MACAÚBAS [108.10],5,Ouricuri do Ouro,False,108
30,Bahia,330331,Zona da Chapada Diamantina,3302,BROTAS DE MACAÚBAS [108.10],7,Saudável,False,108
30,Bahia,330331,Zona da Chapada Diamantina,3304,GENTIO DO OURO,1,Gentio do Ouro,False,108
30,Bahia,330331,Zona da Chapada Diamantina,3304,GENTIO DO OURO,3,Gameleira do Assuruá,False,108
30,Bahia,330331,Zona da Chapada Diamantina,3304,GENTIO DO OURO,5,Ibipeba,False,108
30,Bahia,330331,Zona da Chapada Diamantina,3304,GENTIO DO OURO,7,Ibitunane,False,108
30,Bahia,330331,Zona da Chapada Diamantina,3304,GENTIO DO OURO,9,Iguitu,False,108
30,Bahia,330331,Zona da Chapada Diamantina,3304,GENTIO DO OURO,11,Itajubaquara,False,108
30,Bahia,330331,Zona da Chapada Diamantina,3304,GENTIO DO OURO,13,Santo Inácio,False,108
30,Bahia,330331,Zona da Chapada Diamantina,3305,IBITIARA,1,Ibitiara,False,108
30,Bahia,330331,Zona da Chapada Diamantina,3305,IBITIARA,3,Ibipitanga,False,108
30,Bahia,330331,Zona da Chapada Diamantina,3305,IBITIARA,5,Olhos d&#x27;Água do Sêco,False,108
30,Bahia,330331,Zona da Chapada Diamantina,3305,IBITIARA,7,Remédios,False,108
30,Bahia,330331,Zona da Chapada Diamantina,3306,IPUPIARA,1,Ipupiara,False,108
30,Bahia,330331,Zona da Chapada Diamantina,3306,IPUPIARA,3,Ibipetum,False,108
30,Bahia,330331,Zona da Chapada Diamantina,3307,IRECÊ,1,Irecê,False,108
30,Bahia,330331,Zona da Chapada Diamantina,3307,IRECÊ,3,América Dourada,False,108
30,Bahia,330331,Zona da Chapada Diamantina,3307,IRECÊ,5,Gabriel,False,108
30,Bahia,330331,Zona da Chapada Diamantina,3307,IRECÊ,7,Ibititá,False,108
30,Bahia,330331,Zona da Chapada Diamantina,3307,IRECÊ,9,Lapão,False,108
30,Bahia,330331,Zona da Chapada Diamantina,3308,ITUAÇU,1,Ituaçu,False,109
30,Bahia,330331,Zona da Chapada Diamantina,3308,ITUAÇU,3,Caraibuna,False,109
30,Bahia,330331,Zona da Chapada Diamantina,3308,ITUAÇU,5,Contendas do Sincorá,False,109
30,Bahia,330331,Zona da Chapada Diamantina,3308,ITUAÇU,7,Sussuarana,False,109
30,Bahia,330331,Zona da Chapada Diamantina,3308,ITUAÇU,9,Tanhaçu,False,109
30,Bahia,330331,Zona da Chapada Diamantina,3309,LENÇÓIS,1,Lençóis,False,109
30,Bahia,330331,Zona da Chapada Diamantina,3309,LENÇÓIS,3,Afrânio Peixoto,False,109
30,Bahia,330331,Zona da Chapada Diamantina,3309,LENÇÓIS,5,Itacira,False,109
30,Bahia,330331,Zona da Chapada Diamantina,3310,MORRO DO CHAPÉU,1,Morro do Chapéu,False,109
30,Bahia,330331,Zona da Chapada Diamantina,3310,MORRO DO CHAPÉU,3,Barro Alto,False,109
30,Bahia,330331,Zona da Chapada Diamantina,3310,MORRO DO CHAPÉU,5,Cafarnaum,False,109
30,Bahia,330331,Zona da Chapada Diamantina,3310,MORRO DO CHAPÉU,7,Camirim,False,109
30,Bahia,330331,Zona da Chapada Diamantina,3310,MORRO DO CHAPÉU,9,Canarana,False,109
30,Bahia,330331,Zona da Chapada Diamantina,3310,MORRO DO CHAPÉU,11,Dias Coelho,False,109
30,Bahia,330331,Zona da Chapada Diamantina,3310,MORRO DO CHAPÉU,13,Duas Barras do Morro,False,109
30,Bahia,330331,Zona da Chapada Diamantina,3310,MORRO DO CHAPÉU,15,Lagoa do Boi,False,109
30,Bahia,330331,Zona da Chapada Diamantina,3310,MORRO DO CHAPÉU,17,Mulungu do Morro,False,109
30,Bahia,330331,Zona da Chapada Diamantina,3310,MORRO DO CHAPÉU,19,Várzea do Cêrco,False,109
30,Bahia,330331,Zona da Chapada Diamantina,3310,MORRO DO CHAPÉU,21,Ventura,False,109
30,Bahia,330331,Zona da Chapada Diamantina,3311,MUCUGÊ,1,Mucugê,False,109
30,Bahia,330331,Zona da Chapada Diamantina,3311,MUCUGÊ,3,Guiné,False,109
30,Bahia,330331,Zona da Chapada Diamantina,3311,MUCUGÊ,5,Ibicoara,False,109
30,Bahia,330331,Zona da Chapada Diamantina,3311,MUCUGÊ,7,João Correia,False,109
30,Bahia,330331,Zona da Chapada Diamantina,3312,PALMEIRAS,1,Palmeiras,False,109
30,Bahia,330331,Zona da Chapada Diamantina,3312,PALMEIRAS,3,Caeté-Açu,False,109
30,Bahia,330331,Zona da Chapada Diamantina,3313,PIATÃ,1,Piatã,False,109
30,Bahia,330331,Zona da Chapada Diamantina,3313,PIATÃ,3,Abaíra,False,109
30,Bahia,330331,Zona da Chapada Diamantina,3313,PIATÃ,5,Bastião,False,109
30,Bahia,330331,Zona da Chapada Diamantina,3313,PIATÃ,7,Boninal,False,109
30,Bahia,330331,Zona da Chapada Diamantina,3313,PIATÃ,9,Cabrália,False,109
30,Bahia,330331,Zona da Chapada Diamantina,3313,PIATÃ,11,Catolés,False,110
30,Bahia,330331,Zona da Chapada Diamantina,3313,PIATÃ,13,Inúbia,False,110
30,Bahia,330331,Zona da Chapada Diamantina,3314,RIO DE CONTAS,1,Rio de Contas,False,110
30,Bahia,330331,Zona da Chapada Diamantina,3314,RIO DE CONTAS,3,Arapiranga,False,110
30,Bahia,330331,Zona da Chapada Diamantina,3314,RIO DE CONTAS,5,Caraguataí,False,110
30,Bahia,330331,Zona da Chapada Diamantina,3314,RIO DE CONTAS,7,Marcolino Moura,False,110
30,Bahia,330331,Zona da Chapada Diamantina,3315,SEABRA,1,Seabra,False,110
30,Bahia,330331,Zona da Chapada Diamantina,3315,SEABRA,3,Baraúnas,False,110
30,Bahia,330331,Zona da Chapada Diamantina,3315,SEABRA,5,Iraporanga,False,110
30,Bahia,330331,Zona da Chapada Diamantina,3315,SEABRA,7,Iraquara,False,110
30,Bahia,330331,Zona da Chapada Diamantina,3315,SEABRA,9,Licuri,False,110
30,Bahia,330331,Zona da Chapada Diamantina,3315,SEABRA,11,Várzea do Caldas,False,110
30,Bahia,330331,Zona da Chapada Diamantina,3316,UTINGA,1,Utinga,False,110
30,Bahia,330331,Zona da Chapada Diamantina,3316,UTINGA,3,Riachão do Utinga,False,110
30,Bahia,332333,Zona da Serra Geral,3320,BRUMADO,1,Brumado,False,110
30,Bahia,332333,Zona da Serra Geral,3320,BRUMADO,3,Aracatu,False,110
30,Bahia,332333,Zona da Serra Geral,3320,BRUMADO,5,Cristalândia,False,110
30,Bahia,332333,Zona da Serra Geral,3320,BRUMADO,7,Itaquaraí,False,110
30,Bahia,332333,Zona da Serra Geral,3320,BRUMADO,9,Ubiraçaba,False,110
30,Bahia,332333,Zona da Serra Geral,3321,CACULÉ,1,Caculé,False,110
30,Bahia,332333,Zona da Serra Geral,3321,CACULÉ,3,Ibiassucê,False,110
30,Bahia,332333,Zona da Serra Geral,3321,CACULÉ,5,Ibitira,False,110
30,Bahia,332333,Zona da Serra Geral,3321,CACULÉ,7,Rio do Antônio,False,110
30,Bahia,332333,Zona da Serra Geral,3322,CAETITÉ,1,Caetité,False,110
30,Bahia,332333,Zona da Serra Geral,3322,CAETITÉ,3,Brejinho das Ametistas,False,110
30,Bahia,332333,Zona da Serra Geral,3322,CAETITÉ,5,Caldeiras,False,110
30,Bahia,332333,Zona da Serra Geral,3322,CAETITÉ,7,Lagoa Real,False,110
30,Bahia,332333,Zona da Serra Geral,3322,CAETITÉ,9,Maniaçu,False,110
30,Bahia,332333,Zona da Serra Geral,3323,CONDEÚBA,1,Condeúba,False,111
30,Bahia,332333,Zona da Serra Geral,3323,CONDEÚBA,3,Guajeru,False,111
30,Bahia,332333,Zona da Serra Geral,3323,CONDEÚBA,5,Joanina,False,111
30,Bahia,332333,Zona da Serra Geral,3323,CONDEÚBA,7,Maetinga,False,111
30,Bahia,332333,Zona da Serra Geral,3323,CONDEÚBA,9,Mandacaru,False,111
30,Bahia,332333,Zona da Serra Geral,3323,CONDEÚBA,11,Piripá,False,111
30,Bahia,332333,Zona da Serra Geral,3324,GUANAMBI,1,Guanambi,False,111
30,Bahia,332333,Zona da Serra Geral,3324,GUANAMBI,3,Candiba,False,111
30,Bahia,332333,Zona da Serra Geral,3324,GUANAMBI,5,Ceraíma,False,111
30,Bahia,332333,Zona da Serra Geral,3324,GUANAMBI,7,Mutas,False,111
30,Bahia,332333,Zona da Serra Geral,3325,IGAPORÃ,1,Igaporã,False,111
30,Bahia,332333,Zona da Serra Geral,3325,IGAPORÃ,3,Pajeú do Vento,False,111
30,Bahia,332333,Zona da Serra Geral,3326,JACARACI,1,Jacaraci,False,111
30,Bahia,332333,Zona da Serra Geral,3326,JACARACI,3,Irundiara,False,111
30,Bahia,332333,Zona da Serra Geral,3326,JACARACI,5,Licínio de Almeida,False,111
30,Bahia,332333,Zona da Serra Geral,3326,JACARACI,7,Mortugaba,False,111
30,Bahia,332333,Zona da Serra Geral,3326,JACARACI,9,Paiol,False,111
30,Bahia,332333,Zona da Serra Geral,3327,LIVRAMENTO DO BRUMADO,1,Livramento do Brumado,False,111
30,Bahia,332333,Zona da Serra Geral,3327,LIVRAMENTO DO BRUMADO,3,Dom Basílio,False,111
30,Bahia,332333,Zona da Serra Geral,3327,LIVRAMENTO DO BRUMADO,5,Iguatemi [111.25],False,111
30,Bahia,332333,Zona da Serra Geral,3327,LIVRAMENTO DO BRUMADO,7,Itanagé,False,111
30,Bahia,332333,Zona da Serra Geral,3327,LIVRAMENTO DO BRUMADO,9,São Timóteo,False,111
30,Bahia,332333,Zona da Serra Geral,3328,MACAÚBAS,1,Macaúbas,False,111
30,Bahia,332333,Zona da Serra Geral,3328,MACAÚBAS,3,Boquira,False,111
30,Bahia,332333,Zona da Serra Geral,3328,MACAÚBAS,5,Botuporã,False,111
30,Bahia,332333,Zona da Serra Geral,3328,MACAÚBAS,7,Bucuituba,False,111
30,Bahia,332333,Zona da Serra Geral,3328,MACAÚBAS,9,Canatiba,False,111
30,Bahia,332333,Zona da Serra Geral,3328,MACAÚBAS,11,Caturama,False,111
30,Bahia,332333,Zona da Serra Geral,3328,MACAÚBAS,13,Lagoa Clara,False,111
30,Bahia,332333,Zona da Serra Geral,3328,MACAÚBAS,15,Tanque Nôvo,False,111
30,Bahia,332333,Zona da Serra Geral,3329,OLIVEIRA DOS BREJINHOS,1,Oliveira dos Brejinhos,False,112
30,Bahia,332333,Zona da Serra Geral,3329,OLIVEIRA DOS BREJINHOS,3,Bom Sossêgo,False,112
30,Bahia,332333,Zona da Serra Geral,3329,OLIVEIRA DOS BREJINHOS,5,Ipuçaba,False,112
30,Bahia,332333,Zona da Serra Geral,3329,OLIVEIRA DOS BREJINHOS,7,Quixaba,False,112
30,Bahia,332333,Zona da Serra Geral,3330,PARAMIRIM,1,Paramirim,False,112
30,Bahia,332333,Zona da Serra Geral,3330,PARAMIRIM,3,Água Quente,False,112
30,Bahia,332333,Zona da Serra Geral,3330,PARAMIRIM,5,Canabravinha,False,112
30,Bahia,332333,Zona da Serra Geral,3330,PARAMIRIM,7,Ibiajara,False,112
30,Bahia,332333,Zona da Serra Geral,3330,PARAMIRIM,9,Rio do Pires,False,112
30,Bahia,332333,Zona da Serra Geral,3331,TREMEDAL,1,Tremedal,False,112
30,Bahia,332333,Zona da Serra Geral,3331,TREMEDAL,3,Caraíbas,False,112
30,Bahia,332333,Zona da Serra Geral,3331,TREMEDAL,5,Lagoa Preta,False,112
30,Bahia,332333,Zona da Serra Geral,3332,URANDI,1,Urandi,False,112
30,Bahia,332333,Zona da Serra Geral,3332,URANDI,3,Guirapá,False,112
30,Bahia,332333,Zona da Serra Geral,3332,URANDI,5,Pindaí,False,112
30,Bahia,332333,Zona da Serra Geral,3332,URANDI,7,Tauape,False,112
30,Bahia,334,Zona do Sertão do São Francisco,3340,CHORROCHÓ,1,Chorrochó,False,112
30,Bahia,334,Zona do Sertão do São Francisco,3340,CHORROCHÓ,3,Abaré,False,112
30,Bahia,334,Zona do Sertão do São Francisco,3340,CHORROCHÓ,5,Ibó,False,112
30,Bahia,334,Zona do Sertão do São Francisco,3341,CURAÇÁ,1,Curaçá,False,112
30,Bahia,334,Zona do Sertão do São Francisco,3341,CURAÇÁ,3,Barro Vermelho,False,112
30,Bahia,334,Zona do Sertão do São Francisco,3341,CURAÇÁ,5,Patamuté,False,112
30,Bahia,334,Zona do Sertão do São Francisco,3341,CURAÇÁ,7,Poço de Fora,False,112
30,Bahia,334,Zona do Sertão do São Francisco,3341,CURAÇÁ,9,Riacho Sêco,False,112
30,Bahia,334,Zona do Sertão do São Francisco,3342,GLÓRIA,1,Glória,False,112
30,Bahia,334,Zona do Sertão do São Francisco,3342,GLÓRIA,3,Macururé,False,112
30,Bahia,334,Zona do Sertão do São Francisco,3342,GLÓRIA,5,Rodelas,False,112
30,Bahia,334,Zona do Sertão do São Francisco,3343,PAULO AFONSO,1,Paulo Afonso,False,113
30,Bahia,335,Zona do Baixo Médio São Francisco,3350,BARRA,1,Barra,False,113
30,Bahia,335,Zona do Baixo Médio São Francisco,3350,BARRA,3,Buritirama,False,113
30,Bahia,335,Zona do Baixo Médio São Francisco,3350,BARRA,5,Ibiraba,False,113
30,Bahia,335,Zona do Baixo Médio São Francisco,3350,BARRA,7,Igarité,False,113
30,Bahia,335,Zona do Baixo Médio São Francisco,3350,BARRA,9,Piragiba,False,113
30,Bahia,335,Zona do Baixo Médio São Francisco,3351,CASA NOVA,1,Casa Nova,False,113
30,Bahia,335,Zona do Baixo Médio São Francisco,3351,CASA NOVA,3,Bem-Bom,False,113
30,Bahia,335,Zona do Baixo Médio São Francisco,3351,CASA NOVA,5,Luís Viana,False,113
30,Bahia,335,Zona do Baixo Médio São Francisco,3351,CASA NOVA,7,Pau-a-Pique,False,113
30,Bahia,335,Zona do Baixo Médio São Francisco,3351,CASA NOVA,9,Sobrado,False,113
30,Bahia,335,Zona do Baixo Médio São Francisco,3352,CENTRAL,1,Central,False,113
30,Bahia,335,Zona do Baixo Médio São Francisco,3352,CENTRAL,3,Lagoa da Canabrava,False,113
30,Bahia,335,Zona do Baixo Médio São Francisco,3352,CENTRAL,5,Uibaí,False,113
30,Bahia,335,Zona do Baixo Médio São Francisco,3353,IBOTIRAMA,1,Ibotirama,False,113
30,Bahia,335,Zona do Baixo Médio São Francisco,3353,IBOTIRAMA,3,Boa Vista do Lagamar,False,113
30,Bahia,335,Zona do Baixo Médio São Francisco,3354,JUÀZEIRO [113.23],1,Juàzeiro [113.24],False,113
30,Bahia,335,Zona do Baixo Médio São Francisco,3354,JUÀZEIRO [113.23],3,Carnaíba do Sertão,False,113
30,Bahia,335,Zona do Baixo Médio São Francisco,3354,JUÀZEIRO [113.23],5,Itamotinga,False,113
30,Bahia,335,Zona do Baixo Médio São Francisco,3354,JUÀZEIRO [113.23],7,Junco,False,113
30,Bahia,335,Zona do Baixo Médio São Francisco,3354,JUÀZEIRO [113.23],9,Juremal,False,113
30,Bahia,335,Zona do Baixo Médio São Francisco,3354,JUÀZEIRO [113.23],11,Massaroca,False,113
30,Bahia,335,Zona do Baixo Médio São Francisco,3355,PARATINGA,1,Paratinga,False,113
30,Bahia,335,Zona do Baixo Médio São Francisco,3355,PARATINGA,3,Águas do Paulista,False,113
30,Bahia,335,Zona do Baixo Médio São Francisco,3356,PILÃO ARCADO,1,Pilão Arcado,False,114
30,Bahia,335,Zona do Baixo Médio São Francisco,3356,PILÃO ARCADO,3,Baluarte,False,114
30,Bahia,335,Zona do Baixo Médio São Francisco,3356,PILÃO ARCADO,5,Brejo da Serra [114.4],False,114
30,Bahia,335,Zona do Baixo Médio São Francisco,3356,PILÃO ARCADO,7,Saldanha,False,114
30,Bahia,335,Zona do Baixo Médio São Francisco,3357,REMANSO,1,Remanso,False,114
30,Bahia,335,Zona do Baixo Médio São Francisco,3357,REMANSO,3,Catita,False,114
30,Bahia,335,Zona do Baixo Médio São Francisco,3357,REMANSO,5,Peixe,False,114
30,Bahia,335,Zona do Baixo Médio São Francisco,3357,REMANSO,7,Poços,False,114
30,Bahia,335,Zona do Baixo Médio São Francisco,3358,SENTO SÉ,1,Sento Sé,False,114
30,Bahia,335,Zona do Baixo Médio São Francisco,3358,SENTO SÉ,3,Amaniú,False,114
30,Bahia,335,Zona do Baixo Médio São Francisco,3358,SENTO SÉ,5,Américo Alves,False,114
30,Bahia,335,Zona do Baixo Médio São Francisco,3358,SENTO SÉ,7,Bossoroca,False,114
30,Bahia,335,Zona do Baixo Médio São Francisco,3358,SENTO SÉ,9,Cajuí,False,114
30,Bahia,335,Zona do Baixo Médio São Francisco,3358,SENTO SÉ,11,Minas do Mimoso,False,114
30,Bahia,335,Zona do Baixo Médio São Francisco,3358,SENTO SÉ,13,Piri,False,114
30,Bahia,335,Zona do Baixo Médio São Francisco,3359,XIQUE - XIQUE,1,Xique - Xique,False,114
30,Bahia,335,Zona do Baixo Médio São Francisco,3359,XIQUE - XIQUE,3,Copixaba,False,114
30,Bahia,335,Zona do Baixo Médio São Francisco,3359,XIQUE - XIQUE,5,Iguira,False,114
30,Bahia,335,Zona do Baixo Médio São Francisco,3359,XIQUE - XIQUE,7,Tiririca,False,114
30,Bahia,336,Zona do Médio São Francisco,3360,BOM JESUS DA LAPA,1,Bom Jesus da Lapa,False,114
30,Bahia,336,Zona do Médio São Francisco,3360,BOM JESUS DA LAPA,3,Gameleira da Lapa,False,114
30,Bahia,336,Zona do Médio São Francisco,3360,BOM JESUS DA LAPA,5,Sítio do Mato,False,114
30,Bahia,336,Zona do Médio São Francisco,3361,CARINHANHA,1,Carinhanha,False,114
30,Bahia,336,Zona do Médio São Francisco,3361,CARINHANHA,3,Iuiú,False,114
30,Bahia,336,Zona do Médio São Francisco,3361,CARINHANHA,5,Malhada,False,114
30,Bahia,336,Zona do Médio São Francisco,3361,CARINHANHA,7,Parateca,False,114
30,Bahia,336,Zona do Médio São Francisco,3362,CÔCOS,1,Côcos,False,114
30,Bahia,336,Zona do Médio São Francisco,3363,CORIBE,1,Coribe,False,115
30,Bahia,336,Zona do Médio São Francisco,3364,PALMAS DE MONTE ALTO,1,Palmas de Monte Alto,False,115
30,Bahia,336,Zona do Médio São Francisco,3364,PALMAS DE MONTE ALTO,3,Camateí,False,115
30,Bahia,336,Zona do Médio São Francisco,3364,PALMAS DE MONTE ALTO,5,Mandiroba,False,115
30,Bahia,336,Zona do Médio São Francisco,3365,RIACHO DE SANTANA,1,Riacho de Santana,False,115
30,Bahia,336,Zona do Médio São Francisco,3365,RIACHO DE SANTANA,3,Botuquara,False,115
30,Bahia,336,Zona do Médio São Francisco,3365,RIACHO DE SANTANA,5,Matina,False,115
30,Bahia,336,Zona do Médio São Francisco,3367,SANTA MARIA DA VITÓRIA [115.11],1,Santa Maria da Vitória,False,115
30,Bahia,336,Zona do Médio São Francisco,3367,SANTA MARIA DA VITÓRIA [115.11],3,Açudina,False,115
30,Bahia,336,Zona do Médio São Francisco,3367,SANTA MARIA DA VITÓRIA [115.11],5,Inhaúmas,False,115
30,Bahia,336,Zona do Médio São Francisco,3366,SANTANA,1,Santana,False,115
30,Bahia,336,Zona do Médio São Francisco,3366,SANTANA,3,Ibiaqui,False,115
30,Bahia,336,Zona do Médio São Francisco,3366,SANTANA,5,Penamar,False,115
30,Bahia,336,Zona do Médio São Francisco,3366,SANTANA,7,Pôrto Nôvo,False,115
30,Bahia,337,Zona de Barreiras,3370,ANGICAL,1,Angical,False,115
30,Bahia,337,Zona de Barreiras,3370,ANGICAL,3,Brejo Velho,False,115
30,Bahia,337,Zona de Barreiras,3370,ANGICAL,5,Buritizinho,False,115
30,Bahia,337,Zona de Barreiras,3370,ANGICAL,7,Mariquita,False,115
30,Bahia,337,Zona de Barreiras,3371,BARREIRAS,1,Barreiras,False,115
30,Bahia,337,Zona de Barreiras,3371,BARREIRAS,3,Catão,False,115
30,Bahia,337,Zona de Barreiras,3371,BARREIRAS,5,São Desidério,False,115
30,Bahia,337,Zona de Barreiras,3371,BARREIRAS,7,Sítio Grande,False,115
30,Bahia,337,Zona de Barreiras,3371,BARREIRAS,9,Tapiracanga,False,115
30,Bahia,337,Zona de Barreiras,3371,BARREIRAS,11,Várzeas,False,115
30,Bahia,337,Zona de Barreiras,3372,CORRENTINA,1,Correntina,False,115
30,Bahia,337,Zona de Barreiras,3373,COTEGIPE,1,Cotegipe,False,116
30,Bahia,337,Zona de Barreiras,3373,COTEGIPE,3,Cariparé,False,116
30,Bahia,337,Zona de Barreiras,3373,COTEGIPE,5,Jupaguá,False,116
30,Bahia,337,Zona de Barreiras,3373,COTEGIPE,7,Nupeba,False,116
30,Bahia,337,Zona de Barreiras,3373,COTEGIPE,9,Riachão das Neves,False,116
30,Bahia,337,Zona de Barreiras,3373,COTEGIPE,11,Taguá,False,116
30,Bahia,337,Zona de Barreiras,3373,COTEGIPE,13,Vanderlei,False,116
30,Bahia,337,Zona de Barreiras,3374,IBIPETUBA,1,Ibipetuba,False,116
30,Bahia,337,Zona de Barreiras,3374,IBIPETUBA,3,Formosa do Rio Prêto,False,116
30,Bahia,337,Zona de Barreiras,3374,IBIPETUBA,5,Mansidão,False,116
30,Minas Gerais,425,Zona do Médio Baixo Jequitinhonha,4250,ALMENARA,1,Almenara,False,117
30,Minas Gerais,425,Zona do Médio Baixo Jequitinhonha,4250,ALMENARA,3,Bandeira,False,117
30,Minas Gerais,425,Zona do Médio Baixo Jequitinhonha,4250,ALMENARA,5,Divisópolis,False,117
30,Minas Gerais,425,Zona do Médio Baixo Jequitinhonha,4250,ALMENARA,7,Mata Verde,False,117
30,Minas Gerais,425,Zona do Médio Baixo Jequitinhonha,4250,ALMENARA,9,Pedra Grande,False,117
30,Minas Gerais,425,Zona do Médio Baixo Jequitinhonha,4251,JACINTO,1,Jacinto,False,117
30,Minas Gerais,425,Zona do Médio Baixo Jequitinhonha,4251,JACINTO,3,Jaguarão,False,117
30,Minas Gerais,425,Zona do Médio Baixo Jequitinhonha,4251,JACINTO,5,Santo Antônio do Jacinto,False,117
30,Minas Gerais,425,Zona do Médio Baixo Jequitinhonha,4252,JORDÂNIA,1,Jordânia,False,117
30,Minas Gerais,425,Zona do Médio Baixo Jequitinhonha,4252,JORDÂNIA,3,Estrêla de Jordânia,False,117
30,Minas Gerais,425,Zona do Médio Baixo Jequitinhonha,4253,RIO DO PRADO,1,Rio do Prado,False,117
30,Minas Gerais,425,Zona do Médio Baixo Jequitinhonha,4253,RIO DO PRADO,3,Palmópolis,False,117
30,Minas Gerais,425,Zona do Médio Baixo Jequitinhonha,4254,RUBIM,1,Rubim,False,117
30,Minas Gerais,425,Zona do Médio Baixo Jequitinhonha,4254,RUBIM,3,Itapiru,False,117
30,Minas Gerais,425,Zona do Médio Baixo Jequitinhonha,4255,SALTO DA DIVISA,1,Salto da Divisa,False,117
30,Minas Gerais,425,Zona do Médio Baixo Jequitinhonha,4255,SALTO DA DIVISA,3,Santa Maria do Salto,False,117
30,Minas Gerais,426,Zona do Médio Jequitinhonha,4260,CARAÍ,1,Caraí,False,117
30,Minas Gerais,426,Zona do Médio Jequitinhonha,4260,CARAÍ,3,Marambainha,False,117
30,Minas Gerais,426,Zona do Médio Jequitinhonha,4260,CARAÍ,5,Padre Paraíso,False,117
30,Minas Gerais,426,Zona do Médio Jequitinhonha,4261,COMERCINHO,1,Comercinho,False,117
30,Minas Gerais,426,Zona do Médio Jequitinhonha,4262,ITINGA,1,Itinga,False,118
30,Minas Gerais,426,Zona do Médio Jequitinhonha,4262,ITINGA,3,Jacaré,False,118
30,Minas Gerais,426,Zona do Médio Jequitinhonha,4262,ITINGA,5,Santana do Araçuaí,False,118
30,Minas Gerais,426,Zona do Médio Jequitinhonha,4263,JEQUITINHONHA,1,Jequitinhonha,False,118
30,Minas Gerais,426,Zona do Médio Jequitinhonha,4263,JEQUITINHONHA,3,São Pedro do Jequitinhonha,False,118
30,Minas Gerais,426,Zona do Médio Jequitinhonha,4264,JOAÍMA,1,Joaíma,False,118
30,Minas Gerais,426,Zona do Médio Jequitinhonha,4264,JOAÍMA,3,Felisburgo,False,118
30,Minas Gerais,426,Zona do Médio Jequitinhonha,4265,MEDINA,1,Medina,False,118
30,Minas Gerais,426,Zona do Médio Jequitinhonha,4265,MEDINA,3,Itaobim,False,118
30,Minas Gerais,426,Zona do Médio Jequitinhonha,4265,MEDINA,5,Tuparecê,False,118
30,Minas Gerais,426,Zona do Médio Jequitinhonha,4266,PEDRA AZUL,1,Pedra Azul,False,118
30,Minas Gerais,426,Zona do Médio Jequitinhonha,4266,PEDRA AZUL,3,André Fernandes,False,118
30,Minas Gerais,423424,Zona do Mucuri,4230,ÁGUAS FORMOSAS,1,Águas Formosas,False,118
30,Minas Gerais,423424,Zona do Mucuri,4230,ÁGUAS FORMOSAS,3,Crisólita,False,118
30,Minas Gerais,423424,Zona do Mucuri,4230,ÁGUAS FORMOSAS,5,Pampã,False,118
30,Minas Gerais,423424,Zona do Mucuri,4230,ÁGUAS FORMOSAS,7,Umburatiba,False,118
30,Minas Gerais,423424,Zona do Mucuri,4231,ATALÉIA,1,Ataléia,False,118
30,Minas Gerais,423424,Zona do Mucuri,4231,ATALÉIA,3,Fidelândia,False,118
30,Minas Gerais,423424,Zona do Mucuri,4232,CARLOS CHAGAS,1,Carlos Chagas,False,118
30,Minas Gerais,423424,Zona do Mucuri,4232,CARLOS CHAGAS,3,Epaminondas Otoni,False,118
30,Minas Gerais,423424,Zona do Mucuri,4232,CARLOS CHAGAS,5,Presidente Pena,False,118
30,Minas Gerais,423424,Zona do Mucuri,4233,ITAMBACURI,1,Itambacuri,False,118
30,Minas Gerais,423424,Zona do Mucuri,4233,ITAMBACURI,3,Campanário,False,118
30,Minas Gerais,423424,Zona do Mucuri,4233,ITAMBACURI,5,Frei Gaspar,False,118
30,Minas Gerais,423424,Zona do Mucuri,4233,ITAMBACURI,7,Frei Inocêncio,False,119
30,Minas Gerais,423424,Zona do Mucuri,4233,ITAMBACURI,9,Frei Serafim,False,119
30,Minas Gerais,423424,Zona do Mucuri,4233,ITAMBACURI,11,Guarataia,False,119
30,Minas Gerais,423424,Zona do Mucuri,4233,ITAMBACURI,13,Nova Módica,False,119
30,Minas Gerais,423424,Zona do Mucuri,4233,ITAMBACURI,15,Pescador,False,119
30,Minas Gerais,423424,Zona do Mucuri,4233,ITAMBACURI,17,São José do Divino,False,119
30,Minas Gerais,423424,Zona do Mucuri,4234,LADAINHA,1,Ladainha,False,119
30,Minas Gerais,423424,Zona do Mucuri,4234,LADAINHA,3,Concórdia do Mucuri,False,119
30,Minas Gerais,423424,Zona do Mucuri,4235,MACHACALIS,1,Machacalis,False,119
30,Minas Gerais,423424,Zona do Mucuri,4235,MACHACALIS,3,Bertópolis,False,119
30,Minas Gerais,423424,Zona do Mucuri,4235,MACHACALIS,5,Umburaninha,False,119
30,Minas Gerais,423424,Zona do Mucuri,4236,MALACACHETA,1,Malacacheta,False,119
30,Minas Gerais,423424,Zona do Mucuri,4236,MALACACHETA,3,Antônio Ferreira,False,119
30,Minas Gerais,423424,Zona do Mucuri,4236,MALACACHETA,5,Franciscópolis,False,119
30,Minas Gerais,423424,Zona do Mucuri,4236,MALACACHETA,7,Jaguaritira,False,119
30,Minas Gerais,423424,Zona do Mucuri,4236,MALACACHETA,9,Setubinha,False,119
30,Minas Gerais,423424,Zona do Mucuri,4239,NANUQUE,1,Nanuque,False,119
30,Minas Gerais,423424,Zona do Mucuri,4239,NANUQUE,5,Serra dos Aimorés,False,119
30,Minas Gerais,423424,Zona do Mucuri,4239,NANUQUE,7,Vila Pereira,False,119
30,Minas Gerais,423424,Zona do Mucuri,4240,NÔVO CRUZEIRO,1,Nôvo Cruzeiro,False,119
30,Minas Gerais,423424,Zona do Mucuri,4240,NÔVO CRUZEIRO,5,Itaipé,False,119
30,Minas Gerais,423424,Zona do Mucuri,4240,NÔVO CRUZEIRO,7,Lufa,False,119
30,Minas Gerais,423424,Zona do Mucuri,4240,NÔVO CRUZEIRO,9,Novilhona,False,119
30,Minas Gerais,423424,Zona do Mucuri,4240,NÔVO CRUZEIRO,11,Queixada,False,119
30,Minas Gerais,423424,Zona do Mucuri,4241,POTÉ,1,Poté,False,119
30,Minas Gerais,423424,Zona do Mucuri,4241,POTÉ,3,Valão,False,119
30,Minas Gerais,423424,Zona do Mucuri,4242,TEÓFILO OTONI,1,Teófilo Otoni,False,119
30,Minas Gerais,423424,Zona do Mucuri,4242,TEÓFILO OTONI,3,Crispim Jaques,False,119
30,Minas Gerais,423424,Zona do Mucuri,4242,TEÓFILO OTONI,5,Frei Gonzaga,False,120
30,Minas Gerais,423424,Zona do Mucuri,4242,TEÓFILO OTONI,7,Pavão,False,120
30,Minas Gerais,423424,Zona do Mucuri,4242,TEÓFILO OTONI,9,Pedro Versiani,False,120
30,Minas Gerais,423424,Zona do Mucuri,4242,TEÓFILO OTONI,11,Topázio,False,120
30,Minas Gerais,430432,Zona do Rio Doce,4300,AÇUCENA,1,Açucena,False,120
30,Minas Gerais,430432,Zona do Rio Doce,4300,AÇUCENA,3,Aramirim,False,120
30,Minas Gerais,430432,Zona do Rio Doce,4300,AÇUCENA,5,Felicina,False,120
30,Minas Gerais,430432,Zona do Rio Doce,4300,AÇUCENA,7,Gama,False,120
30,Minas Gerais,430432,Zona do Rio Doce,4300,AÇUCENA,9,Naque,False,120
30,Minas Gerais,430432,Zona do Rio Doce,4300,AÇUCENA,11,Pedra Corrida,False,120
30,Minas Gerais,430432,Zona do Rio Doce,4301,ÁGUA BOA,1,Água Boa,False,120
30,Minas Gerais,430432,Zona do Rio Doce,4302,AIMORÉS,1,Aimorés,False,120
30,Minas Gerais,430432,Zona do Rio Doce,4302,AIMORÉS,3,Alto Capim,False,120
30,Minas Gerais,430432,Zona do Rio Doce,4302,AIMORÉS,5,Conceição do Capim,False,120
30,Minas Gerais,430432,Zona do Rio Doce,4302,AIMORÉS,7,Expedicionário Alício,False,120
30,Minas Gerais,430432,Zona do Rio Doce,4302,AIMORÉS,9,Penha do Capim,False,120
30,Minas Gerais,430432,Zona do Rio Doce,4302,AIMORÉS,11,Tabaúna,False,120
30,Minas Gerais,430432,Zona do Rio Doce,4303,ANTÔNIO DIAS,1,Antônio Dias,False,120
30,Minas Gerais,430432,Zona do Rio Doce,4303,ANTÔNIO DIAS,3,Hematita,False,120
30,Minas Gerais,430432,Zona do Rio Doce,4304,BOM JESUS DO GALHO,1,Bom Jesus do Galho,False,120
30,Minas Gerais,430432,Zona do Rio Doce,4304,BOM JESUS DO GALHO,3,Córrego Nôvo,False,120
30,Minas Gerais,430432,Zona do Rio Doce,4304,BOM JESUS DO GALHO,5,Passa Dez,False,120
30,Minas Gerais,430432,Zona do Rio Doce,4305,BRAÚNAS,1,Braúnas,False,120
30,Minas Gerais,430432,Zona do Rio Doce,4306,CARATINGA,1,Caratinga,False,120
30,Minas Gerais,430432,Zona do Rio Doce,4306,CARATINGA,3,Dom Lara,False,120
30,Minas Gerais,430432,Zona do Rio Doce,4306,CARATINGA,5,Entre Fôlhas,False,120
30,Minas Gerais,430432,Zona do Rio Doce,4306,CARATINGA,7,Imbé,False,121
30,Minas Gerais,430432,Zona do Rio Doce,4306,CARATINGA,9,Santa Bárbara,False,121
30,Minas Gerais,430432,Zona do Rio Doce,4306,CARATINGA,11,Santa Rita,False,121
30,Minas Gerais,430432,Zona do Rio Doce,4306,CARATINGA,13,Santo Antônio do Manhuaçu,False,121
30,Minas Gerais,430432,Zona do Rio Doce,4306,CARATINGA,15,São Cândido,False,121
30,Minas Gerais,430432,Zona do Rio Doce,4306,CARATINGA,17,São João do Jacutinga,False,121
30,Minas Gerais,430432,Zona do Rio Doce,4306,CARATINGA,19,Sapucaia,False,121
30,Minas Gerais,430432,Zona do Rio Doce,4306,CARATINGA,21,Ubaporanga,False,121
30,Minas Gerais,430432,Zona do Rio Doce,4306,CARATINGA,23,Vargem Alegre,False,121
30,Minas Gerais,430432,Zona do Rio Doce,4307,COLUNA,1,Coluna,False,121
30,Minas Gerais,430432,Zona do Rio Doce,4308,CONSELHEIRO PENA,1,Conselheiro Pena,False,121
30,Minas Gerais,430432,Zona do Rio Doce,4308,CONSELHEIRO PENA,3,Aldeia,False,121
30,Minas Gerais,430432,Zona do Rio Doce,4308,CONSELHEIRO PENA,5,Alvarenga,False,121
30,Minas Gerais,430432,Zona do Rio Doce,4308,CONSELHEIRO PENA,7,Barra do Cuieté,False,121
30,Minas Gerais,430432,Zona do Rio Doce,4308,CONSELHEIRO PENA,9,Bueno,False,121
30,Minas Gerais,430432,Zona do Rio Doce,4308,CONSELHEIRO PENA,11,Cuieté Velho,False,121
30,Minas Gerais,430432,Zona do Rio Doce,4308,CONSELHEIRO PENA,13,Cuparaque,False,121
30,Minas Gerais,430432,Zona do Rio Doce,4308,CONSELHEIRO PENA,15,Ferruginha,False,121
30,Minas Gerais,430432,Zona do Rio Doce,4308,CONSELHEIRO PENA,17,Goiabeira,False,121
30,Minas Gerais,430432,Zona do Rio Doce,4308,CONSELHEIRO PENA,19,Penha do Norte,False,121
30,Minas Gerais,430432,Zona do Rio Doce,4309,COROACI,1,Coroaci,False,121
30,Minas Gerais,430432,Zona do Rio Doce,4309,COROACI,3,Conceição de Tronqueiras,False,121
30,Minas Gerais,430432,Zona do Rio Doce,4310,CORONEL FABRICIANO,1,Coronel Fabriciano,False,121
30,Minas Gerais,430432,Zona do Rio Doce,4310,CORONEL FABRICIANO,3,Barra Alegre,False,121
30,Minas Gerais,430432,Zona do Rio Doce,4310,CORONEL FABRICIANO,5,Ipatinga,False,121
30,Minas Gerais,430432,Zona do Rio Doce,4310,CORONEL FABRICIANO,7,Timóteo,False,121
30,Minas Gerais,430432,Zona do Rio Doce,4311,DIONÍSIO,1,Dionísio,False,121
30,Minas Gerais,430432,Zona do Rio Doce,4312,DOM JOAQUIM,1,Dom Joaquim,False,121
30,Minas Gerais,430432,Zona do Rio Doce,4312,DOM JOAQUIM,3,Carmésia,False,121
30,Minas Gerais,430432,Zona do Rio Doce,4312,DOM JOAQUIM,5,Gororós,False,121
30,Minas Gerais,430432,Zona do Rio Doce,4313,FERROS,1,Ferros,False,122
30,Minas Gerais,430432,Zona do Rio Doce,4313,FERROS,3,Borba Gato,False,122
30,Minas Gerais,430432,Zona do Rio Doce,4313,FERROS,5,Cubas,False,122
30,Minas Gerais,430432,Zona do Rio Doce,4313,FERROS,7,Santa Rita do Rio do Peixe,False,122
30,Minas Gerais,430432,Zona do Rio Doce,4313,FERROS,9,Santo Antônio da Fortaleza,False,122
30,Minas Gerais,430432,Zona do Rio Doce,4313,FERROS,11,Sete Cachoeiras,False,122
30,Minas Gerais,430432,Zona do Rio Doce,4314,GALILÉIA,1,Galiléia,False,122
30,Minas Gerais,430432,Zona do Rio Doce,4314,GALILÉIA,3,Central de Santa Helena,False,122
30,Minas Gerais,430432,Zona do Rio Doce,4314,GALILÉIA,5,Divino das Laranjeiras,False,122
30,Minas Gerais,430432,Zona do Rio Doce,4314,GALILÉIA,7,São Geraldo do Baixio,False,122
30,Minas Gerais,430432,Zona do Rio Doce,4314,GALILÉIA,9,Sapucaia do Norte,False,122
30,Minas Gerais,430432,Zona do Rio Doce,4315,GOVERNADOR VALADARES,1,Governador Valadares,False,122
30,Minas Gerais,430432,Zona do Rio Doce,4315,GOVERNADOR VALADARES,3,Alpercata,False,122
30,Minas Gerais,430432,Zona do Rio Doce,4315,GOVERNADOR VALADARES,5,Alto de Santa Helena,False,122
30,Minas Gerais,430432,Zona do Rio Doce,4315,GOVERNADOR VALADARES,7,Baguari,False,122
30,Minas Gerais,430432,Zona do Rio Doce,4315,GOVERNADOR VALADARES,9,Brejaubinha,False,122
30,Minas Gerais,430432,Zona do Rio Doce,4315,GOVERNADOR VALADARES,11,Chonim,False,122
30,Minas Gerais,430432,Zona do Rio Doce,4315,GOVERNADOR VALADARES,13,Derribadinha,False,122
30,Minas Gerais,430432,Zona do Rio Doce,4315,GOVERNADOR VALADARES,15,Penha do Cassiano,False,122
30,Minas Gerais,430432,Zona do Rio Doce,4315,GOVERNADOR VALADARES,17,São José das Tronqueiras,False,122
30,Minas Gerais,430432,Zona do Rio Doce,4315,GOVERNADOR VALADARES,19,São Vítor,False,122
30,Minas Gerais,430432,Zona do Rio Doce,4315,GOVERNADOR VALADARES,21,Vila Matias,False,122
30,Minas Gerais,430432,Zona do Rio Doce,4316,GUANHÃES,1,Guanhães,False,122
30,Minas Gerais,430432,Zona do Rio Doce,4316,GUANHÃES,3,Correntinho,False,122
30,Minas Gerais,430432,Zona do Rio Doce,4316,GUANHÃES,5,Dores de Guanhães,False,122
30,Minas Gerais,430432,Zona do Rio Doce,4316,GUANHÃES,7,Farias,False,122
30,Minas Gerais,430432,Zona do Rio Doce,4316,GUANHÃES,9,Sapucaia de Guanhães,False,122
30,Minas Gerais,430432,Zona do Rio Doce,4317,IAPU,1,Iapu,False,122
30,Minas Gerais,430432,Zona do Rio Doce,4317,IAPU,3,Bugre,False,122
30,Minas Gerais,430432,Zona do Rio Doce,4317,IAPU,5,São João do Oriente,False,122
30,Minas Gerais,430432,Zona do Rio Doce,4318,INHAPIM,1,Inhapim,False,123
30,Minas Gerais,430432,Zona do Rio Doce,4318,INHAPIM,3,Dom Cavati,False,123
30,Minas Gerais,430432,Zona do Rio Doce,4318,INHAPIM,5,Itajutiba,False,123
30,Minas Gerais,430432,Zona do Rio Doce,4318,INHAPIM,7,Veadinho,False,123
30,Minas Gerais,430432,Zona do Rio Doce,4319,ITANHOMI,1,Itanhomi,False,123
30,Minas Gerais,430432,Zona do Rio Doce,4320,ITUETA,1,Itueta,False,123
30,Minas Gerais,430432,Zona do Rio Doce,4320,ITUETA,3,Quatituba,False,123
30,Minas Gerais,430432,Zona do Rio Doce,4321,JAGUARAÇU,1,Jaguaraçu,False,123
30,Minas Gerais,430432,Zona do Rio Doce,4322,JOANÉSIA,1,Joanésia,False,123
30,Minas Gerais,430432,Zona do Rio Doce,4323,MARLIÉRIA,1,Marliéria,False,123
30,Minas Gerais,430432,Zona do Rio Doce,4324,MESQUITA,1,Mesquita,False,123
30,Minas Gerais,430432,Zona do Rio Doce,4324,MESQUITA,3,Belo Oriente,False,123
30,Minas Gerais,430432,Zona do Rio Doce,4324,MESQUITA,5,Santana do Paraíso,False,123
30,Minas Gerais,430432,Zona do Rio Doce,4325,NOVA ERA,1,Nova Era,False,123
30,Minas Gerais,430432,Zona do Rio Doce,4326,PAULISTAS,1,Paulistas,False,123
30,Minas Gerais,430432,Zona do Rio Doce,4327,PEÇANHA,1,Peçanha,False,123
30,Minas Gerais,430432,Zona do Rio Doce,4327,PEÇANHA,3,Cantagalo,False,123
30,Minas Gerais,430432,Zona do Rio Doce,4327,PEÇANHA,5,Santa Teresa do Bonito,False,123
30,Minas Gerais,430432,Zona do Rio Doce,4327,PEÇANHA,7,São Pedro do Suaçuí,False,123
30,Minas Gerais,430432,Zona do Rio Doce,4328,RESPLENDOR,1,Resplendor,False,123
30,Minas Gerais,430432,Zona do Rio Doce,4328,RESPLENDOR,3,Bom Pastor,False,123
30,Minas Gerais,430432,Zona do Rio Doce,4328,RESPLENDOR,5,Calixto,False,123
30,Minas Gerais,430432,Zona do Rio Doce,4328,RESPLENDOR,7,Independência,False,123
30,Minas Gerais,430432,Zona do Rio Doce,4328,RESPLENDOR,9,Nicolândia,False,124
30,Minas Gerais,430432,Zona do Rio Doce,4328,RESPLENDOR,11,Santa Rita do Itueto,False,124
30,Minas Gerais,430432,Zona do Rio Doce,4329,RIO VERMELHO,1,Rio Vermelho,False,124
30,Minas Gerais,430432,Zona do Rio Doce,4329,RIO VERMELHO,3,Mãe dos Homens,False,124
30,Minas Gerais,430432,Zona do Rio Doce,4329,RIO VERMELHO,5,Pedra Menina,False,124
30,Minas Gerais,430432,Zona do Rio Doce,4330,SABINÓPOLIS,1,Sabinópolis,False,124
30,Minas Gerais,430432,Zona do Rio Doce,4330,SABINÓPOLIS,3,Euxenita,False,124
30,Minas Gerais,430432,Zona do Rio Doce,4330,SABINÓPOLIS,5,Quilombo,False,124
30,Minas Gerais,430432,Zona do Rio Doce,4331,SANTA MARIA DO SUAÇUÍ,1,Santa Maria do Suaçuí,False,124
30,Minas Gerais,430432,Zona do Rio Doce,4331,SANTA MARIA DO SUAÇUÍ,3,Glucínio,False,124
30,Minas Gerais,430432,Zona do Rio Doce,4331,SANTA MARIA DO SUAÇUÍ,5,José Raydan,False,124
30,Minas Gerais,430432,Zona do Rio Doce,4331,SANTA MARIA DO SUAÇUÍ,7,Poaia,False,124
30,Minas Gerais,430432,Zona do Rio Doce,4331,SANTA MARIA DO SUAÇUÍ,9,São José da Safira,False,124
30,Minas Gerais,430432,Zona do Rio Doce,4332,SÃO DOMINGOS DO PRATA,1,São Domingos do Prata,False,124
30,Minas Gerais,430432,Zona do Rio Doce,4332,SÃO DOMINGOS DO PRATA,3,Cônego João Pio,False,124
30,Minas Gerais,430432,Zona do Rio Doce,4332,SÃO DOMINGOS DO PRATA,5,Ilhéus do Prata,False,124
30,Minas Gerais,430432,Zona do Rio Doce,4332,SÃO DOMINGOS DO PRATA,7,Juiraçu,False,124
30,Minas Gerais,430432,Zona do Rio Doce,4332,SÃO DOMINGOS DO PRATA,9,Santana do Alfié,False,124
30,Minas Gerais,430432,Zona do Rio Doce,4332,SÃO DOMINGOS DO PRATA,11,Vargem Linda,False,124
30,Minas Gerais,430432,Zona do Rio Doce,4333,SÃO JOÃO EVANGELISTA,1,São João Evangelista,False,124
30,Minas Gerais,430432,Zona do Rio Doce,4333,SÃO JOÃO EVANGELISTA,3,Nélson de Sena,False,124
30,Minas Gerais,430432,Zona do Rio Doce,4334,SÃO JOSÉ DO GOIABAL,1,São José do Goiabal,False,124
30,Minas Gerais,430432,Zona do Rio Doce,4335,SÃO JOSÉ DO JACURI,1,São José do Jacuri,False,124
30,Minas Gerais,430432,Zona do Rio Doce,4336,SÃO SEBASTIÃO DO MARANHÃO,1,São Sebastião do Maranhão,False,124
30,Minas Gerais,430432,Zona do Rio Doce,4336,SÃO SEBASTIÃO DO MARANHÃO,3,Mãe dos Homens,False,124
30,Minas Gerais,430432,Zona do Rio Doce,4336,SÃO SEBASTIÃO DO MARANHÃO,5,Santo Antônio dos Araújos,False,124
30,Minas Gerais,430432,Zona do Rio Doce,4337,SENHORA DO PÔRTO,1,Senhora do Pôrto,False,125
30,Minas Gerais,430432,Zona do Rio Doce,4338,TARUMIRIM,1,Tarumirim,False,125
30,Minas Gerais,430432,Zona do Rio Doce,4338,TARUMIRIM,3,Itapiruna,False,125
30,Minas Gerais,430432,Zona do Rio Doce,4338,TARUMIRIM,5,Santa Bárbara,False,125
30,Minas Gerais,430432,Zona do Rio Doce,4338,TARUMIRIM,7,São José do Acácio,False,125
30,Minas Gerais,430432,Zona do Rio Doce,4338,TARUMIRIM,9,São Vicente do Rio Doce,False,125
30,Minas Gerais,430432,Zona do Rio Doce,4338,TARUMIRIM,11,Senhora da Penha,False,125
30,Minas Gerais,430432,Zona do Rio Doce,4338,TARUMIRIM,13,Sobrália,False,125
30,Minas Gerais,430432,Zona do Rio Doce,4338,TARUMIRIM,15,Vai-Volta,False,125
30,Minas Gerais,430432,Zona do Rio Doce,4339,TUMIRITINGA,1,Tumiritinga,False,125
30,Minas Gerais,430432,Zona do Rio Doce,4339,TUMIRITINGA,3,São Geraldo de Tumiritinga,False,125
30,Minas Gerais,430432,Zona do Rio Doce,4340,VIRGINÓPOLIS,1,Virginópolis,False,125
30,Minas Gerais,430432,Zona do Rio Doce,4340,VIRGINÓPOLIS,3,Divino de Virginópolis,False,125
30,Minas Gerais,430432,Zona do Rio Doce,4340,VIRGINÓPOLIS,5,Gonzaga,False,125
30,Minas Gerais,430432,Zona do Rio Doce,4340,VIRGINÓPOLIS,9,Santa Efigênia [125.19],False,125
30,Minas Gerais,430432,Zona do Rio Doce,4340,VIRGINÓPOLIS,7,São Geraldo da Piedade,False,125
30,Minas Gerais,430432,Zona do Rio Doce,4340,VIRGINÓPOLIS,11,Sardoá,False,125
30,Minas Gerais,430432,Zona do Rio Doce,4341,VIRGOLÂNDIA,1,Virgolândia,False,125
30,Minas Gerais,430432,Zona do Rio Doce,4341,VIRGOLÂNDIA,3,Marilac,False,125
30,Minas Gerais,440448,Zona da Mata,4400,ABRE CAMPO,1,Abre Campo,False,125
30,Minas Gerais,440448,Zona da Mata,4400,ABRE CAMPO,3,Granada,False,125
30,Minas Gerais,440448,Zona da Mata,4400,ABRE CAMPO,5,Pedra Bonita,False,125
30,Minas Gerais,440448,Zona da Mata,4400,ABRE CAMPO,7,Sericita,False,125
30,Minas Gerais,440448,Zona da Mata,4401,ALÉM PARAÍBA,1,Além Paraíba,False,125
30,Minas Gerais,440448,Zona da Mata,4401,ALÉM PARAÍBA,3,Angustura,False,125
30,Minas Gerais,440448,Zona da Mata,4401,ALÉM PARAÍBA,5,Aventureiro,False,125
30,Minas Gerais,440448,Zona da Mata,4402,ALTO RIO DOCE,1,Alto Rio Doce,False,126
30,Minas Gerais,440448,Zona da Mata,4402,ALTO RIO DOCE,3,Abreus,False,126
30,Minas Gerais,440448,Zona da Mata,4402,ALTO RIO DOCE,5,Missionário,False,126
30,Minas Gerais,440448,Zona da Mata,4403,ASTOLFO DUTRA,1,Astolfo Dutra,False,126
30,Minas Gerais,440448,Zona da Mata,4403,ASTOLFO DUTRA,3,Dona Eusébia,False,126
30,Minas Gerais,440448,Zona da Mata,4405,BARRA LONGA,1,Barra Longa,False,126
30,Minas Gerais,440448,Zona da Mata,4406,BIAS FORTES,1,Bias Fortes,False,126
30,Minas Gerais,440448,Zona da Mata,4406,BIAS FORTES,3,Campolide,False,126
30,Minas Gerais,440448,Zona da Mata,4406,BIAS FORTES,5,Ibitipoca,False,126
30,Minas Gerais,440448,Zona da Mata,4406,BIAS FORTES,7,Paraíso Garcia,False,126
30,Minas Gerais,440448,Zona da Mata,4407,BICAS,1,Bicas,False,126
30,Minas Gerais,440448,Zona da Mata,4408,BRÁS PIRES,1,Brás Pires,False,126
30,Minas Gerais,440448,Zona da Mata,4409,CARANGOLA,1,Carangola,False,126
30,Minas Gerais,440448,Zona da Mata,4409,CARANGOLA,3,Alvorada,False,126
30,Minas Gerais,440448,Zona da Mata,4409,CARANGOLA,5,Fervedouro,False,126
30,Minas Gerais,440448,Zona da Mata,4409,CARANGOLA,7,São Pedro de Glória,False,126
30,Minas Gerais,440448,Zona da Mata,4410,CATAGUASES,1,Cataguases,False,126
30,Minas Gerais,440448,Zona da Mata,4410,CATAGUASES,3,Cataguarino,False,126
30,Minas Gerais,440448,Zona da Mata,4410,CATAGUASES,5,Itamarati,False,126
30,Minas Gerais,440448,Zona da Mata,4410,CATAGUASES,7,Santana de Cataguases,False,126
30,Minas Gerais,440448,Zona da Mata,4410,CATAGUASES,9,Sereno,False,126
30,Minas Gerais,440448,Zona da Mata,4410,CATAGUASES,11,Vista Alegre,False,126
30,Minas Gerais,440448,Zona da Mata,4411,CHIADOR,1,Chiador,False,126
30,Minas Gerais,440448,Zona da Mata,4411,CHIADOR,3,Penha Longa,False,126
30,Minas Gerais,440448,Zona da Mata,4412,CIPOTÂNEA,1,Cipotânea,False,126
30,Minas Gerais,440448,Zona da Mata,4413,COIMBRA,1,Coimbra,False,127
30,Minas Gerais,440448,Zona da Mata,4414,CONCEIÇÃO DE IPANEMA,1,Conceição de Ipanema,False,127
30,Minas Gerais,440448,Zona da Mata,4415,DESCOBERTO,1,Descoberto,False,127
30,Minas Gerais,440448,Zona da Mata,4416,DIVINO,1,Divino,False,127
30,Minas Gerais,440448,Zona da Mata,4416,DIVINO,3,Orizânia,False,127
30,Minas Gerais,440448,Zona da Mata,4417,DOM SILVÉRIO,1,Dom Silvério,False,127
30,Minas Gerais,440448,Zona da Mata,4417,DOM SILVÉRIO,3,Sem Peixe,False,127
30,Minas Gerais,440448,Zona da Mata,4418,DORES DO TURVO,1,Dores do Turvo,False,127
30,Minas Gerais,440448,Zona da Mata,4419,ERVÁLIA,1,Ervália,False,127
30,Minas Gerais,440448,Zona da Mata,4419,ERVÁLIA,3,Araponga,False,127
30,Minas Gerais,440448,Zona da Mata,4419,ERVÁLIA,5,Estêvão de Araújo,False,127
30,Minas Gerais,440448,Zona da Mata,4420,ESPERA FELIZ,1,Espera Feliz,False,127
30,Minas Gerais,440448,Zona da Mata,4420,ESPERA FELIZ,3,Caiana,False,127
30,Minas Gerais,440448,Zona da Mata,4420,ESPERA FELIZ,5,Caparaó,False,127
30,Minas Gerais,440448,Zona da Mata,4421,ESTRÊLA DALVA,1,Estrêla Dalva,False,127
30,Minas Gerais,440448,Zona da Mata,4421,ESTRÊLA DALVA,3,Água Viva,False,127
30,Minas Gerais,440448,Zona da Mata,4422,EUGENÓPOLIS,1,Eugenópolis,False,127
30,Minas Gerais,440448,Zona da Mata,4422,EUGENÓPOLIS,3,Antônio Prado,False,127
30,Minas Gerais,440448,Zona da Mata,4422,EUGENÓPOLIS,5,Pinhotiba,False,127
30,Minas Gerais,440448,Zona da Mata,4423,FARIA LEMOS,1,Faria Lemos,False,127
30,Minas Gerais,440448,Zona da Mata,4424,GUARACIABA,1,Guaraciaba,False,127
30,Minas Gerais,440448,Zona da Mata,4425,GUARANI,1,Guarani,False,128
30,Minas Gerais,440448,Zona da Mata,4426,GUARARÁ,1,Guarará,False,128
30,Minas Gerais,440448,Zona da Mata,4426,GUARARÁ,3,Maripá,False,128
30,Minas Gerais,440448,Zona da Mata,4427,GUIDOVAL,1,Guidoval,False,128
30,Minas Gerais,440448,Zona da Mata,4428,GUIRICEMA,1,Guiricema,False,128
30,Minas Gerais,440448,Zona da Mata,4428,GUIRICEMA,3,Tuiutinga,False,128
30,Minas Gerais,440448,Zona da Mata,4428,GUIRICEMA,5,Vilas Boas,False,128
30,Minas Gerais,440448,Zona da Mata,4429,IPANEMA,1,Ipanema,False,128
30,Minas Gerais,440448,Zona da Mata,4429,IPANEMA,3,Iparuba,False,128
30,Minas Gerais,440448,Zona da Mata,4430,JEQUERI,1,Jequeri,False,128
30,Minas Gerais,440448,Zona da Mata,4430,JEQUERI,3,Grota,False,128
30,Minas Gerais,440448,Zona da Mata,4430,JEQUERI,5,Piscamba,False,128
30,Minas Gerais,440448,Zona da Mata,4430,JEQUERI,7,São Vicente do Grama,False,128
30,Minas Gerais,440448,Zona da Mata,4431,JUIZ DE FORA,1,Juiz de Fora,False,128
30,Minas Gerais,440448,Zona da Mata,4431,JUIZ DE FORA,3,Chácara,False,128
30,Minas Gerais,440448,Zona da Mata,4431,JUIZ DE FORA,5,Coronel Pacheco,False,128
30,Minas Gerais,440448,Zona da Mata,4431,JUIZ DE FORA,7,Ibitiguaia,False,128
30,Minas Gerais,440448,Zona da Mata,4431,JUIZ DE FORA,9,Paula Lima,False,128
30,Minas Gerais,440448,Zona da Mata,4431,JUIZ DE FORA,11,Pôrto das Flores,False,128
30,Minas Gerais,440448,Zona da Mata,4431,JUIZ DE FORA,13,Rosário de Minas,False,128
30,Minas Gerais,440448,Zona da Mata,4431,JUIZ DE FORA,15,Sarandira,False,128
30,Minas Gerais,440448,Zona da Mata,4431,JUIZ DE FORA,17,Torreões,False,128
30,Minas Gerais,440448,Zona da Mata,4431,JUIZ DE FORA,19,Três Ilhas,False,128
30,Minas Gerais,440448,Zona da Mata,4432,LAJINHA,1,Lajinha,False,128
30,Minas Gerais,440448,Zona da Mata,4432,LAJINHA,3,Chalé,False,128
30,Minas Gerais,440448,Zona da Mata,4432,LAJINHA,5,Professor Sperber,False,128
30,Minas Gerais,440448,Zona da Mata,4432,LAJINHA,7,São José do Mantimento,False,128
30,Minas Gerais,440448,Zona da Mata,4433,LARANJAL,1,Laranjal,False,129
30,Minas Gerais,440448,Zona da Mata,4433,LARANJAL,3,São João da Sapucaia,False,129
30,Minas Gerais,440448,Zona da Mata,4434,LEOPOLDINA,1,Leopoldina,False,129
30,Minas Gerais,440448,Zona da Mata,4434,LEOPOLDINA,3,Abaíba,False,129
30,Minas Gerais,440448,Zona da Mata,4434,LEOPOLDINA,5,Argirita,False,129
30,Minas Gerais,440448,Zona da Mata,4434,LEOPOLDINA,7,Piacatuba,False,129
30,Minas Gerais,440448,Zona da Mata,4434,LEOPOLDINA,9,Providência,False,129
30,Minas Gerais,440448,Zona da Mata,4434,LEOPOLDINA,11,Ribeiro Junqueira,False,129
30,Minas Gerais,440448,Zona da Mata,4434,LEOPOLDINA,13,Tebas,False,129
30,Minas Gerais,440448,Zona da Mata,4435,LIMA DUARTE,1,Lima Duarte,False,129
30,Minas Gerais,440448,Zona da Mata,4435,LIMA DUARTE,3,Conceição do Ibitipoca,False,129
30,Minas Gerais,440448,Zona da Mata,4435,LIMA DUARTE,5,Olaria,False,129
30,Minas Gerais,440448,Zona da Mata,4435,LIMA DUARTE,7,Pedro Teixeira,False,129
30,Minas Gerais,440448,Zona da Mata,4435,LIMA DUARTE,9,Santana do Garambéu,False,129
30,Minas Gerais,440448,Zona da Mata,4435,LIMA DUARTE,11,São Domingos da Bocaina,False,129
30,Minas Gerais,440448,Zona da Mata,4435,LIMA DUARTE,13,São José do Lopes,False,129
30,Minas Gerais,440448,Zona da Mata,4436,MANHUAÇU,1,Manhuaçu,False,129
30,Minas Gerais,440448,Zona da Mata,4436,MANHUAÇU,3,Luisburgo [129.22],False,129
30,Minas Gerais,440448,Zona da Mata,4436,MANHUAÇU,5,Reduto,False,129
30,Minas Gerais,440448,Zona da Mata,4436,MANHUAÇU,7,São João do Manhuaçu,False,129
30,Minas Gerais,440448,Zona da Mata,4436,MANHUAÇU,9,São Pedro do Avaí,False,129
30,Minas Gerais,440448,Zona da Mata,4436,MANHUAÇU,11,São Sebastião do Sacramento,False,129
30,Minas Gerais,440448,Zona da Mata,4437,MANHUMIRIM,1,Manhumirim,False,129
30,Minas Gerais,440448,Zona da Mata,4437,MANHUMIRIM,3,Durandé,False,129
30,Minas Gerais,440448,Zona da Mata,4437,MANHUMIRIM,5,Martins Soares,False,129
30,Minas Gerais,440448,Zona da Mata,4438,MAR DE ESPANHA,1,Mar de Espanha,False,129
30,Minas Gerais,440448,Zona da Mata,4438,MAR DE ESPANHA,3,Engenho Nôvo,False,129
30,Minas Gerais,440448,Zona da Mata,4438,MAR DE ESPANHA,5,Saudade,False,129
30,Minas Gerais,440448,Zona da Mata,4438,MAR DE ESPANHA,7,Senador Côrtes,False,129
30,Minas Gerais,440448,Zona da Mata,4439,MATIAS BARBOSA,1,Matias Barbosa,False,130
30,Minas Gerais,440448,Zona da Mata,4439,MATIAS BARBOSA,3,Simão Pereira,False,130
30,Minas Gerais,440448,Zona da Mata,4440,MATIPÓ,1,Matipó,False,130
30,Minas Gerais,440448,Zona da Mata,4440,MATIPÓ,3,Caputira,False,130
30,Minas Gerais,440448,Zona da Mata,4440,MATIPÓ,5,Padre Fialho,False,130
30,Minas Gerais,440448,Zona da Mata,4441,MERCÊS,1,Mercês,False,130
30,Minas Gerais,440448,Zona da Mata,4442,MIRADOURO,1,Miradouro,False,130
30,Minas Gerais,440448,Zona da Mata,4443,MIRAÍ,1,Miraí,False,130
30,Minas Gerais,440448,Zona da Mata,4443,MIRAÍ,3,Dores da Vitória,False,130
30,Minas Gerais,440448,Zona da Mata,4444,MURIAÉ,1,Muriaé,False,130
30,Minas Gerais,440448,Zona da Mata,4444,MURIAÉ,3,Belisário,False,130
30,Minas Gerais,440448,Zona da Mata,4444,MURIAÉ,5,Boa Família,False,130
30,Minas Gerais,440448,Zona da Mata,4444,MURIAÉ,7,Bom Jesus da Cachoeira,False,130
30,Minas Gerais,440448,Zona da Mata,4444,MURIAÉ,9,Itamuri,False,130
30,Minas Gerais,440448,Zona da Mata,4444,MURIAÉ,11,Pirapanema,False,130
30,Minas Gerais,440448,Zona da Mata,4444,MURIAÉ,13,Rosário da Limeira,False,130
30,Minas Gerais,440448,Zona da Mata,4445,MUTUM,1,Mutum,False,130
30,Minas Gerais,440448,Zona da Mata,4445,MUTUM,3,Centenário,False,130
30,Minas Gerais,440448,Zona da Mata,4445,MUTUM,5,Ocidente,False,130
30,Minas Gerais,440448,Zona da Mata,4445,MUTUM,7,Roseiral,False,130
30,Minas Gerais,440448,Zona da Mata,4445,MUTUM,9,São Francisco do Humaitá,False,130
30,Minas Gerais,440448,Zona da Mata,4446,OLIVEIRA FORTES,1,Oliveira Fortes,False,130
30,Minas Gerais,440448,Zona da Mata,4447,PAIVA,1,Paiva,False,130
30,Minas Gerais,440448,Zona da Mata,4448,PALMA,1,Palma,False,130
30,Minas Gerais,440448,Zona da Mata,4448,PALMA,3,Cachoeira Alegre,False,131
30,Minas Gerais,440448,Zona da Mata,4448,PALMA,5,Cisneiros,False,131
30,Minas Gerais,440448,Zona da Mata,4448,PALMA,7,Itapiruçu,False,131
30,Minas Gerais,440448,Zona da Mata,4448,PALMA,9,Morro Alto,False,131
30,Minas Gerais,440448,Zona da Mata,4448,PALMA,11,Silveira Carvalho,False,131
30,Minas Gerais,440448,Zona da Mata,4449,PATROCÍNIO DO MURIAÉ,1,Patrocínio do Muriaé,False,131
30,Minas Gerais,440448,Zona da Mata,4450,PAULA CÂNDIDO,1,Paula Cândido,False,131
30,Minas Gerais,440448,Zona da Mata,4451,PEQUERI,1,Pequeri,False,131
30,Minas Gerais,440448,Zona da Mata,4452,PIAU,1,Piau,False,131
30,Minas Gerais,440448,Zona da Mata,4453,PIRANGA,1,Piranga,False,131
30,Minas Gerais,440448,Zona da Mata,4453,PIRANGA,3,Pinheiros Altos,False,131
30,Minas Gerais,440448,Zona da Mata,4453,PIRANGA,5,Santo Antônio do Pirapetinga,False,131
30,Minas Gerais,440448,Zona da Mata,4454,PIRAPETINGA,1,Pirapetinga,False,131
30,Minas Gerais,440448,Zona da Mata,4454,PIRAPETINGA,3,Caiapó,False,131
30,Minas Gerais,440448,Zona da Mata,4455,PIRAÚBA,1,Piraúba,False,131
30,Minas Gerais,440448,Zona da Mata,4456,POCRANE,1,Pocrane,False,131
30,Minas Gerais,440448,Zona da Mata,4456,POCRANE,3,Assaraí,False,131
30,Minas Gerais,440448,Zona da Mata,4456,POCRANE,5,Barra da Figueira,False,131
30,Minas Gerais,440448,Zona da Mata,4457,PONTE NOVA,1,Ponte Nova,False,131
30,Minas Gerais,440448,Zona da Mata,4457,PONTE NOVA,3,Amparo da Serra,False,131
30,Minas Gerais,440448,Zona da Mata,4457,PONTE NOVA,5,Oratórios,False,131
30,Minas Gerais,440448,Zona da Mata,4457,PONTE NOVA,7,Piedade da Ponte Nova,False,131
30,Minas Gerais,440448,Zona da Mata,4457,PONTE NOVA,9,Rio Doce [131.32],False,131
30,Minas Gerais,440448,Zona da Mata,4457,PONTE NOVA,11,Urucânia,False,131
30,Minas Gerais,440448,Zona da Mata,4457,PONTE NOVA,13,Vau-Açu,False,131
30,Minas Gerais,440448,Zona da Mata,4458,PÔRTO FIRME,1,Pôrto Firme,False,132
30,Minas Gerais,440448,Zona da Mata,4459,PRESIDENTE BERNARDES,1,Presidente Bernardes,False,132
30,Minas Gerais,440448,Zona da Mata,4460,PRESIDENTE SOARES,1,Presidente Soares,False,132
30,Minas Gerais,440448,Zona da Mata,4461,RAUL SOARES,1,Raul Soares,False,132
30,Minas Gerais,440448,Zona da Mata,4461,RAUL SOARES,3,Bicuíba,False,132
30,Minas Gerais,440448,Zona da Mata,4461,RAUL SOARES,5,Santana do Tabuleiro,False,132
30,Minas Gerais,440448,Zona da Mata,4461,RAUL SOARES,7,São Vicente da Estrêla,False,132
30,Minas Gerais,440448,Zona da Mata,4461,RAUL SOARES,9,Vermelho Nôvo,False,132
30,Minas Gerais,440448,Zona da Mata,4461,RAUL SOARES,11,Vermelho Velho,False,132
30,Minas Gerais,440448,Zona da Mata,4462,RECREIO,1,Recreio,False,132
30,Minas Gerais,440448,Zona da Mata,4462,RECREIO,3,Angaturama,False,132
30,Minas Gerais,440448,Zona da Mata,4462,RECREIO,5,Conceição da Boa Vista,False,132
30,Minas Gerais,440448,Zona da Mata,4463,RIO CASCA,1,Rio Casca,False,132
30,Minas Gerais,440448,Zona da Mata,4463,RIO CASCA,3,Jurumirim,False,132
30,Minas Gerais,440448,Zona da Mata,4464,RIO ESPERA,1,Rio Espera,False,132
30,Minas Gerais,440448,Zona da Mata,4464,RIO ESPERA,3,Lamim,False,132
30,Minas Gerais,440448,Zona da Mata,4464,RIO ESPERA,5,Piranguita,False,132
30,Minas Gerais,440448,Zona da Mata,4465,RIO NÔVO,1,Rio Nôvo,False,132
30,Minas Gerais,440448,Zona da Mata,4465,RIO NÔVO,3,Goianá,False,132
30,Minas Gerais,440448,Zona da Mata,4466,RIO POMBA,1,Rio Pomba,False,132
30,Minas Gerais,440448,Zona da Mata,4466,RIO POMBA,3,Silveirânia,False,132
30,Minas Gerais,440448,Zona da Mata,4467,RIO PRÊTO,1,Rio Prêto,False,132
30,Minas Gerais,440448,Zona da Mata,4467,RIO PRÊTO,3,Santa Bárbara do Monte Verde,False,132
30,Minas Gerais,440448,Zona da Mata,4467,RIO PRÊTO,5,São Sebastião do Barreado,False,132
30,Minas Gerais,440448,Zona da Mata,4468,SANTA CRUZ DO ESCALVADO,1,Santa Cruz do Escalvado,False,133
30,Minas Gerais,440448,Zona da Mata,4468,SANTA CRUZ DO ESCALVADO,3,São Sebastião do Soberbo,False,133
30,Minas Gerais,440448,Zona da Mata,4468,SANTA CRUZ DO ESCALVADO,5,Zito Soares,False,133
30,Minas Gerais,440448,Zona da Mata,4469,SANTA MARGARIDA,1,Santa Margarida,False,133
30,Minas Gerais,440448,Zona da Mata,4469,SANTA MARGARIDA,3,Ribeirão de São Domingos,False,133
30,Minas Gerais,440448,Zona da Mata,4470,SANTANA DO DESERTO,1,Santana do Deserto,False,133
30,Minas Gerais,440448,Zona da Mata,4471,SANTO ANTÔNIO DO GRAMA,1,Santo Antônio do Grama,False,133
30,Minas Gerais,440448,Zona da Mata,4472,SANTOS DUMONT,1,Santos Dumont,False,133
30,Minas Gerais,440448,Zona da Mata,4472,SANTOS DUMONT,3,Aracitaba,False,133
30,Minas Gerais,440448,Zona da Mata,4472,SANTOS DUMONT,5,Conceição do Formoso,False,133
30,Minas Gerais,440448,Zona da Mata,4472,SANTOS DUMONT,7,Dores do Paraibuna,False,133
30,Minas Gerais,440448,Zona da Mata,4472,SANTOS DUMONT,9,Eubanque,False,133
30,Minas Gerais,440448,Zona da Mata,4472,SANTOS DUMONT,11,São João da Serra,False,133
30,Minas Gerais,440448,Zona da Mata,4473,SÃO FRANCISCO DO GLÓRIA,1,São Francisco do Glória,False,133
30,Minas Gerais,440448,Zona da Mata,4474,SÃO GERALDO,1,São Geraldo,False,133
30,Minas Gerais,440448,Zona da Mata,4474,SÃO GERALDO,3,Monte Celeste,False,133
30,Minas Gerais,440448,Zona da Mata,4475,SÃO JOÃO NEPOMUCENO,1,São João Nepomuceno,False,133
30,Minas Gerais,440448,Zona da Mata,4475,SÃO JOÃO NEPOMUCENO,3,Carlos Alves,False,133
30,Minas Gerais,440448,Zona da Mata,4475,SÃO JOÃO NEPOMUCENO,5,Ituí,False,133
30,Minas Gerais,440448,Zona da Mata,4475,SÃO JOÃO NEPOMUCENO,7,Roça Grande,False,133
30,Minas Gerais,440448,Zona da Mata,4475,SÃO JOÃO NEPOMUCENO,9,Rochedo de Minas,False,133
30,Minas Gerais,440448,Zona da Mata,4475,SÃO JOÃO NEPOMUCENO,11,Taruaçu,False,133
30,Minas Gerais,440448,Zona da Mata,4476,SÃO MIGUEL DO ANTA,1,São Miguel do Anta,False,133
30,Minas Gerais,440448,Zona da Mata,4476,SÃO MIGUEL DO ANTA,3,Canaã,False,133
30,Minas Gerais,440448,Zona da Mata,4477,SÃO PEDRO DOS FERROS,1,São Pedro dos Ferros,False,133
30,Minas Gerais,440448,Zona da Mata,4478,SENADOR FIRMINO,1,Senador Firmino,False,134
30,Minas Gerais,440448,Zona da Mata,4479,SENHORA DE OLIVEIRA,1,Senhora de Oliveira,False,134
30,Minas Gerais,440448,Zona da Mata,4480,SIMONÉSIA,1,Simonésia,False,134
30,Minas Gerais,440448,Zona da Mata,4480,SIMONÉSIA,3,Alegria,False,134
30,Minas Gerais,440448,Zona da Mata,4480,SIMONÉSIA,5,Santa Filomena,False,134
30,Minas Gerais,440448,Zona da Mata,4480,SIMONÉSIA,7,Santana do Manhuaçu,False,134
30,Minas Gerais,440448,Zona da Mata,4481,TABULEIRO,1,Tabuleiro,False,134
30,Minas Gerais,440448,Zona da Mata,4482,TEIXEIRAS,1,Teixeiras,False,134
30,Minas Gerais,440448,Zona da Mata,4482,TEIXEIRAS,3,Pedra do Anta,False,134
30,Minas Gerais,440448,Zona da Mata,4483,TOCANTINS,1,Tocantins,False,134
30,Minas Gerais,440448,Zona da Mata,4484,TOMBOS,1,Tombos,False,134
30,Minas Gerais,440448,Zona da Mata,4484,TOMBOS,3,Catuné,False,134
30,Minas Gerais,440448,Zona da Mata,4484,TOMBOS,5,Pedra Dourada,False,134
30,Minas Gerais,440448,Zona da Mata,4485,UBÁ,1,Ubá,False,134
30,Minas Gerais,440448,Zona da Mata,4485,UBÁ,3,Diamante de Ubá,False,134
30,Minas Gerais,440448,Zona da Mata,4485,UBÁ,5,Divino de Ubá,False,134
30,Minas Gerais,440448,Zona da Mata,4485,UBÁ,7,Rodeiro,False,134
30,Minas Gerais,440448,Zona da Mata,4485,UBÁ,9,Ubari,False,134
30,Minas Gerais,440448,Zona da Mata,4486,VIÇOSA,1,Viçosa,False,134
30,Minas Gerais,440448,Zona da Mata,4486,VIÇOSA,3,Cajuri,False,134
30,Minas Gerais,440448,Zona da Mata,4487,VIEIRAS,1,Vieiras,False,134
30,Minas Gerais,440448,Zona da Mata,4487,VIEIRAS,3,Santo Antônio do Glória,False,134
30,Minas Gerais,440448,Zona da Mata,4488,VISCONDE DO RIO BRANCO,1,Visconde do Rio Branco,False,134
30,Minas Gerais,440448,Zona da Mata,4489,VOLTA GRANDE,1,Volta Grande,False,135
30,Minas Gerais,440448,Zona da Mata,4489,VOLTA GRANDE,3,Trimonte,False,135
30,Minas Gerais,402,Zona do Itacambira,4020,ESPINOSA,1,Espinosa,False,135
30,Minas Gerais,402,Zona do Itacambira,4020,ESPINOSA,3,Itamirim,False,135
30,Minas Gerais,402,Zona do Itacambira,4020,ESPINOSA,5,Mamonas,False,135
30,Minas Gerais,402,Zona do Itacambira,4021,GRÃO MOGOL,1,Grão Mogol,False,135
30,Minas Gerais,402,Zona do Itacambira,4021,GRÃO MOGOL,3,Barracão,False,135
30,Minas Gerais,402,Zona do Itacambira,4021,GRÃO MOGOL,5,Botumirim,False,135
30,Minas Gerais,402,Zona do Itacambira,4021,GRÃO MOGOL,7,Catuni,False,135
30,Minas Gerais,402,Zona do Itacambira,4021,GRÃO MOGOL,9,Cristália,False,135
30,Minas Gerais,402,Zona do Itacambira,4021,GRÃO MOGOL,11,Itacambira,False,135
30,Minas Gerais,402,Zona do Itacambira,4022,MATO VERDE,1,Mato Verde,False,135
30,Minas Gerais,402,Zona do Itacambira,4022,MATO VERDE,3,São João do Bonito,False,135
30,Minas Gerais,402,Zona do Itacambira,4023,MONTE AZUL,1,Monte Azul,False,135
30,Minas Gerais,402,Zona do Itacambira,4023,MONTE AZUL,3,Gameleiras,False,135
30,Minas Gerais,402,Zona do Itacambira,4024,PORTEIRINHA,1,Porteirinha,False,135
30,Minas Gerais,402,Zona do Itacambira,4024,PORTEIRINHA,3,Gorutuba,False,135
30,Minas Gerais,402,Zona do Itacambira,4024,PORTEIRINHA,5,Riacho dos Machados,False,135
30,Minas Gerais,402,Zona do Itacambira,4024,PORTEIRINHA,7,Serranópolis,False,135
30,Minas Gerais,402,Zona do Itacambira,4025,RIO PARDO DE MINAS,1,Rio Pardo de Minas,False,135
30,Minas Gerais,402,Zona do Itacambira,4025,RIO PARDO DE MINAS,3,Indaiabira,False,135
30,Minas Gerais,402,Zona do Itacambira,4025,RIO PARDO DE MINAS,5,Montezuma,False,135
30,Minas Gerais,402,Zona do Itacambira,4025,RIO PARDO DE MINAS,7,Serra Nova,False,135
30,Minas Gerais,402,Zona do Itacambira,4026,SALINAS,1,Salinas,False,135
30,Minas Gerais,402,Zona do Itacambira,4026,SALINAS,3,Águas Vermelhas,False,135
30,Minas Gerais,402,Zona do Itacambira,4026,SALINAS,5,Ferreirópolis,False,136
30,Minas Gerais,402,Zona do Itacambira,4026,SALINAS,7,Rubelita,False,136
30,Minas Gerais,402,Zona do Itacambira,4026,SALINAS,9,Santa Cruz de Salinas,False,136
30,Minas Gerais,402,Zona do Itacambira,4027,SÃO JOÃO DO PARAÍSO,1,São João do Paraíso,False,136
30,Minas Gerais,402,Zona do Itacambira,4027,SÃO JOÃO DO PARAÍSO,3,Vereda do Paraíso,False,136
30,Minas Gerais,402,Zona do Itacambira,4028,TAIOBEIRAS,1,Taiobeiras,False,136
30,Minas Gerais,450451,Zona do Alto Jequitinhonha,4500,ARAÇUAÍ,1,Araçuaí,False,136
30,Minas Gerais,450451,Zona do Alto Jequitinhonha,4500,ARAÇUAÍ,3,Engenheiro Schnoor,False,136
30,Minas Gerais,450451,Zona do Alto Jequitinhonha,4500,ARAÇUAÍ,5,Itira,False,136
30,Minas Gerais,450451,Zona do Alto Jequitinhonha,4501,CAPELINHA,1,Capelinha,False,136
30,Minas Gerais,450451,Zona do Alto Jequitinhonha,4502,CORONEL MURTA,1,Coronel Murta,False,136
30,Minas Gerais,450451,Zona do Alto Jequitinhonha,4503,DIAMANTINA,1,Diamantina,False,136
30,Minas Gerais,450451,Zona do Alto Jequitinhonha,4503,DIAMANTINA,3,Conselheiro Mata,False,136
30,Minas Gerais,450451,Zona do Alto Jequitinhonha,4503,DIAMANTINA,5,Couto de Magalhães,False,136
30,Minas Gerais,450451,Zona do Alto Jequitinhonha,4503,DIAMANTINA,7,Datas,False,136
30,Minas Gerais,450451,Zona do Alto Jequitinhonha,4503,DIAMANTINA,9,Extração,False,136
30,Minas Gerais,450451,Zona do Alto Jequitinhonha,4503,DIAMANTINA,11,Felício dos Santos,False,136
30,Minas Gerais,450451,Zona do Alto Jequitinhonha,4503,DIAMANTINA,13,Felisberto Caldeira,False,136
30,Minas Gerais,450451,Zona do Alto Jequitinhonha,4503,DIAMANTINA,15,Guinda,False,136
30,Minas Gerais,450451,Zona do Alto Jequitinhonha,4503,DIAMANTINA,17,Inhaí,False,136
30,Minas Gerais,450451,Zona do Alto Jequitinhonha,4503,DIAMANTINA,19,Mendanha,False,136
30,Minas Gerais,450451,Zona do Alto Jequitinhonha,4503,DIAMANTINA,21,Mercês de Diamantina,False,136
30,Minas Gerais,450451,Zona do Alto Jequitinhonha,4503,DIAMANTINA,23,Monjolos,False,136
30,Minas Gerais,450451,Zona do Alto Jequitinhonha,4503,DIAMANTINA,25,São João da Chapada,False,136
30,Minas Gerais,450451,Zona do Alto Jequitinhonha,4503,DIAMANTINA,27,Senador Mourão,False,136
30,Minas Gerais,450451,Zona do Alto Jequitinhonha,4503,DIAMANTINA,29,Tijucal,False,136
30,Minas Gerais,450451,Zona do Alto Jequitinhonha,4504,GOUVÊA,1,Gouvêa,False,136
30,Minas Gerais,450451,Zona do Alto Jequitinhonha,4505,ITAMARANDIBA,1,Itamarandiba,False,137
30,Minas Gerais,450451,Zona do Alto Jequitinhonha,4505,ITAMARANDIBA,3,Aricanduva,False,137
30,Minas Gerais,450451,Zona do Alto Jequitinhonha,4505,ITAMARANDIBA,5,Carbonita,False,137
30,Minas Gerais,450451,Zona do Alto Jequitinhonha,4505,ITAMARANDIBA,7,Padre João Afonso,False,137
30,Minas Gerais,450451,Zona do Alto Jequitinhonha,4505,ITAMARANDIBA,9,Penha de França,False,137
30,Minas Gerais,450451,Zona do Alto Jequitinhonha,4506,MINAS NOVAS,1,Minas Novas,False,137
30,Minas Gerais,450451,Zona do Alto Jequitinhonha,4506,MINAS NOVAS,3,Berilo,False,137
30,Minas Gerais,450451,Zona do Alto Jequitinhonha,4506,MINAS NOVAS,5,Chapada,False,137
30,Minas Gerais,450451,Zona do Alto Jequitinhonha,4506,MINAS NOVAS,7,Francisco Badaró,False,137
30,Minas Gerais,450451,Zona do Alto Jequitinhonha,4506,MINAS NOVAS,9,Leme do Prado,False,137
30,Minas Gerais,450451,Zona do Alto Jequitinhonha,4507,SÊRRO,1,Sêrro,False,137
30,Minas Gerais,450451,Zona do Alto Jequitinhonha,4507,SÊRRO,3,Casa de Telha,False,137
30,Minas Gerais,450451,Zona do Alto Jequitinhonha,4507,SÊRRO,5,Itapanhoacanga,False,137
30,Minas Gerais,450451,Zona do Alto Jequitinhonha,4507,SÊRRO,7,Milho Verde,False,137
30,Minas Gerais,450451,Zona do Alto Jequitinhonha,4507,SÊRRO,9,Santo Antônio do Itambé,False,137
30,Minas Gerais,450451,Zona do Alto Jequitinhonha,4507,SÊRRO,11,Santo Antônio do Rio do Peixe,False,137
30,Minas Gerais,450451,Zona do Alto Jequitinhonha,4507,SÊRRO,13,São Gonçalo do Rio das Pedras,False,137
30,Minas Gerais,450451,Zona do Alto Jequitinhonha,4508,TURMALINA,1,Turmalina,False,137
30,Minas Gerais,450451,Zona do Alto Jequitinhonha,4508,TURMALINA,3,Caçaratiba,False,137
30,Minas Gerais,450451,Zona do Alto Jequitinhonha,4508,TURMALINA,5,Veredinha,False,137
30,Minas Gerais,450451,Zona do Alto Jequitinhonha,4509,VIRGEM DA LAPA,1,Virgem da Lapa,False,137
30,Minas Gerais,452456,Zona Metalúrgica,4520,ALVINÓPOLIS,1,Alvinópolis,False,137
30,Minas Gerais,452456,Zona Metalúrgica,4520,ALVINÓPOLIS,3,Fonseca,False,137
30,Minas Gerais,452456,Zona Metalúrgica,4520,ALVINÓPOLIS,5,Major Ezequiel,False,137
30,Minas Gerais,452456,Zona Metalúrgica,4521,BALDIM,1,Baldim,False,137
30,Minas Gerais,452456,Zona Metalúrgica,4521,BALDIM,3,Amanda,False,137
30,Minas Gerais,452456,Zona Metalúrgica,4521,BALDIM,5,São Vicente,False,137
30,Minas Gerais,452456,Zona Metalúrgica,4522,BARÃO DE COCAIS,1,Barão de Cocais,False,138
30,Minas Gerais,452456,Zona Metalúrgica,4522,BARÃO DE COCAIS,3,Cocais,False,138
30,Minas Gerais,452456,Zona Metalúrgica,4523,BELO HORIZONTE,1,Belo Horizonte,False,138
30,Minas Gerais,452456,Zona Metalúrgica,4523,BELO HORIZONTE,3,Venda Nova,False,138
30,Minas Gerais,452456,Zona Metalúrgica,4524,BETIM,1,Betim,False,138
30,Minas Gerais,452456,Zona Metalúrgica,4524,BETIM,3,Ibirité,False,138
30,Minas Gerais,452456,Zona Metalúrgica,4524,BETIM,5,Sarzedo,False,138
30,Minas Gerais,452456,Zona Metalúrgica,4525,BOM JESUS DO AMPARO,1,Bom Jesus do Amparo,False,138
30,Minas Gerais,452456,Zona Metalúrgica,4526,BRUMADINHO,1,Brumadinho,False,138
30,Minas Gerais,452456,Zona Metalúrgica,4526,BRUMADINHO,3,Aranha,False,138
30,Minas Gerais,452456,Zona Metalúrgica,4526,BRUMADINHO,5,Conceição de Itaguá,False,138
30,Minas Gerais,452456,Zona Metalúrgica,4526,BRUMADINHO,7,Piedade do Paraopeba,False,138
30,Minas Gerais,452456,Zona Metalúrgica,4526,BRUMADINHO,9,São José do Paraopeba,False,138
30,Minas Gerais,452456,Zona Metalúrgica,4527,CAETANÓPOLIS,1,Caetanópolis,False,138
30,Minas Gerais,452456,Zona Metalúrgica,4528,CAETÉ,1,Caeté,False,138
30,Minas Gerais,452456,Zona Metalúrgica,4528,CAETÉ,3,Antônio dos Santos,False,138
30,Minas Gerais,452456,Zona Metalúrgica,4528,CAETÉ,5,Morro Vermelho,False,138
30,Minas Gerais,452456,Zona Metalúrgica,4528,CAETÉ,7,Penedia,False,138
30,Minas Gerais,452456,Zona Metalúrgica,4528,CAETÉ,9,Roças Novas,False,138
30,Minas Gerais,452456,Zona Metalúrgica,4528,CAETÉ,11,Taquaraçu,False,138
30,Minas Gerais,452456,Zona Metalúrgica,4528,CAETÉ,13,União de Caeté,False,138
30,Minas Gerais,452456,Zona Metalúrgica,4529,CAPIM BRANCO,1,Capim Branco,False,138
30,Minas Gerais,452456,Zona Metalúrgica,4530,CONCEIÇÃO DO MATO DENTRO,1,Conceição do Mato Dentro,False,138
30,Minas Gerais,452456,Zona Metalúrgica,4530,CONCEIÇÃO DO MATO DENTRO,3,Brejaúba,False,138
30,Minas Gerais,452456,Zona Metalúrgica,4530,CONCEIÇÃO DO MATO DENTRO,5,Congonhas do Norte,False,138
30,Minas Gerais,452456,Zona Metalúrgica,4530,CONCEIÇÃO DO MATO DENTRO,7,Córregos,False,139
30,Minas Gerais,452456,Zona Metalúrgica,4530,CONCEIÇÃO DO MATO DENTRO,9,Costa Sena,False,139
30,Minas Gerais,452456,Zona Metalúrgica,4530,CONCEIÇÃO DO MATO DENTRO,11,Fechados,False,139
30,Minas Gerais,452456,Zona Metalúrgica,4530,CONCEIÇÃO DO MATO DENTRO,13,Itacolomi,False,139
30,Minas Gerais,452456,Zona Metalúrgica,4530,CONCEIÇÃO DO MATO DENTRO,15,Santo Antônio do Norte,False,139
30,Minas Gerais,452456,Zona Metalúrgica,4530,CONCEIÇÃO DO MATO DENTRO,17,Santo Antônio do Rio Abaixo,False,139
30,Minas Gerais,452456,Zona Metalúrgica,4530,CONCEIÇÃO DO MATO DENTRO,19,São Sebastião do Rio Prêto,False,139
30,Minas Gerais,452456,Zona Metalúrgica,4531,CONGONHAS,1,Congonhas,False,139
30,Minas Gerais,452456,Zona Metalúrgica,4531,CONGONHAS,3,Alto Maranhão,False,139
30,Minas Gerais,452456,Zona Metalúrgica,4531,CONGONHAS,5,Lôbo Leite,False,139
30,Minas Gerais,452456,Zona Metalúrgica,4532,CONSELHEIRO LAFAIETE,1,Conselheiro Lafaiete,False,139
30,Minas Gerais,452456,Zona Metalúrgica,4532,CONSELHEIRO LAFAIETE,3,Buarque de Macedo,False,139
30,Minas Gerais,452456,Zona Metalúrgica,4532,CONSELHEIRO LAFAIETE,5,Catas Altas da Noruega,False,139
30,Minas Gerais,452456,Zona Metalúrgica,4532,CONSELHEIRO LAFAIETE,7,Cristiano Otoni,False,139
30,Minas Gerais,452456,Zona Metalúrgica,4532,CONSELHEIRO LAFAIETE,9,Itaverava,False,139
30,Minas Gerais,452456,Zona Metalúrgica,4532,CONSELHEIRO LAFAIETE,11,Joselândia,False,139
30,Minas Gerais,452456,Zona Metalúrgica,4532,CONSELHEIRO LAFAIETE,13,Queluzita,False,139
30,Minas Gerais,452456,Zona Metalúrgica,4532,CONSELHEIRO LAFAIETE,15,Santana dos Montes,False,139
30,Minas Gerais,452456,Zona Metalúrgica,4533,CONTAGEM,1,Contagem,False,139
30,Minas Gerais,452456,Zona Metalúrgica,4533,CONTAGEM,3,Parque Industrial,False,139
30,Minas Gerais,452456,Zona Metalúrgica,4534,CORDISBURGO,1,Cordisburgo,False,139
30,Minas Gerais,452456,Zona Metalúrgica,4534,CORDISBURGO,3,Lagoa Bonita,False,139
30,Minas Gerais,452456,Zona Metalúrgica,4535,ESMERALDAS,1,Esmeraldas,False,139
30,Minas Gerais,452456,Zona Metalúrgica,4535,ESMERALDAS,3,Andiroba,False,139
30,Minas Gerais,452456,Zona Metalúrgica,4535,ESMERALDAS,5,Melo Viana,False,139
30,Minas Gerais,452456,Zona Metalúrgica,4536,INHAÚMA,1,Inhaúma,False,139
30,Minas Gerais,452456,Zona Metalúrgica,4536,INHAÚMA,3,Fortuna,False,139
30,Minas Gerais,452456,Zona Metalúrgica,4537,ITABIRA,1,Itabira,False,139
30,Minas Gerais,452456,Zona Metalúrgica,4537,ITABIRA,3,Ipoema,False,140
30,Minas Gerais,452456,Zona Metalúrgica,4537,ITABIRA,5,Senhora do Carmo,False,140
30,Minas Gerais,452456,Zona Metalúrgica,4538,ITABIRITO,1,Itabirito,False,140
30,Minas Gerais,452456,Zona Metalúrgica,4538,ITABIRITO,3,Acuruí,False,140
30,Minas Gerais,452456,Zona Metalúrgica,4538,ITABIRITO,5,Bação,False,140
30,Minas Gerais,452456,Zona Metalúrgica,4538,ITABIRITO,7,São Gonçalo do Monte,False,140
30,Minas Gerais,452456,Zona Metalúrgica,4539,JABOTICATUBAS,1,Jaboticatubas,False,140
30,Minas Gerais,452456,Zona Metalúrgica,4539,JABOTICATUBAS,3,Almeida,False,140
30,Minas Gerais,452456,Zona Metalúrgica,4539,JABOTICATUBAS,5,Riacho Fundo,False,140
30,Minas Gerais,452456,Zona Metalúrgica,4540,JEQUITIBÁ,1,Jequitibá,False,140
30,Minas Gerais,452456,Zona Metalúrgica,4540,JEQUITIBÁ,3,Funilândia,False,140
30,Minas Gerais,452456,Zona Metalúrgica,4541,LAGOA SANTA,1,Lagoa Santa,False,140
30,Minas Gerais,452456,Zona Metalúrgica,4541,LAGOA SANTA,3,Confins,False,140
30,Minas Gerais,452456,Zona Metalúrgica,4541,LAGOA SANTA,5,Lapinha,False,140
30,Minas Gerais,452456,Zona Metalúrgica,4542,MARIANA,1,Mariana,False,140
30,Minas Gerais,452456,Zona Metalúrgica,4542,MARIANA,3,Acaiaca,False,140
30,Minas Gerais,452456,Zona Metalúrgica,4542,MARIANA,5,Bandeirantes,False,140
30,Minas Gerais,452456,Zona Metalúrgica,4542,MARIANA,7,Cachoeira do Brumado,False,140
30,Minas Gerais,452456,Zona Metalúrgica,4542,MARIANA,9,Camargos,False,140
30,Minas Gerais,452456,Zona Metalúrgica,4542,MARIANA,11,Cláudio Manuel,False,140
30,Minas Gerais,452456,Zona Metalúrgica,4542,MARIANA,13,Diogo de Vasconcelos [140.26],False,140
30,Minas Gerais,452456,Zona Metalúrgica,4542,MARIANA,15,Furquim,False,140
30,Minas Gerais,452456,Zona Metalúrgica,4542,MARIANA,17,Monsenhor Horta,False,140
30,Minas Gerais,452456,Zona Metalúrgica,4542,MARIANA,19,Padre Viegas,False,140
30,Minas Gerais,452456,Zona Metalúrgica,4542,MARIANA,21,Passagem de Mariana,False,140
30,Minas Gerais,452456,Zona Metalúrgica,4542,MARIANA,23,Santa Rita Durão,False,140
30,Minas Gerais,452456,Zona Metalúrgica,4543,MATOZINHOS,1,Matozinhos,False,140
30,Minas Gerais,452456,Zona Metalúrgica,4543,MATOZINHOS,3,Mocambeiro,False,140
30,Minas Gerais,452456,Zona Metalúrgica,4543,MATOZINHOS,5,Prudente de Morais,False,140
30,Minas Gerais,452456,Zona Metalúrgica,4544,MOEDA,1,Moeda,False,141
30,Minas Gerais,452456,Zona Metalúrgica,4544,MOEDA,3,Côco,False,141
30,Minas Gerais,452456,Zona Metalúrgica,4545,MORRO DO PILAR,1,Morro do Pilar,False,141
30,Minas Gerais,452456,Zona Metalúrgica,4546,NOVA LIMA,1,Nova Lima,False,141
30,Minas Gerais,452456,Zona Metalúrgica,4547,OURO BRANCO,1,Ouro Branco,False,141
30,Minas Gerais,452456,Zona Metalúrgica,4548,OURO PRÊTO,1,Ouro Prêto,False,141
30,Minas Gerais,452456,Zona Metalúrgica,4548,OURO PRÊTO,3,Amarantina,False,141
30,Minas Gerais,452456,Zona Metalúrgica,4548,OURO PRÊTO,5,Antônio Pereira,False,141
30,Minas Gerais,452456,Zona Metalúrgica,4548,OURO PRÊTO,7,Cachoeira do Campo,False,141
30,Minas Gerais,452456,Zona Metalúrgica,4548,OURO PRÊTO,9,Engenheiro Correia,False,141
30,Minas Gerais,452456,Zona Metalúrgica,4548,OURO PRÊTO,11,Glaura,False,141
30,Minas Gerais,452456,Zona Metalúrgica,4548,OURO PRÊTO,13,Miguel Burnier,False,141
30,Minas Gerais,452456,Zona Metalúrgica,4548,OURO PRÊTO,15,Santa Rita de Ouro Prêto,False,141
30,Minas Gerais,452456,Zona Metalúrgica,4548,OURO PRÊTO,17,Santo Antônio do Leite,False,141
30,Minas Gerais,452456,Zona Metalúrgica,4548,OURO PRÊTO,19,São Bartolomeu,False,141
30,Minas Gerais,452456,Zona Metalúrgica,4549,PARAOPEBA,1,Paraopeba,False,141
30,Minas Gerais,452456,Zona Metalúrgica,4549,PARAOPEBA,3,Araçaí,False,141
30,Minas Gerais,452456,Zona Metalúrgica,4550,PEDRO LEOPOLDO,1,Pedro Leopoldo,False,141
30,Minas Gerais,452456,Zona Metalúrgica,4550,PEDRO LEOPOLDO,3,Fidalgo,False,141
30,Minas Gerais,452456,Zona Metalúrgica,4550,PEDRO LEOPOLDO,5,Pindaré,False,141
30,Minas Gerais,452456,Zona Metalúrgica,4551,RAPOSOS,1,Raposos,False,141
30,Minas Gerais,452456,Zona Metalúrgica,4552,RIBEIRÃO DAS NEVES,1,Ribeirão das Neves,False,141
30,Minas Gerais,452456,Zona Metalúrgica,4552,RIBEIRÃO DAS NEVES,3,Justinópolis,False,141
30,Minas Gerais,452456,Zona Metalúrgica,4553,RIO ACIMA,1,Rio Acima,False,141
30,Minas Gerais,452456,Zona Metalúrgica,4554,RIO PIRACICABA,1,Rio Piracicaba,False,142
30,Minas Gerais,452456,Zona Metalúrgica,4554,RIO PIRACICABA,3,Conceição de Piracicaba,False,142
30,Minas Gerais,452456,Zona Metalúrgica,4554,RIO PIRACICABA,5,João Monlevade,False,142
30,Minas Gerais,452456,Zona Metalúrgica,4554,RIO PIRACICABA,7,Padre Pinto,False,142
30,Minas Gerais,452456,Zona Metalúrgica,4555,SABARÁ,1,Sabará,False,142
30,Minas Gerais,452456,Zona Metalúrgica,4555,SABARÁ,3,Marzagânia,False,142
30,Minas Gerais,452456,Zona Metalúrgica,4555,SABARÁ,5,Mestre Caetano,False,142
30,Minas Gerais,452456,Zona Metalúrgica,4555,SABARÁ,7,Ravena,False,142
30,Minas Gerais,452456,Zona Metalúrgica,4556,SANTA BÁRBARA,1,Santa Bárbara,False,142
30,Minas Gerais,452456,Zona Metalúrgica,4556,SANTA BÁRBARA,3,Barra Feliz,False,142
30,Minas Gerais,452456,Zona Metalúrgica,4556,SANTA BÁRBARA,5,Brumal,False,142
30,Minas Gerais,452456,Zona Metalúrgica,4556,SANTA BÁRBARA,7,Catas Altas,False,142
30,Minas Gerais,452456,Zona Metalúrgica,4556,SANTA BÁRBARA,9,Conceição do Rio Acima,False,142
30,Minas Gerais,452456,Zona Metalúrgica,4556,SANTA BÁRBARA,11,Florália,False,142
30,Minas Gerais,452456,Zona Metalúrgica,4556,SANTA BÁRBARA,13,São Gonçalo do Rio Abaixo,False,142
30,Minas Gerais,452456,Zona Metalúrgica,4557,SANTA LUZIA,1,Santa Luzia,False,142
30,Minas Gerais,452456,Zona Metalúrgica,4558,SANTA MARIA DE ITABIRA,1,Santa Maria de Itabira,False,142
30,Minas Gerais,452456,Zona Metalúrgica,4558,SANTA MARIA DE ITABIRA,3,Itambé do Mato Dentro,False,142
30,Minas Gerais,452456,Zona Metalúrgica,4558,SANTA MARIA DE ITABIRA,5,Itauninha,False,142
30,Minas Gerais,452456,Zona Metalúrgica,4558,SANTA MARIA DE ITABIRA,7,Passabém,False,142
30,Minas Gerais,452456,Zona Metalúrgica,4559,SANTANA DE PIRAPAMA,1,Santana de Pirapama,False,142
30,Minas Gerais,452456,Zona Metalúrgica,4560,SETE LAGOAS,1,Sete Lagoas,False,142
30,Minas Gerais,452456,Zona Metalúrgica,4560,SETE LAGOAS,3,Silva Xavier,False,142
30,Minas Gerais,452456,Zona Metalúrgica,4561,VESPASIANO,1,Vespasiano,False,142
30,Minas Gerais,460462,Zona dos Campos da Mantiqueira Mineira,4600,ANTÔNIO CARLOS,1,Antônio Carlos,False,142
30,Minas Gerais,460462,Zona dos Campos da Mantiqueira Mineira,4601,BARBACENA,1,Barbacena,False,143
30,Minas Gerais,460462,Zona dos Campos da Mantiqueira Mineira,4601,BARBACENA,3,Correia de Almeida,False,143
30,Minas Gerais,460462,Zona dos Campos da Mantiqueira Mineira,4601,BARBACENA,5,Destêrro do Melo,False,143
30,Minas Gerais,460462,Zona dos Campos da Mantiqueira Mineira,4601,BARBACENA,7,Ibertioga,False,143
30,Minas Gerais,460462,Zona dos Campos da Mantiqueira Mineira,4601,BARBACENA,9,Padre Brito,False,143
30,Minas Gerais,460462,Zona dos Campos da Mantiqueira Mineira,4601,BARBACENA,11,Tugúrio,False,143
30,Minas Gerais,460462,Zona dos Campos da Mantiqueira Mineira,4602,BARROSO,1,Barroso,False,143
30,Minas Gerais,460462,Zona dos Campos da Mantiqueira Mineira,4603,BELO VALE,1,Belo Vale,False,143
30,Minas Gerais,460462,Zona dos Campos da Mantiqueira Mineira,4603,BELO VALE,3,Santana do Paraopeba,False,143
30,Minas Gerais,460462,Zona dos Campos da Mantiqueira Mineira,4604,BONFIM,1,Bonfim,False,143
30,Minas Gerais,460462,Zona dos Campos da Mantiqueira Mineira,4604,BONFIM,3,Piedade dos Gerais,False,143
30,Minas Gerais,460462,Zona dos Campos da Mantiqueira Mineira,4604,BONFIM,5,Rio Manso,False,143
30,Minas Gerais,460462,Zona dos Campos da Mantiqueira Mineira,4604,BONFIM,7,Santo Antônio da Vargem Alegre,False,143
30,Minas Gerais,460462,Zona dos Campos da Mantiqueira Mineira,4605,CAPELA NOVA,1,Capela Nova,False,143
30,Minas Gerais,460462,Zona dos Campos da Mantiqueira Mineira,4606,CARANDAÍ,1,Carandaí,False,143
30,Minas Gerais,460462,Zona dos Campos da Mantiqueira Mineira,4606,CARANDAÍ,3,Caranaíba,False,143
30,Minas Gerais,460462,Zona dos Campos da Mantiqueira Mineira,4606,CARANDAÍ,5,Hermilo Alves,False,143
30,Minas Gerais,460462,Zona dos Campos da Mantiqueira Mineira,4607,CRUCILÂNDIA,1,Crucilândia,False,143
30,Minas Gerais,460462,Zona dos Campos da Mantiqueira Mineira,4608,DESTÊRRO DE ENTRE RIOS,1,Destêrro de Entre Rios,False,143
30,Minas Gerais,460462,Zona dos Campos da Mantiqueira Mineira,4608,DESTÊRRO DE ENTRE RIOS,3,São Sebastião do Gil,False,143
30,Minas Gerais,460462,Zona dos Campos da Mantiqueira Mineira,4609,DORES DE CAMPOS,1,Dores de Campos,False,143
30,Minas Gerais,460462,Zona dos Campos da Mantiqueira Mineira,4610,ENTRE RIOS DE MINAS,1,Entre Rios de Minas,False,143
30,Minas Gerais,460462,Zona dos Campos da Mantiqueira Mineira,4610,ENTRE RIOS DE MINAS,3,Serra do Camapuã,False,143
30,Minas Gerais,460462,Zona dos Campos da Mantiqueira Mineira,4611,JECEABA,1,Jeceaba,False,143
30,Minas Gerais,460462,Zona dos Campos da Mantiqueira Mineira,4611,JECEABA,3,Bituri,False,144
30,Minas Gerais,460462,Zona dos Campos da Mantiqueira Mineira,4612,LAGOA DOURADA,1,Lagoa Dourada,False,144
30,Minas Gerais,460462,Zona dos Campos da Mantiqueira Mineira,4612,LAGOA DOURADA,3,Casa Grande,False,144
30,Minas Gerais,460462,Zona dos Campos da Mantiqueira Mineira,4613,NAZARENO,1,Nazareno,False,144
30,Minas Gerais,460462,Zona dos Campos da Mantiqueira Mineira,4614,PRADOS,1,Prados,False,144
30,Minas Gerais,460462,Zona dos Campos da Mantiqueira Mineira,4614,PRADOS,3,Corôas,False,144
30,Minas Gerais,460462,Zona dos Campos da Mantiqueira Mineira,4615,RESENDE COSTA,1,Resende Costa,False,144
30,Minas Gerais,460462,Zona dos Campos da Mantiqueira Mineira,4615,RESENDE COSTA,3,Jacarandira,False,144
30,Minas Gerais,460462,Zona dos Campos da Mantiqueira Mineira,4616,RESSAQUINHA,1,Ressaquinha,False,144
30,Minas Gerais,460462,Zona dos Campos da Mantiqueira Mineira,4617,SÃO BRÁS DO SUAÇUÍ,1,São Brás do Suaçuí,False,144
30,Minas Gerais,460462,Zona dos Campos da Mantiqueira Mineira,4618,SÃO JOÃO DEL REI,1,São João del Rei,False,144
30,Minas Gerais,460462,Zona dos Campos da Mantiqueira Mineira,4618,SÃO JOÃO DEL REI,3,Arcângelo,False,144
30,Minas Gerais,460462,Zona dos Campos da Mantiqueira Mineira,4618,SÃO JOÃO DEL REI,5,Caburu,False,144
30,Minas Gerais,460462,Zona dos Campos da Mantiqueira Mineira,4618,SÃO JOÃO DEL REI,7,Cassiterita,False,144
30,Minas Gerais,460462,Zona dos Campos da Mantiqueira Mineira,4618,SÃO JOÃO DEL REI,9,Emboabas,False,144
30,Minas Gerais,460462,Zona dos Campos da Mantiqueira Mineira,4618,SÃO JOÃO DEL REI,11,Rio das Mortes,False,144
30,Minas Gerais,460462,Zona dos Campos da Mantiqueira Mineira,4618,SÃO JOÃO DEL REI,13,Santa Rita do Rio Abaixo,False,144
30,Minas Gerais,460462,Zona dos Campos da Mantiqueira Mineira,4618,SÃO JOÃO DEL REI,15,São Sebastião da Vitória,False,144
30,Minas Gerais,460462,Zona dos Campos da Mantiqueira Mineira,4619,SENHORA DOS REMÉDIOS,1,Senhora dos Remédios,False,144
30,Minas Gerais,460462,Zona dos Campos da Mantiqueira Mineira,4620,TIRADENTES,1,Tiradentes,False,144
30,Minas Gerais,403415,Zona Sul,4030,AIURUOCA,1,Aiuruoca,False,144
30,Minas Gerais,403415,Zona Sul,4031,ALFENAS,1,Alfenas,False,144
30,Minas Gerais,403415,Zona Sul,4031,ALFENAS,3,Barranco Alto,False,145
30,Minas Gerais,403415,Zona Sul,4032,ALPINÓPOLIS,1,Alpinópolis,False,145
30,Minas Gerais,403415,Zona Sul,4032,ALPINÓPOLIS,3,São José da Barra,False,145
30,Minas Gerais,403415,Zona Sul,4033,ALTEROSA,1,Alterosa,False,145
30,Minas Gerais,403415,Zona Sul,4034,ANDRADAS,1,Andradas,False,145
30,Minas Gerais,403415,Zona Sul,4034,ANDRADAS,3,Gramínea,False,145
30,Minas Gerais,403415,Zona Sul,4035,ANDRELÂNDIA,1,Andrelândia,False,145
30,Minas Gerais,403415,Zona Sul,4036,ARCEBURGO,1,Arceburgo,False,145
30,Minas Gerais,403415,Zona Sul,4037,AREADO,1,Areado,False,145
30,Minas Gerais,403415,Zona Sul,4038,BAEPENDI,1,Baependi,False,145
30,Minas Gerais,403415,Zona Sul,4038,BAEPENDI,3,São Tomé das Letras,False,145
30,Minas Gerais,403415,Zona Sul,4039,BOA ESPERANÇA,1,Boa Esperança,False,145
30,Minas Gerais,403415,Zona Sul,4040,BOCAINA DE MINAS,1,Bocaina de Minas,False,145
30,Minas Gerais,403415,Zona Sul,4040,BOCAINA DE MINAS,3,Mirantão,False,145
30,Minas Gerais,403415,Zona Sul,4041,BOM JARDIM DE MINAS,1,Bom Jardim de Minas,False,145
30,Minas Gerais,403415,Zona Sul,4041,BOM JARDIM DE MINAS,3,Arantina,False,145
30,Minas Gerais,403415,Zona Sul,4041,BOM JARDIM DE MINAS,5,Tabuão,False,145
30,Minas Gerais,403415,Zona Sul,4042,BOM REPOUSO,1,Bom Repouso,False,145
30,Minas Gerais,403415,Zona Sul,4043,BORDA DA MATA,1,Borda da Mata,False,145
30,Minas Gerais,403415,Zona Sul,4043,BORDA DA MATA,3,Sertãozinho,False,145
30,Minas Gerais,403415,Zona Sul,4043,BORDA DA MATA,5,Tocos do Mogi,False,145
30,Minas Gerais,403415,Zona Sul,4044,BOTELHOS,1,Botelhos,False,146
30,Minas Gerais,403415,Zona Sul,4044,BOTELHOS,3,Palmeiral,False,146
30,Minas Gerais,403415,Zona Sul,4045,BRAZÓPOLIS,1,Brazópolis,False,146
30,Minas Gerais,403415,Zona Sul,4045,BRAZÓPOLIS,3,Dias,False,146
30,Minas Gerais,403415,Zona Sul,4045,BRAZÓPOLIS,5,Luminosa,False,146
30,Minas Gerais,403415,Zona Sul,4045,BRAZÓPOLIS,7,Olegário Maciel,False,146
30,Minas Gerais,403415,Zona Sul,4045,BRAZÓPOLIS,9,Piranguinho,False,146
30,Minas Gerais,403415,Zona Sul,4046,BUENO BRANDÃO,1,Bueno Brandão,False,146
30,Minas Gerais,403415,Zona Sul,4047,CABO VERDE,1,Cabo Verde,False,146
30,Minas Gerais,403415,Zona Sul,4048,CACHOEIRA DE MINAS,1,Cachoeira de Minas,False,146
30,Minas Gerais,403415,Zona Sul,4048,CACHOEIRA DE MINAS,3,Itaim,False,146
30,Minas Gerais,403415,Zona Sul,4049,CALDAS,1,Caldas,False,146
30,Minas Gerais,403415,Zona Sul,4049,CALDAS,3,Ibitiúra,False,146
30,Minas Gerais,403415,Zona Sul,4049,CALDAS,5,Santana de Caldas,False,146
30,Minas Gerais,403415,Zona Sul,4049,CALDAS,7,São Pedro de Caldas,False,146
30,Minas Gerais,403415,Zona Sul,4050,CAMANDUCAIA,1,Camanducaia,False,146
30,Minas Gerais,403415,Zona Sul,4050,CAMANDUCAIA,3,Itapeva,False,146
30,Minas Gerais,403415,Zona Sul,4051,CAMBUÍ,1,Cambuí,False,146
30,Minas Gerais,403415,Zona Sul,4051,CAMBUÍ,3,Senador Amaral,False,146
30,Minas Gerais,403415,Zona Sul,4052,CAMBUQUIRA,1,Cambuquira,False,146
30,Minas Gerais,403415,Zona Sul,4053,CAMPANHA,1,Campanha,False,146
30,Minas Gerais,403415,Zona Sul,4054,CAMPESTRE,1,Campestre,False,146
30,Minas Gerais,403415,Zona Sul,4054,CAMPESTRE,3,Bandeira do Sul,False,146
30,Minas Gerais,403415,Zona Sul,4055,CAMPO DO MEIO,1,Campo do Meio,False,147
30,Minas Gerais,403415,Zona Sul,4056,CAMPOS GERAIS,1,Campos Gerais,False,147
30,Minas Gerais,403415,Zona Sul,4056,CAMPOS GERAIS,3,Córrego do Ouro,False,147
30,Minas Gerais,403415,Zona Sul,4057,CANA DO REINO,1,Cana do Reino,False,147
30,Minas Gerais,403415,Zona Sul,4058,CAPETINGA,1,Capetinga,False,147
30,Minas Gerais,403415,Zona Sul,4058,CAPETINGA,3,Goianases,False,147
30,Minas Gerais,403415,Zona Sul,4059,CAREAÇU,1,Careaçu,False,147
30,Minas Gerais,403415,Zona Sul,4060,CARMO DA CACHOEIRA,1,Carmo da Cachoeira,False,147
30,Minas Gerais,403415,Zona Sul,4060,CARMO DA CACHOEIRA,3,Eremita,False,147
30,Minas Gerais,403415,Zona Sul,4061,CARMO DE MINAS,1,Carmo de Minas,False,147
30,Minas Gerais,403415,Zona Sul,4062,CARMO DO RIO CLARO,1,Carmo do Rio Claro,False,147
30,Minas Gerais,403415,Zona Sul,4062,CARMO DO RIO CLARO,3,Itaci,False,147
30,Minas Gerais,403415,Zona Sul,4063,CARRANCAS,1,Carrancas,False,147
30,Minas Gerais,403415,Zona Sul,4064,CARVALHOS,1,Carvalhos,False,147
30,Minas Gerais,403415,Zona Sul,4065,CÁSSIA,1,Cássia,False,147
30,Minas Gerais,403415,Zona Sul,4066,CAXAMBU,1,Caxambu,False,147
30,Minas Gerais,403415,Zona Sul,4067,CLARAVAL,1,Claraval,False,147
30,Minas Gerais,403415,Zona Sul,4068,CONCEIÇÃO DA APARECIDA,1,Conceição da Aparecida,False,147
30,Minas Gerais,403415,Zona Sul,4069,CONCEIÇÃO DO RIO VERDE,1,Conceição do Rio Verde,False,148
30,Minas Gerais,403415,Zona Sul,4069,CONCEIÇÃO DO RIO VERDE,3,Águas de Contendas,False,148
30,Minas Gerais,403415,Zona Sul,4070,CONCEIÇÃO DOS OUROS,1,Conceição dos Ouros,False,148
30,Minas Gerais,403415,Zona Sul,4071,CONGONHAL,1,Congonhal,False,148
30,Minas Gerais,403415,Zona Sul,4071,CONGONHAL,3,Senador José Bento,False,148
30,Minas Gerais,403415,Zona Sul,4072,COQUEIRAL,1,Coqueiral,False,148
30,Minas Gerais,403415,Zona Sul,4072,COQUEIRAL,3,Frei Eustáquio,False,148
30,Minas Gerais,403415,Zona Sul,4073,CÓRREGO DO BOM JESUS,1,Córrego do Bom Jesus,False,148
30,Minas Gerais,403415,Zona Sul,4074,CRISTINA,1,Cristina,False,148
30,Minas Gerais,403415,Zona Sul,4074,CRISTINA,3,Olímpio Noronha,False,148
30,Minas Gerais,403415,Zona Sul,4075,CRUZÍLIA,1,Cruzília,False,148
30,Minas Gerais,403415,Zona Sul,4076,DELFIM MOREIRA,1,Delfim Moreira,False,148
30,Minas Gerais,403415,Zona Sul,4076,DELFIM MOREIRA,3,Queimada,False,148
30,Minas Gerais,403415,Zona Sul,4077,DELFINÓPOLIS,1,Delfinópolis,False,148
30,Minas Gerais,403415,Zona Sul,4077,DELFINÓPOLIS,3,Babilônia,False,148
30,Minas Gerais,403415,Zona Sul,4078,DIVISA NOVA,1,Divisa Nova,False,148
30,Minas Gerais,403415,Zona Sul,4079,DOM VIÇOSO,1,Dom Viçoso,False,148
30,Minas Gerais,403415,Zona Sul,4080,ELÓI MENDES,1,Elói Mendes,False,148
30,Minas Gerais,403415,Zona Sul,4081,ESTIVA,1,Estiva,False,148
30,Minas Gerais,403415,Zona Sul,4081,ESTIVA,3,Pântano,False,148
30,Minas Gerais,403415,Zona Sul,4082,EXTREMA,1,Extrema,False,149
30,Minas Gerais,403415,Zona Sul,4083,FAMA,1,Fama,False,149
30,Minas Gerais,403415,Zona Sul,4084,GUAPÉ,1,Guapé,False,149
30,Minas Gerais,403415,Zona Sul,4084,GUAPÉ,3,Araúna,False,149
30,Minas Gerais,403415,Zona Sul,4085,GUARANÉSIA,1,Guaranésia,False,149
30,Minas Gerais,403415,Zona Sul,4085,GUARANÉSIA,3,Santa Cruz do Prata,False,149
30,Minas Gerais,403415,Zona Sul,4086,GUAXUPÉ,1,Guaxupé,False,149
30,Minas Gerais,403415,Zona Sul,4087,HELIODORA,1,Heliodora,False,149
30,Minas Gerais,403415,Zona Sul,4088,IBIRACI,1,Ibiraci,False,149
30,Minas Gerais,403415,Zona Sul,4089,ILICÍNEA,1,Ilicínea,False,149
30,Minas Gerais,403415,Zona Sul,4090,IPUIÚNA,1,Ipuiúna,False,149
30,Minas Gerais,403415,Zona Sul,4091,ITAJUBÁ,1,Itajubá,False,149
30,Minas Gerais,403415,Zona Sul,4091,ITAJUBÁ,3,Bicas do Meio,False,149
30,Minas Gerais,403415,Zona Sul,4091,ITAJUBÁ,5,Lourenço Velho,False,149
30,Minas Gerais,403415,Zona Sul,4091,ITAJUBÁ,7,Piranguçu,False,149
30,Minas Gerais,403415,Zona Sul,4092,ITAMOGI,1,Itamogi,False,149
30,Minas Gerais,403415,Zona Sul,4093,ITAMONTE,1,Itamonte,False,149
30,Minas Gerais,403415,Zona Sul,4093,ITAMONTE,3,Alagoa,False,149
30,Minas Gerais,403415,Zona Sul,4094,ITANHANDU,1,Itanhandu,False,149
30,Minas Gerais,403415,Zona Sul,4095,ITUMIRIM,1,Itumirim,False,150
30,Minas Gerais,403415,Zona Sul,4095,ITUMIRIM,3,Ingaí,False,150
30,Minas Gerais,403415,Zona Sul,4096,ITUTINGA,1,Itutinga,False,150
30,Minas Gerais,403415,Zona Sul,4097,JACUÍ,1,Jacuí,False,150
30,Minas Gerais,403415,Zona Sul,4097,JACUÍ,3,Santa Cruz das Areias,False,150
30,Minas Gerais,403415,Zona Sul,4098,JACUTINGA,1,Jacutinga,False,150
30,Minas Gerais,403415,Zona Sul,4098,JACUTINGA,3,Albertina,False,150
30,Minas Gerais,403415,Zona Sul,4098,JACUTINGA,5,São Sebastião dos Robertos,False,150
30,Minas Gerais,403415,Zona Sul,4098,JACUTINGA,7,Sapucaí,False,150
30,Minas Gerais,403415,Zona Sul,4099,JESUÂNIA,1,Jesuânia,False,150
30,Minas Gerais,403415,Zona Sul,4100,JURUAIA,1,Juruaia,False,150
30,Minas Gerais,403415,Zona Sul,4101,LAMBARI,1,Lambari,False,150
30,Minas Gerais,403415,Zona Sul,4102,LAVRAS,1,Lavras,False,150
30,Minas Gerais,403415,Zona Sul,4102,LAVRAS,3,Ijaci,False,150
30,Minas Gerais,403415,Zona Sul,4103,LIBERDADE,1,Liberdade,False,150
30,Minas Gerais,403415,Zona Sul,4104,LUMINÁRIAS,1,Luminárias,False,150
30,Minas Gerais,403415,Zona Sul,4105,MACHADO,1,Machado,False,150
30,Minas Gerais,403415,Zona Sul,4105,MACHADO,3,Douradinho,False,150
30,Minas Gerais,403415,Zona Sul,4106,MADRE DE DEUS DE MINAS,1,Madre de Deus de Minas,False,150
30,Minas Gerais,403415,Zona Sul,4107,MARIA DA FÉ,1,Maria da Fé,False,150
30,Minas Gerais,403415,Zona Sul,4107,MARIA DA FÉ,3,Pintos Negreiros,False,150
30,Minas Gerais,403415,Zona Sul,4108,MINDURI,1,Minduri,False,151
30,Minas Gerais,403415,Zona Sul,4109,MONSENHOR PAULO,1,Monsenhor Paulo,False,151
30,Minas Gerais,403415,Zona Sul,4110,MONTE BELO,1,Monte Belo,False,151
30,Minas Gerais,403415,Zona Sul,4110,MONTE BELO,3,Juréia,False,151
30,Minas Gerais,403415,Zona Sul,4110,MONTE BELO,5,Santa Cruz da Aparecida,False,151
30,Minas Gerais,403415,Zona Sul,4111,MONTE SANTO DE MINAS,1,Monte Santo de Minas,False,151
30,Minas Gerais,403415,Zona Sul,4111,MONTE SANTO DE MINAS,3,Milagre,False,151
30,Minas Gerais,403415,Zona Sul,4112,MONTE SIÃO,1,Monte Sião,False,151
30,Minas Gerais,403415,Zona Sul,4113,MUNHOZ,1,Munhoz,False,151
30,Minas Gerais,403415,Zona Sul,4114,MUZAMBINHO,1,Muzambinho,False,151
30,Minas Gerais,403415,Zona Sul,4115,NATÉRCIA,1,Natércia,False,151
30,Minas Gerais,403415,Zona Sul,4115,NATÉRCIA,3,Conceição da Pedra,False,151
30,Minas Gerais,403415,Zona Sul,4116,NEPOMUCENO,1,Nepomuceno,False,151
30,Minas Gerais,403415,Zona Sul,4117,NOVA RESENDE,1,Nova Resende,False,151
30,Minas Gerais,403415,Zona Sul,4117,NOVA RESENDE,3,Bom Jesus da Penha,False,151
30,Minas Gerais,403415,Zona Sul,4117,NOVA RESENDE,5,Petúnia,False,151
30,Minas Gerais,403415,Zona Sul,4118,OURO FINO,1,Ouro Fino,False,151
30,Minas Gerais,403415,Zona Sul,4118,OURO FINO,3,Crisólia,False,151
30,Minas Gerais,403415,Zona Sul,4118,OURO FINO,5,Inconfidentes,False,151
30,Minas Gerais,403415,Zona Sul,4119,PARAGUAÇU,1,Paraguaçu,False,151
30,Minas Gerais,403415,Zona Sul,4119,PARAGUAÇU,3,Guaipava,False,151
30,Minas Gerais,403415,Zona Sul,4120,PARAISÓPOLIS,1,Paraisópolis,False,152
30,Minas Gerais,403415,Zona Sul,4120,PARAISÓPOLIS,3,Consolação,False,152
30,Minas Gerais,403415,Zona Sul,4120,PARAISÓPOLIS,5,Costas,False,152
30,Minas Gerais,403415,Zona Sul,4120,PARAISÓPOLIS,7,Gonçalves,False,152
30,Minas Gerais,403415,Zona Sul,4121,PASSA QUATRO,1,Passa Quatro,False,152
30,Minas Gerais,403415,Zona Sul,4121,PASSA QUATRO,3,Pé do Morro,False,152
30,Minas Gerais,403415,Zona Sul,4121,PASSA QUATRO,5,Pinheirinhos,False,152
30,Minas Gerais,403415,Zona Sul,4122,PASSA VINTE,1,Passa Vinte,False,152
30,Minas Gerais,403415,Zona Sul,4123,PASSOS,1,Passos,False,152
30,Minas Gerais,403415,Zona Sul,4124,PEDRALVA,1,Pedralva,False,152
30,Minas Gerais,403415,Zona Sul,4125,PIEDADE DO RIO GRANDE,1,Piedade do Rio Grande,False,152
30,Minas Gerais,403415,Zona Sul,4126,POÇO FUNDO,1,Poço Fundo,False,152
30,Minas Gerais,403415,Zona Sul,4126,POÇO FUNDO,3,Paiolinho,False,152
30,Minas Gerais,403415,Zona Sul,4127,POÇOS DE CALDAS,1,Poços de Caldas,False,152
30,Minas Gerais,403415,Zona Sul,4128,POUSO ALEGRE,1,Pouso Alegre,False,152
30,Minas Gerais,403415,Zona Sul,4129,POUSO ALTO,1,Pouso Alto,False,152
30,Minas Gerais,403415,Zona Sul,4129,POUSO ALTO,3,Santana do Capivari,False,152
30,Minas Gerais,403415,Zona Sul,4129,POUSO ALTO,5,São Sebastião do Rio Verde,False,152
30,Minas Gerais,403415,Zona Sul,4130,PRATÁPOLIS,1,Pratápolis,False,152
30,Minas Gerais,403415,Zona Sul,4130,PRATÁPOLIS,3,Itaú de Minas,False,152
30,Minas Gerais,403415,Zona Sul,4131,RIBEIRÃO VERMELHO,1,Ribeirão Vermelho,False,152
30,Minas Gerais,403415,Zona Sul,4132,SANTA RITA DE CALDAS,1,Santa Rita de Caldas,False,153
30,Minas Gerais,403415,Zona Sul,4132,SANTA RITA DE CALDAS,3,São Bento de Caldas,False,153
30,Minas Gerais,403415,Zona Sul,4133,SANTA RITA DE JACUTINGA,1,Santa Rita de Jacutinga,False,153
30,Minas Gerais,403415,Zona Sul,4133,SANTA RITA DE JACUTINGA,3,Itaboca,False,153
30,Minas Gerais,403415,Zona Sul,4134,SANTA RITA DO SAPUCAÍ,1,Santa Rita do Sapucaí,False,153
30,Minas Gerais,403415,Zona Sul,4134,SANTA RITA DO SAPUCAÍ,3,São Sebastião da Bela Vista,False,153
30,Minas Gerais,403415,Zona Sul,4135,SÃO GONÇALO DO SAPUCAÍ,1,São Gonçalo do Sapucaí,False,153
30,Minas Gerais,403415,Zona Sul,4135,SÃO GONÇALO DO SAPUCAÍ,3,Paredes do Sapucaí,False,153
30,Minas Gerais,403415,Zona Sul,4135,SÃO GONÇALO DO SAPUCAÍ,5,Retiro,False,153
30,Minas Gerais,403415,Zona Sul,4136,SÃO JOÃO BATISTA DO GLÓRIA,1,São João Batista do Glória,False,153
30,Minas Gerais,403415,Zona Sul,4137,SÃO JOSÉ DO ALEGRE,1,São José do Alegre,False,153
30,Minas Gerais,403415,Zona Sul,4138,SÃO LOURENÇO,1,São Lourenço,False,153
30,Minas Gerais,403415,Zona Sul,4139,SÃO PEDRO DA UNIÃO,1,São Pedro da União,False,153
30,Minas Gerais,403415,Zona Sul,4140,SÃO SEBASTIÃO DO PARAÍSO,1,São Sebastião do Paraíso,False,153
30,Minas Gerais,403415,Zona Sul,4140,SÃO SEBASTIÃO DO PARAÍSO,3,Guardinha,False,153
30,Minas Gerais,403415,Zona Sul,4141,SÃO TOMÁS DE AQUINO,1,São Tomás de Aquino,False,153
30,Minas Gerais,403415,Zona Sul,4142,SÃO VICENTE DE MINAS,1,São Vicente de Minas,False,153
30,Minas Gerais,403415,Zona Sul,4143,SAPUCAÍ MIRIM,1,Sapucaí Mirim,False,153
30,Minas Gerais,403415,Zona Sul,4144,SERRANIA,1,Serrania,False,153
30,Minas Gerais,403415,Zona Sul,4145,SERRANOS,1,Serranos,False,154
30,Minas Gerais,403415,Zona Sul,4145,SERRANOS,3,Seritinga,False,154
30,Minas Gerais,403415,Zona Sul,4146,SILVIANÓPOLIS,1,Silvianópolis,False,154
30,Minas Gerais,403415,Zona Sul,4146,SILVIANÓPOLIS,3,Espírito Santo do Dourado,False,154
30,Minas Gerais,403415,Zona Sul,4146,SILVIANÓPOLIS,5,São João da Mata,False,154
30,Minas Gerais,403415,Zona Sul,4147,SOLEDADE DE MINAS,1,Soledade de Minas,False,154
30,Minas Gerais,403415,Zona Sul,4148,TOLEDO,1,Toledo,False,154
30,Minas Gerais,403415,Zona Sul,4149,TRÊS CORAÇÕES,1,Três Corações,False,154
30,Minas Gerais,403415,Zona Sul,4150,TRÊS PONTAS,1,Três Pontas,False,154
30,Minas Gerais,403415,Zona Sul,4150,TRÊS PONTAS,3,Pontalete,False,154
30,Minas Gerais,403415,Zona Sul,4150,TRÊS PONTAS,5,Santana da Vargem,False,154
30,Minas Gerais,403415,Zona Sul,4151,VARGINHA,1,Varginha,False,154
30,Minas Gerais,403415,Zona Sul,4152,VIRGÍNIA,1,Virgínia,False,154
30,Minas Gerais,470475,Zona Oeste,4700,ABAETÉ,1,Abaeté,False,154
30,Minas Gerais,470475,Zona Oeste,4700,ABAETÉ,3,Cedro do Abaeté,False,154
30,Minas Gerais,470475,Zona Oeste,4700,ABAETÉ,5,Paineiras,False,154
30,Minas Gerais,470475,Zona Oeste,4701,ARAÚJOS,1,Araújos,False,154
30,Minas Gerais,470475,Zona Oeste,4702,ARCOS,1,Arcos,False,154
30,Minas Gerais,470475,Zona Oeste,4702,ARCOS,3,Japaraíba,False,154
30,Minas Gerais,470475,Zona Oeste,4703,BAMBUÍ,1,Bambuí,False,154
30,Minas Gerais,470475,Zona Oeste,4703,BAMBUÍ,3,Medeiros,False,154
30,Minas Gerais,470475,Zona Oeste,4704,BOM DESPACHO,1,Bom Despacho,False,155
30,Minas Gerais,470475,Zona Oeste,4704,BOM DESPACHO,3,Engenho do Ribeiro,False,155
30,Minas Gerais,470475,Zona Oeste,4705,BOM SUCESSO,1,Bom Sucesso,False,155
30,Minas Gerais,470475,Zona Oeste,4705,BOM SUCESSO,3,Ibituruna,False,155
30,Minas Gerais,470475,Zona Oeste,4705,BOM SUCESSO,5,Macaia,False,155
30,Minas Gerais,470475,Zona Oeste,4706,CAMPO BELO,1,Campo Belo,False,155
30,Minas Gerais,470475,Zona Oeste,4706,CAMPO BELO,3,Aguanil,False,155
30,Minas Gerais,470475,Zona Oeste,4707,CAMPOS ALTOS,1,Campos Altos,False,155
30,Minas Gerais,470475,Zona Oeste,4707,CAMPOS ALTOS,3,São Jerônimo dos Poções,False,155
30,Minas Gerais,470475,Zona Oeste,4708,CANDEIAS,1,Candeias,False,155
30,Minas Gerais,470475,Zona Oeste,4709,CAPITÓLIO,1,Capitólio,False,155
30,Minas Gerais,470475,Zona Oeste,4710,CARMO DA MATA,1,Carmo da Mata,False,155
30,Minas Gerais,470475,Zona Oeste,4711,CARMO DO CAJURU,1,Carmo do Cajuru,False,155
30,Minas Gerais,470475,Zona Oeste,4711,CARMO DO CAJURU,3,São José dos Salgados,False,155
30,Minas Gerais,470475,Zona Oeste,4712,CARMÓPOLIS DE MINAS,1,Carmópolis de Minas,False,155
30,Minas Gerais,470475,Zona Oeste,4713,CLÁUDIO,1,Cláudio,False,155
30,Minas Gerais,470475,Zona Oeste,4713,CLÁUDIO,3,Monsenhor João Alexandre,False,155
30,Minas Gerais,470475,Zona Oeste,4714,CÓRREGO DANTA,1,Córrego Danta,False,155
30,Minas Gerais,470475,Zona Oeste,4714,CÓRREGO DANTA,3,Cachoeirinha,False,155
30,Minas Gerais,470475,Zona Oeste,4715,CRISTAIS,1,Cristais,False,155
30,Minas Gerais,470475,Zona Oeste,4716,DIVINÓPOLIS,1,Divinópolis,False,155
30,Minas Gerais,470475,Zona Oeste,4716,DIVINÓPOLIS,3,Santo Antônio dos Campos,False,156
30,Minas Gerais,470475,Zona Oeste,4717,DORES DO INDAIÁ,1,Dores do Indaiá,False,156
30,Minas Gerais,470475,Zona Oeste,4717,DORES DO INDAIÁ,3,Comendador Viana,False,156
30,Minas Gerais,470475,Zona Oeste,4718,ESTRÊLA DO INDAIÁ,1,Estrêla do Indaiá,False,156
30,Minas Gerais,470475,Zona Oeste,4718,ESTRÊLA DO INDAIÁ,3,Baú,False,156
30,Minas Gerais,470475,Zona Oeste,4719,FORMIGA,1,Formiga,False,156
30,Minas Gerais,470475,Zona Oeste,4719,FORMIGA,3,Albertos,False,156
30,Minas Gerais,470475,Zona Oeste,4719,FORMIGA,5,Baiões,False,156
30,Minas Gerais,470475,Zona Oeste,4719,FORMIGA,7,Córrego Fundo,False,156
30,Minas Gerais,470475,Zona Oeste,4719,FORMIGA,9,Pontevila,False,156
30,Minas Gerais,470475,Zona Oeste,4720,GUIA LOPES,1,Guia Lopes,False,156
30,Minas Gerais,470475,Zona Oeste,4720,GUIA LOPES,3,São José do Barreiro,False,156
30,Minas Gerais,470475,Zona Oeste,4720,GUIA LOPES,5,Serra da Canastra,False,156
30,Minas Gerais,470475,Zona Oeste,4721,IGUATAMA,1,Iguatama,False,156
30,Minas Gerais,470475,Zona Oeste,4722,ITAGUARA,1,Itaguara,False,156
30,Minas Gerais,470475,Zona Oeste,4723,ITAPECERICA,1,Itapecerica,False,156
30,Minas Gerais,470475,Zona Oeste,4723,ITAPECERICA,3,Camacho,False,156
30,Minas Gerais,470475,Zona Oeste,4723,ITAPECERICA,5,Lamounier,False,156
30,Minas Gerais,470475,Zona Oeste,4723,ITAPECERICA,7,Marilândia,False,156
30,Minas Gerais,470475,Zona Oeste,4723,ITAPECERICA,9,Pedra do Indaiá,False,156
30,Minas Gerais,470475,Zona Oeste,4723,ITAPECERICA,11,São Sebastião do Curral,False,156
30,Minas Gerais,470475,Zona Oeste,4724,ITAÚNA,1,Itaúna,False,156
30,Minas Gerais,470475,Zona Oeste,4724,ITAÚNA,3,Itatiaiuçu,False,156
30,Minas Gerais,470475,Zona Oeste,4725,LAGOA DA PRATA,1,Lagoa da Prata,False,156
30,Minas Gerais,470475,Zona Oeste,4726,LUZ,1,Luz,False,157
30,Minas Gerais,470475,Zona Oeste,4726,LUZ,3,Esteios,False,157
30,Minas Gerais,470475,Zona Oeste,4727,MARAVILHAS,1,Maravilhas,False,157
30,Minas Gerais,470475,Zona Oeste,4728,MARTINHO CAMPOS,1,Martinho Campos,False,157
30,Minas Gerais,470475,Zona Oeste,4729,MATEUS LEME,1,Mateus Leme,False,157
30,Minas Gerais,470475,Zona Oeste,4729,MATEUS LEME,3,Azurita,False,157
30,Minas Gerais,470475,Zona Oeste,4729,MATEUS LEME,5,Igarapé,False,157
30,Minas Gerais,470475,Zona Oeste,4729,MATEUS LEME,7,Juatuba,False,157
30,Minas Gerais,470475,Zona Oeste,4729,MATEUS LEME,9,São Joaquim de Bicas,False,157
30,Minas Gerais,470475,Zona Oeste,4729,MATEUS LEME,11,Serra Azul,False,157
30,Minas Gerais,470475,Zona Oeste,4730,MATUTINA,1,Matutina,False,157
30,Minas Gerais,470475,Zona Oeste,4731,MOEMA,1,Moema,False,157
30,Minas Gerais,470475,Zona Oeste,4732,NOVA SERRANA,1,Nova Serrana,False,157
30,Minas Gerais,470475,Zona Oeste,4733,OLIVEIRA,1,Oliveira,False,157
30,Minas Gerais,470475,Zona Oeste,4733,OLIVEIRA,3,Morro do Ferro,False,157
30,Minas Gerais,470475,Zona Oeste,4733,OLIVEIRA,5,São Francisco de Oliveira,False,157
30,Minas Gerais,470475,Zona Oeste,4734,PAINS,1,Pains,False,157
30,Minas Gerais,470475,Zona Oeste,4734,PAINS,3,Vila Costina,False,157
30,Minas Gerais,470475,Zona Oeste,4735,PAPAGAIOS,1,Papagaios,False,157
30,Minas Gerais,470475,Zona Oeste,4736,PARÁ DE MINAS,1,Pará de Minas,False,157
30,Minas Gerais,470475,Zona Oeste,4736,PARÁ DE MINAS,3,Carioca,False,157
30,Minas Gerais,470475,Zona Oeste,4736,PARÁ DE MINAS,5,Florestal,False,157
30,Minas Gerais,470475,Zona Oeste,4736,PARÁ DE MINAS,7,Igaratinga,False,157
30,Minas Gerais,470475,Zona Oeste,4736,PARÁ DE MINAS,9,São José da Varginha,False,158
30,Minas Gerais,470475,Zona Oeste,4737,PASSA TEMPO,1,Passa Tempo,False,158
30,Minas Gerais,470475,Zona Oeste,4738,PEQUI,1,Pequi,False,158
30,Minas Gerais,470475,Zona Oeste,4738,PEQUI,3,Onça,False,158
30,Minas Gerais,470475,Zona Oeste,4739,PERDIGÃO,1,Perdigão,False,158
30,Minas Gerais,470475,Zona Oeste,4740,PERDÕES,1,Perdões,False,158
30,Minas Gerais,470475,Zona Oeste,4740,PERDÕES,3,Cana Verde,False,158
30,Minas Gerais,470475,Zona Oeste,4741,PIMENTA,1,Pimenta,False,158
30,Minas Gerais,470475,Zona Oeste,4741,PIMENTA,3,Santo Hilário,False,158
30,Minas Gerais,470475,Zona Oeste,4742,PIRACEMA,1,Piracema,False,158
30,Minas Gerais,470475,Zona Oeste,4743,PITANGUI,1,Pitangui,False,158
30,Minas Gerais,470475,Zona Oeste,4743,PITANGUI,3,Conceição do Pará,False,158
30,Minas Gerais,470475,Zona Oeste,4743,PITANGUI,5,Leandro Ferreira,False,158
30,Minas Gerais,470475,Zona Oeste,4744,PIÜÍ,1,Piüí,False,158
30,Minas Gerais,470475,Zona Oeste,4744,PIÜÍ,3,Perobas,False,158
30,Minas Gerais,470475,Zona Oeste,4745,POMPÉU,1,Pompéu,False,158
30,Minas Gerais,470475,Zona Oeste,4745,POMPÉU,3,Silva Campos,False,158
30,Minas Gerais,470475,Zona Oeste,4746,QUARTEL GERAL,1,Quartel Geral,False,158
30,Minas Gerais,470475,Zona Oeste,4747,SANTANA DO JACARÉ,1,Santana do Jacaré,False,158
30,Minas Gerais,470475,Zona Oeste,4748,SANTO ANTÔNIO DO AMPARO,1,Santo Antônio do Amparo,False,158
30,Minas Gerais,470475,Zona Oeste,4749,SANTO ANTÔNIO DO MONTE,1,Santo Antônio do Monte,False,159
30,Minas Gerais,470475,Zona Oeste,4750,SÃO GONÇALO DO PARÁ,1,São Gonçalo do Pará,False,159
30,Minas Gerais,470475,Zona Oeste,4751,SÃO GOTARDO,1,São Gotardo,False,159
30,Minas Gerais,470475,Zona Oeste,4751,SÃO GOTARDO,3,Funchal,False,159
30,Minas Gerais,470475,Zona Oeste,4751,SÃO GOTARDO,5,Rosalinda,False,159
30,Minas Gerais,470475,Zona Oeste,4752,SÃO TIAGO,1,São Tiago,False,159
30,Minas Gerais,470475,Zona Oeste,4753,TAPIRAÍ,1,Tapiraí,False,159
30,Minas Gerais,470475,Zona Oeste,4754,TIROS,1,Tiros,False,159
30,Minas Gerais,470475,Zona Oeste,4754,TIROS,3,Canastrão,False,159
30,Minas Gerais,470475,Zona Oeste,4755,VARGEM BONITA,1,Vargem Bonita,False,159
30,Minas Gerais,420,Zona do Alto Médio São Francisco,4200,JANUÁRIA,1,Januária,False,159
30,Minas Gerais,420,Zona do Alto Médio São Francisco,4200,JANUÁRIA,3,Brejo do Amparo,False,159
30,Minas Gerais,420,Zona do Alto Médio São Francisco,4200,JANUÁRIA,5,Cônego Marinho,False,159
30,Minas Gerais,420,Zona do Alto Médio São Francisco,4200,JANUÁRIA,7,Itacarambi,False,159
30,Minas Gerais,420,Zona do Alto Médio São Francisco,4200,JANUÁRIA,9,Levinópolis,False,159
30,Minas Gerais,420,Zona do Alto Médio São Francisco,4200,JANUÁRIA,11,Missões,False,159
30,Minas Gerais,420,Zona do Alto Médio São Francisco,4200,JANUÁRIA,13,Pedras de Maria da Cruz,False,159
30,Minas Gerais,420,Zona do Alto Médio São Francisco,4200,JANUÁRIA,15,Riacho da Cruz,False,159
30,Minas Gerais,420,Zona do Alto Médio São Francisco,4201,MANGA,1,Manga,False,159
30,Minas Gerais,420,Zona do Alto Médio São Francisco,4201,MANGA,3,Matias Cardoso,False,159
30,Minas Gerais,420,Zona do Alto Médio São Francisco,4201,MANGA,5,Nhandutiba,False,159
30,Minas Gerais,420,Zona do Alto Médio São Francisco,4201,MANGA,7,São Sebastião dos Poções,False,159
30,Minas Gerais,420,Zona do Alto Médio São Francisco,4202,SÃO FRANCISCO,1,São Francisco,False,159
30,Minas Gerais,420,Zona do Alto Médio São Francisco,4202,SÃO FRANCISCO,3,Conceição da Vargem,False,160
30,Minas Gerais,420,Zona do Alto Médio São Francisco,4202,SÃO FRANCISCO,5,Morro,False,160
30,Minas Gerais,420,Zona do Alto Médio São Francisco,4202,SÃO FRANCISCO,7,Serra das Araras,False,160
30,Minas Gerais,420,Zona do Alto Médio São Francisco,4202,SÃO FRANCISCO,9,Urucuia,False,160
30,Minas Gerais,420,Zona do Alto Médio São Francisco,4203,SÃO ROMÃO,1,São Romão,False,160
30,Minas Gerais,420,Zona do Alto Médio São Francisco,4203,SÃO ROMÃO,3,Arinos,False,160
30,Minas Gerais,420,Zona do Alto Médio São Francisco,4203,SÃO ROMÃO,5,Capão Redondo,False,160
30,Minas Gerais,420,Zona do Alto Médio São Francisco,4203,SÃO ROMÃO,7,Formoso,False,160
30,Minas Gerais,421,Zona de Montes Claros,4210,BOCAIÚVA,1,Bocaiúva,False,160
30,Minas Gerais,421,Zona de Montes Claros,4210,BOCAIÚVA,3,Conceição do Barreiro,False,160
30,Minas Gerais,421,Zona de Montes Claros,4210,BOCAIÚVA,5,Engenheiro Navarro,False,160
30,Minas Gerais,421,Zona de Montes Claros,4210,BOCAIÚVA,7,Guaraciama,False,160
30,Minas Gerais,421,Zona de Montes Claros,4210,BOCAIÚVA,9,Olhos d&#x27;Água,False,160
30,Minas Gerais,421,Zona de Montes Claros,4210,BOCAIÚVA,11,Pires e Albuquerque,False,160
30,Minas Gerais,421,Zona de Montes Claros,4210,BOCAIÚVA,13,Terra Branca,False,160
30,Minas Gerais,421,Zona de Montes Claros,4211,BRASÍLIA,1,Brasília,False,160
30,Minas Gerais,421,Zona de Montes Claros,4211,BRASÍLIA,3,Fernão Dias,False,160
30,Minas Gerais,421,Zona de Montes Claros,4211,BRASÍLIA,5,Ubaí,False,160
30,Minas Gerais,421,Zona de Montes Claros,4212,CORAÇÃO DE JESUS,1,Coração de Jesus,False,160
30,Minas Gerais,421,Zona de Montes Claros,4212,CORAÇÃO DE JESUS,3,Alvação,False,160
30,Minas Gerais,421,Zona de Montes Claros,4212,CORAÇÃO DE JESUS,5,Ibiaí,False,160
30,Minas Gerais,421,Zona de Montes Claros,4212,CORAÇÃO DE JESUS,7,Lagoa dos Patos,False,160
30,Minas Gerais,421,Zona de Montes Claros,4212,CORAÇÃO DE JESUS,9,São Geraldo,False,160
30,Minas Gerais,421,Zona de Montes Claros,4212,CORAÇÃO DE JESUS,11,São João da Lagoa,False,160
30,Minas Gerais,421,Zona de Montes Claros,4212,CORAÇÃO DE JESUS,13,São João do Pacuí,False,160
30,Minas Gerais,421,Zona de Montes Claros,4212,CORAÇÃO DE JESUS,15,São Joaquim,False,160
30,Minas Gerais,421,Zona de Montes Claros,4213,FRANCISCO SÁ,1,Francisco Sá,False,160
30,Minas Gerais,421,Zona de Montes Claros,4213,FRANCISCO SÁ,3,Canabrava,False,160
30,Minas Gerais,421,Zona de Montes Claros,4214,JANAÚBA,1,Janaúba,False,161
30,Minas Gerais,421,Zona de Montes Claros,4215,JEQUITAÍ,1,Jequitaí,False,161
30,Minas Gerais,421,Zona de Montes Claros,4216,JURAMENTO,1,Juramento,False,161
30,Minas Gerais,421,Zona de Montes Claros,4217,MONTES CLAROS,1,Montes Claros,False,161
30,Minas Gerais,421,Zona de Montes Claros,4217,MONTES CLAROS,3,Mirabela,False,161
30,Minas Gerais,421,Zona de Montes Claros,4217,MONTES CLAROS,5,Miralta,False,161
30,Minas Gerais,421,Zona de Montes Claros,4217,MONTES CLAROS,7,Patis,False,161
30,Minas Gerais,421,Zona de Montes Claros,4217,MONTES CLAROS,9,Santa Rosa de Lima,False,161
30,Minas Gerais,421,Zona de Montes Claros,4217,MONTES CLAROS,11,São João da Vereda,False,161
30,Minas Gerais,421,Zona de Montes Claros,4217,MONTES CLAROS,13,São Pedro da Garça,False,161
30,Minas Gerais,421,Zona de Montes Claros,4218,SÃO JOÃO DA PONTE,1,São João da Ponte,False,161
30,Minas Gerais,421,Zona de Montes Claros,4218,SÃO JOÃO DA PONTE,3,Bonança,False,161
30,Minas Gerais,421,Zona de Montes Claros,4218,SÃO JOÃO DA PONTE,5,Campo Redondo,False,161
30,Minas Gerais,421,Zona de Montes Claros,4218,SÃO JOÃO DA PONTE,7,Condado do Norte,False,161
30,Minas Gerais,421,Zona de Montes Claros,4218,SÃO JOÃO DA PONTE,9,Ibiracatu,False,161
30,Minas Gerais,421,Zona de Montes Claros,4218,SÃO JOÃO DA PONTE,11,Lontra,False,161
30,Minas Gerais,421,Zona de Montes Claros,4218,SÃO JOÃO DA PONTE,13,Santo Antônio da Boa Vista,False,161
30,Minas Gerais,421,Zona de Montes Claros,4218,SÃO JOÃO DA PONTE,15,Varzelândia,False,161
30,Minas Gerais,422,Zona do Alto São Francisco,4220,BUENÓPOLIS,1,Buenópolis,False,161
30,Minas Gerais,422,Zona do Alto São Francisco,4220,BUENÓPOLIS,3,Augusto de Lima,False,161
30,Minas Gerais,422,Zona do Alto São Francisco,4220,BUENÓPOLIS,5,Curimataí,False,161
30,Minas Gerais,422,Zona do Alto São Francisco,4220,BUENÓPOLIS,7,Joaquim Felício,False,161
30,Minas Gerais,422,Zona do Alto São Francisco,4221,CORINTO,1,Corinto,False,161
30,Minas Gerais,422,Zona do Alto São Francisco,4221,CORINTO,3,Andrequicé,False,161
30,Minas Gerais,422,Zona do Alto São Francisco,4221,CORINTO,5,Contria,False,161
30,Minas Gerais,422,Zona do Alto São Francisco,4221,CORINTO,7,Santo Hipólito,False,161
30,Minas Gerais,422,Zona do Alto São Francisco,4221,CORINTO,9,Senhora da Glória,False,161
30,Minas Gerais,422,Zona do Alto São Francisco,4222,CURVELO,1,Curvelo,False,162
30,Minas Gerais,422,Zona do Alto São Francisco,4222,CURVELO,3,Angueretá,False,162
30,Minas Gerais,422,Zona do Alto São Francisco,4222,CURVELO,5,Inimutaba,False,162
30,Minas Gerais,422,Zona do Alto São Francisco,4222,CURVELO,7,Morro da Garça,False,162
30,Minas Gerais,422,Zona do Alto São Francisco,4222,CURVELO,9,Ponte do Paraúna,False,162
30,Minas Gerais,422,Zona do Alto São Francisco,4222,CURVELO,11,Santa Rita do Cedro,False,162
30,Minas Gerais,422,Zona do Alto São Francisco,4222,CURVELO,13,Tomás Gonzaga,False,162
30,Minas Gerais,422,Zona do Alto São Francisco,4223,FELIXLÂNDIA,1,Felixlândia,False,162
30,Minas Gerais,422,Zona do Alto São Francisco,4223,FELIXLÂNDIA,3,São José do Buriti,False,162
30,Minas Gerais,422,Zona do Alto São Francisco,4224,LASSANCE,1,Lassance,False,162
30,Minas Gerais,422,Zona do Alto São Francisco,4225,MORADA NOVA DE MINAS,1,Morada Nova de Minas,False,162
30,Minas Gerais,422,Zona do Alto São Francisco,4225,MORADA NOVA DE MINAS,3,Biquinhas,False,162
30,Minas Gerais,422,Zona do Alto São Francisco,4225,MORADA NOVA DE MINAS,5,Frei Orlando,False,162
30,Minas Gerais,422,Zona do Alto São Francisco,4226,PIRAPORA,1,Pirapora,False,162
30,Minas Gerais,422,Zona do Alto São Francisco,4226,PIRAPORA,3,Buritizeiro,False,162
30,Minas Gerais,422,Zona do Alto São Francisco,4227,SÃO GONÇALO DO ABAETÉ,1,São Gonçalo do Abaeté,False,162
30,Minas Gerais,422,Zona do Alto São Francisco,4227,SÃO GONÇALO DO ABAETÉ,3,Canoeiros,False,162
30,Minas Gerais,422,Zona do Alto São Francisco,4228,VÁRZEA DA PALMA,1,Várzea da Palma,False,162
30,Minas Gerais,422,Zona do Alto São Francisco,4228,VÁRZEA DA PALMA,3,Guaicuí,False,162
30,Minas Gerais,401,Zona do Urucuia,4010,JOÃO PINHEIRO,1,João Pinheiro,False,162
30,Minas Gerais,401,Zona do Urucuia,4010,JOÃO PINHEIRO,3,Caatinga,False,162
30,Minas Gerais,401,Zona do Urucuia,4010,JOÃO PINHEIRO,5,Canabrava,False,162
30,Minas Gerais,401,Zona do Urucuia,4010,JOÃO PINHEIRO,7,Veredas,False,162
30,Minas Gerais,401,Zona do Urucuia,4011,PARACATU,1,Paracatu,False,162
30,Minas Gerais,401,Zona do Urucuia,4012,PRESIDENTE OLEGÁRIO,1,Presidente Olegário,False,163
30,Minas Gerais,401,Zona do Urucuia,4012,PRESIDENTE OLEGÁRIO,3,Galena,False,163
30,Minas Gerais,401,Zona do Urucuia,4012,PRESIDENTE OLEGÁRIO,5,Lagamar,False,163
30,Minas Gerais,401,Zona do Urucuia,4012,PRESIDENTE OLEGÁRIO,7,Ponte Firme,False,163
30,Minas Gerais,401,Zona do Urucuia,4013,UNAÍ,1,Unaí,False,163
30,Minas Gerais,401,Zona do Urucuia,4013,UNAÍ,3,Buritis,False,163
30,Minas Gerais,401,Zona do Urucuia,4013,UNAÍ,5,Fróis,False,163
30,Minas Gerais,401,Zona do Urucuia,4013,UNAÍ,7,Garapuava,False,163
30,Minas Gerais,401,Zona do Urucuia,4013,UNAÍ,9,Serra Bonita,False,163
30,Minas Gerais,401,Zona do Urucuia,4014,VAZANTE,1,Vazante,False,163
30,Minas Gerais,401,Zona do Urucuia,4014,VAZANTE,3,Claro de Minas,False,163
30,Minas Gerais,401,Zona do Urucuia,4014,VAZANTE,5,Guarda-Mor,False,163
30,Minas Gerais,480481,Zona Paranaíba-Rio Grande,4800,ABADIA DOS DOURADOS,1,Abadia dos Dourados,False,163
30,Minas Gerais,480481,Zona Paranaíba-Rio Grande,4801,ARAXÁ,1,Araxá,False,163
30,Minas Gerais,480481,Zona Paranaíba-Rio Grande,4802,CARMO DO PARANAÍBA,1,Carmo do Paranaíba,False,163
30,Minas Gerais,480481,Zona Paranaíba-Rio Grande,4802,CARMO DO PARANAÍBA,3,Quintinos,False,163
30,Minas Gerais,480481,Zona Paranaíba-Rio Grande,4803,CASCALHO RICO,1,Cascalho Rico,False,163
30,Minas Gerais,480481,Zona Paranaíba-Rio Grande,4804,COROMANDEL,1,Coromandel,False,163
30,Minas Gerais,480481,Zona Paranaíba-Rio Grande,4804,COROMANDEL,3,Alegre,False,163
30,Minas Gerais,480481,Zona Paranaíba-Rio Grande,4804,COROMANDEL,5,Santa Rosa dos Dourados,False,163
30,Minas Gerais,480481,Zona Paranaíba-Rio Grande,4805,ESTRÊLA DO SUL,1,Estrêla do Sul,False,163
30,Minas Gerais,480481,Zona Paranaíba-Rio Grande,4805,ESTRÊLA DO SUL,3,Chapada de Minas,False,163
30,Minas Gerais,480481,Zona Paranaíba-Rio Grande,4805,ESTRÊLA DO SUL,5,Grupiara,False,163
30,Minas Gerais,480481,Zona Paranaíba-Rio Grande,4805,ESTRÊLA DO SUL,7,Santa Rita da Estrêla,False,163
30,Minas Gerais,480481,Zona Paranaíba-Rio Grande,4806,IBIÁ,1,Ibiá,False,164
30,Minas Gerais,480481,Zona Paranaíba-Rio Grande,4806,IBIÁ,3,Argemita,False,164
30,Minas Gerais,480481,Zona Paranaíba-Rio Grande,4806,IBIÁ,5,Tobati,False,164
30,Minas Gerais,480481,Zona Paranaíba-Rio Grande,4807,INDIANÓPOLIS,1,Indianópolis,False,164
30,Minas Gerais,480481,Zona Paranaíba-Rio Grande,4808,MONTE CARMELO,1,Monte Carmelo,False,164
30,Minas Gerais,480481,Zona Paranaíba-Rio Grande,4808,MONTE CARMELO,3,Douradoquara,False,164
30,Minas Gerais,480481,Zona Paranaíba-Rio Grande,4808,MONTE CARMELO,5,Iraí de Minas,False,164
30,Minas Gerais,480481,Zona Paranaíba-Rio Grande,4808,MONTE CARMELO,7,Romaria,False,164
30,Minas Gerais,480481,Zona Paranaíba-Rio Grande,4809,NOVA PONTE,1,Nova Ponte,False,164
30,Minas Gerais,480481,Zona Paranaíba-Rio Grande,4810,PATOS DE MINAS,1,Patos de Minas,False,164
30,Minas Gerais,480481,Zona Paranaíba-Rio Grande,4810,PATOS DE MINAS,3,Chumbo,False,164
30,Minas Gerais,480481,Zona Paranaíba-Rio Grande,4810,PATOS DE MINAS,5,Guimarânia,False,164
30,Minas Gerais,480481,Zona Paranaíba-Rio Grande,4810,PATOS DE MINAS,7,Lagoa Formosa,False,164
30,Minas Gerais,480481,Zona Paranaíba-Rio Grande,4810,PATOS DE MINAS,9,Santana de Patos,False,164
30,Minas Gerais,480481,Zona Paranaíba-Rio Grande,4811,PATROCÍNIO,1,Patrocínio,False,164
30,Minas Gerais,480481,Zona Paranaíba-Rio Grande,4811,PATROCÍNIO,3,Brejo Bonito,False,164
30,Minas Gerais,480481,Zona Paranaíba-Rio Grande,4811,PATROCÍNIO,5,Cruzeiro da Fortaleza,False,164
30,Minas Gerais,480481,Zona Paranaíba-Rio Grande,4811,PATROCÍNIO,7,São João da Serra Negra,False,164
30,Minas Gerais,480481,Zona Paranaíba-Rio Grande,4811,PATROCÍNIO,9,Silvano,False,164
30,Minas Gerais,480481,Zona Paranaíba-Rio Grande,4812,PERDIZES,1,Perdizes,False,164
30,Minas Gerais,480481,Zona Paranaíba-Rio Grande,4813,PRATINHA,1,Pratinha,False,164
30,Minas Gerais,480481,Zona Paranaíba-Rio Grande,4814,RIO PARANAÍBA,1,Rio Paranaíba,False,164
30,Minas Gerais,480481,Zona Paranaíba-Rio Grande,4814,RIO PARANAÍBA,3,Arapuá,False,164
30,Minas Gerais,480481,Zona Paranaíba-Rio Grande,4815,SACRAMENTO,1,Sacramento,False,164
30,Minas Gerais,480481,Zona Paranaíba-Rio Grande,4815,SACRAMENTO,3,Desemboque,False,164
30,Minas Gerais,480481,Zona Paranaíba-Rio Grande,4815,SACRAMENTO,5,Tapira,False,164
30,Minas Gerais,480481,Zona Paranaíba-Rio Grande,4816,SANTA JULIANA,1,Santa Juliana,False,165
30,Minas Gerais,480481,Zona Paranaíba-Rio Grande,4816,SANTA JULIANA,3,Pedrinópolis,False,165
30,Minas Gerais,480481,Zona Paranaíba-Rio Grande,4816,SANTA JULIANA,5,Zelândia,False,165
30,Minas Gerais,480481,Zona Paranaíba-Rio Grande,4817,SERRA DO SALITRE,1,Serra do Salitre,False,165
30,Minas Gerais,490491,Zona do Triângulo,4900,ÁGUA COMPRIDA,1,Água Comprida,False,165
30,Minas Gerais,490491,Zona do Triângulo,4901,ARAGUARI,1,Araguari,False,165
30,Minas Gerais,490491,Zona do Triângulo,4901,ARAGUARI,3,Amanhece,False,165
30,Minas Gerais,490491,Zona do Triângulo,4901,ARAGUARI,5,Florestina,False,165
30,Minas Gerais,490491,Zona do Triângulo,4901,ARAGUARI,7,Piracaíba,False,165
30,Minas Gerais,490491,Zona do Triângulo,4902,CAMPINA VERDE,1,Campina Verde,False,165
30,Minas Gerais,490491,Zona do Triângulo,4902,CAMPINA VERDE,3,São Francisco de Sales,False,165
30,Minas Gerais,490491,Zona do Triângulo,4903,CAMPO FLORIDO,1,Campo Florido,False,165
30,Minas Gerais,490491,Zona do Triângulo,4904,CANÁPOLIS,1,Canápolis,False,165
30,Minas Gerais,490491,Zona do Triângulo,4905,CAPINÓPOLIS,1,Capinópolis,False,165
30,Minas Gerais,490491,Zona do Triângulo,4905,CAPINÓPOLIS,3,Cachoeira Dourada,False,165
30,Minas Gerais,490491,Zona do Triângulo,4906,CENTRALINA,1,Centralina,False,165
30,Minas Gerais,490491,Zona do Triângulo,4907,COMENDADOR GOMES,1,Comendador Gomes,False,165
30,Minas Gerais,490491,Zona do Triângulo,4908,CONCEIÇÃO DAS ALAGOAS,1,Conceição das Alagoas,False,165
30,Minas Gerais,490491,Zona do Triângulo,4908,CONCEIÇÃO DAS ALAGOAS,3,Poncianos,False,165
30,Minas Gerais,490491,Zona do Triângulo,4909,CONQUISTA,1,Conquista,False,165
30,Minas Gerais,490491,Zona do Triângulo,4909,CONQUISTA,3,Guaxima,False,165
30,Minas Gerais,490491,Zona do Triângulo,4909,CONQUISTA,5,Jubaí,False,165
30,Minas Gerais,490491,Zona do Triângulo,4910,FRUTAL,1,Frutal,False,166
30,Minas Gerais,490491,Zona do Triângulo,4910,FRUTAL,3,Aparecida de Minas,False,166
30,Minas Gerais,490491,Zona do Triângulo,4910,FRUTAL,5,Planura,False,166
30,Minas Gerais,490491,Zona do Triângulo,4911,ITAPAGIPE,1,Itapagipe,False,166
30,Minas Gerais,490491,Zona do Triângulo,4912,ITUIUTABA,1,Ituiutaba,False,166
30,Minas Gerais,490491,Zona do Triângulo,4912,ITUIUTABA,3,Gurinhatã,False,166
30,Minas Gerais,490491,Zona do Triângulo,4912,ITUIUTABA,5,Ipiaçu,False,166
30,Minas Gerais,490491,Zona do Triângulo,4913,ITURAMA,1,Iturama,False,166
30,Minas Gerais,490491,Zona do Triângulo,4913,ITURAMA,3,Alexandrita,False,166
30,Minas Gerais,490491,Zona do Triângulo,4914,MONTE ALEGRE DE MINAS,1,Monte Alegre de Minas,False,166
30,Minas Gerais,490491,Zona do Triângulo,4915,PIRAJUBA,1,Pirajuba,False,166
30,Minas Gerais,490491,Zona do Triângulo,4916,PRATA,1,Prata,False,166
30,Minas Gerais,490491,Zona do Triângulo,4916,PRATA,3,Jardinésia,False,166
30,Minas Gerais,490491,Zona do Triângulo,4916,PRATA,5,Patrimônio,False,166
30,Minas Gerais,490491,Zona do Triângulo,4917,SANTA VITÓRIA,1,Santa Vitória,False,166
30,Minas Gerais,490491,Zona do Triângulo,4918,TUPACIGUARA,1,Tupaciguara,False,166
30,Minas Gerais,490491,Zona do Triângulo,4918,TUPACIGUARA,3,Araporã,False,166
30,Minas Gerais,490491,Zona do Triângulo,4919,UBERABA,1,Uberaba,False,166
30,Minas Gerais,490491,Zona do Triângulo,4919,UBERABA,3,Baixa,False,166
30,Minas Gerais,490491,Zona do Triângulo,4920,UBERLÂNDIA,1,Uberlândia,False,166
30,Minas Gerais,490491,Zona do Triângulo,4920,UBERLÂNDIA,3,Cruzeiro dos Peixotos,False,166
30,Minas Gerais,490491,Zona do Triângulo,4920,UBERLÂNDIA,5,Martinésia,False,166
30,Minas Gerais,490491,Zona do Triângulo,4920,UBERLÂNDIA,7,Miraporanga,False,166
30,Minas Gerais,490491,Zona do Triângulo,4920,UBERLÂNDIA,9,Tapuirama,False,167
30,Minas Gerais,490491,Zona do Triângulo,4921,VERÍSSIMO,1,Veríssimo,False,167
51,Espírito Santo,511,Zona Norte,5110,BARRA DE SÃO FRANCISCO [168.2],1,Barra de São Francisco,False,168
51,Espírito Santo,511,Zona Norte,5110,BARRA DE SÃO FRANCISCO [168.2],3,Água Dôce,False,168
51,Espírito Santo,511,Zona Norte,5110,BARRA DE SÃO FRANCISCO [168.2],5,Gabriel Emílio,False,168
51,Espírito Santo,511,Zona Norte,5110,BARRA DE SÃO FRANCISCO [168.2],7,Paulista,False,168
51,Espírito Santo,511,Zona Norte,5110,BARRA DE SÃO FRANCISCO [168.2],9,Poranga,False,168
51,Espírito Santo,511,Zona Norte,5110,BARRA DE SÃO FRANCISCO [168.2],11,Santo Agostinho,False,168
51,Espírito Santo,511,Zona Norte,5111,CONCEIÇÃO DA BARRA,1,Conceição da Barra,False,168
51,Espírito Santo,511,Zona Norte,5111,CONCEIÇÃO DA BARRA,3,Itaúnas,False,168
51,Espírito Santo,511,Zona Norte,5111,CONCEIÇÃO DA BARRA,5,Taquaras,False,168
51,Espírito Santo,511,Zona Norte,5112,ECOPORANGA [168.13],1,Ecoporanga,False,168
51,Espírito Santo,511,Zona Norte,5112,ECOPORANGA [168.13],3,Cotaxé [168.15],False,168
51,Espírito Santo,511,Zona Norte,5112,ECOPORANGA [168.13],5,Joaquba,False,168
51,Espírito Santo,511,Zona Norte,5112,ECOPORANGA [168.13],7,Jocirama,False,168
51,Espírito Santo,511,Zona Norte,5112,ECOPORANGA [168.13],9,Novo Horizonte,False,168
51,Espírito Santo,511,Zona Norte,5113,MANTENÓPOLIS,1,Mantenópolis,False,168
51,Espírito Santo,511,Zona Norte,5113,MANTENÓPOLIS,3,Ametista,False,168
51,Espírito Santo,511,Zona Norte,5113,MANTENÓPOLIS,5,Limeira,False,168
51,Espírito Santo,511,Zona Norte,5113,MANTENÓPOLIS,7,São Geraldo,False,168
51,Espírito Santo,511,Zona Norte,5114,MUCURICI,1,Mucurici,False,168
51,Espírito Santo,511,Zona Norte,5114,MUCURICI,3,Montanha,False,168
51,Espírito Santo,511,Zona Norte,5115,NOVA VENÉCIA,1,Nova Venécia,False,168
51,Espírito Santo,511,Zona Norte,5115,NOVA VENÉCIA,3,Córrego Grande,False,168
51,Espírito Santo,511,Zona Norte,5115,NOVA VENÉCIA,5,Guararema,False,168
51,Espírito Santo,511,Zona Norte,5115,NOVA VENÉCIA,7,Rio Prêto,False,168
51,Espírito Santo,511,Zona Norte,5116,SÃO MATEUS,1,São Mateus,False,169
51,Espírito Santo,511,Zona Norte,5116,SÃO MATEUS,3,Barra Nova,False,169
51,Espírito Santo,511,Zona Norte,5116,SÃO MATEUS,5,Boa Esperança,False,169
51,Espírito Santo,511,Zona Norte,5116,SÃO MATEUS,7,Nestor Gomes,False,169
51,Espírito Santo,511,Zona Norte,5116,SÃO MATEUS,9,Nova Verona,False,169
51,Espírito Santo,515,Zona do Baixo Rio Doce,5150,COLATINA,1,Colatina,False,169
51,Espírito Santo,515,Zona do Baixo Rio Doce,5150,COLATINA,3,Águia Branca,False,169
51,Espírito Santo,515,Zona do Baixo Rio Doce,5150,COLATINA,5,Alto Rio Novo,False,169
51,Espírito Santo,515,Zona do Baixo Rio Doce,5150,COLATINA,7,Baunilha,False,169
51,Espírito Santo,515,Zona do Baixo Rio Doce,5150,COLATINA,9,Boapaba,False,169
51,Espírito Santo,515,Zona do Baixo Rio Doce,5150,COLATINA,13,Itapina,False,169
51,Espírito Santo,515,Zona do Baixo Rio Doce,5150,COLATINA,15,Lajinha,False,169
51,Espírito Santo,515,Zona do Baixo Rio Doce,5150,COLATINA,17,Marilândia,False,169
51,Espírito Santo,515,Zona do Baixo Rio Doce,5150,COLATINA,19,Novo Brasil,False,169
51,Espírito Santo,515,Zona do Baixo Rio Doce,5150,COLATINA,21,Pancas,False,169
51,Espírito Santo,515,Zona do Baixo Rio Doce,5150,COLATINA,23,São Domingos,False,169
51,Espírito Santo,515,Zona do Baixo Rio Doce,5150,COLATINA,25,São Gabriel,False,169
51,Espírito Santo,515,Zona do Baixo Rio Doce,5151,LINHARES,1,Linhares,False,169
51,Espírito Santo,515,Zona do Baixo Rio Doce,5151,LINHARES,3,Desengano,False,169
51,Espírito Santo,515,Zona do Baixo Rio Doce,5151,LINHARES,5,Regência,False,169
51,Espírito Santo,515,Zona do Baixo Rio Doce,5151,LINHARES,7,Rio Bananal,False,169
51,Espírito Santo,515,Zona do Baixo Rio Doce,5151,LINHARES,9,São Rafael,False,169
51,Espírito Santo,516,Zona de Vitória,5160,ARACRUZ,1,Aracruz,False,169
51,Espírito Santo,516,Zona de Vitória,5160,ARACRUZ,3,Guaraná,False,169
51,Espírito Santo,516,Zona de Vitória,5160,ARACRUZ,5,Riacho,False,169
51,Espírito Santo,516,Zona de Vitória,5160,ARACRUZ,7,Santa Cruz,False,169
51,Espírito Santo,516,Zona de Vitória,5161,CARIACICA,1,Cariacica,False,169
51,Espírito Santo,516,Zona de Vitória,5161,CARIACICA,3,Itaquari,False,169
51,Espírito Santo,516,Zona de Vitória,5163,FUNDÃO,1,Fundão,False,170
51,Espírito Santo,516,Zona de Vitória,5163,FUNDÃO,3,Irundi,False,170
51,Espírito Santo,516,Zona de Vitória,5163,FUNDÃO,5,Timbuí,False,170
51,Espírito Santo,516,Zona de Vitória,5164,GUARAPARI,1,Guarapari,False,170
51,Espírito Santo,516,Zona de Vitória,5164,GUARAPARI,3,Rio Calçado,False,170
51,Espírito Santo,516,Zona de Vitória,5164,GUARAPARI,5,Todos os Santos,False,170
51,Espírito Santo,516,Zona de Vitória,5165,IBIRAÇU,1,Ibiraçu,False,170
51,Espírito Santo,516,Zona de Vitória,5165,IBIRAÇU,3,Acióli,False,170
51,Espírito Santo,516,Zona de Vitória,5165,IBIRAÇU,5,João Neiva,False,170
51,Espírito Santo,516,Zona de Vitória,5165,IBIRAÇU,7,Pendanga,False,170
51,Espírito Santo,516,Zona de Vitória,5166,SERRA,1,Serra,False,170
51,Espírito Santo,516,Zona de Vitória,5166,SERRA,3,Calogí,False,170
51,Espírito Santo,516,Zona de Vitória,5166,SERRA,5,Carapina,False,170
51,Espírito Santo,516,Zona de Vitória,5166,SERRA,7,Nova Almeida,False,170
51,Espírito Santo,516,Zona de Vitória,5166,SERRA,9,Queimado,False,170
51,Espírito Santo,516,Zona de Vitória,5167,VIANA,1,Viana,False,170
51,Espírito Santo,516,Zona de Vitória,5167,VIANA,3,Araçatiba,False,170
51,Espírito Santo,516,Zona de Vitória,5162,VILA VELHA,1,Vila Velha,False,170
51,Espírito Santo,516,Zona de Vitória,5162,VILA VELHA,3,Argolas,False,170
51,Espírito Santo,516,Zona de Vitória,5162,VILA VELHA,5,Jucu,False,170
51,Espírito Santo,516,Zona de Vitória,5168,VITÓRIA,1,Vitória,False,170
51,Espírito Santo,516,Zona de Vitória,5168,VITÓRIA,3,Goiabeiras,False,170
51,Espírito Santo,512,Zona de Itapemirim,5120,ANCHIETA,1,Anchieta,False,170
51,Espírito Santo,512,Zona de Itapemirim,5120,ANCHIETA,3,Iriritiba,False,170
51,Espírito Santo,512,Zona de Itapemirim,5120,ANCHIETA,5,Jabaquara,False,170
51,Espírito Santo,512,Zona de Itapemirim,5121,ICONHA,1,Iconha,False,170
51,Espírito Santo,512,Zona de Itapemirim,5121,ICONHA,3,Piúna [170.37],False,170
51,Espírito Santo,512,Zona de Itapemirim,5122,ITAPEMIRIM,1,Itapemirim,False,171
51,Espírito Santo,512,Zona de Itapemirim,5122,ITAPEMIRIM,3,Batalha,False,171
51,Espírito Santo,512,Zona de Itapemirim,5122,ITAPEMIRIM,5,Itapecoá,False,171
51,Espírito Santo,512,Zona de Itapemirim,5123,RIO NOVO DO SUL,1,Rio Novo do Sul,False,171
51,Espírito Santo,512,Zona de Itapemirim,5123,RIO NOVO DO SUL,3,Princesa,False,171
51,Espírito Santo,517,Zona Serrana do Centro,5170,AFONSO CLÁUDIO,1,Afonso Cláudio,False,171
51,Espírito Santo,517,Zona Serrana do Centro,5170,AFONSO CLÁUDIO,3,Brejetuba,False,171
51,Espírito Santo,517,Zona Serrana do Centro,5170,AFONSO CLÁUDIO,5,Ibicaba,False,171
51,Espírito Santo,517,Zona Serrana do Centro,5170,AFONSO CLÁUDIO,7,Joatuba,False,171
51,Espírito Santo,517,Zona Serrana do Centro,5170,AFONSO CLÁUDIO,9,Laranja-da-Terra,False,171
51,Espírito Santo,517,Zona Serrana do Centro,5170,AFONSO CLÁUDIO,11,Piracema,False,171
51,Espírito Santo,517,Zona Serrana do Centro,5170,AFONSO CLÁUDIO,13,Pontões,False,171
51,Espírito Santo,517,Zona Serrana do Centro,5170,AFONSO CLÁUDIO,15,Serra Pelada,False,171
51,Espírito Santo,517,Zona Serrana do Centro,5170,AFONSO CLÁUDIO,17,Sobreiro,False,171
51,Espírito Santo,517,Zona Serrana do Centro,5171,BAIXO GUANDU,1,Baixo Guandu,False,171
51,Espírito Santo,517,Zona Serrana do Centro,5171,BAIXO GUANDU,3,Alto Mutum Prêto,False,171
51,Espírito Santo,517,Zona Serrana do Centro,5171,BAIXO GUANDU,5,Ibituba,False,171
51,Espírito Santo,517,Zona Serrana do Centro,5171,BAIXO GUANDU,7,Mascarenhas,False,171
51,Espírito Santo,517,Zona Serrana do Centro,5172,DOMINGOS MARTINS,1,Domingos Martins,False,171
51,Espírito Santo,517,Zona Serrana do Centro,5172,DOMINGOS MARTINS,3,Aracê,False,171
51,Espírito Santo,517,Zona Serrana do Centro,5172,DOMINGOS MARTINS,5,Araguaia,False,171
51,Espírito Santo,517,Zona Serrana do Centro,5172,DOMINGOS MARTINS,7,Isabel,False,171
51,Espírito Santo,517,Zona Serrana do Centro,5172,DOMINGOS MARTINS,9,Paraju,False,171
51,Espírito Santo,517,Zona Serrana do Centro,5173,ITAGUAÇU,1,Itaguaçu,False,171
51,Espírito Santo,517,Zona Serrana do Centro,5173,ITAGUAÇU,3,Itaçu,False,171
51,Espírito Santo,517,Zona Serrana do Centro,5173,ITAGUAÇU,5,Itaimbé,False,171
51,Espírito Santo,517,Zona Serrana do Centro,5173,ITAGUAÇU,7,Itarana,False,171
51,Espírito Santo,517,Zona Serrana do Centro,5174,SANTA LEOPOLDINA,1,Santa Leopoldina,False,171
51,Espírito Santo,517,Zona Serrana do Centro,5174,SANTA LEOPOLDINA,3,Djalma Coutinho,False,171
51,Espírito Santo,517,Zona Serrana do Centro,5174,SANTA LEOPOLDINA,5,Garrafão,False,172
51,Espírito Santo,517,Zona Serrana do Centro,5174,SANTA LEOPOLDINA,7,Jetibá,False,172
51,Espírito Santo,517,Zona Serrana do Centro,5174,SANTA LEOPOLDINA,9,Mangaraí,False,172
51,Espírito Santo,517,Zona Serrana do Centro,5175,SANTA TERESA,1,Santa Teresa,False,172
51,Espírito Santo,517,Zona Serrana do Centro,5175,SANTA TERESA,3,Alto Santa Maria,False,172
51,Espírito Santo,517,Zona Serrana do Centro,5175,SANTA TERESA,5,Santa Júlia,False,172
51,Espírito Santo,517,Zona Serrana do Centro,5175,SANTA TERESA,7,São João de Petrópolis,False,172
51,Espírito Santo,517,Zona Serrana do Centro,5175,SANTA TERESA,9,Vinte e Cinco de Julho,False,172
51,Espírito Santo,513514,Zona Serrana do Sul,5130,ALEGRE,1,Alegre,False,172
51,Espírito Santo,513514,Zona Serrana do Sul,5130,ALEGRE,3,Anutiba,False,172
51,Espírito Santo,513514,Zona Serrana do Sul,5130,ALEGRE,5,Araraí,False,172
51,Espírito Santo,513514,Zona Serrana do Sul,5130,ALEGRE,7,Café,False,172
51,Espírito Santo,513514,Zona Serrana do Sul,5130,ALEGRE,9,Celina,False,172
51,Espírito Santo,513514,Zona Serrana do Sul,5130,ALEGRE,11,Ibitirama,False,172
51,Espírito Santo,513514,Zona Serrana do Sul,5130,ALEGRE,13,Rive,False,172
51,Espírito Santo,513514,Zona Serrana do Sul,5130,ALEGRE,15,Santa Angélica,False,172
51,Espírito Santo,513514,Zona Serrana do Sul,5131,ALFREDO CHAVES,1,Alfredo Chaves,False,172
51,Espírito Santo,513514,Zona Serrana do Sul,5131,ALFREDO CHAVES,3,Crubixá,False,172
51,Espírito Santo,513514,Zona Serrana do Sul,5131,ALFREDO CHAVES,5,Matilde,False,172
51,Espírito Santo,513514,Zona Serrana do Sul,5131,ALFREDO CHAVES,7,Sagrada Família,False,172
51,Espírito Santo,513514,Zona Serrana do Sul,5132,APIACÁ,1,Apiacá,False,172
51,Espírito Santo,513514,Zona Serrana do Sul,5132,APIACÁ,3,Iuru,False,172
51,Espírito Santo,513514,Zona Serrana do Sul,5133,CACHOEIRO DE ITAPEMIRIM,1,Cachoeiro de Itapemirim [172.29],False,172
51,Espírito Santo,513514,Zona Serrana do Sul,5133,CACHOEIRO DE ITAPEMIRIM,3,Burarama,False,172
51,Espírito Santo,513514,Zona Serrana do Sul,5133,CACHOEIRO DE ITAPEMIRIM,5,Conduru,False,172
51,Espírito Santo,513514,Zona Serrana do Sul,5133,CACHOEIRO DE ITAPEMIRIM,7,Jaciguá,False,172
51,Espírito Santo,513514,Zona Serrana do Sul,5133,CACHOEIRO DE ITAPEMIRIM,9,Marapé,False,172
51,Espírito Santo,513514,Zona Serrana do Sul,5133,CACHOEIRO DE ITAPEMIRIM,11,Pacotuba,False,172
51,Espírito Santo,513514,Zona Serrana do Sul,5133,CACHOEIRO DE ITAPEMIRIM,13,Presidente Vargas,False,172
51,Espírito Santo,513514,Zona Serrana do Sul,5133,CACHOEIRO DE ITAPEMIRIM,15,Vargem Alta,False,172
51,Espírito Santo,513514,Zona Serrana do Sul,5133,CACHOEIRO DE ITAPEMIRIM,17,Vargem Grande do Soturno,False,172
51,Espírito Santo,513514,Zona Serrana do Sul,5134,CASTELO,1,Castelo,False,173
51,Espírito Santo,513514,Zona Serrana do Sul,5134,CASTELO,3,Aracuí,False,173
51,Espírito Santo,513514,Zona Serrana do Sul,5134,CASTELO,5,Conceição do Castelo,False,173
51,Espírito Santo,513514,Zona Serrana do Sul,5135,GUAÇUÍ,1,Guaçuí,False,173
51,Espírito Santo,513514,Zona Serrana do Sul,5135,GUAÇUÍ,3,Divisa,False,173
51,Espírito Santo,513514,Zona Serrana do Sul,5135,GUAÇUÍ,5,Imbuí,False,173
51,Espírito Santo,513514,Zona Serrana do Sul,5135,GUAÇUÍ,7,São Pedro de Rates,False,173
51,Espírito Santo,513514,Zona Serrana do Sul,5135,GUAÇUÍ,9,São Tiago,False,173
51,Espírito Santo,513514,Zona Serrana do Sul,5136,IÚNA,1,Iúna,False,173
51,Espírito Santo,513514,Zona Serrana do Sul,5136,IÚNA,3,Ibatiba,False,173
51,Espírito Santo,513514,Zona Serrana do Sul,5136,IÚNA,5,Irupi,False,173
51,Espírito Santo,513514,Zona Serrana do Sul,5136,IÚNA,7,Pequiá,False,173
51,Espírito Santo,513514,Zona Serrana do Sul,5137,JERÔNIMO MONTEIRO,1,Jerônimo Monteiro,False,173
51,Espírito Santo,513514,Zona Serrana do Sul,5138,MIMOSO DO SUL,1,Mimoso do Sul,False,173
51,Espírito Santo,513514,Zona Serrana do Sul,5138,MIMOSO DO SUL,3,Conceição do Muqui,False,173
51,Espírito Santo,513514,Zona Serrana do Sul,5138,MIMOSO DO SUL,5,Dona América,False,173
51,Espírito Santo,513514,Zona Serrana do Sul,5138,MIMOSO DO SUL,7,Ponte de Itabapoana,False,173
51,Espírito Santo,513514,Zona Serrana do Sul,5138,MIMOSO DO SUL,9,Santo Antônio do Muqui,False,173
51,Espírito Santo,513514,Zona Serrana do Sul,5138,MIMOSO DO SUL,11,São José das Tôrres,False,173
51,Espírito Santo,513514,Zona Serrana do Sul,5138,MIMOSO DO SUL,13,São Pedro de Itabapoana,False,173
51,Espírito Santo,513514,Zona Serrana do Sul,5139,MUNIZ FREIRE,1,Muniz Freire,False,173
51,Espírito Santo,513514,Zona Serrana do Sul,5139,MUNIZ FREIRE,3,Itaici [173.28],False,173
51,Espírito Santo,513514,Zona Serrana do Sul,5139,MUNIZ FREIRE,5,Piaçu,False,173
51,Espírito Santo,513514,Zona Serrana do Sul,5139,MUNIZ FREIRE,7,Vieira Machado,False,173
51,Espírito Santo,513514,Zona Serrana do Sul,5140,MUQUI,1,Muqui,False,173
51,Espírito Santo,513514,Zona Serrana do Sul,5140,MUQUI,3,Camará [173.33],False,173
51,Espírito Santo,513514,Zona Serrana do Sul,5141,SÃO JOSÉ DO CALÇADO,1,São José do Calçado,False,173
51,Espírito Santo,513514,Zona Serrana do Sul,5141,SÃO JOSÉ DO CALÇADO,3,Airituba,False,173
51,Espírito Santo,513514,Zona Serrana do Sul,5141,SÃO JOSÉ DO CALÇADO,5,Alto Calçado,False,173
51,Espírito Santo,513514,Zona Serrana do Sul,5141,SÃO JOSÉ DO CALÇADO,7,Bom Jesus do Norte,False,173
51,Rio de Janeiro,521,Zona da Baixada de Goitacazes,5210,CAMPOS,1,Campos,False,174
51,Rio de Janeiro,521,Zona da Baixada de Goitacazes,5210,CAMPOS,5,Cardoso Moreira,False,174
51,Rio de Janeiro,521,Zona da Baixada de Goitacazes,5210,CAMPOS,7,Dores de Macabu,False,174
51,Rio de Janeiro,521,Zona da Baixada de Goitacazes,5210,CAMPOS,9,Goitacazes,False,174
51,Rio de Janeiro,521,Zona da Baixada de Goitacazes,5210,CAMPOS,11,Guarus,False,174
51,Rio de Janeiro,521,Zona da Baixada de Goitacazes,5210,CAMPOS,13,Ibitioca,False,174
51,Rio de Janeiro,521,Zona da Baixada de Goitacazes,5210,CAMPOS,15,Italva,False,174
51,Rio de Janeiro,521,Zona da Baixada de Goitacazes,5210,CAMPOS,17,Morangaba,False,174
51,Rio de Janeiro,521,Zona da Baixada de Goitacazes,5210,CAMPOS,19,Morro do Côco,False,174
51,Rio de Janeiro,521,Zona da Baixada de Goitacazes,5210,CAMPOS,21,Mussurepe,False,174
51,Rio de Janeiro,521,Zona da Baixada de Goitacazes,5210,CAMPOS,23,Paciência,False,174
51,Rio de Janeiro,521,Zona da Baixada de Goitacazes,5210,CAMPOS,29,Santo Amaro de Campos,False,174
51,Rio de Janeiro,521,Zona da Baixada de Goitacazes,5210,CAMPOS,31,Santo Eduardo,False,174
51,Rio de Janeiro,521,Zona da Baixada de Goitacazes,5210,CAMPOS,33,São Joaquim,False,174
51,Rio de Janeiro,521,Zona da Baixada de Goitacazes,5210,CAMPOS,35,São Sebastião de Campos,False,174
51,Rio de Janeiro,521,Zona da Baixada de Goitacazes,5210,CAMPOS,37,Tocos,False,174
51,Rio de Janeiro,521,Zona da Baixada de Goitacazes,5210,CAMPOS,39,Travessão,False,174
51,Rio de Janeiro,521,Zona da Baixada de Goitacazes,5210,CAMPOS,41,Vila Nova,False,174
51,Rio de Janeiro,521,Zona da Baixada de Goitacazes,5211,CONCEIÇÃO DE MACABU,1,Conceição do Macabu,False,174
51,Rio de Janeiro,521,Zona da Baixada de Goitacazes,5211,CONCEIÇÃO DE MACABU,3,Macabuzinho,False,174
51,Rio de Janeiro,521,Zona da Baixada de Goitacazes,5212,MACAÉ,1,Macaé,False,174
51,Rio de Janeiro,521,Zona da Baixada de Goitacazes,5212,MACAÉ,3,Cabiúnas,False,174
51,Rio de Janeiro,521,Zona da Baixada de Goitacazes,5212,MACAÉ,5,Cachoeiros,False,174
51,Rio de Janeiro,521,Zona da Baixada de Goitacazes,5212,MACAÉ,7,Carapebus,False,174
51,Rio de Janeiro,521,Zona da Baixada de Goitacazes,5212,MACAÉ,9,Glicério,False,174
51,Rio de Janeiro,521,Zona da Baixada de Goitacazes,5212,MACAÉ,11,Iriri,False,174
51,Rio de Janeiro,521,Zona da Baixada de Goitacazes,5212,MACAÉ,13,Quissamã,False,174
51,Rio de Janeiro,521,Zona da Baixada de Goitacazes,5212,MACAÉ,15,Sana,False,174
51,Rio de Janeiro,521,Zona da Baixada de Goitacazes,5213,SÃO JOÃO DA BARRA,1,São João da Barra,False,175
51,Rio de Janeiro,521,Zona da Baixada de Goitacazes,5213,SÃO JOÃO DA BARRA,11,Barcelos,False,175
51,Rio de Janeiro,521,Zona da Baixada de Goitacazes,5213,SÃO JOÃO DA BARRA,3,Barra Sêca,False,175
51,Rio de Janeiro,521,Zona da Baixada de Goitacazes,5213,SÃO JOÃO DA BARRA,5,Itabapoana,False,175
51,Rio de Janeiro,521,Zona da Baixada de Goitacazes,5213,SÃO JOÃO DA BARRA,7,Maniva,False,175
51,Rio de Janeiro,521,Zona da Baixada de Goitacazes,5213,SÃO JOÃO DA BARRA,9,Pipeiras,False,175
51,Rio de Janeiro,528,Zona da Baixada do Rio São João,5280,CASIMIRO DE ABREU,1,Casimiro de Abreu,False,175
51,Rio de Janeiro,528,Zona da Baixada do Rio São João,5280,CASIMIRO DE ABREU,3,Barra de São João,False,175
51,Rio de Janeiro,528,Zona da Baixada do Rio São João,5281,SILVA JARDIM,1,Silva Jardim,False,175
51,Rio de Janeiro,528,Zona da Baixada do Rio São João,5281,SILVA JARDIM,3,Correntezas,False,175
51,Rio de Janeiro,528,Zona da Baixada do Rio São João,5281,SILVA JARDIM,5,Gaviões,False,175
51,Rio de Janeiro,528,Zona da Baixada do Rio São João,5281,SILVA JARDIM,7,Quartéis,False,175
51,Rio de Janeiro,529,Zona da Baixada de Araruama,5290,ARARUAMA,1,Araruama,False,175
51,Rio de Janeiro,529,Zona da Baixada de Araruama,5290,ARARUAMA,3,Morro Grande,False,175
51,Rio de Janeiro,529,Zona da Baixada de Araruama,5290,ARARUAMA,5,São Vicente de Paula,False,175
51,Rio de Janeiro,529,Zona da Baixada de Araruama,5291,CABO FRIO,1,Cabo Frio,False,175
51,Rio de Janeiro,529,Zona da Baixada de Araruama,5291,CABO FRIO,3,Armação dos Búzios,False,175
51,Rio de Janeiro,529,Zona da Baixada de Araruama,5291,CABO FRIO,5,Arraial do Cabo,False,175
51,Rio de Janeiro,529,Zona da Baixada de Araruama,5291,CABO FRIO,7,Tamoios,False,175
51,Rio de Janeiro,529,Zona da Baixada de Araruama,5292,MARICÁ,1,Maricá,False,175
51,Rio de Janeiro,529,Zona da Baixada de Araruama,5292,MARICÁ,3,Inoã,False,175
51,Rio de Janeiro,529,Zona da Baixada de Araruama,5292,MARICÁ,5,Itapeteiú,False,175
51,Rio de Janeiro,529,Zona da Baixada de Araruama,5293,SÃO PEDRO DA ALDEIA,1,São Pedro da Aldeia,False,175
51,Rio de Janeiro,529,Zona da Baixada de Araruama,5293,SÃO PEDRO DA ALDEIA,3,Iguaba Grande,False,175
51,Rio de Janeiro,529,Zona da Baixada de Araruama,5294,SAQUAREMA,1,Saquarema,False,176
51,Rio de Janeiro,529,Zona da Baixada de Araruama,5294,SAQUAREMA,3,Bacaxá,False,176
51,Rio de Janeiro,529,Zona da Baixada de Araruama,5294,SAQUAREMA,5,Sampaio Corrêia,False,176
51,Rio de Janeiro,530,Zona da Baixada da Guanabara,5300,CACHOEIRAS DE MACACU,1,Cachoeiras de Macacu,False,176
51,Rio de Janeiro,530,Zona da Baixada da Guanabara,5300,CACHOEIRAS DE MACACU,3,Japuíba,False,176
51,Rio de Janeiro,530,Zona da Baixada da Guanabara,5300,CACHOEIRAS DE MACACU,5,Subaio,False,176
51,Rio de Janeiro,530,Zona da Baixada da Guanabara,5301,DUQUE DE CAXIAS,1,Duque de Caxias,False,176
51,Rio de Janeiro,530,Zona da Baixada da Guanabara,5301,DUQUE DE CAXIAS,3,Campos Elyseos,False,176
51,Rio de Janeiro,530,Zona da Baixada da Guanabara,5301,DUQUE DE CAXIAS,5,Imbariê,False,176
51,Rio de Janeiro,530,Zona da Baixada da Guanabara,5301,DUQUE DE CAXIAS,7,Xerém,False,176
51,Rio de Janeiro,530,Zona da Baixada da Guanabara,5302,ITABORAÍ,1,Itaboraí,False,176
51,Rio de Janeiro,530,Zona da Baixada da Guanabara,5302,ITABORAÍ,3,Cabuçu,False,176
51,Rio de Janeiro,530,Zona da Baixada da Guanabara,5302,ITABORAÍ,5,Itambi,False,176
51,Rio de Janeiro,530,Zona da Baixada da Guanabara,5302,ITABORAÍ,7,Pôrto das Caixas,False,176
51,Rio de Janeiro,530,Zona da Baixada da Guanabara,5302,ITABORAÍ,9,Sambaetiba,False,176
51,Rio de Janeiro,530,Zona da Baixada da Guanabara,5302,ITABORAÍ,11,Tanguá,False,176
51,Rio de Janeiro,530,Zona da Baixada da Guanabara,5303,MAGÉ,1,Magé,False,176
51,Rio de Janeiro,530,Zona da Baixada da Guanabara,5303,MAGÉ,3,Guapimirim,False,176
51,Rio de Janeiro,530,Zona da Baixada da Guanabara,5303,MAGÉ,5,Guia do Pacobaíba,False,176
51,Rio de Janeiro,530,Zona da Baixada da Guanabara,5303,MAGÉ,7,Inhomirim,False,176
51,Rio de Janeiro,530,Zona da Baixada da Guanabara,5303,MAGÉ,9,Santo Aleixo,False,176
51,Rio de Janeiro,530,Zona da Baixada da Guanabara,5303,MAGÉ,11,Suruí,False,176
51,Rio de Janeiro,530,Zona da Baixada da Guanabara,5304,NILÓPOLIS,1,Nilópolis,False,176
51,Rio de Janeiro,530,Zona da Baixada da Guanabara,5304,NILÓPOLIS,3,Olinda,False,176
51,Rio de Janeiro,530,Zona da Baixada da Guanabara,5305,NITERÓI,1,Niterói,False,176
51,Rio de Janeiro,530,Zona da Baixada da Guanabara,5305,NITERÓI,3,Itaipu,False,176
51,Rio de Janeiro,530,Zona da Baixada da Guanabara,5306,RIO BONITO,1,Rio Bonito,False,177
51,Rio de Janeiro,530,Zona da Baixada da Guanabara,5306,RIO BONITO,7,Boa Esperança,False,177
51,Rio de Janeiro,530,Zona da Baixada da Guanabara,5307,SÃO GONÇALO,1,São Gonçalo,False,177
51,Rio de Janeiro,530,Zona da Baixada da Guanabara,5307,SÃO GONÇALO,3,Ipiíba,False,177
51,Rio de Janeiro,530,Zona da Baixada da Guanabara,5307,SÃO GONÇALO,5,Monjôlo,False,177
51,Rio de Janeiro,530,Zona da Baixada da Guanabara,5307,SÃO GONÇALO,7,Neves,False,177
51,Rio de Janeiro,530,Zona da Baixada da Guanabara,5307,SÃO GONÇALO,9,Sete Pontes,False,177
51,Rio de Janeiro,530,Zona da Baixada da Guanabara,5308,SÃO JOÃO DE MERITI,1,São João de Meriti,False,177
51,Rio de Janeiro,530,Zona da Baixada da Guanabara,5308,SÃO JOÃO DE MERITI,3,Coelho da Rocha,False,177
51,Rio de Janeiro,530,Zona da Baixada da Guanabara,5308,SÃO JOÃO DE MERITI,5,São Mateus,False,177
51,Rio de Janeiro,531,Zona da Baixada do Rio Guandu,5310,ITAGUAÍ,1,Itaguaí,False,177
51,Rio de Janeiro,531,Zona da Baixada do Rio Guandu,5310,ITAGUAÍ,3,Coroa Grande,False,177
51,Rio de Janeiro,531,Zona da Baixada do Rio Guandu,5310,ITAGUAÍ,5,Ibituporanga,False,177
51,Rio de Janeiro,531,Zona da Baixada do Rio Guandu,5310,ITAGUAÍ,7,Paracambi,False,177
51,Rio de Janeiro,531,Zona da Baixada do Rio Guandu,5310,ITAGUAÍ,9,Seropédica,False,177
51,Rio de Janeiro,531,Zona da Baixada do Rio Guandu,5311,NOVA IGUAÇU,1,Nova Iguaçu,False,177
51,Rio de Janeiro,531,Zona da Baixada do Rio Guandu,5311,NOVA IGUAÇU,3,Belford Roxo,False,177
51,Rio de Janeiro,531,Zona da Baixada do Rio Guandu,5311,NOVA IGUAÇU,5,Cava,False,177
51,Rio de Janeiro,531,Zona da Baixada do Rio Guandu,5311,NOVA IGUAÇU,7,Japeri,False,177
51,Rio de Janeiro,531,Zona da Baixada do Rio Guandu,5311,NOVA IGUAÇU,9,Mesquita,False,177
51,Rio de Janeiro,531,Zona da Baixada do Rio Guandu,5311,NOVA IGUAÇU,11,Queimados,False,177
51,Rio de Janeiro,532,Zona do Litoral da Baía da Ilha Grande,5320,ANGRA DOS REIS,1,Angra dos Reis,False,177
51,Rio de Janeiro,532,Zona do Litoral da Baía da Ilha Grande,5320,ANGRA DOS REIS,3,Abraão,False,177
51,Rio de Janeiro,532,Zona do Litoral da Baía da Ilha Grande,5320,ANGRA DOS REIS,5,Cunhambebe,False,177
51,Rio de Janeiro,532,Zona do Litoral da Baía da Ilha Grande,5320,ANGRA DOS REIS,7,Jacuecanga,False,177
51,Rio de Janeiro,532,Zona do Litoral da Baía da Ilha Grande,5320,ANGRA DOS REIS,9,Mambucaba,False,178
51,Rio de Janeiro,532,Zona do Litoral da Baía da Ilha Grande,5320,ANGRA DOS REIS,11,Praia de Araçatiba,False,178
51,Rio de Janeiro,532,Zona do Litoral da Baía da Ilha Grande,5321,MANGARATIBA,1,Mangaratiba,False,178
51,Rio de Janeiro,532,Zona do Litoral da Baía da Ilha Grande,5321,MANGARATIBA,3,Conceição de Jacareí,False,178
51,Rio de Janeiro,532,Zona do Litoral da Baía da Ilha Grande,5321,MANGARATIBA,5,Itacurussá,False,178
51,Rio de Janeiro,532,Zona do Litoral da Baía da Ilha Grande,5321,MANGARATIBA,7,Vila Muriqui,False,178
51,Rio de Janeiro,532,Zona do Litoral da Baía da Ilha Grande,5322,PARATI,1,Parati,False,178
51,Rio de Janeiro,532,Zona do Litoral da Baía da Ilha Grande,5322,PARATI,3,Parati Mirim,False,178
51,Rio de Janeiro,532,Zona do Litoral da Baía da Ilha Grande,5322,PARATI,5,Tarituba,False,178
51,Rio de Janeiro,522,Zona de Muriaé,5220,BOM JESUS DO ITABAPOANA,1,Bom Jesus de Itabapoana,False,178
51,Rio de Janeiro,522,Zona de Muriaé,5220,BOM JESUS DO ITABAPOANA,3,Calheiros,False,178
51,Rio de Janeiro,522,Zona de Muriaé,5220,BOM JESUS DO ITABAPOANA,5,Carabuçu,False,178
51,Rio de Janeiro,522,Zona de Muriaé,5220,BOM JESUS DO ITABAPOANA,7,Pirapitinga de Bom Jesus,False,178
51,Rio de Janeiro,522,Zona de Muriaé,5220,BOM JESUS DO ITABAPOANA,9,Rosal,False,178
51,Rio de Janeiro,522,Zona de Muriaé,5221,CAMBUCI,1,Cambuci,False,178
51,Rio de Janeiro,522,Zona de Muriaé,5221,CAMBUCI,3,Funil,False,178
51,Rio de Janeiro,522,Zona de Muriaé,5221,CAMBUCI,5,Monte Verde,False,178
51,Rio de Janeiro,522,Zona de Muriaé,5221,CAMBUCI,7,São João do Paraíso,False,178
51,Rio de Janeiro,522,Zona de Muriaé,5221,CAMBUCI,9,São José de Ubá,False,178
51,Rio de Janeiro,522,Zona de Muriaé,5221,CAMBUCI,11,Três Irmãos,False,178
51,Rio de Janeiro,522,Zona de Muriaé,5222,ITAPERUNA,1,Itaperuna,False,178
51,Rio de Janeiro,522,Zona de Muriaé,5222,ITAPERUNA,3,Boaventura,False,178
51,Rio de Janeiro,522,Zona de Muriaé,5222,ITAPERUNA,5,Comendador Venâncio,False,178
51,Rio de Janeiro,522,Zona de Muriaé,5222,ITAPERUNA,7,Itajara,False,178
51,Rio de Janeiro,522,Zona de Muriaé,5222,ITAPERUNA,9,Laje de Muriaé,False,178
51,Rio de Janeiro,522,Zona de Muriaé,5222,ITAPERUNA,11,Nossa Senhora da Penha,False,178
51,Rio de Janeiro,522,Zona de Muriaé,5222,ITAPERUNA,13,Retiro de Muriaé,False,178
51,Rio de Janeiro,522,Zona de Muriaé,5223,MIRACEMA,1,Miracema,False,179
51,Rio de Janeiro,522,Zona de Muriaé,5223,MIRACEMA,3,Paraíso do Tobias,False,179
51,Rio de Janeiro,522,Zona de Muriaé,5223,MIRACEMA,5,Venda das Flores,False,179
51,Rio de Janeiro,522,Zona de Muriaé,5224,NATIVIDADE DO CARANGOLA,1,Natividade do Carangola,False,179
51,Rio de Janeiro,522,Zona de Muriaé,5224,NATIVIDADE DO CARANGOLA,3,Ourânia,False,179
51,Rio de Janeiro,522,Zona de Muriaé,5224,NATIVIDADE DO CARANGOLA,5,Varre-Sai,False,179
51,Rio de Janeiro,522,Zona de Muriaé,5225,PORCIÚNCULA,1,Porciúncula,False,179
51,Rio de Janeiro,522,Zona de Muriaé,5225,PORCIÚNCULA,3,Purilândia,False,179
51,Rio de Janeiro,522,Zona de Muriaé,5225,PORCIÚNCULA,5,Santa Clara,False,179
51,Rio de Janeiro,522,Zona de Muriaé,5226,SANTO ANTÔNIO DE PÁDUA,1,Santo Antônio de Pádua,False,179
51,Rio de Janeiro,522,Zona de Muriaé,5226,SANTO ANTÔNIO DE PÁDUA,3,Aperibé,False,179
51,Rio de Janeiro,522,Zona de Muriaé,5226,SANTO ANTÔNIO DE PÁDUA,5,Baltazar,False,179
51,Rio de Janeiro,522,Zona de Muriaé,5226,SANTO ANTÔNIO DE PÁDUA,7,Ibitiguaçu,False,179
51,Rio de Janeiro,522,Zona de Muriaé,5226,SANTO ANTÔNIO DE PÁDUA,9,Ibitinema,False,179
51,Rio de Janeiro,522,Zona de Muriaé,5226,SANTO ANTÔNIO DE PÁDUA,11,Ibitiporã,False,179
51,Rio de Janeiro,522,Zona de Muriaé,5226,SANTO ANTÔNIO DE PÁDUA,13,Marangatu,False,179
51,Rio de Janeiro,522,Zona de Muriaé,5226,SANTO ANTÔNIO DE PÁDUA,15,Paraoquena,False,179
51,Rio de Janeiro,523524,Zona de Cantagalo,5230,CANTAGALO,1,Cantagalo,False,179
51,Rio de Janeiro,523524,Zona de Cantagalo,5230,CANTAGALO,3,Boa Sorte,False,179
51,Rio de Janeiro,523524,Zona de Cantagalo,5230,CANTAGALO,5,Euclidelândia,False,179
51,Rio de Janeiro,523524,Zona de Cantagalo,5230,CANTAGALO,7,Santa Rita da Floresta,False,179
51,Rio de Janeiro,523524,Zona de Cantagalo,5230,CANTAGALO,9,São Sebastião do Paraíba,False,179
51,Rio de Janeiro,523524,Zona de Cantagalo,5231,CARMO,1,Carmo,False,179
51,Rio de Janeiro,523524,Zona de Cantagalo,5231,CARMO,3,Córrego da Prata,False,179
51,Rio de Janeiro,523524,Zona de Cantagalo,5231,CARMO,5,Pôrto Velho do Cunha,False,179
51,Rio de Janeiro,523524,Zona de Cantagalo,5232,CORDEIRO,1,Cordeiro,False,180
51,Rio de Janeiro,523524,Zona de Cantagalo,5232,CORDEIRO,3,Macuco,False,180
51,Rio de Janeiro,523524,Zona de Cantagalo,5233,DUAS BARRAS,1,Duas Barras,False,180
51,Rio de Janeiro,523524,Zona de Cantagalo,5233,DUAS BARRAS,3,Monerá,False,180
51,Rio de Janeiro,523524,Zona de Cantagalo,5234,ITAOCARA,1,Itaocara,False,180
51,Rio de Janeiro,523524,Zona de Cantagalo,5234,ITAOCARA,3,Estrada Nova,False,180
51,Rio de Janeiro,523524,Zona de Cantagalo,5234,ITAOCARA,5,Jaguarembé,False,180
51,Rio de Janeiro,523524,Zona de Cantagalo,5234,ITAOCARA,7,Laranjais,False,180
51,Rio de Janeiro,523524,Zona de Cantagalo,5234,ITAOCARA,9,Portela,False,180
51,Rio de Janeiro,523524,Zona de Cantagalo,5235,SANTA MARIA MADALENA,1,Santa Maria Madalena,False,180
51,Rio de Janeiro,523524,Zona de Cantagalo,5235,SANTA MARIA MADALENA,3,Doutor Loré[ti?] [180.15],False,180
51,Rio de Janeiro,523524,Zona de Cantagalo,5235,SANTA MARIA MADALENA,5,Renascença,False,180
51,Rio de Janeiro,523524,Zona de Cantagalo,5235,SANTA MARIA MADALENA,7,Santo Antônio do Imbé,False,180
51,Rio de Janeiro,523524,Zona de Cantagalo,5235,SANTA MARIA MADALENA,9,Sossêgo,False,180
51,Rio de Janeiro,523524,Zona de Cantagalo,5235,SANTA MARIA MADALENA,11,Triunfo,False,180
51,Rio de Janeiro,523524,Zona de Cantagalo,5236,SÃO FIDÉLIS,1,São Fidélis,False,180
51,Rio de Janeiro,523524,Zona de Cantagalo,5236,SÃO FIDÉLIS,3,Cambiasca,False,180
51,Rio de Janeiro,523524,Zona de Cantagalo,5236,SÃO FIDÉLIS,5,Colônia,False,180
51,Rio de Janeiro,523524,Zona de Cantagalo,5236,SÃO FIDÉLIS,7,Ipuca,False,180
51,Rio de Janeiro,523524,Zona de Cantagalo,5236,SÃO FIDÉLIS,9,Pureza,False,180
51,Rio de Janeiro,523524,Zona de Cantagalo,5237,SÃO SEBASTIÃO DO ALTO,1,São Sebastião do Alto,False,180
51,Rio de Janeiro,523524,Zona de Cantagalo,5237,SÃO SEBASTIÃO DO ALTO,3,Valão do Barro,False,180
51,Rio de Janeiro,523524,Zona de Cantagalo,5238,SAPUCAIA,1,Sapucaia,False,180
51,Rio de Janeiro,523524,Zona de Cantagalo,5238,SAPUCAIA,3,Anta,False,180
51,Rio de Janeiro,523524,Zona de Cantagalo,5238,SAPUCAIA,5,Jamapará,False,180
51,Rio de Janeiro,523524,Zona de Cantagalo,5238,SAPUCAIA,7,Nossa Senhora da Aparecida,False,180
51,Rio de Janeiro,523524,Zona de Cantagalo,5239,SUMIDOURO,1,Sumidouro,False,181
51,Rio de Janeiro,523524,Zona de Cantagalo,5240,TRAJANO DE MORAIS,1,Trajano de Morais,False,181
51,Rio de Janeiro,523524,Zona de Cantagalo,5240,TRAJANO DE MORAIS,3,Doutor Elias,False,181
51,Rio de Janeiro,523524,Zona de Cantagalo,5240,TRAJANO DE MORAIS,5,Sodrelândia,False,181
51,Rio de Janeiro,523524,Zona de Cantagalo,5240,TRAJANO DE MORAIS,7,Vila da Grama,False,181
51,Rio de Janeiro,523524,Zona de Cantagalo,5240,TRAJANO DE MORAIS,9,Visconde de Imbé,False,181
51,Rio de Janeiro,525,Zona do Alto da Serra,5250,BOM JARDIM,1,Bom Jardim,False,181
51,Rio de Janeiro,525,Zona do Alto da Serra,5250,BOM JARDIM,3,Banquete,False,181
51,Rio de Janeiro,525,Zona do Alto da Serra,5250,BOM JARDIM,5,Barra Alegre,False,181
51,Rio de Janeiro,525,Zona do Alto da Serra,5250,BOM JARDIM,7,São José do Ribeirão,False,181
51,Rio de Janeiro,525,Zona do Alto da Serra,5251,NOVA FRIBURGO,1,Nova Friburgo,False,181
51,Rio de Janeiro,525,Zona do Alto da Serra,5251,NOVA FRIBURGO,3,Amparo,False,181
51,Rio de Janeiro,525,Zona do Alto da Serra,5251,NOVA FRIBURGO,5,Campo do Coelho,False,181
51,Rio de Janeiro,525,Zona do Alto da Serra,5251,NOVA FRIBURGO,7,Conselheiro Paulino,False,181
51,Rio de Janeiro,525,Zona do Alto da Serra,5251,NOVA FRIBURGO,9,Lumiar,False,181
51,Rio de Janeiro,525,Zona do Alto da Serra,5251,NOVA FRIBURGO,11,Riograndina,False,181
51,Rio de Janeiro,525,Zona do Alto da Serra,5252,PETRÓPOLIS,1,Petrópolis,False,181
51,Rio de Janeiro,525,Zona do Alto da Serra,5252,PETRÓPOLIS,3,Cascatinha,False,181
51,Rio de Janeiro,525,Zona do Alto da Serra,5252,PETRÓPOLIS,5,Itaipava,False,181
51,Rio de Janeiro,525,Zona do Alto da Serra,5252,PETRÓPOLIS,7,Pedro do Rio,False,181
51,Rio de Janeiro,525,Zona do Alto da Serra,5252,PETRÓPOLIS,9,São José do Rio Prêto,False,181
51,Rio de Janeiro,525,Zona do Alto da Serra,5253,TEREZÓPOLIS,1,Terezópolis,False,181
51,Rio de Janeiro,525,Zona do Alto da Serra,5253,TEREZÓPOLIS,3,Nhunguaçu,False,181
51,Rio de Janeiro,525,Zona do Alto da Serra,5253,TEREZÓPOLIS,5,Paquequer Pequeno,False,181
51,Rio de Janeiro,526527,Zona de Resende,5260,BARRA DO PIRAÍ,1,Barra do Piraí,False,182
51,Rio de Janeiro,526527,Zona de Resende,5260,BARRA DO PIRAÍ,3,Dorândia,False,182
51,Rio de Janeiro,526527,Zona de Resende,5260,BARRA DO PIRAÍ,5,Ipiabas,False,182
51,Rio de Janeiro,526527,Zona de Resende,5260,BARRA DO PIRAÍ,7,São José do Turvo,False,182
51,Rio de Janeiro,526527,Zona de Resende,5260,BARRA DO PIRAÍ,9,Vargem Alegre,False,182
51,Rio de Janeiro,526527,Zona de Resende,5261,BARRA MANSA,1,Barra Mansa,False,182
51,Rio de Janeiro,526527,Zona de Resende,5261,BARRA MANSA,3,Falcão,False,182
51,Rio de Janeiro,526527,Zona de Resende,5261,BARRA MANSA,5,Floriano,False,182
51,Rio de Janeiro,526527,Zona de Resende,5261,BARRA MANSA,7,Nossa Senhora do Amparo,False,182
51,Rio de Janeiro,526527,Zona de Resende,5261,BARRA MANSA,9,Quatis,False,182
51,Rio de Janeiro,526527,Zona de Resende,5261,BARRA MANSA,11,Rialto,False,182
51,Rio de Janeiro,526527,Zona de Resende,5261,BARRA MANSA,13,Ribeirão de São Joaquim,False,182
51,Rio de Janeiro,526527,Zona de Resende,5262,ENGENHEIRO PAULO DE FRONTIN,1,Engenheiro Paulo de Frontin,False,182
51,Rio de Janeiro,526527,Zona de Resende,5262,ENGENHEIRO PAULO DE FRONTIN,3,Sacra Família do Tinguá,False,182
51,Rio de Janeiro,526527,Zona de Resende,5263,MENDES,1,Mendes,False,182
51,Rio de Janeiro,526527,Zona de Resende,5264,MIGUEL PEREIRA,1,Miguel Pereira,False,182
51,Rio de Janeiro,526527,Zona de Resende,5264,MIGUEL PEREIRA,3,Governador Portela,False,182
51,Rio de Janeiro,526527,Zona de Resende,5265,PARAÍBA DO SUL,1,Paraíba do Sul,False,182
51,Rio de Janeiro,526527,Zona de Resende,5265,PARAÍBA DO SUL,3,Inconfidência,False,182
51,Rio de Janeiro,526527,Zona de Resende,5265,PARAÍBA DO SUL,5,Salutáris,False,182
51,Rio de Janeiro,526527,Zona de Resende,5265,PARAÍBA DO SUL,7,Werneck,False,182
51,Rio de Janeiro,526527,Zona de Resende,5266,PIRAÍ,1,Piraí,False,182
51,Rio de Janeiro,526527,Zona de Resende,5266,PIRAÍ,3,Arrozal,False,182
51,Rio de Janeiro,526527,Zona de Resende,5266,PIRAÍ,5,Monumento,False,182
51,Rio de Janeiro,526527,Zona de Resende,5266,PIRAÍ,7,Pinheiral,False,182
51,Rio de Janeiro,526527,Zona de Resende,5266,PIRAÍ,9,Santanésia,False,182
51,Rio de Janeiro,526527,Zona de Resende,5267,RESENDE,1,Resende,False,183
51,Rio de Janeiro,526527,Zona de Resende,5267,RESENDE,3,Agulhas Negras,False,183
51,Rio de Janeiro,526527,Zona de Resende,5267,RESENDE,5,Engenheiro Passos,False,183
51,Rio de Janeiro,526527,Zona de Resende,5267,RESENDE,7,Fumaça,False,183
51,Rio de Janeiro,526527,Zona de Resende,5267,RESENDE,9,Itatiaia,False,183
51,Rio de Janeiro,526527,Zona de Resende,5267,RESENDE,11,Pedra Selada,False,183
51,Rio de Janeiro,526527,Zona de Resende,5267,RESENDE,13,Pirangaí,False,183
51,Rio de Janeiro,526527,Zona de Resende,5267,RESENDE,15,Pôrto Real,False,183
51,Rio de Janeiro,526527,Zona de Resende,5268,RIO CLARO,1,Rio Claro,False,183
51,Rio de Janeiro,526527,Zona de Resende,5268,RIO CLARO,3,Getulândia,False,183
51,Rio de Janeiro,526527,Zona de Resende,5268,RIO CLARO,5,Lídice,False,183
51,Rio de Janeiro,526527,Zona de Resende,5268,RIO CLARO,7,Passa Três,False,183
51,Rio de Janeiro,526527,Zona de Resende,5268,RIO CLARO,9,São João Marcos,False,183
51,Rio de Janeiro,526527,Zona de Resende,5269,RIO DAS FLORES,1,Rio das Flores,False,183
51,Rio de Janeiro,526527,Zona de Resende,5269,RIO DAS FLORES,3,Abarracamento,False,183
51,Rio de Janeiro,526527,Zona de Resende,5269,RIO DAS FLORES,5,Manuel Duarte,False,183
51,Rio de Janeiro,526527,Zona de Resende,5269,RIO DAS FLORES,7,Taboas,False,183
51,Rio de Janeiro,526527,Zona de Resende,5270,TRÊS RIOS,1,Três Rios,False,183
51,Rio de Janeiro,526527,Zona de Resende,5270,TRÊS RIOS,3,Afonso Arinos,False,183
51,Rio de Janeiro,526527,Zona de Resende,5270,TRÊS RIOS,5,Areal,False,183
51,Rio de Janeiro,526527,Zona de Resende,5270,TRÊS RIOS,7,Bemposta,False,183
51,Rio de Janeiro,526527,Zona de Resende,5270,TRÊS RIOS,9,Serraria,False,183
51,Rio de Janeiro,526527,Zona de Resende,5271,VALENÇA,1,Valença,False,183
51,Rio de Janeiro,526527,Zona de Resende,5271,VALENÇA,3,Barão de Juparanã,False,183
51,Rio de Janeiro,526527,Zona de Resende,5271,VALENÇA,5,Conservatória,False,183
51,Rio de Janeiro,526527,Zona de Resende,5271,VALENÇA,7,Parapeúna,False,183
51,Rio de Janeiro,526527,Zona de Resende,5271,VALENÇA,9,Pentagna,False,183
51,Rio de Janeiro,526527,Zona de Resende,5271,VALENÇA,11,Santa Isabel do Rio Prêto,False,183
51,Rio de Janeiro,526527,Zona de Resende,5272,VASSOURAS,1,Vassouras,False,184
51,Rio de Janeiro,526527,Zona de Resende,5272,VASSOURAS,3,Andrade Pinto,False,184
51,Rio de Janeiro,526527,Zona de Resende,5272,VASSOURAS,5,Avelar,False,184
51,Rio de Janeiro,526527,Zona de Resende,5272,VASSOURAS,7,Conrado,False,184
51,Rio de Janeiro,526527,Zona de Resende,5272,VASSOURAS,9,Ferreiros,False,184
51,Rio de Janeiro,526527,Zona de Resende,5272,VASSOURAS,11,Pati do Alferes,False,184
51,Rio de Janeiro,526527,Zona de Resende,5272,VASSOURAS,13,Sebastião Lacerda,False,184
51,Rio de Janeiro,526527,Zona de Resende,5272,VASSOURAS,15,Tairetá,False,184
51,Rio de Janeiro,526527,Zona de Resende,5273,VOLTA REDONDA,1,Volta Redonda,False,184
51,Guanabara,541,Zona do Litoral,5410,BARRA DA TIJUCA,19,Circunscrição,False,185
51,Guanabara,541,Zona do Litoral,5411,COPACABANA,12,Circunscrição,False,185
51,Guanabara,541,Zona do Litoral,5411,COPACABANA,41,Favela do Morro do Pavão,False,185
51,Guanabara,541,Zona do Litoral,5411,COPACABANA,42,Favela do Morro Euclides da Rocha,False,185
51,Guanabara,541,Zona do Litoral,5411,COPACABANA,43,Favela do Morro de São João,False,185
51,Guanabara,541,Zona do Litoral,5412,GÁVEA,11,Circunscrição,False,185
51,Guanabara,541,Zona do Litoral,5412,GÁVEA,41,Favela do Parque da Cidade,False,185
51,Guanabara,541,Zona do Litoral,5412,GÁVEA,42,Favela do Morro de Santa Marta,False,185
51,Guanabara,541,Zona do Litoral,5412,GÁVEA,43,Favela Monte Carlo,False,185
51,Guanabara,541,Zona do Litoral,5412,GÁVEA,44,Favela Major Rubens Vaz,False,185
51,Guanabara,541,Zona do Litoral,5412,GÁVEA,45,Favela Parque Proletário da Gávea,False,185
51,Guanabara,541,Zona do Litoral,5412,GÁVEA,46,Favela Artur Araripe,False,185
51,Guanabara,541,Zona do Litoral,5412,GÁVEA,47,Favela Vila Floresta,False,185
51,Guanabara,541,Zona do Litoral,5412,GÁVEA,48,Favela Chácara do Cabeça,False,185
51,Guanabara,541,Zona do Litoral,5412,GÁVEA,49,Favela do Sossêgo (Morro do Martelo),False,185
51,Guanabara,541,Zona do Litoral,5412,GÁVEA,50,Favela da Coréia (Morro do Martelo),False,185
51,Guanabara,541,Zona do Litoral,5413,IPANEMA,12,Circunscrição,False,185
51,Guanabara,541,Zona do Litoral,5413,IPANEMA,41,Favela do Morro do Cantagalo,False,185
51,Guanabara,541,Zona do Litoral,5414,LAGOA,11,Circunscrição,False,185
51,Guanabara,541,Zona do Litoral,5414,LAGOA,41,Favela do Morro da Catacumba,False,185
51,Guanabara,541,Zona do Litoral,5415,LEBLON,11,Circunscrição,False,185
51,Guanabara,541,Zona do Litoral,5415,LEBLON,41,Morro Chácara do Céu,False,185
51,Guanabara,541,Zona do Litoral,5415,LEBLON,42,Sambaíba,False,185
51,Guanabara,541,Zona do Litoral,5415,LEBLON,43,Bartol[omeu?] Mi[tre?] [185.31],False,185
51,Guanabara,541,Zona do Litoral,5415,LEBLON,44,Jóquei Clube,False,185
51,Guanabara,541,Zona do Litoral,5415,LEBLON,45,Getúlio Vargas,False,186
51,Guanabara,541,Zona do Litoral,5415,LEBLON,46,Praia do Pinto,False,186
51,Guanabara,541,Zona do Litoral,5415,LEBLON,47,Ilha das Dragas,False,186
51,Guanabara,541,Zona do Litoral,5416,LEME,12,Circunscrição,False,186
51,Guanabara,541,Zona do Litoral,5416,LEME,41,Morro da Babilônia,False,186
51,Guanabara,541,Zona do Litoral,5416,LEME,42,Morro do Chapéu Mangueira,False,186
51,Guanabara,541,Zona do Litoral,5417,NIEMEYER,11,Circunscrição,False,186
51,Guanabara,541,Zona do Litoral,5417,NIEMEYER,41,Morro da Rocinha,False,186
51,Guanabara,541,Zona do Litoral,5417,NIEMEYER,42,Jardim Vidigal,False,186
51,Guanabara,541,Zona do Litoral,5418,PEDRA DE GUARATIBA,33,Circunscrição,False,186
51,Guanabara,541,Zona do Litoral,5419,SEPETIBA,34,Circunscrição,False,186
51,Guanabara,542543,ORLA NORTE,5421,BENFICA,18,Circunscrição,False,186
51,Guanabara,542543,ORLA NORTE,5421,BENFICA,21,Circunscrição,False,186
51,Guanabara,542543,ORLA NORTE,5421,BENFICA,41,Parque da Alegria,False,186
51,Guanabara,542543,ORLA NORTE,5421,BENFICA,42,Morro do Tuiuti,False,186
51,Guanabara,542543,ORLA NORTE,5421,BENFICA,43,Vila União,False,186
51,Guanabara,542543,ORLA NORTE,5422,BONSUCESSO,25,Circunscrição,False,186
51,Guanabara,542543,ORLA NORTE,5422,BONSUCESSO,26,Circunscrição,False,186
51,Guanabara,542543,ORLA NORTE,5422,BONSUCESSO,41,Varginha,False,186
51,Guanabara,542543,ORLA NORTE,5422,BONSUCESSO,42,Morro Cova da Onça,False,186
51,Guanabara,542543,ORLA NORTE,5422,BONSUCESSO,43,Amorim,False,186
51,Guanabara,542543,ORLA NORTE,5422,BONSUCESSO,44,Perereca,False,186
51,Guanabara,542543,ORLA NORTE,5422,BONSUCESSO,45,Rala Côco,False,186
51,Guanabara,542543,ORLA NORTE,5422,BONSUCESSO,46,Morro do Timbaú [186.32],False,186
51,Guanabara,542543,ORLA NORTE,5422,BONSUCESSO,47,Nossa Senhora dos Navegantes,False,186
51,Guanabara,542543,ORLA NORTE,5422,BONSUCESSO,48,Baixa do Sapateiro,False,186
51,Guanabara,542543,ORLA NORTE,5422,BONSUCESSO,4,Maré [187.1],False,187
51,Guanabara,542543,ORLA NORTE,5422,BONSUCESSO,50,Entrada do Galeão,False,187
51,Guanabara,542543,ORLA NORTE,5422,BONSUCESSO,51,Parque Proletário,False,187
51,Guanabara,542543,ORLA NORTE,5422,BONSUCESSO,52,João Goulart,False,187
51,Guanabara,542543,ORLA NORTE,5422,BONSUCESSO,53,Nova Brasília,False,187
51,Guanabara,542543,ORLA NORTE,5422,BONSUCESSO,54,Manguinhos,False,187
51,Guanabara,542543,ORLA NORTE,5423,BRAZ DE PINA,25,Circunscrição,False,187
51,Guanabara,542543,ORLA NORTE,5423,BRAZ DE PINA,26,Circunscrição,False,187
51,Guanabara,542543,ORLA NORTE,5423,BRAZ DE PINA,27,Circunscrição,False,187
51,Guanabara,542543,ORLA NORTE,5423,BRAZ DE PINA,41,Braz de Pina,False,187
51,Guanabara,542543,ORLA NORTE,5423,BRAZ DE PINA,42,Penha Circular,False,187
51,Guanabara,542543,ORLA NORTE,5423,BRAZ DE PINA,43,Taboraí,False,187
51,Guanabara,542543,ORLA NORTE,5423,BRAZ DE PINA,44,Japogoá,False,187
51,Guanabara,542543,ORLA NORTE,5423,BRAZ DE PINA,45,João Cândido,False,187
51,Guanabara,542543,ORLA NORTE,5423,BRAZ DE PINA,46,Morro do Sereno,False,187
51,Guanabara,542543,ORLA NORTE,5423,BRAZ DE PINA,47,Morro Caixa d&#x27;Água,False,187
51,Guanabara,542543,ORLA NORTE,5424,CAJU,18,Circunscrição,False,187
51,Guanabara,542543,ORLA NORTE,5424,CAJU,41,Nova Brasília,False,187
51,Guanabara,542543,ORLA NORTE,5424,CAJU,42,Pau Rolou,False,187
51,Guanabara,542543,ORLA NORTE,5424,CAJU,43,Parque Proletário nº 2,False,187
51,Guanabara,542543,ORLA NORTE,5424,CAJU,44,Parque Arará,False,187
51,Guanabara,542543,ORLA NORTE,5424,CAJU,45,Quinta do Caju,False,187
51,Guanabara,542543,ORLA NORTE,5424,CAJU,46,Morro São Sebastião,False,187
51,Guanabara,542543,ORLA NORTE,5425,CORDOVIL,25,Circunscrição,False,187
51,Guanabara,542543,ORLA NORTE,5425,CORDOVIL,27,Circunscrição,False,187
51,Guanabara,542543,ORLA NORTE,5425,CORDOVIL,41,Barra Mansa,False,187
51,Guanabara,542543,ORLA NORTE,5425,CORDOVIL,42,Rádio Nacional,False,187
51,Guanabara,542543,ORLA NORTE,5426,HIGIENÓPOLIS,26,Circunscrição,False,187
51,Guanabara,542543,ORLA NORTE,5426,HIGIENÓPOLIS,41,Expedicionário,False,187
51,Guanabara,542543,ORLA NORTE,5427,OLARIA,25,Circunscrição,False,187
51,Guanabara,542543,ORLA NORTE,5427,OLARIA,26,Circunscrição,False,188
51,Guanabara,542543,ORLA NORTE,5427,OLARIA,41,Trole,False,188
51,Guanabara,542543,ORLA NORTE,5428,PENHA,25,Circunscrição,False,188
51,Guanabara,542543,ORLA NORTE,5428,PENHA,26,Circunscrição,False,188
51,Guanabara,542543,ORLA NORTE,5428,PENHA,41,Marcílio Dias,False,188
51,Guanabara,542543,ORLA NORTE,5428,PENHA,42,Sêca Maré,False,188
51,Guanabara,542543,ORLA NORTE,5428,PENHA,43,Morro do Caracol,False,188
51,Guanabara,542543,ORLA NORTE,5428,PENHA,44,Vila Proletária da Penha,False,188
51,Guanabara,542543,ORLA NORTE,5429,RAMOS,25,Circunscrição,False,188
51,Guanabara,542543,ORLA NORTE,5429,RAMOS,26,Circunscrição,False,188
51,Guanabara,542543,ORLA NORTE,5429,RAMOS,41,Morro São Sebastião,False,188
51,Guanabara,542543,ORLA NORTE,5429,RAMOS,42,Ruth Ferreira,False,188
51,Guanabara,542543,ORLA NORTE,5429,RAMOS,43,Ramos,False,188
51,Guanabara,542543,ORLA NORTE,5429,RAMOS,44,Morro do Alemão,False,188
51,Guanabara,542543,ORLA NORTE,5431,SÃO CRISTOVÃO [188.17],17,Circunscrição,False,188
51,Guanabara,542543,ORLA NORTE,5431,SÃO CRISTOVÃO [188.17],18,Circunscrição,False,188
51,Guanabara,542543,ORLA NORTE,5431,SÃO CRISTOVÃO [188.17],21,Circunscrição,False,188
51,Guanabara,542543,ORLA NORTE,5431,SÃO CRISTOVÃO [188.17],41,Barreira do Vasco,False,188
51,Guanabara,542543,ORLA NORTE,5431,SÃO CRISTOVÃO [188.17],42,Morro da Mangueira,False,188
51,Guanabara,542543,ORLA NORTE,5432,VIGÁRIO GERAL,25,Circunscrição,False,188
51,Guanabara,542543,ORLA NORTE,5432,VIGÁRIO GERAL,27,Circunscrição,False,188
51,Guanabara,542543,ORLA NORTE,5432,VIGÁRIO GERAL,41,Centro,False,188
51,Guanabara,542543,ORLA NORTE,5432,VIGÁRIO GERAL,42,Parada de Lucas,False,188
51,Guanabara,542543,ORLA NORTE,5432,VIGÁRIO GERAL,43,Vigário Geral,False,188
51,Guanabara,544,ORLA CENTRAL,5441,CENTRO,1,Circunscrição,False,188
51,Guanabara,544,ORLA CENTRAL,5441,CENTRO,2,Circunscrição,False,188
51,Guanabara,544,ORLA CENTRAL,5441,CENTRO,3,Circunscrição,False,188
51,Guanabara,544,ORLA CENTRAL,5441,CENTRO,4,Circunscrição,False,189
51,Guanabara,544,ORLA CENTRAL,5441,CENTRO,5,Circunscrição,False,189
51,Guanabara,544,ORLA CENTRAL,5441,CENTRO,6,Circunscrição,False,189
51,Guanabara,544,ORLA CENTRAL,5441,CENTRO,7,Circunscrição,False,189
51,Guanabara,544,ORLA CENTRAL,5441,CENTRO,8,Circunscrição,False,189
51,Guanabara,544,ORLA CENTRAL,5441,CENTRO,13,Circunscrição,False,189
51,Guanabara,544,ORLA CENTRAL,5441,CENTRO,14,Circunscrição,False,189
51,Guanabara,544,ORLA CENTRAL,5442,GAMBOA,3,Circunscrição,False,189
51,Guanabara,544,ORLA CENTRAL,5442,GAMBOA,14,Circunscrição,False,189
51,Guanabara,544,ORLA CENTRAL,5442,GAMBOA,15,Circunscrição,False,189
51,Guanabara,544,ORLA CENTRAL,5442,GAMBOA,41,Morro da Favela,False,189
51,Guanabara,544,ORLA CENTRAL,5442,GAMBOA,42,Morro da Gamboa,False,189
51,Guanabara,544,ORLA CENTRAL,5444,MANGUE,13,Circunscrição,False,189
51,Guanabara,544,ORLA CENTRAL,5444,MANGUE,15,Circunscrição,False,189
51,Guanabara,544,ORLA CENTRAL,5445,SANTA TERESA,8,Circunscrição,False,189
51,Guanabara,544,ORLA CENTRAL,5445,SANTA TERESA,16,Circunscrição,False,189
51,Guanabara,544,ORLA CENTRAL,5445,SANTA TERESA,41,Morro dos Prazeres,False,189
51,Guanabara,544,ORLA CENTRAL,5445,SANTA TERESA,42,Morro Cândido de Oliveira,False,189
51,Guanabara,544,ORLA CENTRAL,5445,SANTA TERESA,43,Morro do Escondidinho,False,189
51,Guanabara,544,ORLA CENTRAL,5445,SANTA TERESA,44,Morro da Corôa,False,189
51,Guanabara,545,ORLA SUL,5451,BOTAFOGO,9,Circunscrição,False,189
51,Guanabara,545,ORLA SUL,5451,BOTAFOGO,10,Circunscrição,False,189
51,Guanabara,545,ORLA SUL,5451,BOTAFOGO,11,Circunscrição,False,189
51,Guanabara,545,ORLA SUL,5451,BOTAFOGO,41,Morro do Pasmado,False,189
51,Guanabara,545,ORLA SUL,5451,BOTAFOGO,42,Morro Santa Marta,False,189
51,Guanabara,545,ORLA SUL,5451,BOTAFOGO,43,Morro Macedo Sobrinho,False,189
51,Guanabara,545,ORLA SUL,5452,CATETE,8,Circunscrição,False,190
51,Guanabara,545,ORLA SUL,5452,CATETE,9,Circunscrição,False,190
51,Guanabara,545,ORLA SUL,5452,CATETE,41,Morro Nova Cintra,False,190
51,Guanabara,545,ORLA SUL,5453,FLAMENGO,8,Circunscrição,False,190
51,Guanabara,545,ORLA SUL,5453,FLAMENGO,9,Circunscrição,False,190
51,Guanabara,545,ORLA SUL,5454,LARANJEIRAS,9,Circunscrição,False,190
51,Guanabara,545,ORLA SUL,5454,LARANJEIRAS,41,Morro Cêrro Corá,False,190
51,Guanabara,545,ORLA SUL,5454,LARANJEIRAS,42,Morro São Judas Tadeu,False,190
51,Guanabara,545,ORLA SUL,5454,LARANJEIRAS,43,Morro Azul,False,190
51,Guanabara,545,ORLA SUL,5455,URCA,10,Circunscrição,False,190
51,Guanabara,546,ZONA DA TIJUCA,5461,ALTO DA BOA VISTA,19,Circunscrição,False,190
51,Guanabara,546,ZONA DA TIJUCA,5461,ALTO DA BOA VISTA,41,Morro Mata Machado,False,190
51,Guanabara,546,ZONA DA TIJUCA,5462,ANDARAÍ,20,Circunscrição,False,190
51,Guanabara,546,ZONA DA TIJUCA,5462,ANDARAÍ,41,Morro da Saudade,False,190
51,Guanabara,546,ZONA DA TIJUCA,5462,ANDARAÍ,42,Morro do Andaraí,False,190
51,Guanabara,546,ZONA DA TIJUCA,5463,GRAJAÚ,20,Circunscrição,False,190
51,Guanabara,546,ZONA DA TIJUCA,5463,GRAJAÚ,41,Morro do Grajaú,False,190
51,Guanabara,546,ZONA DA TIJUCA,5464,MARACANÃ,17,Circunscrição,False,190
51,Guanabara,546,ZONA DA TIJUCA,5464,MARACANÃ,19,Circunscrição,False,190
51,Guanabara,546,ZONA DA TIJUCA,5464,MARACANÃ,20,Circunscrição,False,190
51,Guanabara,546,ZONA DA TIJUCA,5464,MARACANÃ,41,Esqueleto,False,190
51,Guanabara,546,ZONA DA TIJUCA,5465,RIO COMPRIDO,16,Circunscrição,False,190
51,Guanabara,546,ZONA DA TIJUCA,5465,RIO COMPRIDO,41,Morro São Carlos,False,190
51,Guanabara,546,ZONA DA TIJUCA,5465,RIO COMPRIDO,42,Morro do Querosene,False,190
51,Guanabara,546,ZONA DA TIJUCA,5465,RIO COMPRIDO,43,Morro do Bispo,False,190
51,Guanabara,546,ZONA DA TIJUCA,5465,RIO COMPRIDO,44,Morro do Turano,False,191
51,Guanabara,546,ZONA DA TIJUCA,5465,RIO COMPRIDO,45,Morro do Acomodado,False,191
51,Guanabara,546,ZONA DA TIJUCA,5465,RIO COMPRIDO,46,Morro da Santa Casa,False,191
51,Guanabara,546,ZONA DA TIJUCA,5466,TIJUCA,16,Circunscrição,False,191
51,Guanabara,546,ZONA DA TIJUCA,5466,TIJUCA,19,Circunscrição,False,191
51,Guanabara,546,ZONA DA TIJUCA,5466,TIJUCA,20,Circunscrição,False,191
51,Guanabara,546,ZONA DA TIJUCA,5466,TIJUCA,41,Morro do Salgueiro,False,191
51,Guanabara,546,ZONA DA TIJUCA,5466,TIJUCA,42,Morro dos Trapicheiros,False,191
51,Guanabara,546,ZONA DA TIJUCA,5466,TIJUCA,43,Morro da Formiga,False,191
51,Guanabara,546,ZONA DA TIJUCA,5466,TIJUCA,44,Morro dos Afonsos,False,191
51,Guanabara,546,ZONA DA TIJUCA,5466,TIJUCA,45,Morro da Casa Branca,False,191
51,Guanabara,546,ZONA DA TIJUCA,5466,TIJUCA,46,Morro do Borel,False,191
51,Guanabara,546,ZONA DA TIJUCA,5467,VILA ISABEL,20,Circunscrição,False,191
51,Guanabara,546,ZONA DA TIJUCA,5467,VILA ISABEL,41,Morro Jardim,False,191
51,Guanabara,546,ZONA DA TIJUCA,5467,VILA ISABEL,42,Morro do Macaco,False,191
51,Guanabara,546,ZONA DA TIJUCA,5467,VILA ISABEL,43,Morro Pau da Bandeira,False,191
51,Guanabara,547548,ZONA DO MÉIER,5471,ABOLIÇÃO,33,Circunscrição [191.21],False,191
51,Guanabara,547548,ZONA DO MÉIER,5471,ABOLIÇÃO,24,Circunscrição,False,191
51,Guanabara,547548,ZONA DO MÉIER,5472,CACHAMBI,21,Circunscrição,False,191
51,Guanabara,547548,ZONA DO MÉIER,5472,CACHAMBI,23,Circunscrição,False,191
51,Guanabara,547548,ZONA DO MÉIER,5473,DEL CASTILHO,21,Circunscrição,False,191
51,Guanabara,547548,ZONA DO MÉIER,5473,DEL CASTILHO,23,Circunscrição,False,191
51,Guanabara,547548,ZONA DO MÉIER,5473,DEL CASTILHO,26,Circunscrição,False,191
51,Guanabara,547548,ZONA DO MÉIER,5474,ENCANTADO,22,Circunscrição,False,191
51,Guanabara,547548,ZONA DO MÉIER,5474,ENCANTADO,23,Circunscrição,False,191
51,Guanabara,547548,ZONA DO MÉIER,5474,ENCANTADO,24,Circunscrição,False,191
51,Guanabara,547548,ZONA DO MÉIER,5474,ENCANTADO,41,Serra do Pad[i?]lha [191.34],False,191
51,Guanabara,547548,ZONA DO MÉIER,5475,ENGENHO DA RAINHA,24,Circunscrição,False,192
51,Guanabara,547548,ZONA DO MÉIER,5475,ENGENHO DA RAINHA,26,Circunscrição,False,192
51,Guanabara,547548,ZONA DO MÉIER,5475,ENGENHO DA RAINHA,41,Morro do Urubu,False,192
51,Guanabara,547548,ZONA DO MÉIER,5476,ENGENHO DE DENTRO,22,Circunscrição,False,192
51,Guanabara,547548,ZONA DO MÉIER,5476,ENGENHO DE DENTRO,23,Circunscrição,False,192
51,Guanabara,547548,ZONA DO MÉIER,5477,ENGENHO NÔVO,21,Circunscrição,False,192
51,Guanabara,547548,ZONA DO MÉIER,5477,ENGENHO NÔVO,22,Circunscrição,False,192
51,Guanabara,547548,ZONA DO MÉIER,5477,ENGENHO NÔVO,23,Circunscrição,False,192
51,Guanabara,547548,ZONA DO MÉIER,5477,ENGENHO NÔVO,41,Morro de São João,False,192
51,Guanabara,547548,ZONA DO MÉIER,5477,ENGENHO NÔVO,42,Morro da Matriz,False,192
51,Guanabara,547548,ZONA DO MÉIER,5477,ENGENHO NÔVO,43,Morro do Quieto,False,192
51,Guanabara,547548,ZONA DO MÉIER,5477,ENGENHO NÔVO,44,Céu Azul,False,192
51,Guanabara,547548,ZONA DO MÉIER,5477,ENGENHO NÔVO,45,Morro do Encontro,False,192
51,Guanabara,547548,ZONA DO MÉIER,5477,ENGENHO NÔVO,46,Morro da Bacia,False,192
51,Guanabara,547548,ZONA DO MÉIER,5478,INHAÚMA,23,Circunscrição,False,192
51,Guanabara,547548,ZONA DO MÉIER,5478,INHAÚMA,26,Circunscrição,False,192
51,Guanabara,547548,ZONA DO MÉIER,5478,INHAÚMA,41,Morro Engenho da Rainha,False,192
51,Guanabara,547548,ZONA DO MÉIER,5479,JACARÈZINHO [192.21],21,Circunscrição,False,192
51,Guanabara,547548,ZONA DO MÉIER,5479,JACARÈZINHO [192.21],41,Morro do Jacarèzinho [192.23],False,192
51,Guanabara,547548,ZONA DO MÉIER,5481,LINS DE VASCONCELOS,22,Circunscrição,False,192
51,Guanabara,547548,ZONA DO MÉIER,5481,LINS DE VASCONCELOS,41,Morro Barro Vermelho,False,192
51,Guanabara,547548,ZONA DO MÉIER,5481,LINS DE VASCONCELOS,42,Morro Dona Francisca,False,192
51,Guanabara,547548,ZONA DO MÉIER,5481,LINS DE VASCONCELOS,43,Morro Araújo Leitão,False,192
51,Guanabara,547548,ZONA DO MÉIER,5481,LINS DE VASCONCELOS,44,Morro Cachoeirinha,False,192
51,Guanabara,547548,ZONA DO MÉIER,5481,LINS DE VASCONCELOS,45,Morro Cachoeira Grande,False,192
51,Guanabara,547548,ZONA DO MÉIER,5481,LINS DE VASCONCELOS,46,Morro do Gambá,False,192
51,Guanabara,547548,ZONA DO MÉIER,5481,LINS DE VASCONCELOS,47,Morro Bairro Santa Terezinha,False,192
51,Guanabara,547548,ZONA DO MÉIER,5481,LINS DE VASCONCELOS,48,Morro dos Pretos Forros,False,192
51,Guanabara,547548,ZONA DO MÉIER,5482,MÉIER,22,Circunscrição,False,192
51,Guanabara,547548,ZONA DO MÉIER,5482,MÉIER,23,Circunscrição,False,192
51,Guanabara,547548,ZONA DO MÉIER,5483,PIEDADE,23,Circunscrição,False,193
51,Guanabara,547548,ZONA DO MÉIER,5483,PIEDADE,24,Circunscrição,False,193
51,Guanabara,547548,ZONA DO MÉIER,5484,RIACHUELO,21,Circunscrição,False,193
51,Guanabara,551552,ZONA DE MADUREIRA,5511,BENTO RIBEIRO,28,Circunscrição,False,193
51,Guanabara,551552,ZONA DE MADUREIRA,5511,BENTO RIBEIRO,31,Circunscrição,False,193
51,Guanabara,551552,ZONA DE MADUREIRA,5511,BENTO RIBEIRO,41,Muquiço,False,193
51,Guanabara,551552,ZONA DE MADUREIRA,5512,CASCADURA,24,Circunscrição,False,193
51,Guanabara,551552,ZONA DE MADUREIRA,5512,CASCADURA,28,Circunscrição,False,193
51,Guanabara,551552,ZONA DE MADUREIRA,5512,CASCADURA,30,Circunscrição,False,193
51,Guanabara,551552,ZONA DE MADUREIRA,5513,CAVALCANTE,24,Circunscrição,False,193
51,Guanabara,551552,ZONA DE MADUREIRA,5513,CAVALCANTE,28,Circunscrição,False,193
51,Guanabara,551552,ZONA DE MADUREIRA,5514,GUADALUPE,29,Circunscrição,False,193
51,Guanabara,551552,ZONA DE MADUREIRA,5515,MADUREIRA,28,Circunscrição,False,193
51,Guanabara,551552,ZONA DE MADUREIRA,5515,MADUREIRA,30,Circunscrição,False,193
51,Guanabara,551552,ZONA DE MADUREIRA,5515,MADUREIRA,41,Morro de São José,False,193
51,Guanabara,551552,ZONA DE MADUREIRA,5515,MADUREIRA,42,Campo da Light,False,193
51,Guanabara,551552,ZONA DE MADUREIRA,5515,MADUREIRA,43,Morro do Sossêgo,False,193
51,Guanabara,551552,ZONA DE MADUREIRA,5515,MADUREIRA,44,Fios de Alta Tensão,False,193
51,Guanabara,551552,ZONA DE MADUREIRA,5516,MARECHAL HERMES,29,Circunscrição,False,193
51,Guanabara,551552,ZONA DE MADUREIRA,5516,MARECHAL HERMES,31,Circunscrição,False,193
51,Guanabara,551552,ZONA DE MADUREIRA,5517,OSVALDO CRUZ,28,Circunscrição,False,193
51,Guanabara,551552,ZONA DE MADUREIRA,5517,OSVALDO CRUZ,30,Circunscrição,False,193
51,Guanabara,551552,ZONA DE MADUREIRA,5517,OSVALDO CRUZ,41,Vila Nova,False,193
51,Guanabara,551552,ZONA DE MADUREIRA,5518,QUINTINO BOCAIÚVA,24,Circunscrição,False,193
51,Guanabara,551552,ZONA DE MADUREIRA,5518,QUINTINO BOCAIÚVA,41,Morro do Buriti,False,193
51,Guanabara,551552,ZONA DE MADUREIRA,5519,ROCHA MIRANDA,28,Circunscrição,False,194
51,Guanabara,551552,ZONA DE MADUREIRA,5519,ROCHA MIRANDA,41,Vila Santa,False,194
51,Guanabara,551552,ZONA DE MADUREIRA,5519,ROCHA MIRANDA,42,Morro do Faz Quem Quer,False,194
51,Guanabara,553,ZONA DE JACAREPAGUÁ,5531,FREGUESIA,30,Circunscrição,False,194
51,Guanabara,553,ZONA DE JACAREPAGUÁ,5532,PRAÇA SÊCA,30,Circunscrição,False,194
51,Guanabara,553,ZONA DE JACAREPAGUÁ,5533,TAQUARA,30,Circunscrição,False,194
51,Guanabara,553,ZONA DE JACAREPAGUÁ,5534,VALQUEIRE,30,Circunscrição,False,194
51,Guanabara,554,ZONA DE CAMPO GRANDE,5541,BANGU,31,Circunscrição,False,194
51,Guanabara,554,ZONA DE CAMPO GRANDE,5541,BANGU,41,Ubatã,False,194
51,Guanabara,554,ZONA DE CAMPO GRANDE,5541,BANGU,42,Coréia,False,194
51,Guanabara,554,ZONA DE CAMPO GRANDE,5542,CAMPO GRANDE,32,Circunscrição,False,194
51,Guanabara,554,ZONA DE CAMPO GRANDE,5543,COSMOS,32,Circunscrição,False,194
51,Guanabara,554,ZONA DE CAMPO GRANDE,5543,COSMOS,41,Cosmos,False,194
51,Guanabara,554,ZONA DE CAMPO GRANDE,5544,MAGALHÃES BASTOS,29,Circunscrição,False,194
51,Guanabara,554,ZONA DE CAMPO GRANDE,5544,MAGALHÃES BASTOS,30,Circunscrição,False,194
51,Guanabara,554,ZONA DE CAMPO GRANDE,5544,MAGALHÃES BASTOS,31,Circunscrição,False,194
51,Guanabara,554,ZONA DE CAMPO GRANDE,5544,MAGALHÃES BASTOS,41,Curral das Éguas,False,194
51,Guanabara,554,ZONA DE CAMPO GRANDE,5544,MAGALHÃES BASTOS,42,Formigueiro,False,194
51,Guanabara,554,ZONA DE CAMPO GRANDE,5545,PADRE MIGUEL,31,Circunscrição,False,194
51,Guanabara,554,ZONA DE CAMPO GRANDE,5546,REALENGO,30,Circunscrição,False,194
51,Guanabara,554,ZONA DE CAMPO GRANDE,5546,REALENGO,31,Circunscrição,False,194
51,Guanabara,554,ZONA DE CAMPO GRANDE,5546,REALENGO,41,Vintém,False,194
51,Guanabara,554,ZONA DE CAMPO GRANDE,5547,SANTA CRUZ,34,Circunscrição,False,195
51,Guanabara,554,ZONA DE CAMPO GRANDE,5548,SANTÍSSIMO,31,Circunscrição,False,195
51,Guanabara,554,ZONA DE CAMPO GRANDE,5548,SANTÍSSIMO,32,Circunscrição,False,195
51,Guanabara,555,ZONA DE IRAJÁ,5551,COELHO NETO,27,Circunscrição,False,195
51,Guanabara,555,ZONA DE IRAJÁ,5551,COELHO NETO,28,Circunscrição,False,195
51,Guanabara,555,ZONA DE IRAJÁ,5551,COELHO NETO,29,Circunscrição,False,195
51,Guanabara,555,ZONA DE IRAJÁ,5551,COELHO NETO,41,Morro da União,False,195
51,Guanabara,555,ZONA DE IRAJÁ,5552,IRAJÁ,27,Circunscrição,False,195
51,Guanabara,555,ZONA DE IRAJÁ,5552,IRAJÁ,28,Circunscrição,False,195
51,Guanabara,555,ZONA DE IRAJÁ,5553,VICENTE DE CARVALHO,26,Circunscrição,False,195
51,Guanabara,555,ZONA DE IRAJÁ,5553,VICENTE DE CARVALHO,28,Circunscrição,False,195
51,Guanabara,555,ZONA DE IRAJÁ,5553,VICENTE DE CARVALHO,41,Morro do Juramento,False,195
51,Guanabara,555,ZONA DE IRAJÁ,5554,VILA DA PENHA,27,Circunscrição,False,195
51,Guanabara,556,ZONA DE ANCHIETA,5561,ANCHIETA,29,Circunscrição,False,195
51,Guanabara,556,ZONA DE ANCHIETA,5562,BARROS FILHO,29,Circunscrição,False,195
51,Guanabara,556,ZONA DE ANCHIETA,5562,BARROS FILHO,41,Fazenda Honório Gurgel,False,195
51,Guanabara,556,ZONA DE ANCHIETA,5563,PAVUNA,27,Circunscrição,False,195
51,Guanabara,556,ZONA DE ANCHIETA,5563,PAVUNA,29,Circunscrição,False,195
51,Guanabara,556,ZONA DE ANCHIETA,5564,RICARDO DE ALBUQUERQUE,29,Circunscrição,False,195
51,Guanabara,557,ZONA DE ILHAS,5571,ILHA DO GOVERNADOR,35,Circunscrição,False,196
51,Guanabara,557,ZONA DE ILHAS,5571,ILHA DO GOVERNADOR,41,Morro Boogie - Woogie,False,196
51,Guanabara,557,ZONA DE ILHAS,5571,ILHA DO GOVERNADOR,42,Morro do Guarabira,False,196
51,Guanabara,557,ZONA DE ILHAS,5571,ILHA DO GOVERNADOR,43,Morro do Dendê,False,196
51,Guanabara,557,ZONA DE ILHAS,5571,ILHA DO GOVERNADOR,44,Morro do Tauá,False,196
51,Guanabara,557,ZONA DE ILHAS,5571,ILHA DO GOVERNADOR,45,Ilha do Governador,False,196
51,Guanabara,557,ZONA DE ILHAS,5572,ILHA DE PAQUETÁ,35,Circunscrição,False,196
51,Guanabara,557,ZONA DE ILHAS,5573,ILHAS E NAVIOS DE GUERRA,1,Navios de Guerra,False,196
51,Guanabara,557,ZONA DE ILHAS,5573,ILHAS E NAVIOS DE GUERRA,35,Ilhas (exclusive Governador e Paquetá),False,196
51,Guanabara,558,ZONA RURAL,5581,ZONA RURAL,30,Circunscrição,False,196
51,Guanabara,558,ZONA RURAL,5581,ZONA RURAL,31,Circunscrição,False,196
51,Guanabara,558,ZONA RURAL,5581,ZONA RURAL,32,Circunscrição,False,196
51,Guanabara,558,ZONA RURAL,5581,ZONA RURAL,33,Circunscrição,False,196
51,Guanabara,558,ZONA RURAL,5581,ZONA RURAL,34,Circunscrição,False,196
51,Guanabara,559,POPULAÇÃO EM TRÂNSITO,5591,População em trânsito [196.21],61,Navios,False,196
51,Guanabara,559,POPULAÇÃO EM TRÂNSITO,5591,População em trânsito [196.21],62,Trens,False,196
51,São Paulo,600,Zona do Litoral de São Sebastião,6000,CARAGUATATUBA,1,Caraguatatuba,False,197
51,São Paulo,600,Zona do Litoral de São Sebastião,6001,ILHABELA,1,Ilhabela,False,197
51,São Paulo,600,Zona do Litoral de São Sebastião,6001,ILHABELA,3,Cambaquara,False,197
51,São Paulo,600,Zona do Litoral de São Sebastião,6001,ILHABELA,5,Paranabi,False,197
51,São Paulo,600,Zona do Litoral de São Sebastião,6002,SÃO SEBASTIÃO,1,São Sebastião,False,197
51,São Paulo,600,Zona do Litoral de São Sebastião,6002,SÃO SEBASTIÃO,3,Maresias,False,197
51,São Paulo,600,Zona do Litoral de São Sebastião,6003,UBATUBA,1,Ubatuba,False,197
51,São Paulo,600,Zona do Litoral de São Sebastião,6003,UBATUBA,3,Picinguaba,False,197
51,São Paulo,601603,Zona do Médio Paraíba,6010,APARECIDA,1,Aparecida,False,197
51,São Paulo,601603,Zona do Médio Paraíba,6011,AREIAS,1,Areias,False,197
51,São Paulo,601603,Zona do Médio Paraíba,6012,ARUJÁ,1,Arujá,False,197
51,São Paulo,601603,Zona do Médio Paraíba,6013,BANANAL,1,Bananal,False,197
51,São Paulo,601603,Zona do Médio Paraíba,6013,BANANAL,3,Arapeí,False,197
51,São Paulo,601603,Zona do Médio Paraíba,6014,CAÇAPAVA,1,Caçapava,False,197
51,São Paulo,601603,Zona do Médio Paraíba,6015,CACHOEIRA PAULISTA,1,Cachoeira Paulista,False,197
51,São Paulo,601603,Zona do Médio Paraíba,6016,CRUZEIRO,1,Cruzeiro,False,197
51,São Paulo,601603,Zona do Médio Paraíba,6017,GUARAREMA,1,Guararema,False,198
51,São Paulo,601603,Zona do Médio Paraíba,6018,GUARATINGUETÁ,1,Guaratinguetá,False,198
51,São Paulo,601603,Zona do Médio Paraíba,6019,IGARATÁ,1,Igaratá,False,198
51,São Paulo,601603,Zona do Médio Paraíba,6020,JACAREÍ,1,Jacareí,False,198
51,São Paulo,601603,Zona do Médio Paraíba,6021,LAVRINHAS,1,Lavrinhas,False,198
51,São Paulo,601603,Zona do Médio Paraíba,6021,LAVRINHAS,3,Pinheiros,False,198
51,São Paulo,601603,Zona do Médio Paraíba,6022,LORENA,1,Lorena,False,198
51,São Paulo,601603,Zona do Médio Paraíba,6023,MONTEIRO LOBATO,1,Monteiro Lobato,False,198
51,São Paulo,601603,Zona do Médio Paraíba,6024,PINDAMONHANGABA,1,Pindamonhangaba,False,198
51,São Paulo,601603,Zona do Médio Paraíba,6024,PINDAMONHANGABA,3,Moreira César,False,198
51,São Paulo,601603,Zona do Médio Paraíba,6025,PIQUÊTE,1,Piquête,False,198
51,São Paulo,601603,Zona do Médio Paraíba,6026,QUELUZ,1,Queluz,False,198
51,São Paulo,601603,Zona do Médio Paraíba,6027,ROSEIRA,1,Roseira,False,198
51,São Paulo,601603,Zona do Médio Paraíba,6028,SANTA ISABEL,1,Santa Isabel,False,198
51,São Paulo,601603,Zona do Médio Paraíba,6029,SÃO JOSÉ DO BARREIRO,1,São José do Barreiro,False,198
51,São Paulo,601603,Zona do Médio Paraíba,6030,SÃO JOSÉ DOS CAMPOS,1,São José dos Campos,False,198
51,São Paulo,601603,Zona do Médio Paraíba,6030,SÃO JOSÉ DOS CAMPOS,3,Eugênio de Melo,False,198
51,São Paulo,601603,Zona do Médio Paraíba,6030,SÃO JOSÉ DOS CAMPOS,5,São Francisco Xavier,False,198
51,São Paulo,601603,Zona do Médio Paraíba,6031,SILVEIRAS,1,Silveiras,False,199
51,São Paulo,601603,Zona do Médio Paraíba,6032,TAUBATÉ,1,Taubaté,False,199
51,São Paulo,601603,Zona do Médio Paraíba,6032,TAUBATÉ,3,Quiririm,False,199
51,São Paulo,601603,Zona do Médio Paraíba,6033,TREMEMBÉ,1,Tremembé,False,199
51,São Paulo,604,Zona do Alto Paraíba,6040,CUNHA,1,Cunha,False,199
51,São Paulo,604,Zona do Alto Paraíba,6040,CUNHA,3,Campos de Cunha,False,199
51,São Paulo,604,Zona do Alto Paraíba,6041,JAMBEIRO,1,Jambeiro,False,199
51,São Paulo,604,Zona do Alto Paraíba,6042,LAGOINHA,1,Lagoinha,False,199
51,São Paulo,604,Zona do Alto Paraíba,6043,NATIVIDADE DA SERRA,1,Natividade da Serra,False,199
51,São Paulo,604,Zona do Alto Paraíba,6043,NATIVIDADE DA SERRA,3,Bairro Alto,False,199
51,São Paulo,604,Zona do Alto Paraíba,6044,PARAIBUNA,1,Paraibuna,False,199
51,São Paulo,604,Zona do Alto Paraíba,6045,REDENÇÃO DA SERRA,1,Redenção da Serra,False,199
51,São Paulo,604,Zona do Alto Paraíba,6046,SANTA BRANCA,1,Santa Branca,False,199
51,São Paulo,604,Zona do Alto Paraíba,6047,SÃO LUÍS DO PARAITINGA,1,São Luís do Paraitinga,False,199
51,São Paulo,604,Zona do Alto Paraíba,6047,SÃO LUÍS DO PARAITINGA,3,Catuçaba,False,199
51,São Paulo,605,Zona da Mantiqueira,6050,CAMPOS DO JORDÃO,1,Campos do Jordão,False,199
51,São Paulo,605,Zona da Mantiqueira,6051,SÃO BENTO DO SAPUCAÍ,1,São Bento do Sapucaí,False,199
51,São Paulo,605,Zona da Mantiqueira,6052,SANTO ANTONIO DO PINHAL,1,Santo Antônio do Pinhal,False,200
51,São Paulo,609,Zona do Litoral de Santos,6090,CUBATÃO,1,Cubatão,False,200
51,São Paulo,609,Zona do Litoral de Santos,6091,GUARUJÁ,1,Guarujá,False,200
51,São Paulo,609,Zona do Litoral de Santos,6091,GUARUJÁ,3,Vicente de Carvalho,False,200
51,São Paulo,609,Zona do Litoral de Santos,6092,ITANHAÉM,1,Itanhaém,False,200
51,São Paulo,609,Zona do Litoral de Santos,6093,MONGAGUÁ,1,Mongaguá,False,200
51,São Paulo,609,Zona do Litoral de Santos,6094,PERUÍBE,1,Peruíbe,False,200
51,São Paulo,609,Zona do Litoral de Santos,6095,SANTOS,1,Santos,False,200
51,São Paulo,609,Zona do Litoral de Santos,6095,SANTOS,3,Bertioga,False,200
51,São Paulo,609,Zona do Litoral de Santos,6096,SÃO VICENTE,1,São Vicente,False,200
51,São Paulo,609,Zona do Litoral de Santos,6096,SÃO VICENTE,3,Solemar,False,200
51,São Paulo,610611,Zona da Baixada do Ribeira,6100,CANANÉIA,1,Cananéia,False,200
51,São Paulo,610611,Zona da Baixada do Ribeira,6100,CANANÉIA,3,Ariri,False,200
51,São Paulo,610611,Zona da Baixada do Ribeira,6101,ELDORADO,1,Eldorado,False,200
51,São Paulo,610611,Zona da Baixada do Ribeira,6101,ELDORADO,5,Braço,False,200
51,São Paulo,610611,Zona da Baixada do Ribeira,6101,ELDORADO,3,Itapeúna,False,200
51,São Paulo,610611,Zona da Baixada do Ribeira,6102,IGUAPE,1,Iguape,False,200
51,São Paulo,610611,Zona da Baixada do Ribeira,6103,ITARIRI,1,Itariri,False,200
51,São Paulo,610611,Zona da Baixada do Ribeira,6103,ITARIRI,3,Ana Dias,False,200
51,São Paulo,610611,Zona da Baixada do Ribeira,6104,JACUPIRANGA,1,Jacupiranga,False,201
51,São Paulo,610611,Zona da Baixada do Ribeira,6104,JACUPIRANGA,3,Cajati,False,201
51,São Paulo,610611,Zona da Baixada do Ribeira,6105,JUQUIÁ,1,Juquiá,False,201
51,São Paulo,610611,Zona da Baixada do Ribeira,6106,MIRACATU,1,Miracatu,False,201
51,São Paulo,610611,Zona da Baixada do Ribeira,6106,MIRACATU,3,Pedro Barros,False,201
51,São Paulo,610611,Zona da Baixada do Ribeira,6107,PARIQUERA-AÇU,1,Pariquera-Açu,False,201
51,São Paulo,610611,Zona da Baixada do Ribeira,6108,PEDRO DE TOLEDO,1,Pedro de Toledo,False,201
51,São Paulo,610611,Zona da Baixada do Ribeira,6109,REGISTRO,1,Registro,False,201
51,São Paulo,610611,Zona da Baixada do Ribeira,6110,SETE BARRAS,1,Sete Barras,False,201
51,São Paulo,612613,Zona de São José do Rio Pardo,6120,ÁGUAS DA PRATA,1,Águas da Prata,False,201
51,São Paulo,612613,Zona de São José do Rio Pardo,6120,ÁGUAS DA PRATA,3,São Roque da Fartura,False,201
51,São Paulo,612613,Zona de São José do Rio Pardo,6121,CACONDE,1,Caconde,False,201
51,São Paulo,612613,Zona de São José do Rio Pardo,6121,CACONDE,3,Barrânia,False,201
51,São Paulo,612613,Zona de São José do Rio Pardo,6122,DIVINOLÂNDIA,1,Divinolândia,False,201
51,São Paulo,612613,Zona de São José do Rio Pardo,6123,MOCOCA,1,Mococa,False,201
51,São Paulo,612613,Zona de São José do Rio Pardo,6123,MOCOCA,3,Igaraí,False,201
51,São Paulo,612613,Zona de São José do Rio Pardo,6123,MOCOCA,5,São Benedito das Areias,False,201
51,São Paulo,612613,Zona de São José do Rio Pardo,6124,PINHAL,1,Pinhal,False,201
51,São Paulo,612613,Zona de São José do Rio Pardo,6125,SANTO ANTÔNIO DO JARDIM,1,Santo Antônio do Jardim,False,201
51,São Paulo,612613,Zona de São José do Rio Pardo,6126,SÃO JOÃO DA BOA VISTA,1,São João da Boa Vista,False,202
51,São Paulo,612613,Zona de São José do Rio Pardo,6127,SÃO JOSÉ DO RIO PARDO,1,São José do Rio Pardo,False,202
51,São Paulo,612613,Zona de São José do Rio Pardo,6128,SÃO SEBASTIÃO DA GRAMA,1,São Sebastião da Grama,False,202
51,São Paulo,612613,Zona de São José do Rio Pardo,6129,TAPIRATIBA,1,Tapiratiba,False,202
51,São Paulo,612613,Zona de São José do Rio Pardo,6130,VARGEM GRANDE DO SUL,1,Vargem Grande do Sul,False,202
51,São Paulo,614615,Zona de Bragança,6140,ÁGUAS DE LINDÓIA,1,Águas de Lindóia,False,202
51,São Paulo,614615,Zona de Bragança,6140,ÁGUAS DE LINDÓIA,3,Lindóia,False,202
51,São Paulo,614615,Zona de Bragança,6141,AMPARO,1,Amparo,False,202
51,São Paulo,614615,Zona de Bragança,6141,AMPARO,3,Arcadas,False,202
51,São Paulo,614615,Zona de Bragança,6142,ATIBAIA,1,Atibaia,False,202
51,São Paulo,614615,Zona de Bragança,6143,BOM JESUS DOS PERDÕES,1,Bom Jesus dos Perdões,False,202
51,São Paulo,614615,Zona de Bragança,6144,BRAGANÇA PAULISTA,1,Bragança Paulista,False,202
51,São Paulo,614615,Zona de Bragança,6144,BRAGANÇA PAULISTA,3,Pedra Bela,False,202
51,São Paulo,614615,Zona de Bragança,6144,BRAGANÇA PAULISTA,5,Pinhalzinho,False,202
51,São Paulo,614615,Zona de Bragança,6144,BRAGANÇA PAULISTA,7,Tuiuti,False,202
51,São Paulo,614615,Zona de Bragança,6144,BRAGANÇA PAULISTA,9,Vargem,False,202
51,São Paulo,614615,Zona de Bragança,6145,ITAPIRA,1,Itapira,False,202
51,São Paulo,614615,Zona de Bragança,6145,ITAPIRA,3,Barão de Ataliba Nogueira,False,202
51,São Paulo,614615,Zona de Bragança,6145,ITAPIRA,5,Eleutério,False,202
51,São Paulo,614615,Zona de Bragança,6146,ITATIBA,1,Itatiba,False,202
51,São Paulo,614615,Zona de Bragança,6146,ITATIBA,3,Morungaba,False,202
51,São Paulo,614615,Zona de Bragança,6147,JARINU,1,Jarinu,False,203
51,São Paulo,614615,Zona de Bragança,6148,JOANÓPOLIS,1,Joanópolis,False,203
51,São Paulo,614615,Zona de Bragança,6149,MONTE ALEGRE DO SUL,1,Monte Alegre do Sul,False,203
51,São Paulo,614615,Zona de Bragança,6150,NAZARÉ PAULISTA,1,Nazaré Paulista,False,203
51,São Paulo,614615,Zona de Bragança,6151,PEDREIRA,1,Pedreira,False,203
51,São Paulo,614615,Zona de Bragança,6152,PIRACAIA,1,Piracaia,False,203
51,São Paulo,614615,Zona de Bragança,6152,PIRACAIA,3,Batatuba,False,203
51,São Paulo,614615,Zona de Bragança,6153,SERRA NEGRA,1,Serra Negra,False,203
51,São Paulo,614615,Zona de Bragança,6154,SOCORRO,1,Socorro,False,203
51,São Paulo,620624,Zona de São Paulo,6200,ARAÇOIABA DA SERRA,1,Araçoiaba da Serra,False,203
51,São Paulo,620624,Zona de São Paulo,6200,ARAÇOIABA DA SERRA,3,Bacaetaba,False,203
51,São Paulo,620624,Zona de São Paulo,6200,ARAÇOIABA DA SERRA,5,Capela do Alto,False,203
51,São Paulo,620624,Zona de São Paulo,6201,BARUERI,1,Barueri,False,203
51,São Paulo,620624,Zona de São Paulo,6201,BARUERI,3,Aldeia,False,203
51,São Paulo,620624,Zona de São Paulo,6201,BARUERI,5,Carapicuíba,False,203
51,São Paulo,620624,Zona de São Paulo,6202,BOITUVA,1,Boituva,False,203
51,São Paulo,620624,Zona de São Paulo,6202,BOITUVA,3,Iperó,False,203
51,São Paulo,620624,Zona de São Paulo,6203,CABREÚVA,1,Cabreúva,False,203
51,São Paulo,620624,Zona de São Paulo,6204,CAIEIRAS,1,Caieiras,False,203
51,São Paulo,620624,Zona de São Paulo,6205,CAJAMAR,1,Cajamar,False,204
51,São Paulo,620624,Zona de São Paulo,6206,CAMPINAS,1,Campinas,False,204
51,São Paulo,620624,Zona de São Paulo,6206,CAMPINAS,3,Barão de Geraldo,False,204
51,São Paulo,620624,Zona de São Paulo,6206,CAMPINAS,5,Joaquim Egídio,False,204
51,São Paulo,620624,Zona de São Paulo,6206,CAMPINAS,7,Paulínia,False,204
51,São Paulo,620624,Zona de São Paulo,6206,CAMPINAS,9,Sousas,False,204
51,São Paulo,620624,Zona de São Paulo,6207,COTIA,1,Cotia,False,204
51,São Paulo,620624,Zona de São Paulo,6207,COTIA,3,Caucaia do Alto,False,204
51,São Paulo,620624,Zona de São Paulo,6207,COTIA,5,Jandira,False,204
51,São Paulo,620624,Zona de São Paulo,6208,DIADEMA,1,Diadema,False,204
51,São Paulo,620624,Zona de São Paulo,6209,ELIAS FAUSTO,1,Elias Fausto,False,204
51,São Paulo,620624,Zona de São Paulo,6209,ELIAS FAUSTO,3,Cardeal,False,204
51,São Paulo,620624,Zona de São Paulo,6210,FERRAZ DE VASCONCELOS,1,Ferraz de Vasconcelos,False,204
51,São Paulo,620624,Zona de São Paulo,6211,FRANCO DA ROCHA,1,Franco da Rocha,False,204
51,São Paulo,620624,Zona de São Paulo,6211,FRANCO DA ROCHA,3,Francisco Morato,False,204
51,São Paulo,620624,Zona de São Paulo,6212,GUARULHOS,1,Guarulhos,False,204
51,São Paulo,620624,Zona de São Paulo,6213,INDAIATUBA,1,Indaiatuba,False,204
51,São Paulo,620624,Zona de São Paulo,6214,ITAPEVI,1,Itapevi,False,204
51,São Paulo,620624,Zona de São Paulo,6215,ITAQUAQUECETUBA,1,Itaquaquecetuba,False,204
51,São Paulo,620624,Zona de São Paulo,6216,ITU,1,Itu,False,204
51,São Paulo,620624,Zona de São Paulo,6216,ITU,3,Pirapitingui,False,204
51,São Paulo,620624,Zona de São Paulo,6217,JUNDIAÍ,1,Jundiaí,False,205
51,São Paulo,620624,Zona de São Paulo,6217,JUNDIAÍ,3,Campo Limpo,False,205
51,São Paulo,620624,Zona de São Paulo,6217,JUNDIAÍ,5,Itupeva,False,205
51,São Paulo,620624,Zona de São Paulo,6217,JUNDIAÍ,7,Várzea Paulista,False,205
51,São Paulo,620624,Zona de São Paulo,6218,MAIRINQUE,1,Mairinque,False,205
51,São Paulo,620624,Zona de São Paulo,6219,MAIRIPORÃ,1,Mairiporã,False,205
51,São Paulo,620624,Zona de São Paulo,6220,MAUÁ,1,Mauá,False,205
51,São Paulo,620624,Zona de São Paulo,6221,MOGI DAS CRUZES,1,Mogi das Cruzes,False,205
51,São Paulo,620624,Zona de São Paulo,6221,MOGI DAS CRUZES,3,Biritiba-Mirim,False,205
51,São Paulo,620624,Zona de São Paulo,6221,MOGI DAS CRUZES,5,Brás Cubas,False,205
51,São Paulo,620624,Zona de São Paulo,6221,MOGI DAS CRUZES,7,Jundiapeba,False,205
51,São Paulo,620624,Zona de São Paulo,6221,MOGI DAS CRUZES,9,Sabaúna,False,205
51,São Paulo,620624,Zona de São Paulo,6221,MOGI DAS CRUZES,11,Taiaçupeba,False,205
51,São Paulo,620624,Zona de São Paulo,6222,MONTE MOR,1,Monte Mor,False,205
51,São Paulo,620624,Zona de São Paulo,6225,PIRAPORA DO BOM JESUS,1,Pirapora do Bom Jesus,False,205
51,São Paulo,620624,Zona de São Paulo,6223,POÁ,1,Poá,False,205
51,São Paulo,620624,Zona de São Paulo,6224,PÔRTO FELIZ,1,Pôrto Feliz,False,205
51,São Paulo,620624,Zona de São Paulo,6226,RIBEIRÃO PIRES,1,Ribeirão Pires,False,205
51,São Paulo,620624,Zona de São Paulo,6226,RIBEIRÃO PIRES,3,Icatuaçu,False,205
51,São Paulo,620624,Zona de São Paulo,6226,RIBEIRÃO PIRES,5,Iupeba,False,205
51,São Paulo,620624,Zona de São Paulo,6227,SALESÓPOLIS,1,Salesópolis,False,205
51,São Paulo,620624,Zona de São Paulo,6228,SALTO,1,Salto,False,205
51,São Paulo,620624,Zona de São Paulo,6229,SALTO DO PIRAPORA,1,Salto do Pirapora,False,206
51,São Paulo,620624,Zona de São Paulo,6230,SANTANA DE PARNAÍBA,1,Santana de Parnaíba,False,206
51,São Paulo,620624,Zona de São Paulo,6231,SANTO ANDRÉ,1,Santo André,False,206
51,São Paulo,620624,Zona de São Paulo,6231,SANTO ANDRÉ,3,Paranapiacaba,False,206
51,São Paulo,620624,Zona de São Paulo,6232,SÃO BERNARDO DO CAMPO,1,São Bernardo do Campo,False,206
51,São Paulo,620624,Zona de São Paulo,6232,SÃO BERNARDO DO CAMPO,3,Riacho Grande,False,206
51,São Paulo,620624,Zona de São Paulo,6233,SÃO CAETANO DO SUL,1,São Caetano do Sul,False,206
51,São Paulo,620624,Zona de São Paulo,6234,SÃO PAULO,1,População em trânsito,False,206
51,São Paulo,620624,Zona de São Paulo,6234,SÃO PAULO,3,Aclimação,False,206
51,São Paulo,620624,Zona de São Paulo,6234,SÃO PAULO,5,Alto da Mooca,False,206
51,São Paulo,620624,Zona de São Paulo,6234,SÃO PAULO,7,Barra Funda,False,206
51,São Paulo,620624,Zona de São Paulo,6234,SÃO PAULO,9,Bela Vista,False,206
51,São Paulo,620624,Zona de São Paulo,6234,SÃO PAULO,11,Belenzinho,False,206
51,São Paulo,620624,Zona de São Paulo,6234,SÃO PAULO,13,Bom Retiro,False,206
51,São Paulo,620624,Zona de São Paulo,6234,SÃO PAULO,15,Brás,False,206
51,São Paulo,620624,Zona de São Paulo,6234,SÃO PAULO,17,Butantã,False,206
51,São Paulo,620624,Zona de São Paulo,6234,SÃO PAULO,19,Cambuci,False,206
51,São Paulo,620624,Zona de São Paulo,6234,SÃO PAULO,21,Capela do Socorro,False,206
51,São Paulo,620624,Zona de São Paulo,6234,SÃO PAULO,23,Casa Verde,False,206
51,São Paulo,620624,Zona de São Paulo,6234,SÃO PAULO,25,Cerqueira César,False,206
51,São Paulo,620624,Zona de São Paulo,6234,SÃO PAULO,27,Consolação,False,206
51,São Paulo,620624,Zona de São Paulo,6234,SÃO PAULO,29,Ibirapuera,False,206
51,São Paulo,620624,Zona de São Paulo,6234,SÃO PAULO,31,Indianópolis,False,206
51,São Paulo,620624,Zona de São Paulo,6234,SÃO PAULO,33,Ipiranga,False,206
51,São Paulo,620624,Zona de São Paulo,6234,SÃO PAULO,35,Jardim América,False,206
51,São Paulo,620624,Zona de São Paulo,6234,SÃO PAULO,37,Jardim Paulista,False,206
51,São Paulo,620624,Zona de São Paulo,6234,SÃO PAULO,39,Lapa,False,206
51,São Paulo,620624,Zona de São Paulo,6234,SÃO PAULO,41,Liberdade,False,206
51,São Paulo,620624,Zona de São Paulo,6234,SÃO PAULO,43,Mooca,False,206
51,São Paulo,620624,Zona de São Paulo,6234,SÃO PAULO,45,Nossa Senhora do Ó,False,206
51,São Paulo,620624,Zona de São Paulo,6234,SÃO PAULO,47,Osasco,False,207
51,São Paulo,620624,Zona de São Paulo,6234,SÃO PAULO,49,Pari,False,207
51,São Paulo,620624,Zona de São Paulo,6234,SÃO PAULO,51,Penha de França,False,207
51,São Paulo,620624,Zona de São Paulo,6234,SÃO PAULO,53,Perdizes,False,207
51,São Paulo,620624,Zona de São Paulo,6234,SÃO PAULO,55,Pirituba,False,207
51,São Paulo,620624,Zona de São Paulo,6234,SÃO PAULO,57,Santa Cecília,False,207
51,São Paulo,620624,Zona de São Paulo,6234,SÃO PAULO,59,Santa Efigênia,False,207
51,São Paulo,620624,Zona de São Paulo,6234,SÃO PAULO,61,Santana,False,207
51,São Paulo,620624,Zona de São Paulo,6234,SÃO PAULO,63,Santo Amaro,False,207
51,São Paulo,620624,Zona de São Paulo,6234,SÃO PAULO,65,Saúde,False,207
51,São Paulo,620624,Zona de São Paulo,6234,SÃO PAULO,67,Sé,False,207
51,São Paulo,620624,Zona de São Paulo,6234,SÃO PAULO,69,Tatuapé,False,207
51,São Paulo,620624,Zona de São Paulo,6234,SÃO PAULO,71,Tucuruvi,False,207
51,São Paulo,620624,Zona de São Paulo,6234,SÃO PAULO,73,Vila Madalena,False,207
51,São Paulo,620624,Zona de São Paulo,6234,SÃO PAULO,75,Vila Maria,False,207
51,São Paulo,620624,Zona de São Paulo,6234,SÃO PAULO,77,Vila Mariana,False,207
51,São Paulo,620624,Zona de São Paulo,6234,SÃO PAULO,79,Vila Matilde,False,207
51,São Paulo,620624,Zona de São Paulo,6234,SÃO PAULO,81,Vila Prudente,False,207
51,São Paulo,620624,Zona de São Paulo,6234,SÃO PAULO,83,Ermelino Matarazzo,False,207
51,São Paulo,620624,Zona de São Paulo,6234,SÃO PAULO,85,Guaianazes,False,207
51,São Paulo,620624,Zona de São Paulo,6234,SÃO PAULO,87,Itaquera,False,207
51,São Paulo,620624,Zona de São Paulo,6234,SÃO PAULO,89,Jaraguá,False,207
51,São Paulo,620624,Zona de São Paulo,6234,SÃO PAULO,91,Parelheiros,False,207
51,São Paulo,620624,Zona de São Paulo,6234,SÃO PAULO,93,Perus,False,207
51,São Paulo,620624,Zona de São Paulo,6234,SÃO PAULO,95,São Miguel Paulista,False,207
51,São Paulo,620624,Zona de São Paulo,6235,SÃO ROQUE,1,São Roque,False,207
51,São Paulo,620624,Zona de São Paulo,6235,SÃO ROQUE,3,Araçariguama,False,207
51,São Paulo,620624,Zona de São Paulo,6235,SÃO ROQUE,5,Canguera,False,207
51,São Paulo,620624,Zona de São Paulo,6235,SÃO ROQUE,7,São João Nôvo,False,207
51,São Paulo,620624,Zona de São Paulo,6236,SOROCABA,1,Sorocaba,False,207
51,São Paulo,620624,Zona de São Paulo,6236,SOROCABA,3,Brigadeiro Tobias,False,207
51,São Paulo,620624,Zona de São Paulo,6236,SOROCABA,5,Cajuru do Sul,False,207
51,São Paulo,620624,Zona de São Paulo,6236,SOROCABA,7,Éden,False,207
51,São Paulo,620624,Zona de São Paulo,6236,SOROCABA,9,Votorantim,False,207
51,São Paulo,620624,Zona de São Paulo,6237,SUMARÉ,1,Sumaré,False,208
51,São Paulo,620624,Zona de São Paulo,6237,SUMARÉ,3,Hortolândia,False,208
51,São Paulo,620624,Zona de São Paulo,6237,SUMARÉ,5,Nova Veneza,False,208
51,São Paulo,620624,Zona de São Paulo,6238,SUZANO,1,Suzano,False,208
51,São Paulo,620624,Zona de São Paulo,6239,VALINHOS,1,Valinhos,False,208
51,São Paulo,620624,Zona de São Paulo,6240,VINHEDO,1,Vinhedo,False,208
51,São Paulo,620624,Zona de São Paulo,6240,VINHEDO,3,Louveira,False,208
51,São Paulo,606607,Zona do Paranapiacaba,6060,CAPÃO BONITO,1,Capão Bonito,False,208
51,São Paulo,606607,Zona do Paranapiacaba,6061,EMBU,1,Embu,False,208
51,São Paulo,606607,Zona do Paranapiacaba,6062,GUAPIARA,1,Guapiara,False,208
51,São Paulo,606607,Zona do Paranapiacaba,6063,IBIÚNA,1,Ibiúna,False,208
51,São Paulo,606607,Zona do Paranapiacaba,6063,IBIÚNA,3,Paruru,False,208
51,São Paulo,606607,Zona do Paranapiacaba,6064,ITAPECERICA DA SERRA,1,Itapecerica da Serra,False,208
51,São Paulo,606607,Zona do Paranapiacaba,6064,ITAPECERICA DA SERRA,3,Embu-Guaçu,False,208
51,São Paulo,606607,Zona do Paranapiacaba,6064,ITAPECERICA DA SERRA,5,Juquitiba,False,208
51,São Paulo,606607,Zona do Paranapiacaba,6064,ITAPECERICA DA SERRA,7,São Lourenço da Serra,False,208
51,São Paulo,606607,Zona do Paranapiacaba,6065,PIEDADE,1,Piedade,False,208
51,São Paulo,606607,Zona do Paranapiacaba,6066,PILAR DO SUL,1,Pilar do Sul,False,208
51,São Paulo,606607,Zona do Paranapiacaba,6067,RIBEIRÃO BRANCO,1,Ribeirão Branco,False,208
51,São Paulo,606607,Zona do Paranapiacaba,6068,SÃO MIGUEL ARCANJO,1,São Miguel Arcanjo,False,209
51,São Paulo,606607,Zona do Paranapiacaba,6070,TABOÃO DA SERRA [209.3],1,Taboão da Serra,False,209
51,São Paulo,606607,Zona do Paranapiacaba,6069,TAPIRAÍ,1,Tapiraí,False,209
51,São Paulo,608,Zona do Alto Ribeira,6080,APIAÍ,1,Apiaí,False,209
51,São Paulo,608,Zona do Alto Ribeira,6080,APIAÍ,3,Araçaíba,False,209
51,São Paulo,608,Zona do Alto Ribeira,6080,APIAÍ,5,Barra do Chapéu,False,209
51,São Paulo,608,Zona do Alto Ribeira,6080,APIAÍ,7,Itaoca,False,209
51,São Paulo,608,Zona do Alto Ribeira,6081,IPORANGA,1,Iporanga,False,209
51,São Paulo,608,Zona do Alto Ribeira,6081,IPORANGA,3,Barra do Turvo,False,209
51,São Paulo,608,Zona do Alto Ribeira,6082,RIBEIRA,1,Ribeira,False,209
51,São Paulo,608,Zona do Alto Ribeira,6082,RIBEIRA,3,Itapirapuã,False,209
51,São Paulo,625626,Zona de Pirassununga,6250,AGUAÍ,1,Aguaí,False,209
51,São Paulo,625626,Zona de Pirassununga,6251,ARTUR NOGUEIRA,1,Artur Nogueira,False,209
51,São Paulo,625626,Zona de Pirassununga,6252,CASA BRANCA,1,Casa Branca,False,209
51,São Paulo,625626,Zona de Pirassununga,6252,CASA BRANCA,3,Lagoa Branca,False,209
51,São Paulo,625626,Zona de Pirassununga,6253,CONCHAL,1,Conchal,False,209
51,São Paulo,625626,Zona de Pirassununga,6254,DESCALVADO,1,Descalvado,False,209
51,São Paulo,625626,Zona de Pirassununga,6255,ITOBI,1,Itobi,False,209
51,São Paulo,625626,Zona de Pirassununga,6256,JAGUARIÚNA,1,Jaguariúna,False,209
51,São Paulo,625626,Zona de Pirassununga,6257,LEME,1,Leme,False,210
51,São Paulo,625626,Zona de Pirassununga,6258,MOGI-GUAÇU,1,Mogi-Guaçu,False,210
51,São Paulo,625626,Zona de Pirassununga,6259,MOGI-MIRIM,1,Mogi-Mirim,False,210
51,São Paulo,625626,Zona de Pirassununga,6260,PIRASSUNUNGA,1,Pirassununga,False,210
51,São Paulo,625626,Zona de Pirassununga,6260,PIRASSUNUNGA,3,Cachoeira de Emas,False,210
51,São Paulo,625626,Zona de Pirassununga,6261,PÔRTO FERREIRA,1,Pôrto Ferreira,False,210
51,São Paulo,625626,Zona de Pirassununga,6262,SANTA CRUZ DA CONCEIÇÃO,1,Santa Cruz da Conceição,False,210
51,São Paulo,625626,Zona de Pirassununga,6263,SANTA CRUZ DAS PALMEIRAS,1,Santa Cruz das Palmeiras,False,210
51,São Paulo,625626,Zona de Pirassununga,6264,SANTO ANTÔNIO DE POSSE,1,Santo Antônio de Posse,False,210
51,São Paulo,625626,Zona de Pirassununga,6265,TAMBAÚ,1,Tambaú,False,210
51,São Paulo,627628,Zona de Rio Claro,6270,AMERICANA,1,Americana,False,210
51,São Paulo,627628,Zona de Rio Claro,6271,ANALÂNDIA,1,Analândia,False,210
51,São Paulo,627628,Zona de Rio Claro,6272,ARARAS,1,Araras,False,210
51,São Paulo,627628,Zona de Rio Claro,6273,CORDEIRÓPOLIS,1,Cordeirópolis,False,210
51,São Paulo,627628,Zona de Rio Claro,6274,CORUMBATAÍ,1,Corumbataí,False,210
51,São Paulo,627628,Zona de Rio Claro,6275,COSMÓPOLIS,1,Cosmópolis,False,210
51,São Paulo,627628,Zona de Rio Claro,6276,IRACEMÁPOLIS,1,Iracemápolis,False,211
51,São Paulo,627628,Zona de Rio Claro,6277,ITIRAPINA,1,Itirapina,False,211
51,São Paulo,627628,Zona de Rio Claro,6277,ITIRAPINA,3,Itaqueri da Serra,False,211
51,São Paulo,627628,Zona de Rio Claro,6278,LIMEIRA,1,Limeira,False,211
51,São Paulo,627628,Zona de Rio Claro,6279,NOVA ODESSA,1,Nova Odessa,False,211
51,São Paulo,627628,Zona de Rio Claro,6280,RIO CLARO,1,Rio Claro,False,211
51,São Paulo,627628,Zona de Rio Claro,6280,RIO CLARO,3,Ajapi,False,211
51,São Paulo,627628,Zona de Rio Claro,6280,RIO CLARO,5,Assistência,False,211
51,São Paulo,627628,Zona de Rio Claro,6280,RIO CLARO,7,Ipeúna,False,211
51,São Paulo,627628,Zona de Rio Claro,6281,SANTA GERTRUDES,1,Santa Gertrudes,False,211
51,São Paulo,630631,Zona de Piracicaba,6300,ÁGUAS DE SÃO PEDRO,1,Águas de São Pedro,False,211
51,São Paulo,630631,Zona de Piracicaba,6301,ANHEMBI,1,Anhembi,False,211
51,São Paulo,630631,Zona de Piracicaba,6301,ANHEMBI,3,Pirambóia,False,211
51,São Paulo,630631,Zona de Piracicaba,6302,BOFETE,1,Bofete,False,211
51,São Paulo,630631,Zona de Piracicaba,6303,CAPIVARI,1,Capivari,False,211
51,São Paulo,630631,Zona de Piracicaba,6303,CAPIVARI,3,Mombuca,False,211
51,São Paulo,630631,Zona de Piracicaba,6304,CERQUILHO,1,Cerquilho,False,211
51,São Paulo,630631,Zona de Piracicaba,6305,CHARQUEADA,1,Charqueada,False,211
51,São Paulo,630631,Zona de Piracicaba,6305,CHARQUEADA,3,Paraisolândia,False,211
51,São Paulo,630631,Zona de Piracicaba,6306,CONCHAS,1,Conchas,False,212
51,São Paulo,630631,Zona de Piracicaba,6306,CONCHAS,3,Juquiratiba,False,212
51,São Paulo,630631,Zona de Piracicaba,6307,LARANJAL PAULISTA,1,Laranjal Paulista,False,212
51,São Paulo,630631,Zona de Piracicaba,6307,LARANJAL PAULISTA,3,Laras,False,212
51,São Paulo,630631,Zona de Piracicaba,6307,LARANJAL PAULISTA,5,Maristela,False,212
51,São Paulo,630631,Zona de Piracicaba,6308,PEREIRAS,1,Pereiras,False,212
51,São Paulo,630631,Zona de Piracicaba,6309,PIRACICABA,1,Piracicaba,False,212
51,São Paulo,630631,Zona de Piracicaba,6309,PIRACICABA,3,Ártemis,False,212
51,São Paulo,630631,Zona de Piracicaba,6309,PIRACICABA,5,Ibitiruna,False,212
51,São Paulo,630631,Zona de Piracicaba,6309,PIRACICABA,7,Saltinho,False,212
51,São Paulo,630631,Zona de Piracicaba,6309,PIRACICABA,9,Tupi,False,212
51,São Paulo,630631,Zona de Piracicaba,6310,PORANGABA,1,Porangaba,False,212
51,São Paulo,630631,Zona de Piracicaba,6310,PORANGABA,3,Tôrre de Pedra,False,212
51,São Paulo,630631,Zona de Piracicaba,6311,RAFARD,1,Rafard,False,212
51,São Paulo,630631,Zona de Piracicaba,6312,RIO DAS PEDRAS,1,Rio das Pedras,False,212
51,São Paulo,630631,Zona de Piracicaba,6313,SANTA BÁRBARA D&#x27;OESTE,1,Santa Bárbara d&#x27;Oeste,False,212
51,São Paulo,630631,Zona de Piracicaba,6314,SANTA MARIA DA SERRA,1,Santa Maria da Serra,False,212
51,São Paulo,630631,Zona de Piracicaba,6315,SÃO PEDRO,1,São Pedro,False,212
51,São Paulo,630631,Zona de Piracicaba,6316,TIETÊ,1,Tietê,False,212
51,São Paulo,630631,Zona de Piracicaba,6316,TIETÊ,3,Jumirim,False,212
51,São Paulo,632633,Zona dos Campos Gerais,6320,ANGATUBA,1,Angatuba,False,212
51,São Paulo,632633,Zona dos Campos Gerais,6320,ANGATUBA,3,Campina do Monte Alegre,False,212
51,São Paulo,632633,Zona dos Campos Gerais,6321,BURI,1,Buri,False,213
51,São Paulo,632633,Zona dos Campos Gerais,6321,BURI,3,Aracaçu,False,213
51,São Paulo,632633,Zona dos Campos Gerais,6322,CESÁRIO LANGE,1,Cesário Lange,False,213
51,São Paulo,632633,Zona dos Campos Gerais,6323,GUAREÍ,1,Guareí,False,213
51,São Paulo,632633,Zona dos Campos Gerais,6324,ITABERÁ,1,Itaberá,False,213
51,São Paulo,632633,Zona dos Campos Gerais,6324,ITABERÁ,3,Turiba do Sul,False,213
51,São Paulo,632633,Zona dos Campos Gerais,6325,ITAÍ,1,Itaí,False,213
51,São Paulo,632633,Zona dos Campos Gerais,6326,ITAPETININGA,1,Itapetininga,False,213
51,São Paulo,632633,Zona dos Campos Gerais,6326,ITAPETININGA,3,Alambari,False,213
51,São Paulo,632633,Zona dos Campos Gerais,6326,ITAPETININGA,5,Gramadinho,False,213
51,São Paulo,632633,Zona dos Campos Gerais,6326,ITAPETININGA,7,Morro do Alto,False,213
51,São Paulo,632633,Zona dos Campos Gerais,6327,ITAPEVA,1,Itapeva,False,213
51,São Paulo,632633,Zona dos Campos Gerais,6327,ITAPEVA,3,Campina do Veado,False,213
51,São Paulo,632633,Zona dos Campos Gerais,6327,ITAPEVA,5,Guarizinho,False,213
51,São Paulo,632633,Zona dos Campos Gerais,6327,ITAPEVA,7,Taquarivaí,False,213
51,São Paulo,632633,Zona dos Campos Gerais,6328,ITARARÉ,1,Itararé,False,213
51,São Paulo,632633,Zona dos Campos Gerais,6329,PARANAPANEMA,1,Paranapanema,False,213
51,São Paulo,632633,Zona dos Campos Gerais,6330,SARAPUÍ,1,Sarapuí,False,213
51,São Paulo,632633,Zona dos Campos Gerais,6331,TATUÍ,1,Tatuí,False,213
51,São Paulo,632633,Zona dos Campos Gerais,6331,TATUÍ,3,Quadra,False,213
51,São Paulo,634,Zona de Itaporanga,6340,FARTURA,1,Fartura,False,213
51,São Paulo,634,Zona de Itaporanga,6341,ITAPORANGA,1,Itaporanga,False,214
51,São Paulo,634,Zona de Itaporanga,6341,ITAPORANGA,5,Barão de Antonina,False,214
51,São Paulo,634,Zona de Itaporanga,6341,ITAPORANGA,7,Coronel Macedo,False,214
51,São Paulo,634,Zona de Itaporanga,6342,RIBEIRÃO VERMELHO DO SUL,1,Ribeirão Vermelho do Sul,False,214
51,São Paulo,634,Zona de Itaporanga,6343,TAQUARITUBA,1,Taquarituba,False,214
51,São Paulo,634,Zona de Itaporanga,6344,TAGUAÍ,1,Taguaí,False,214
51,São Paulo,635636,Zona de Franca,6350,BURITIZAL,1,Buritizal,False,214
51,São Paulo,635636,Zona de Franca,6351,FRANCA,1,Franca,False,214
51,São Paulo,635636,Zona de Franca,6351,FRANCA,3,Jeriquara,False,214
51,São Paulo,635636,Zona de Franca,6351,FRANCA,5,Restinga,False,214
51,São Paulo,635636,Zona de Franca,6351,FRANCA,7,Ribeirão Corrente,False,214
51,São Paulo,635636,Zona de Franca,6352,GUAPUÃ,1,Guapuã,False,214
51,São Paulo,635636,Zona de Franca,6353,GUARÁ,1,Guará,False,214
51,São Paulo,635636,Zona de Franca,6353,GUARÁ,3,Pioneiros,False,214
51,São Paulo,635636,Zona de Franca,6354,IGARAPAVA,1,Igarapava,False,214
51,São Paulo,635636,Zona de Franca,6354,IGARAPAVA,3,Aramina,False,214
51,São Paulo,635636,Zona de Franca,6355,ITIRAPUÃ,1,Itirapuã,False,214
51,São Paulo,635636,Zona de Franca,6356,ITUVERAVA,1,Ituverava,False,214
51,São Paulo,635636,Zona de Franca,6356,ITUVERAVA,3,Capivari da Mata,False,214
51,São Paulo,635636,Zona de Franca,6356,ITUVERAVA,5,São Benedito da Cachoeira,False,214
51,São Paulo,635636,Zona de Franca,6357,PATROCÍNIO PAULISTA,1,Patrocínio Paulista,False,214
51,São Paulo,635636,Zona de Franca,6358,PEDREGULHO,1,Pedregulho,False,215
51,São Paulo,635636,Zona de Franca,6358,PEDREGULHO,3,Alto Porã,False,215
51,São Paulo,635636,Zona de Franca,6358,PEDREGULHO,5,Igaçaba,False,215
51,São Paulo,635636,Zona de Franca,6359,RIFAINA,1,Rifaina,False,215
51,São Paulo,635636,Zona de Franca,6360,SÃO JOSÉ DA BELA VISTA,1,São José da Bela Vista,False,215
51,São Paulo,637639,Zona de Ribeirão Prêto,6370,ALTINÓPOLIS,1,Altinópolis,False,215
51,São Paulo,637639,Zona de Ribeirão Prêto,6371,BARRINHA,1,Barrinha,False,215
51,São Paulo,637639,Zona de Ribeirão Prêto,6372,BATATAIS,1,Batatais,False,215
51,São Paulo,637639,Zona de Ribeirão Prêto,6373,BRODÓSQUI,1,Brodósqui,False,215
51,São Paulo,637639,Zona de Ribeirão Prêto,6374,CÁSSIA DOS COQUEIROS,1,Cássia dos Coqueiros,False,215
51,São Paulo,637639,Zona de Ribeirão Prêto,6375,CAJURU,1,Cajuru,False,215
51,São Paulo,637639,Zona de Ribeirão Prêto,6375,CAJURU,3,Cruz da Esperança,False,215
51,São Paulo,637639,Zona de Ribeirão Prêto,6376,CRAVINHOS,1,Cravinhos,False,215
51,São Paulo,637639,Zona de Ribeirão Prêto,6377,IPUÃ,1,Ipuã,False,215
51,São Paulo,637639,Zona de Ribeirão Prêto,6378,JARDINÓPOLIS,1,Jardinópolis,False,215
51,São Paulo,637639,Zona de Ribeirão Prêto,6378,JARDINÓPOLIS,3,Jurucê,False,215
51,São Paulo,637639,Zona de Ribeirão Prêto,6379,LUÍS ANTÔNIO,1,Luís Antônio,False,215
51,São Paulo,637639,Zona de Ribeirão Prêto,6380,NUPORANGA,1,Nuporanga,False,215
51,São Paulo,637639,Zona de Ribeirão Prêto,6381,ORLÂNDIA,1,Orlândia,False,216
51,São Paulo,637639,Zona de Ribeirão Prêto,6382,RIBEIRÃO PRÊTO,1,Ribeirão Prêto,False,216
51,São Paulo,637639,Zona de Ribeirão Prêto,6382,RIBEIRÃO PRÊTO,3,Bonfim Paulista,False,216
51,São Paulo,637639,Zona de Ribeirão Prêto,6382,RIBEIRÃO PRÊTO,5,Dumont,False,216
51,São Paulo,637639,Zona de Ribeirão Prêto,6382,RIBEIRÃO PRÊTO,7,Guatapará,False,216
51,São Paulo,637639,Zona de Ribeirão Prêto,6383,SALES OLIVEIRA,1,Sales Oliveira,False,216
51,São Paulo,637639,Zona de Ribeirão Prêto,6384,SANTA RITA DO PASSA QUATRO,1,Santa Rita do Passa Quatro,False,216
51,São Paulo,637639,Zona de Ribeirão Prêto,6384,SANTA RITA DO PASSA QUATRO,3,Jacirendi,False,216
51,São Paulo,637639,Zona de Ribeirão Prêto,6385,SANTA ROSA DE VITERBO,1,Santa Rosa de Viterbo,False,216
51,São Paulo,637639,Zona de Ribeirão Prêto,6386,SANTO ANTÔNIO DA ALEGRIA,1,Santo Antônio da Alegria,False,216
51,São Paulo,637639,Zona de Ribeirão Prêto,6387,SÃO JOAQUIM DA BARRA,1,São Joaquim da Barra,False,216
51,São Paulo,637639,Zona de Ribeirão Prêto,6388,SÃO SIMÃO,1,São Simão,False,216
51,São Paulo,637639,Zona de Ribeirão Prêto,6389,SERRA AZUL,1,Serra Azul,False,216
51,São Paulo,637639,Zona de Ribeirão Prêto,6390,SERRANA,1,Serrana,False,216
51,São Paulo,637639,Zona de Ribeirão Prêto,6391,SERTÃOZINHO,1,Sertãozinho,False,216
51,São Paulo,637639,Zona de Ribeirão Prêto,6391,SERTÃOZINHO,3,Cruz das Posses,False,216
51,São Paulo,640641,Zona de Araraquara,6400,ARARAQUARA,1,Araraquara,False,216
51,São Paulo,640641,Zona de Araraquara,6400,ARARAQUARA,3,Américo Brasiliense,False,216
51,São Paulo,640641,Zona de Araraquara,6400,ARARAQUARA,5,Bueno de Andrada,False,216
51,São Paulo,640641,Zona de Araraquara,6400,ARARAQUARA,7,Gavião Peixoto,False,216
51,São Paulo,640641,Zona de Araraquara,6400,ARARAQUARA,9,Motuca,False,216
51,São Paulo,640641,Zona de Araraquara,6401,CÂNDIDO RODRIGUES,1,Cândido Rodrigues,False,217
51,São Paulo,640641,Zona de Araraquara,6402,GUARIBA,1,Guariba,False,217
51,São Paulo,640641,Zona de Araraquara,6403,JABOTICABAL,1,Jaboticabal,False,217
51,São Paulo,640641,Zona de Araraquara,6403,JABOTICABAL,3,Córrego Rico,False,217
51,São Paulo,640641,Zona de Araraquara,6403,JABOTICABAL,5,Luzitânia,False,217
51,São Paulo,640641,Zona de Araraquara,6404,MATÃO,1,Matão,False,217
51,São Paulo,640641,Zona de Araraquara,6404,MATÃO,3,Dobrada,False,217
51,São Paulo,640641,Zona de Araraquara,6404,MATÃO,5,São Lourenço do Turvo,False,217
51,São Paulo,640641,Zona de Araraquara,6405,MONTE ALTO,1,Monte Alto,False,217
51,São Paulo,640641,Zona de Araraquara,6406,PRADÓPOLIS,1,Pradópolis,False,217
51,São Paulo,640641,Zona de Araraquara,6407,RINCÃO,1,Rincão,False,217
51,São Paulo,640641,Zona de Araraquara,6408,SANTA LÚCIA,1,Santa Lúcia,False,217
51,São Paulo,640641,Zona de Araraquara,6409,TAIAÇU,1,Taiaçu,False,217
51,São Paulo,640641,Zona de Araraquara,6410,TAIÚVA,1,Taiúva,False,217
51,São Paulo,640641,Zona de Araraquara,6411,TAQUARITINGA,1,Taquaritinga,False,217
51,São Paulo,640641,Zona de Araraquara,6411,TAQUARITINGA,3,Guariroba,False,217
51,São Paulo,640641,Zona de Araraquara,6411,TAQUARITINGA,5,Jurupema,False,217
51,São Paulo,640641,Zona de Araraquara,6411,TAQUARITINGA,7,Santa Ernestina,False,217
51,São Paulo,640641,Zona de Araraquara,6412,VISTA ALEGRE DO ALTO,1,Vista Alegre do Alto,False,217
51,São Paulo,642643,Zona de São Carlos e Jaú,6420,BARRA BONITA,1,Barra Bonita,False,218
51,São Paulo,642643,Zona de São Carlos e Jaú,6421,BORACÉIA,1,Boracéia,False,218
51,São Paulo,642643,Zona de São Carlos e Jaú,6422,BROTAS,1,Brotas,False,218
51,São Paulo,642643,Zona de São Carlos e Jaú,6423,DOIS CÓRREGOS,1,Dois Córregos,False,218
51,São Paulo,642643,Zona de São Carlos e Jaú,6423,DOIS CÓRREGOS,3,Guarapuã,False,218
51,São Paulo,642643,Zona de São Carlos e Jaú,6424,DOURADO,1,Dourado,False,218
51,São Paulo,642643,Zona de São Carlos e Jaú,6425,IBATÉ,1,Ibaté,False,218
51,São Paulo,642643,Zona de São Carlos e Jaú,6426,IGARAÇU DO TIETÊ,1,Igaraçu do Tietê,False,218
51,São Paulo,642643,Zona de São Carlos e Jaú,6427,ITAPUÍ,1,Itapuí,False,218
51,São Paulo,642643,Zona de São Carlos e Jaú,6428,JAÚ,1,Jaú,False,218
51,São Paulo,642643,Zona de São Carlos e Jaú,6428,JAÚ,3,Potunduva,False,218
51,São Paulo,642643,Zona de São Carlos e Jaú,6429,MACATUBA,1,Macatuba,False,218
51,São Paulo,642643,Zona de São Carlos e Jaú,6430,MINEIROS DO TIETÊ,1,Mineiros do Tietê,False,218
51,São Paulo,642643,Zona de São Carlos e Jaú,6431,PEDERNEIRAS,1,Pederneiras,False,218
51,São Paulo,642643,Zona de São Carlos e Jaú,6431,PEDERNEIRAS,3,Guaianas,False,218
51,São Paulo,642643,Zona de São Carlos e Jaú,6431,PEDERNEIRAS,5,Santelmo,False,218
51,São Paulo,642643,Zona de São Carlos e Jaú,6431,PEDERNEIRAS,7,Vanglória,False,218
51,São Paulo,642643,Zona de São Carlos e Jaú,6432,RIBEIRÃO BONITO [218.31],1,Ribeirão Bonito,False,218
51,São Paulo,642643,Zona de São Carlos e Jaú,6432,RIBEIRÃO BONITO [218.31],3,Guarapiranga,False,218
51,São Paulo,642643,Zona de São Carlos e Jaú,6433,SÃO CARLOS,1,São Carlos,False,219
51,São Paulo,642643,Zona de São Carlos e Jaú,6433,SÃO CARLOS,3,Água Vermelha,False,219
51,São Paulo,642643,Zona de São Carlos e Jaú,6433,SÃO CARLOS,5,Santa Eudóxia,False,219
51,São Paulo,642643,Zona de São Carlos e Jaú,6434,TORRINHA,1,Torrinha,False,219
51,São Paulo,644645,Zona de Botucatu,6440,AGUDOS,1,Agudos,False,219
51,São Paulo,644645,Zona de Botucatu,6440,AGUDOS,3,Domélia,False,219
51,São Paulo,644645,Zona de Botucatu,6440,AGUDOS,5,Paulistânia,False,219
51,São Paulo,644645,Zona de Botucatu,6441,AREIÓPOLIS,1,Areiópolis,False,219
51,São Paulo,644645,Zona de Botucatu,6442,AVARÉ,1,Avaré,False,219
51,São Paulo,644645,Zona de Botucatu,6442,AVARÉ,3,Arandu,False,219
51,São Paulo,644645,Zona de Botucatu,6443,BUTUCATU,1,Butucatu,False,219
51,São Paulo,644645,Zona de Botucatu,6443,BUTUCATU,3,Rubião Júnior,False,219
51,São Paulo,644645,Zona de Botucatu,6443,BUTUCATU,5,Vitoriana,False,219
51,São Paulo,644645,Zona de Botucatu,6444,CERQUEIRA CÉSAR,1,Cerqueira César,False,219
51,São Paulo,644645,Zona de Botucatu,6445,ITATINGA,1,Itatinga,False,219
51,São Paulo,644645,Zona de Botucatu,6445,ITATINGA,3,Lôbo,False,219
51,São Paulo,644645,Zona de Botucatu,6446,LENÇÓIS PAULISTA,1,Lençóis Paulista,False,219
51,São Paulo,644645,Zona de Botucatu,6446,LENÇÓIS PAULISTA,3,Alfredo Guedes,False,219
51,São Paulo,644645,Zona de Botucatu,6446,LENÇÓIS PAULISTA,5,Borebi,False,219
51,São Paulo,644645,Zona de Botucatu,6447,PARDINHO,1,Pardinho,False,219
51,São Paulo,644645,Zona de Botucatu,6448,SANTA BÁRBARA DO RIO PARDO,1,Santa Bárbara do Rio Pardo,False,219
51,São Paulo,644645,Zona de Botucatu,6448,SANTA BÁRBARA DO RIO PARDO,3,Iaras,False,219
51,São Paulo,644645,Zona de Botucatu,6449,SÃO MANUEL,1,São Manuel,False,220
51,São Paulo,644645,Zona de Botucatu,6449,SÃO MANUEL,3,Aparecida de São Manuel,False,220
51,São Paulo,644645,Zona de Botucatu,6449,SÃO MANUEL,5,Pratânia,False,220
51,São Paulo,646,Zona de Piraju,6460,BERNARDINO DE CAMPOS,1,Bernardino de Campos,False,220
51,São Paulo,646,Zona de Piraju,6461,CHAVANTES,1,Chavantes,False,220
51,São Paulo,646,Zona de Piraju,6461,CHAVANTES,3,Canitar,False,220
51,São Paulo,646,Zona de Piraju,6461,CHAVANTES,5,Irapé,False,220
51,São Paulo,646,Zona de Piraju,6462,IPAUÇU,1,Ipauçu,False,220
51,São Paulo,646,Zona de Piraju,6463,MANDURI,1,Manduri,False,220
51,São Paulo,646,Zona de Piraju,6463,MANDURI,3,São Berto,False,220
51,São Paulo,646,Zona de Piraju,6464,ÓLEO,1,Óleo,False,220
51,São Paulo,646,Zona de Piraju,6464,ÓLEO,3,Batista Botelho,False,220
51,São Paulo,646,Zona de Piraju,6465,PIRAJU,1,Piraju,False,220
51,São Paulo,646,Zona de Piraju,6465,PIRAJU,3,Tejupá,False,220
51,São Paulo,646,Zona de Piraju,6466,SARUTAIÁ,1,Sarutaiá,False,220
51,São Paulo,646,Zona de Piraju,6467,TIMBURI,1,Timburi,False,220
51,São Paulo,647649,Zona de Barretos,6470,ALTAIR,1,Altair,False,220
51,São Paulo,647649,Zona de Barretos,6471,BARRETOS,1,Barretos,False,220
51,São Paulo,647649,Zona de Barretos,6471,BARRETOS,3,Alberto Moreira,False,220
51,São Paulo,647649,Zona de Barretos,6471,BARRETOS,5,Ibitu,False,220
51,São Paulo,647649,Zona de Barretos,6472,BEBEDOURO,1,Bebedouro,False,221
51,São Paulo,647649,Zona de Barretos,6472,BEBEDOURO,3,Botafogo,False,221
51,São Paulo,647649,Zona de Barretos,6472,BEBEDOURO,5,Turvínia,False,221
51,São Paulo,647649,Zona de Barretos,6473,CAJOBI,1,Cajobi,False,221
51,São Paulo,647649,Zona de Barretos,6473,CAJOBI,3,Embaúba,False,221
51,São Paulo,647649,Zona de Barretos,6473,CAJOBI,5,Monte Verde Paulista,False,221
51,São Paulo,647649,Zona de Barretos,6474,COLINA,1,Colina,False,221
51,São Paulo,647649,Zona de Barretos,6475,COLÔMBIA,1,Colômbia,False,221
51,São Paulo,647649,Zona de Barretos,6476,GUAÍRA,1,Guaíra,False,221
51,São Paulo,647649,Zona de Barretos,6477,GUARACI,1,Guaraci,False,221
51,São Paulo,647649,Zona de Barretos,6478,ICÉM,1,Icém,False,221
51,São Paulo,647649,Zona de Barretos,6479,JABORANDI,1,Jaborandi,False,221
51,São Paulo,647649,Zona de Barretos,6480,MIGUELÓPOLIS,1,Miguelópolis,False,221
51,São Paulo,647649,Zona de Barretos,6481,MONTE AZUL PAULISTA,1,Monte Azul Paulista,False,221
51,São Paulo,647649,Zona de Barretos,6481,MONTE AZUL PAULISTA,3,Marcondésia,False,221
51,São Paulo,647649,Zona de Barretos,6482,MORRO AGUDO,1,Morro Agudo,False,221
51,São Paulo,647649,Zona de Barretos,6483,NOVA GRANADA,1,Nova Granada,False,221
51,São Paulo,647649,Zona de Barretos,6483,NOVA GRANADA,3,Ingás,False,221
51,São Paulo,647649,Zona de Barretos,6483,NOVA GRANADA,5,Mangaratú,False,221
51,São Paulo,647649,Zona de Barretos,6483,NOVA GRANADA,7,Onda Branca,False,221
51,São Paulo,647649,Zona de Barretos,6483,NOVA GRANADA,9,Onda Verde,False,221
51,São Paulo,647649,Zona de Barretos,6484,OLÍMPIA,1,Olímpia,False,222
51,São Paulo,647649,Zona de Barretos,6484,OLÍMPIA,3,Baguaçu,False,222
51,São Paulo,647649,Zona de Barretos,6484,OLÍMPIA,5,Ribeiro dos Santos,False,222
51,São Paulo,647649,Zona de Barretos,6485,PALESTINA,1,Palestina,False,222
51,São Paulo,647649,Zona de Barretos,6485,PALESTINA,3,Duplo Céu,False,222
51,São Paulo,647649,Zona de Barretos,6485,PALESTINA,5,Jurupeba,False,222
51,São Paulo,647649,Zona de Barretos,6486,PARAÍSO,1,Paraíso,False,222
51,São Paulo,647649,Zona de Barretos,6487,PAULO DE FARIA,1,Paulo de Faria,False,222
51,São Paulo,647649,Zona de Barretos,6487,PAULO DE FARIA,3,Orindiúva,False,222
51,São Paulo,647649,Zona de Barretos,6488,PIRANGI,1,Pirangi,False,222
51,São Paulo,647649,Zona de Barretos,6489,PITANGUEIRAS,1,Pitangueiras,False,222
51,São Paulo,647649,Zona de Barretos,6489,PITANGUEIRAS,3,Ibitiúva,False,222
51,São Paulo,647649,Zona de Barretos,6489,PITANGUEIRAS,5,Taquaral,False,222
51,São Paulo,647649,Zona de Barretos,6490,PONTAL,1,Pontal,False,222
51,São Paulo,647649,Zona de Barretos,6490,PONTAL,3,Cândia,False,222
51,São Paulo,647649,Zona de Barretos,6491,RIOLÂNDIA,1,Riolândia,False,222
51,São Paulo,647649,Zona de Barretos,6492,SEVERÍNIA,1,Severínia,False,222
51,São Paulo,647649,Zona de Barretos,6493,TERRA ROXA,1,Terra Roxa,False,222
51,São Paulo,647649,Zona de Barretos,6494,VIRADOURO,1,Viradouro,False,222
51,São Paulo,650653,Zona do Rio Prêto,6500,ADOLFO,1,Adolfo,False,222
51,São Paulo,650653,Zona do Rio Prêto,6501,ÁLVARES FLORENCE,1,Álvares Florence,False,223
51,São Paulo,650653,Zona do Rio Prêto,6502,AMÉRICO DE CAMPOS,1,Américo de Campos,False,223
51,São Paulo,650653,Zona do Rio Prêto,6502,AMÉRICO DE CAMPOS,3,Pontes Gestal,False,223
51,São Paulo,650653,Zona do Rio Prêto,6503,AURIFLAMA,1,Auriflama,False,223
51,São Paulo,650653,Zona do Rio Prêto,6503,AURIFLAMA,3,Guzolândia,False,223
51,São Paulo,650653,Zona do Rio Prêto,6504,BÁLSAMO,1,Bálsamo,False,223
51,São Paulo,650653,Zona do Rio Prêto,6505,BORBOLETA,1,Borboleta,False,223
51,São Paulo,650653,Zona do Rio Prêto,6506,BURITAMA,1,Buritama,False,223
51,São Paulo,650653,Zona do Rio Prêto,6507,CARDOSO,1,Cardoso,False,223
51,São Paulo,650653,Zona do Rio Prêto,6507,CARDOSO,3,Mira Estrêla,False,223
51,São Paulo,650653,Zona do Rio Prêto,6508,CEDRAL,1,Cedral,False,223
51,São Paulo,650653,Zona do Rio Prêto,6509,COSMORAMA,1,Cosmorama,False,223
51,São Paulo,650653,Zona do Rio Prêto,6510,FLOREAL,1,Floreal,False,223
51,São Paulo,650653,Zona do Rio Prêto,6511,GASTÃO VIDIGAL,1,Gastão Vidigal,False,223
51,São Paulo,650653,Zona do Rio Prêto,6511,GASTÃO VIDIGAL,3,Nova Luzitânia,False,223
51,São Paulo,650653,Zona do Rio Prêto,6512,GENERAL SALGADO,1,General Salgado,False,223
51,São Paulo,650653,Zona do Rio Prêto,6512,GENERAL SALGADO,3,Jupiúba,False,223
51,São Paulo,650653,Zona do Rio Prêto,6512,GENERAL SALGADO,5,São João de Iracema,False,223
51,São Paulo,650653,Zona do Rio Prêto,6513,GUAPIAÇU,1,Guapiaçu,False,223
51,São Paulo,650653,Zona do Rio Prêto,6514,JACI,1,Jaci,False,223
51,São Paulo,650653,Zona do Rio Prêto,6515,JOSÉ BONIFÁCIO,1,José Bonifácio,False,224
51,São Paulo,650653,Zona do Rio Prêto,6515,JOSÉ BONIFÁCIO,3,Salto do Avanhandava,False,224
51,São Paulo,650653,Zona do Rio Prêto,6515,JOSÉ BONIFÁCIO,5,Ubarana,False,224
51,São Paulo,650653,Zona do Rio Prêto,6516,MACAUBAL,1,Macaubal,False,224
51,São Paulo,650653,Zona do Rio Prêto,6516,MACAUBAL,3,Monções,False,224
51,São Paulo,650653,Zona do Rio Prêto,6517,MAGDA,1,Magda,False,224
51,São Paulo,650653,Zona do Rio Prêto,6518,MENDONÇA,1,Mendonça,False,224
51,São Paulo,650653,Zona do Rio Prêto,6519,MIRASSOL,1,Mirassol,False,224
51,São Paulo,650653,Zona do Rio Prêto,6519,MIRASSOL,3,Ruilândia,False,224
51,São Paulo,650653,Zona do Rio Prêto,6520,MIRASSOLÂNDIA,1,Mirassolândia,False,224
51,São Paulo,650653,Zona do Rio Prêto,6521,MONTE APRAZÍVEL,1,Monte Aprazível,False,224
51,São Paulo,650653,Zona do Rio Prêto,6521,MONTE APRAZÍVEL,3,Engenheiro Balduíno,False,224
51,São Paulo,650653,Zona do Rio Prêto,6521,MONTE APRAZÍVEL,5,Itaiúba,False,224
51,São Paulo,650653,Zona do Rio Prêto,6521,MONTE APRAZÍVEL,7,Junqueira,False,224
51,São Paulo,650653,Zona do Rio Prêto,6521,MONTE APRAZÍVEL,9,Sebastianópolis do Sul,False,224
51,São Paulo,650653,Zona do Rio Prêto,6521,MONTE APRAZÍVEL,11,União,False,224
51,São Paulo,650653,Zona do Rio Prêto,6522,NEVES PAULISTA,1,Neves Paulista,False,224
51,São Paulo,650653,Zona do Rio Prêto,6522,NEVES PAULISTA,3,Barra Dourada,False,224
51,São Paulo,650653,Zona do Rio Prêto,6522,NEVES PAULISTA,5,Miraluz,False,224
51,São Paulo,650653,Zona do Rio Prêto,6523,NHANDEARA,1,Nhandeara,False,224
51,São Paulo,650653,Zona do Rio Prêto,6524,NIPOÃ,1,Nipoã,False,224
51,São Paulo,650653,Zona do Rio Prêto,6525,NOVA ALIANÇA,1,Nova Aliança,False,224
51,São Paulo,650653,Zona do Rio Prêto,6525,NOVA ALIANÇA,3,Nova Itapirema,False,224
51,São Paulo,650653,Zona do Rio Prêto,6526,PLANALTO,1,Planalto,False,225
51,São Paulo,650653,Zona do Rio Prêto,6526,PLANALTO,3,Zacarias,False,225
51,São Paulo,650653,Zona do Rio Prêto,6527,POLONI,1,Poloni,False,225
51,São Paulo,650653,Zona do Rio Prêto,6528,POTIRENDABA,1,Potirendaba,False,225
51,São Paulo,650653,Zona do Rio Prêto,6529,SÃO JOSÉ DO RIO PRÊTO,1,São José do Rio Prêto,False,225
51,São Paulo,650653,Zona do Rio Prêto,6529,SÃO JOSÉ DO RIO PRÊTO,3,Engenheiro Schmidt,False,225
51,São Paulo,650653,Zona do Rio Prêto,6529,SÃO JOSÉ DO RIO PRÊTO,5,Ipiguá,False,225
51,São Paulo,650653,Zona do Rio Prêto,6529,SÃO JOSÉ DO RIO PRÊTO,7,Talhado,False,225
51,São Paulo,650653,Zona do Rio Prêto,6530,TANABI,1,Tanabi,False,225
51,São Paulo,650653,Zona do Rio Prêto,6530,TANABI,3,Ibiporanga,False,225
51,São Paulo,650653,Zona do Rio Prêto,6531,TURIÚBA,1,Turiúba,False,225
51,São Paulo,650653,Zona do Rio Prêto,6531,TURIÚBA,3,Lourdes,False,225
51,São Paulo,650653,Zona do Rio Prêto,6532,VALENTIM GENTIL,1,Valentim Gentil,False,225
51,São Paulo,650653,Zona do Rio Prêto,6533,VOTUPORANGA,1,Votuporanga,False,225
51,São Paulo,650653,Zona do Rio Prêto,6533,VOTUPORANGA,3,Parisi,False,225
51,São Paulo,650653,Zona do Rio Prêto,6533,VOTUPORANGA,5,Simonsen,False,225
51,São Paulo,654656,Zona de Catanduva,6540,ARIRANHA,1,Ariranha,False,225
51,São Paulo,654656,Zona de Catanduva,6540,ARIRANHA,3,Palmares Paulista,False,225
51,São Paulo,654656,Zona de Catanduva,6541,BARIRI,1,Bariri,False,225
51,São Paulo,654656,Zona de Catanduva,6542,BOA ESPERANÇA DO SUL,1,Boa Esperança do Sul,False,225
51,São Paulo,654656,Zona de Catanduva,6542,BOA ESPERANÇA DO SUL,3,Trabiju,False,225
51,São Paulo,654656,Zona de Catanduva,6543,BOCAINA,1,Bocaina,False,226
51,São Paulo,654656,Zona de Catanduva,6544,BORBOREMA,1,Borborema,False,226
51,São Paulo,654656,Zona de Catanduva,6545,CATANDUVA,1,Catanduva,False,226
51,São Paulo,654656,Zona de Catanduva,6545,CATANDUVA,3,Elisiário,False,226
51,São Paulo,654656,Zona de Catanduva,6546,CATIGUÁ,1,Catiguá,False,226
51,São Paulo,654656,Zona de Catanduva,6547,FERNANDO PRESTES,1,Fernando Prestes,False,226
51,São Paulo,654656,Zona de Catanduva,6547,FERNANDO PRESTES,3,Agulha,False,226
51,São Paulo,654656,Zona de Catanduva,6548,IBIRÁ,1,Ibirá,False,226
51,São Paulo,654656,Zona de Catanduva,6549,IBITINGA,1,Ibitinga,False,226
51,São Paulo,654656,Zona de Catanduva,6549,IBITINGA,3,Cambaratiba,False,226
51,São Paulo,654656,Zona de Catanduva,6550,IRAPUÃ,1,Irapuã,False,226
51,São Paulo,654656,Zona de Catanduva,6551,ITAJOBI,1,Itajobi,False,226
51,São Paulo,654656,Zona de Catanduva,6551,ITAJOBI,3,Marapoama,False,226
51,São Paulo,654656,Zona de Catanduva,6552,ITAJU,1,Itaju,False,226
51,São Paulo,654656,Zona de Catanduva,6553,ITÁPOLIS,1,Itápolis,False,226
51,São Paulo,654656,Zona de Catanduva,6553,ITÁPOLIS,3,Nova América,False,226
51,São Paulo,654656,Zona de Catanduva,6554,NOVA EUROPA,1,Nova Europa,False,226
51,São Paulo,654656,Zona de Catanduva,6555,NÔVO HORIZONTE,1,Nôvo Horizonte,False,226
51,São Paulo,654656,Zona de Catanduva,6555,NÔVO HORIZONTE,3,Vale Formoso,False,226
51,São Paulo,654656,Zona de Catanduva,6556,PINDORAMA,1,Pindorama,False,227
51,São Paulo,654656,Zona de Catanduva,6556,PINDORAMA,3,Roberto,False,227
51,São Paulo,654656,Zona de Catanduva,6557,SALES,1,Sales,False,227
51,São Paulo,654656,Zona de Catanduva,6558,SANTA ADÉLIA,1,Santa Adélia,False,227
51,São Paulo,654656,Zona de Catanduva,6558,SANTA ADÉLIA,3,Botelho,False,227
51,São Paulo,654656,Zona de Catanduva,6558,SANTA ADÉLIA,5,Ururaí,False,227
51,São Paulo,654656,Zona de Catanduva,6559,TABAPUÃ,1,Tabapuã,False,227
51,São Paulo,654656,Zona de Catanduva,6559,TABAPUÃ,3,Novais,False,227
51,São Paulo,654656,Zona de Catanduva,6560,TABATINGA,1,Tabatinga,False,227
51,São Paulo,654656,Zona de Catanduva,6560,TABATINGA,3,Curupá,False,227
51,São Paulo,654656,Zona de Catanduva,6561,UCHOA,1,Uchoa,False,227
51,São Paulo,654656,Zona de Catanduva,6562,URUPÊS,1,Urupês,False,227
51,São Paulo,654656,Zona de Catanduva,6562,URUPÊS,3,São João de Itaguaçu,False,227
51,São Paulo,660662,Zona de Bauru,6600,ALTO ALEGRE,1,Alto Alegre,False,227
51,São Paulo,660662,Zona de Bauru,6600,ALTO ALEGRE,3,Jatobá,False,227
51,São Paulo,660662,Zona de Bauru,6600,ALTO ALEGRE,5,São Martinho d&#x27;Oeste,False,227
51,São Paulo,660662,Zona de Bauru,6601,AREALVA,1,Arealva,False,227
51,São Paulo,660662,Zona de Bauru,6601,AREALVA,3,Jacuba,False,227
51,São Paulo,660662,Zona de Bauru,6602,AVAÍ,1,Avaí,False,227
51,São Paulo,660662,Zona de Bauru,6602,AVAÍ,3,Nogueira,False,227
51,São Paulo,660662,Zona de Bauru,6603,AVANHANDAVA,1,Avanhandava,False,227
51,São Paulo,660662,Zona de Bauru,6604,BALBINOS,1,Balbinos,False,228
51,São Paulo,660662,Zona de Bauru,6605,BARBOSA,1,Barbosa,False,228
51,São Paulo,660662,Zona de Bauru,6606,BAURU,1,Bauru,False,228
51,São Paulo,660662,Zona de Bauru,6606,BAURU,3,Tibiriçá,False,228
51,São Paulo,660662,Zona de Bauru,6607,CABRÁLIA PAULISTA,1,Cabrália Paulista,False,228
51,São Paulo,660662,Zona de Bauru,6608,CAFELÂNDIA,1,Cafelândia,False,228
51,São Paulo,660662,Zona de Bauru,6608,CAFELÂNDIA,3,Bacuriti,False,228
51,São Paulo,660662,Zona de Bauru,6608,CAFELÂNDIA,5,Cafesópolis,False,228
51,São Paulo,660662,Zona de Bauru,6608,CAFELÂNDIA,7,Simões,False,228
51,São Paulo,660662,Zona de Bauru,6609,DUARTINA,1,Duartina,False,228
51,São Paulo,660662,Zona de Bauru,6610,GUAIÇARA,1,Guaiçara,False,228
51,São Paulo,660662,Zona de Bauru,6611,GUARANTÃ,1,Guarantã,False,228
51,São Paulo,660662,Zona de Bauru,6612,IACANGA,1,Iacanga,False,228
51,São Paulo,660662,Zona de Bauru,6613,LINS,1,Lins,False,228
51,São Paulo,660662,Zona de Bauru,6613,LINS,3,Guapiranga,False,228
51,São Paulo,660662,Zona de Bauru,6614,LUCIANÓPOLIS,1,Lucianópolis,False,228
51,São Paulo,660662,Zona de Bauru,6615,PENÁPOLIS,1,Penápolis,False,228
51,São Paulo,660662,Zona de Bauru,6616,PIRAJUÍ,1,Pirajuí,False,228
51,São Paulo,660662,Zona de Bauru,6616,PIRAJUÍ,3,Corredeira,False,228
51,São Paulo,660662,Zona de Bauru,6616,PIRAJUÍ,5,Pradínia,False,228
51,São Paulo,660662,Zona de Bauru,6616,PIRAJUÍ,7,Santo Antônio da Estiva,False,228
51,São Paulo,660662,Zona de Bauru,6617,PIRATININGA,1,Piratininga,False,229
51,São Paulo,660662,Zona de Bauru,6618,PONGAÍ,1,Pongaí,False,229
51,São Paulo,660662,Zona de Bauru,6619,PRESIDENTE ALVES,1,Presidente Alves,False,229
51,São Paulo,660662,Zona de Bauru,6619,PRESIDENTE ALVES,3,Guaricanga,False,229
51,São Paulo,660662,Zona de Bauru,6620,PROMISSÃO,1,Promissão,False,229
51,São Paulo,660662,Zona de Bauru,6620,PROMISSÃO,3,Santa Maria do Gurupá,False,229
51,São Paulo,660662,Zona de Bauru,6621,REGINÓPOLIS,1,Reginópolis,False,229
51,São Paulo,660662,Zona de Bauru,6622,SABINO,1,Sabino,False,229
51,São Paulo,660662,Zona de Bauru,6623,URU,1,Uru,False,229
51,São Paulo,657658,Zona de Araçatuba,6570,ARAÇATUBA,1,Araçatuba,False,229
51,São Paulo,657658,Zona de Araçatuba,6570,ARAÇATUBA,3,Major Prado,False,229
51,São Paulo,657658,Zona de Araçatuba,6571,BENTO DE ABREU,1,Bento de Abreu,False,229
51,São Paulo,657658,Zona de Araçatuba,6572,BILAC,1,Bilac,False,229
51,São Paulo,657658,Zona de Araçatuba,6573,BIRIGUI,1,Birigui,False,229
51,São Paulo,657658,Zona de Araçatuba,6574,BRAÚNA,1,Braúna,False,229
51,São Paulo,657658,Zona de Araçatuba,6575,CLEMENTINA,1,Clementina,False,229
51,São Paulo,657658,Zona de Araçatuba,6575,CLEMENTINA,3,Lauro Penteado,False,229
51,São Paulo,657658,Zona de Araçatuba,6576,COROADOS,1,Coroados,False,229
51,São Paulo,657658,Zona de Araçatuba,6576,COROADOS,3,Brejo Alegre,False,229
51,São Paulo,657658,Zona de Araçatuba,6577,GABRIEL MONTEIRO,1,Gabriel Monteiro,False,230
51,São Paulo,657658,Zona de Araçatuba,6578,GLICÉRIO,1,Glicério,False,230
51,São Paulo,657658,Zona de Araçatuba,6578,GLICÉRIO,3,Juritis,False,230
51,São Paulo,657658,Zona de Araçatuba,6579,GUARAÇAÍ,1,Guaraçaí,False,230
51,São Paulo,657658,Zona de Araçatuba,6580,GUARARAPES,1,Guararapes,False,230
51,São Paulo,657658,Zona de Araçatuba,6580,GUARARAPES,3,Ribeiro do Vale,False,230
51,São Paulo,657658,Zona de Araçatuba,6581,LAVÍNIA,1,Lavínia,False,230
51,São Paulo,657658,Zona de Araçatuba,6581,LAVÍNIA,3,Tabajara,False,230
51,São Paulo,657658,Zona de Araçatuba,6582,LUISIÂNIA,1,Luisiânia,False,230
51,São Paulo,657658,Zona de Araçatuba,6583,MIRANDÓPOLIS,1,Mirandópolis,False,230
51,São Paulo,657658,Zona de Araçatuba,6583,MIRANDÓPOLIS,3,Amandaba,False,230
51,São Paulo,657658,Zona de Araçatuba,6583,MIRANDÓPOLIS,5,Roteiro,False,230
51,São Paulo,657658,Zona de Araçatuba,6584,PIACATU,1,Piacatu,False,230
51,São Paulo,657658,Zona de Araçatuba,6585,RUBIÁCEA,1,Rubiácea,False,230
51,São Paulo,657658,Zona de Araçatuba,6586,SANTÓPOLIS DO AGUAPEÍ,1,Santópolis do Aguapeí,False,230
51,São Paulo,657658,Zona de Araçatuba,6587,VALPARAÍSO,1,Valparaíso,False,230
51,São Paulo,663666,Zona de Marília,6630,ADAMANTINA,1,Adamantina,False,230
51,São Paulo,663666,Zona de Marília,6631,ÁLVARO DE CARVALHO,1,Álvaro de Carvalho,False,230
51,São Paulo,663666,Zona de Marília,6659,ALVINLÂNDIA,1,Alvinlândia,False,231
51,São Paulo,663666,Zona de Marília,6632,BASTOS,1,Bastos,False,231
51,São Paulo,663666,Zona de Marília,6633,FLORA RICA,1,Flora Rica,False,231
51,São Paulo,663666,Zona de Marília,6634,FLÓRIDA PAULISTA,1,Flórida Paulista,False,231
51,São Paulo,663666,Zona de Marília,6634,FLÓRIDA PAULISTA,3,Atlântica,False,231
51,São Paulo,663666,Zona de Marília,6634,FLÓRIDA PAULISTA,5,Indaiá do Aguapeí,False,231
51,São Paulo,663666,Zona de Marília,6635,GÁLIA,1,Gália,False,231
51,São Paulo,663666,Zona de Marília,6635,GÁLIA,3,Fernão,False,231
51,São Paulo,663666,Zona de Marília,6636,GARÇA,1,Garça,False,231
51,São Paulo,663666,Zona de Marília,6636,GARÇA,3,Jafa,False,231
51,São Paulo,663666,Zona de Marília,6637,GETULINA,1,Getulina,False,231
51,São Paulo,663666,Zona de Marília,6637,GETULINA,3,Macucos,False,231
51,São Paulo,663666,Zona de Marília,6637,GETULINA,5,Santa América,False,231
51,São Paulo,663666,Zona de Marília,6638,GUAIMBÊ,1,Guaimbê,False,231
51,São Paulo,663666,Zona de Marília,6638,GUAIMBÊ,3,Fátima,False,231
51,São Paulo,663666,Zona de Marília,6639,HERCULÂNDIA,1,Herculândia,False,231
51,São Paulo,663666,Zona de Marília,6639,HERCULÂNDIA,3,Juliânia,False,231
51,São Paulo,663666,Zona de Marília,6660,IACRI,1,Iacri,False,231
51,São Paulo,663666,Zona de Marília,6660,IACRI,3,Anápolis,False,231
51,São Paulo,663666,Zona de Marília,6640,INÚBIA PAULISTA,1,Inúbia Paulista,False,231
51,São Paulo,663666,Zona de Marília,6641,IRAPURU,1,Irapuru,False,231
51,São Paulo,663666,Zona de Marília,6642,JÚLIO MESQUITA,1,Júlio Mesquita,False,232
51,São Paulo,663666,Zona de Marília,6643,JUNQUEIRÓPOLIS,1,Junqueirópolis,False,232
51,São Paulo,663666,Zona de Marília,6644,LUCÉLIA,1,Lucélia,False,232
51,São Paulo,663666,Zona de Marília,6644,LUCÉLIA,3,Pracinha,False,232
51,São Paulo,663666,Zona de Marília,6645,LUPÉRCIO,1,Lupércio,False,232
51,São Paulo,663666,Zona de Marília,6646,MARIÁPOLIS,1,Mariápolis,False,232
51,São Paulo,663666,Zona de Marília,6646,MARIÁPOLIS,3,Mourão,False,232
51,São Paulo,663666,Zona de Marília,6647,MARÍLIA,1,Marília,False,232
51,São Paulo,663666,Zona de Marília,6647,MARÍLIA,3,Amadeu Amaral,False,232
51,São Paulo,663666,Zona de Marília,6647,MARÍLIA,5,Avencas,False,232
51,São Paulo,663666,Zona de Marília,6647,MARÍLIA,7,Dirceu,False,232
51,São Paulo,663666,Zona de Marília,6647,MARÍLIA,9,Lácio,False,232
51,São Paulo,663666,Zona de Marília,6647,MARÍLIA,11,Padre Nóbrega,False,232
51,São Paulo,663666,Zona de Marília,6647,MARÍLIA,13,Rosália,False,232
51,São Paulo,663666,Zona de Marília,6648,OCAUÇU,1,Ocauçu,False,232
51,São Paulo,663666,Zona de Marília,6649,ORIENTE,1,Oriente,False,232
51,São Paulo,663666,Zona de Marília,6650,OSVALDO CRUZ,1,Osvaldo Cruz,False,232
51,São Paulo,663666,Zona de Marília,6650,OSVALDO CRUZ,3,Lagoa Azul,False,232
51,São Paulo,663666,Zona de Marília,6651,PACAEMBU,1,Pacaembu,False,232
51,São Paulo,663666,Zona de Marília,6652,PARAPUÃ,1,Parapuã,False,232
51,São Paulo,663666,Zona de Marília,6653,POMPÉIA,1,Pompéia,False,232
51,São Paulo,663666,Zona de Marília,6653,POMPÉIA,3,Nôvo Cravinhos,False,232
51,São Paulo,663666,Zona de Marília,6653,POMPÉIA,5,Paulópolis,False,233
51,São Paulo,663666,Zona de Marília,6653,POMPÉIA,7,Queirós,False,233
51,São Paulo,663666,Zona de Marília,6654,QUINTANA,1,Quintana,False,233
51,São Paulo,663666,Zona de Marília,6655,RINÓPOLIS,1,Rinópolis,False,233
51,São Paulo,663666,Zona de Marília,6688,SAGRES,1,Sagres,False,233
51,São Paulo,663666,Zona de Marília,6656,SALMORÃO,1,Salmorão,False,233
51,São Paulo,663666,Zona de Marília,6657,TUPÃ,1,Tupã,False,233
51,São Paulo,663666,Zona de Marília,6657,TUPÃ,3,Arco-Íris,False,233
51,São Paulo,663666,Zona de Marília,6657,TUPÃ,7,Parnaso,False,233
51,São Paulo,663666,Zona de Marília,6657,TUPÃ,9,Universo,False,233
51,São Paulo,663666,Zona de Marília,6657,TUPÃ,5,Varpa,False,233
51,São Paulo,663666,Zona de Marília,6658,VERA CRUZ,1,Vera Cruz,False,233
51,São Paulo,667669,Zona de Assis,6670,ASSIS,1,Assis,False,233
51,São Paulo,667669,Zona de Assis,6670,ASSIS,3,Tarumã,False,233
51,São Paulo,667669,Zona de Assis,6671,CAMPOS NOVOS PAULISTA,1,Campos Novos Paulista,False,233
51,São Paulo,667669,Zona de Assis,6672,CÂNDIDO MOTA,1,Cândido Mota,False,233
51,São Paulo,667669,Zona de Assis,6673,ECHAPORÃ,1,Echaporã,False,233
51,São Paulo,667669,Zona de Assis,6674,FLORÍNEA,1,Florínea,False,233
51,São Paulo,667669,Zona de Assis,6676,IBIRAREMA,1,Ibirarema,False,233
51,São Paulo,667669,Zona de Assis,6677,IEPÊ,1,Iepê,False,234
51,São Paulo,667669,Zona de Assis,6677,IEPÊ,3,Nantes,False,234
51,São Paulo,667669,Zona de Assis,6678,JOÃO RAMALHO,1,João Ramalho,False,234
51,São Paulo,667669,Zona de Assis,6679,LUTÉCIA,1,Lutécia,False,234
51,São Paulo,667669,Zona de Assis,6680,MARACAÍ,1,Maracaí,False,234
51,São Paulo,667669,Zona de Assis,6680,MARACAÍ,3,Cruzália,False,234
51,São Paulo,667669,Zona de Assis,6680,MARACAÍ,5,São José das Laranjeiras,False,234
51,São Paulo,667669,Zona de Assis,6681,OSCAR BRESSANE,1,Oscar Bressane,False,234
51,São Paulo,667669,Zona de Assis,6682,OURINHOS,1,Ourinhos,False,234
51,São Paulo,667669,Zona de Assis,6683,PALMITAL,1,Palmital,False,234
51,São Paulo,667669,Zona de Assis,6683,PALMITAL,3,Sussuí,False,234
51,São Paulo,667669,Zona de Assis,6684,PARAGUAÇU PAULISTA,1,Paraguaçu Paulista,False,234
51,São Paulo,667669,Zona de Assis,6684,PARAGUAÇU PAULISTA,3,Borá,False,234
51,São Paulo,667669,Zona de Assis,6684,PARAGUAÇU PAULISTA,5,Conceição de Monte Alegre,False,234
51,São Paulo,667669,Zona de Assis,6684,PARAGUAÇU PAULISTA,7,Sapezal,False,234
51,São Paulo,667669,Zona de Assis,6685,PLATINA,1,Platina,False,234
51,São Paulo,667669,Zona de Assis,6686,QUATÁ,1,Quatá,False,234
51,São Paulo,667669,Zona de Assis,6687,RANCHARIA,1,Rancharia,False,234
51,São Paulo,667669,Zona de Assis,6687,RANCHARIA,3,Agissê,False,234
51,São Paulo,667669,Zona de Assis,6687,RANCHARIA,5,Gardênia,False,234
51,São Paulo,667669,Zona de Assis,6689,SALTO GRANDE,1,Salto Grande,False,234
51,São Paulo,667669,Zona de Assis,6689,SALTO GRANDE,3,Ribeirão dos Pintos,False,234
51,São Paulo,667669,Zona de Assis,6690,SANTA CRUZ DO RIO PARDO,1,Santa Cruz do Rio Pardo,False,235
51,São Paulo,667669,Zona de Assis,6690,SANTA CRUZ DO RIO PARDO,3,Caporanga,False,235
51,São Paulo,667669,Zona de Assis,6690,SANTA CRUZ DO RIO PARDO,5,Clarínia,False,235
51,São Paulo,667669,Zona de Assis,6690,SANTA CRUZ DO RIO PARDO,7,Espírito Santo do Turvo,False,235
51,São Paulo,667669,Zona de Assis,6690,SANTA CRUZ DO RIO PARDO,9,Sodrélia,False,235
51,São Paulo,667669,Zona de Assis,6691,SÃO PEDRO DO TURVO,1,São Pedro do Turvo,False,235
51,São Paulo,667669,Zona de Assis,6692,UBIRAJARA,1,Ubirajara,False,235
51,São Paulo,670671,Zona de Presidente Prudente,6700,ALFREDO MARCONDES,1,Alfredo Marcondes,False,235
51,São Paulo,670671,Zona de Presidente Prudente,6701,ÁLVARES MACHADO,1,Álvares Machado,False,235
51,São Paulo,670671,Zona de Presidente Prudente,6701,ÁLVARES MACHADO,3,Coronel Goulart,False,235
51,São Paulo,670671,Zona de Presidente Prudente,6702,ANHUMAS,1,Anhumas,False,235
51,São Paulo,670671,Zona de Presidente Prudente,6703,CAIABU,1,Caiabu,False,235
51,São Paulo,670671,Zona de Presidente Prudente,6703,CAIABU,3,Esperança d&#x27;Oeste,False,235
51,São Paulo,670671,Zona de Presidente Prudente,6703,CAIABU,5,Iubatinga,False,235
51,São Paulo,670671,Zona de Presidente Prudente,6704,INDIANA,1,Indiana,False,235
51,São Paulo,670671,Zona de Presidente Prudente,6705,MARTINÓPOLIS,1,Martinópolis,False,235
51,São Paulo,670671,Zona de Presidente Prudente,6705,MARTINÓPOLIS,3,Guachos,False,235
51,São Paulo,670671,Zona de Presidente Prudente,6705,MARTINÓPOLIS,5,Teçaindá,False,235
51,São Paulo,670671,Zona de Presidente Prudente,6706,MIRANTE DO PARANAPANEMA,1,Mirante do Paranapanema,False,235
51,São Paulo,670671,Zona de Presidente Prudente,6706,MIRANTE DO PARANAPANEMA,3,Costa Machado,False,235
51,São Paulo,670671,Zona de Presidente Prudente,6706,MIRANTE DO PARANAPANEMA,5,Cuiabá Paulista,False,235
51,São Paulo,670671,Zona de Presidente Prudente,6707,PIQUEROBI,1,Piquerobi,False,235
51,São Paulo,670671,Zona de Presidente Prudente,6708,PIRAPÒZINHO,1,Pirapòzinho,False,236
51,São Paulo,670671,Zona de Presidente Prudente,6708,PIRAPÒZINHO,3,Estrêla do Norte,False,236
51,São Paulo,670671,Zona de Presidente Prudente,6708,PIRAPÒZINHO,5,Itororó do Paranapanema,False,236
51,São Paulo,670671,Zona de Presidente Prudente,6708,PIRAPÒZINHO,7,Narandiba,False,236
51,São Paulo,670671,Zona de Presidente Prudente,6709,PRESIDENTE BERNARDES,1,Presidente Bernardes,False,236
51,São Paulo,670671,Zona de Presidente Prudente,6709,PRESIDENTE BERNARDES,3,Araxás,False,236
51,São Paulo,670671,Zona de Presidente Prudente,6709,PRESIDENTE BERNARDES,5,Emilianópolis,False,236
51,São Paulo,670671,Zona de Presidente Prudente,6709,PRESIDENTE BERNARDES,7,Nova Pátria,False,236
51,São Paulo,670671,Zona de Presidente Prudente,6710,PRESIDENTE PRUDENTE,1,Presidente Prudente,False,236
51,São Paulo,670671,Zona de Presidente Prudente,6710,PRESIDENTE PRUDENTE,3,Ameliópolis,False,236
51,São Paulo,670671,Zona de Presidente Prudente,6710,PRESIDENTE PRUDENTE,5,Eneida,False,236
51,São Paulo,670671,Zona de Presidente Prudente,6710,PRESIDENTE PRUDENTE,7,Floresta do Sul,False,236
51,São Paulo,670671,Zona de Presidente Prudente,6710,PRESIDENTE PRUDENTE,9,Montalvão,False,236
51,São Paulo,670671,Zona de Presidente Prudente,6711,REGENTE FEIJÓ,1,Regente Feijó,False,236
51,São Paulo,670671,Zona de Presidente Prudente,6711,REGENTE FEIJÓ,3,Espigão,False,236
51,São Paulo,670671,Zona de Presidente Prudente,6712,SANDOVALINA,1,Sandovalina,False,236
51,São Paulo,670671,Zona de Presidente Prudente,6713,SANTO ANASTÁCIO,1,Santo Anastácio,False,236
51,São Paulo,670671,Zona de Presidente Prudente,6713,SANTO ANASTÁCIO,3,Ribeirão dos Índios,False,236
51,São Paulo,670671,Zona de Presidente Prudente,6714,SANTO EXPEDITO,1,Santo Expedito,False,236
51,São Paulo,670671,Zona de Presidente Prudente,6715,TACIBA,1,Taciba,False,236
51,São Paulo,670671,Zona de Presidente Prudente,6716,TARABAI,1,Tarabai,False,236
51,São Paulo,672673,Zona de Pereira Barreto,6720,DOLCINÓPOLIS,1,Dolcinópolis,False,236
51,São Paulo,672673,Zona de Pereira Barreto,6720,DOLCINÓPOLIS,3,Paranapuã,False,236
51,São Paulo,672673,Zona de Pereira Barreto,6721,ESTRÊLA D&#x27;OESTE,1,Estrêla d&#x27;Oeste,False,237
51,São Paulo,672673,Zona de Pereira Barreto,6721,ESTRÊLA D&#x27;OESTE,3,São João das Duas Pontes,False,237
51,São Paulo,672673,Zona de Pereira Barreto,6721,ESTRÊLA D&#x27;OESTE,5,Turmalina,False,237
51,São Paulo,672673,Zona de Pereira Barreto,6722,FERNANDÓPOLIS,1,Fernandópolis,False,237
51,São Paulo,672673,Zona de Pereira Barreto,6722,FERNANDÓPOLIS,3,Brasitânia,False,237
51,São Paulo,672673,Zona de Pereira Barreto,6722,FERNANDÓPOLIS,5,Macedônia,False,237
51,São Paulo,672673,Zona de Pereira Barreto,6722,FERNANDÓPOLIS,7,Pedranópolis,False,237
51,São Paulo,672673,Zona de Pereira Barreto,6723,GUARANI D&#x27;OESTE,1,Guarani d&#x27;Oeste,False,237
51,São Paulo,672673,Zona de Pereira Barreto,6724,INDIAPORÃ,1,Indiaporã,False,237
51,São Paulo,672673,Zona de Pereira Barreto,6725,JALES,1,Jales,False,237
51,São Paulo,672673,Zona de Pereira Barreto,6725,JALES,3,Pontalinda,False,237
51,São Paulo,672673,Zona de Pereira Barreto,6725,JALES,5,São Francisco,False,237
51,São Paulo,672673,Zona de Pereira Barreto,6725,JALES,7,Vitória Brasil,False,237
51,São Paulo,672673,Zona de Pereira Barreto,6726,MERIDIANO,1,Meridiano,False,237
51,São Paulo,672673,Zona de Pereira Barreto,6727,PALMEIRA D&#x27;OESTE,1,Palmeira d&#x27;Oeste,False,237
51,São Paulo,672673,Zona de Pereira Barreto,6728,PEREIRA BARRETO,1,Pereira Barreto,False,237
51,São Paulo,672673,Zona de Pereira Barreto,6728,PEREIRA BARRETO,3,Aparecida d&#x27;Oeste,False,237
51,São Paulo,672673,Zona de Pereira Barreto,6728,PEREIRA BARRETO,5,Bela Floresta,False,237
51,São Paulo,672673,Zona de Pereira Barreto,6728,PEREIRA BARRETO,7,Itapura,False,237
51,São Paulo,672673,Zona de Pereira Barreto,6728,PEREIRA BARRETO,9,Marinópolis,False,237
51,São Paulo,672673,Zona de Pereira Barreto,6729,POPULINA,1,Populina,False,237
51,São Paulo,672673,Zona de Pereira Barreto,6730,SANTA FÉ DO SUL,1,Santa Fé do Sul,False,237
51,São Paulo,672673,Zona de Pereira Barreto,6730,SANTA FÉ DO SUL,3,Rubinéia,False,237
51,São Paulo,672673,Zona de Pereira Barreto,6730,SANTA FÉ DO SUL,5,Santa Clara d&#x27;Oeste,False,237
51,São Paulo,672673,Zona de Pereira Barreto,6730,SANTA FÉ DO SUL,7,Santa Rita d&#x27;Oeste,False,238
51,São Paulo,672673,Zona de Pereira Barreto,6730,SANTA FÉ DO SUL,9,Santana da Ponte Pensa,False,238
51,São Paulo,672673,Zona de Pereira Barreto,6731,SANTA ALBERTINA,1,Santa Albertina,False,238
51,São Paulo,672673,Zona de Pereira Barreto,6732,SUD MENUCCI,1,Sud Menucci,False,238
51,São Paulo,672673,Zona de Pereira Barreto,6733,TRÊS FRONTEIRAS,1,Três Fronteiras,False,238
51,São Paulo,672673,Zona de Pereira Barreto,6734,URÂNIA,1,Urânia,False,238
51,São Paulo,674675,Zona de Andradina,6740,ANDRADINA,1,Andradina,False,238
51,São Paulo,674675,Zona de Andradina,6740,ANDRADINA,3,Nova Independência,False,238
51,São Paulo,674675,Zona de Andradina,6741,CASTILHO,1,Castilho,False,238
51,São Paulo,674675,Zona de Andradina,6742,DRACENA,1,Dracena,False,238
51,São Paulo,674675,Zona de Andradina,6742,DRACENA,3,Jaciporã,False,238
51,São Paulo,674675,Zona de Andradina,6742,DRACENA,5,Jamaica,False,238
51,São Paulo,674675,Zona de Andradina,6743,MONTE CASTELO,1,Monte Castelo,False,238
51,São Paulo,674675,Zona de Andradina,6744,MURUTINGA DO SUL,1,Murutinga do Sul,False,238
51,São Paulo,674675,Zona de Andradina,6745,NOVA GUATAPORANGA,1,Nova Guataporanga,False,238
51,São Paulo,674675,Zona de Andradina,6746,OURO VERDE,1,Ouro Verde,False,238
51,São Paulo,674675,Zona de Andradina,6746,OURO VERDE,3,Arabela,False,238
51,São Paulo,674675,Zona de Andradina,6747,PANORAMA,1,Panorama,False,238
51,São Paulo,674675,Zona de Andradina,6748,PAULICÉIA,1,Paulicéia,False,238
51,São Paulo,674675,Zona de Andradina,6749,SANTA MERCEDES,1,Santa Mercedes,False,239
51,São Paulo,674675,Zona de Andradina,6749,SANTA MERCEDES,3,Terra Nova d&#x27;Oeste,False,239
51,São Paulo,674675,Zona de Andradina,6750,SÃO JOÃO DE PAU D&#x27;ALHO,1,São João de Pau d&#x27;Alho,False,239
51,São Paulo,674675,Zona de Andradina,6751,TUPI PAULISTA,1,Tupi Paulista,False,239
51,São Paulo,674675,Zona de Andradina,6751,TUPI PAULISTA,3,Guaraciaba d&#x27;Oeste,False,239
51,São Paulo,674675,Zona de Andradina,6751,TUPI PAULISTA,5,Oasis,False,239
51,São Paulo,676,Zona de Presidente Venceslau,6760,CAIUÁ,1,Caiuá,False,239
51,São Paulo,676,Zona de Presidente Venceslau,6761,MARABÁ PAULISTA,1,Marabá Paulista,False,239
51,São Paulo,676,Zona de Presidente Venceslau,6761,MARABÁ PAULISTA,3,Teodoro Sampaio,False,239
51,São Paulo,676,Zona de Presidente Venceslau,6762,PRESIDENTE EPITÁCIO,1,Presidente Epitácio,False,239
51,São Paulo,676,Zona de Presidente Venceslau,6763,PRESIDENTE VENCESLAU,1,Presidente Venceslau,False,239
51,Paraná,710,Zona do Litoral,7100,ANTONINA,1,Antonina,False,240
51,Paraná,710,Zona do Litoral,7100,ANTONINA,3,Cacatu,False,240
51,Paraná,710,Zona do Litoral,7101,GUARAQUEÇABA,1,Guaraqueçaba,False,240
51,Paraná,710,Zona do Litoral,7101,GUARAQUEÇABA,3,Ararapira,False,240
51,Paraná,710,Zona do Litoral,7101,GUARAQUEÇABA,5,Serra Negra,False,240
51,Paraná,710,Zona do Litoral,7102,GUARATUBA,1,Guaratuba,False,240
51,Paraná,710,Zona do Litoral,7102,GUARATUBA,3,Garuva,False,240
51,Paraná,710,Zona do Litoral,7103,MORRETES,1,Morretes,False,240
51,Paraná,710,Zona do Litoral,7103,MORRETES,3,Pôrto de Cima,False,240
51,Paraná,710,Zona do Litoral,7104,PARANAGUÁ,1,Paranaguá,False,240
51,Paraná,710,Zona do Litoral,7104,PARANAGUÁ,3,Alexandra,False,240
51,Paraná,710,Zona do Litoral,7104,PARANAGUÁ,5,Matinhos,False,240
51,Paraná,711,Zona do Alto Ribeira,7110,BOCAIÚVA DO SUL,1,Bocaiúva do Sul,False,240
51,Paraná,711,Zona do Alto Ribeira,7110,BOCAIÚVA DO SUL,3,Paranaí,False,240
51,Paraná,711,Zona do Alto Ribeira,7110,BOCAIÚVA DO SUL,5,Tunas,False,240
51,Paraná,711,Zona do Alto Ribeira,7111,CÊRRO AZUL,1,Cêrro Azul,False,240
51,Paraná,711,Zona do Alto Ribeira,7111,CÊRRO AZUL,3,São Sebastião,False,240
51,Paraná,711,Zona do Alto Ribeira,7111,CÊRRO AZUL,5,Varzeão,False,240
51,Paraná,711,Zona do Alto Ribeira,7112,RIO BRANCO DO SUL,1,Rio Branco do Sul,False,240
51,Paraná,711,Zona do Alto Ribeira,7112,RIO BRANCO DO SUL,3,Açungui,False,240
51,Paraná,713,Zona de Castro,7130,CASTRO,1,Castro,False,241
51,Paraná,713,Zona de Castro,7130,CASTRO,3,Abapã,False,241
51,Paraná,713,Zona de Castro,7130,CASTRO,5,Socavão,False,241
51,Paraná,713,Zona de Castro,7131,PIRAÍ DO SUL,1,Piraí do Sul,False,241
51,Paraná,715716,Zona de Curitiba,7150,ALMIRANTE TAMANDARÉ,1,Almirante Tamandaré,False,241
51,Paraná,715716,Zona de Curitiba,7150,ALMIRANTE TAMANDARÉ,3,Campo Magro,False,241
51,Paraná,715716,Zona de Curitiba,7151,ARAUCÁRIA,1,Araucária,False,241
51,Paraná,715716,Zona de Curitiba,7151,ARAUCÁRIA,3,Guajuvira,False,241
51,Paraná,715716,Zona de Curitiba,7152,CAMPINA GRANDE DO SUL,1,Campina Grande do Sul,False,241
51,Paraná,715716,Zona de Curitiba,7153,CAMPO LARGO,1,Campo Largo,False,241
51,Paraná,715716,Zona de Curitiba,7153,CAMPO LARGO,3,Balsa Nova,False,241
51,Paraná,715716,Zona de Curitiba,7153,CAMPO LARGO,5,Bateias,False,241
51,Paraná,715716,Zona de Curitiba,7153,CAMPO LARGO,7,Ferraria,False,241
51,Paraná,715716,Zona de Curitiba,7153,CAMPO LARGO,9,São Luís do Purunã,False,241
51,Paraná,715716,Zona de Curitiba,7153,CAMPO LARGO,11,São Silvestre,False,241
51,Paraná,715716,Zona de Curitiba,7153,CAMPO LARGO,13,Três Córregos,False,241
51,Paraná,715716,Zona de Curitiba,7154,COLOMBO,1,Colombo,False,241
51,Paraná,715716,Zona de Curitiba,7155,CURITIBA,1,Curitiba,False,241
51,Paraná,715716,Zona de Curitiba,7155,CURITIBA,3,Campo Comprido,False,241
51,Paraná,715716,Zona de Curitiba,7155,CURITIBA,5,Santa Felicidade,False,241
51,Paraná,715716,Zona de Curitiba,7155,CURITIBA,7,Tatuquara,False,241
51,Paraná,715716,Zona de Curitiba,7155,CURITIBA,9,Umbará,False,241
51,Paraná,715716,Zona de Curitiba,7156,PIRAQUARA,1,Piraquara,False,241
51,Paraná,715716,Zona de Curitiba,7157,RIO NEGRO,1,Rio Negro,False,242
51,Paraná,715716,Zona de Curitiba,7157,RIO NEGRO,3,Campo do Tenente,False,242
51,Paraná,715716,Zona de Curitiba,7157,RIO NEGRO,5,Pangaré,False,242
51,Paraná,715716,Zona de Curitiba,7157,RIO NEGRO,7,Pien,False,242
51,Paraná,715716,Zona de Curitiba,7158,SÃO JOSÉ DOS PINHAIS,1,São José dos Pinhais,False,242
51,Paraná,715716,Zona de Curitiba,7158,SÃO JOSÉ DOS PINHAIS,3,Campo Largo da Roseira,False,242
51,Paraná,715716,Zona de Curitiba,7158,SÃO JOSÉ DOS PINHAIS,5,Mandirituba,False,242
51,Paraná,715716,Zona de Curitiba,7159,TIJUCAS DO SUL,1,Tijucas do Sul,False,242
51,Paraná,715716,Zona de Curitiba,7159,TIJUCAS DO SUL,3,Agudos do Sul,False,242
51,Paraná,714,Zona dos Campos Gerais,7140,ARAPOTI,1,Arapoti,False,242
51,Paraná,714,Zona dos Campos Gerais,7140,ARAPOTI,3,Calógeras,False,242
51,Paraná,714,Zona dos Campos Gerais,7141,CONTENDA,1,Contenda,False,242
51,Paraná,714,Zona dos Campos Gerais,7141,CONTENDA,3,Areia Branca,False,242
51,Paraná,714,Zona dos Campos Gerais,7142,JAGUARIAÍVA,1,Jaguariaíva,False,242
51,Paraná,714,Zona dos Campos Gerais,7142,JAGUARIAÍVA,3,Bertagnoli,False,242
51,Paraná,714,Zona dos Campos Gerais,7143,LAPA,1,Lapa,False,242
51,Paraná,714,Zona dos Campos Gerais,7143,LAPA,3,Água Azul,False,242
51,Paraná,714,Zona dos Campos Gerais,7143,LAPA,5,Antônio Olinto,False,242
51,Paraná,714,Zona dos Campos Gerais,7143,LAPA,7,Mariental,False,242
51,Paraná,714,Zona dos Campos Gerais,7144,PALMEIRA,1,Palmeira,False,242
51,Paraná,714,Zona dos Campos Gerais,7144,PALMEIRA,3,Papagaios Novos,False,242
51,Paraná,714,Zona dos Campos Gerais,7145,PONTA GROSSA,1,Ponta Grossa,False,242
51,Paraná,714,Zona dos Campos Gerais,7145,PONTA GROSSA,3,Guaragi,False,242
51,Paraná,714,Zona dos Campos Gerais,7145,PONTA GROSSA,5,Itaiacoca,False,242
51,Paraná,714,Zona dos Campos Gerais,7145,PONTA GROSSA,7,Uvaia,False,242
51,Paraná,714,Zona dos Campos Gerais,7146,PÔRTO AMAZONAS,1,Pôrto Amazonas,False,243
51,Paraná,714,Zona dos Campos Gerais,7147,SENGÉS,1,Sengés,False,243
51,Paraná,714,Zona dos Campos Gerais,7148,TIBAGI,1,Tibagi,False,243
51,Paraná,714,Zona dos Campos Gerais,7148,TIBAGI,3,Alto do Amparo,False,243
51,Paraná,714,Zona dos Campos Gerais,7148,TIBAGI,5,Ventania,False,243
51,Paraná,717718,Zona de Tomazina,7170,ABATIÁ,1,Abatiá,False,243
51,Paraná,717718,Zona de Tomazina,7171,CARLÓPOLIS,1,Carlópolis,False,243
51,Paraná,717718,Zona de Tomazina,7172,CURIÚVA,1,Curiúva,False,243
51,Paraná,717718,Zona de Tomazina,7172,CURIÚVA,3,Sapopema,False,243
51,Paraná,717718,Zona de Tomazina,7173,IBAITI,1,Ibaiti,False,243
51,Paraná,717718,Zona de Tomazina,7173,IBAITI,3,Vassoural,False,243
51,Paraná,717718,Zona de Tomazina,7173,IBAITI,5,Vila Guaí,False,243
51,Paraná,717718,Zona de Tomazina,7174,JABOTI,1,Jaboti,False,243
51,Paraná,717718,Zona de Tomazina,7174,JABOTI,3,Conselheiro Mayrinck,False,243
51,Paraná,717718,Zona de Tomazina,7175,JAPIRA,1,Japira,False,243
51,Paraná,717718,Zona de Tomazina,7176,JOAQUIM TÁVORA,1,Joaquim Távora,False,243
51,Paraná,717718,Zona de Tomazina,7176,JOAQUIM TÁVORA,3,Guapirama,False,243
51,Paraná,717718,Zona de Tomazina,7176,JOAQUIM TÁVORA,5,Joá,False,243
51,Paraná,717718,Zona de Tomazina,7177,JUNDIAÍ DO SUL,1,Jundiaí do Sul,False,243
51,Paraná,717718,Zona de Tomazina,7178,PINHALÃO,1,Pinhalão,False,243
51,Paraná,717718,Zona de Tomazina,7178,PINHALÃO,3,Lavrinha,False,243
51,Paraná,717718,Zona de Tomazina,7179,QUATIGUÁ,1,Quatiguá,False,244
51,Paraná,717718,Zona de Tomazina,7180,RIBEIRÃO DO PINHAL,1,Ribeirão do Pinhal,False,244
51,Paraná,717718,Zona de Tomazina,7181,SIQUEIRA CAMPOS,1,Siqueira Campos,False,244
51,Paraná,717718,Zona de Tomazina,7181,SIQUEIRA CAMPOS,3,Marimbondo,False,244
51,Paraná,717718,Zona de Tomazina,7181,SIQUEIRA CAMPOS,5,Salto do Itararé,False,244
51,Paraná,717718,Zona de Tomazina,7182,TOMAZINA,1,Tomazina,False,244
51,Paraná,717718,Zona de Tomazina,7182,TOMAZINA,3,Sapé,False,244
51,Paraná,717718,Zona de Tomazina,7183,VENCESLAU BRÁS,1,Venceslau Brás,False,244
51,Paraná,717718,Zona de Tomazina,7183,VENCESLAU BRÁS,3,Santana do Itararé,False,244
51,Paraná,717718,Zona de Tomazina,7183,VENCESLAU BRÁS,5,São José da Boa Vista,False,244
51,Paraná,719,Zona do Alto Ivaí,7190,CÂNDIDO DE ABREU,1,Cândido de Abreu,False,244
51,Paraná,719,Zona do Alto Ivaí,7190,CÂNDIDO DE ABREU,3,Teresa Cristina,False,244
51,Paraná,719,Zona do Alto Ivaí,7190,CÂNDIDO DE ABREU,5,Três Bicos,False,244
51,Paraná,719,Zona do Alto Ivaí,7191,IMBITUVA,1,Imbituva,False,244
51,Paraná,719,Zona do Alto Ivaí,7191,IMBITUVA,3,Apiaba,False,244
51,Paraná,719,Zona do Alto Ivaí,7191,IMBITUVA,5,Guamiranga,False,244
51,Paraná,719,Zona do Alto Ivaí,7192,IPIRANGA,1,Ipiranga,False,244
51,Paraná,719,Zona do Alto Ivaí,7192,IPIRANGA,3,Bitumirim,False,244
51,Paraná,719,Zona do Alto Ivaí,7192,IPIRANGA,5,Ivaí,False,244
51,Paraná,719,Zona do Alto Ivaí,7193,ORTIGUEIRA,1,Ortigueira,False,244
51,Paraná,719,Zona do Alto Ivaí,7193,ORTIGUEIRA,3,Barreiro,False,244
51,Paraná,719,Zona do Alto Ivaí,7193,ORTIGUEIRA,5,Lajeado Bonito,False,244
51,Paraná,719,Zona do Alto Ivaí,7193,ORTIGUEIRA,7,Monjolinho,False,244
51,Paraná,719,Zona do Alto Ivaí,7193,ORTIGUEIRA,9,Natingui,False,244
51,Paraná,7194,PRUDENTÓPOLIS [245.1],7193,ORTIGUEIRA,1,Prudentópolis,False,245
51,Paraná,7194,PRUDENTÓPOLIS [245.1],7193,ORTIGUEIRA,3,Jaciaba,False,245
51,Paraná,7194,PRUDENTÓPOLIS [245.1],7193,ORTIGUEIRA,5,Patos Velhos,False,245
51,Paraná,7194,PRUDENTÓPOLIS [245.1],7195,RESERVA,1,Reserva,False,245
51,Paraná,7194,PRUDENTÓPOLIS [245.1],7195,RESERVA,3,José Lacerda,False,245
51,Paraná,720721,Zona de Irati,7200,CRUZ MACHADO,1,Cruz Machado,False,245
51,Paraná,720721,Zona de Irati,7200,CRUZ MACHADO,3,Pinaré,False,245
51,Paraná,720721,Zona de Irati,7200,CRUZ MACHADO,5,Santana,False,245
51,Paraná,720721,Zona de Irati,7201,IRATI,1,Irati,False,245
51,Paraná,720721,Zona de Irati,7201,IRATI,3,Gonçalves Júnior,False,245
51,Paraná,720721,Zona de Irati,7201,IRATI,5,Guamirim,False,245
51,Paraná,720721,Zona de Irati,7201,IRATI,7,Itapará,False,245
51,Paraná,720721,Zona de Irati,7202,MALLET,1,Mallet,False,245
51,Paraná,720721,Zona de Irati,7202,MALLET,3,Dorizon,False,245
51,Paraná,720721,Zona de Irati,7202,MALLET,5,Rio Claro do Sul,False,245
51,Paraná,720721,Zona de Irati,7203,PAULO FRONTIN,1,Paulo Frontin,False,245
51,Paraná,720721,Zona de Irati,7203,PAULO FRONTIN,3,Vera Guarani,False,245
51,Paraná,720721,Zona de Irati,7204,REBOUÇAS,1,Rebouças,False,245
51,Paraná,720721,Zona de Irati,7205,RIO AZUL,1,Rio Azul,False,245
51,Paraná,720721,Zona de Irati,7205,RIO AZUL,3,Soares,False,245
51,Paraná,720721,Zona de Irati,7206,SÃO JOÃO DO TRIUNFO,1,São João do Triunfo,False,245
51,Paraná,720721,Zona de Irati,7206,SÃO JOÃO DO TRIUNFO,3,Palmira,False,245
51,Paraná,720721,Zona de Irati,7207,SÃO MATEUS DO SUL,1,São Mateus do Sul,False,245
51,Paraná,720721,Zona de Irati,7207,SÃO MATEUS DO SUL,3,Caitá,False,246
51,Paraná,720721,Zona de Irati,7207,SÃO MATEUS DO SUL,5,Fluviópolis,False,246
51,Paraná,720721,Zona de Irati,7207,SÃO MATEUS DO SUL,7,Lajeado,False,246
51,Paraná,720721,Zona de Irati,7208,TEIXEIRA SOARES,1,Teixeira Soares,False,246
51,Paraná,720721,Zona de Irati,7208,TEIXEIRA SOARES,3,Angaí,False,246
51,Paraná,720721,Zona de Irati,7208,TEIXEIRA SOARES,5,Fernandes Pinheiro,False,246
51,Paraná,720721,Zona de Irati,7208,TEIXEIRA SOARES,7,Guaraúna,False,246
51,Paraná,720721,Zona de Irati,7209,UNIÃO DA VITÓRIA,1,União da Vitória,False,246
51,Paraná,720721,Zona de Irati,7209,UNIÃO DA VITÓRIA,3,Paula Freitas,False,246
51,Paraná,720721,Zona de Irati,7209,UNIÃO DA VITÓRIA,5,Pôrto Vitória,False,246
51,Paraná,722726,Zona de Oeste,7220,ALTO PARANÁ,1,Alto Paraná,False,246
51,Paraná,722726,Zona de Oeste,7220,ALTO PARANÁ,3,Maristela,False,246
51,Paraná,722726,Zona de Oeste,7220,ALTO PARANÁ,5,Santa Maria,False,246
51,Paraná,722726,Zona de Oeste,7220,ALTO PARANÁ,7,Sumaré,False,246
51,Paraná,722726,Zona de Oeste,7221,ARARUNA,1,Araruna,False,246
51,Paraná,722726,Zona de Oeste,7221,ARARUNA,3,São Vicente,False,246
51,Paraná,722726,Zona de Oeste,7222,BARRACÃO,1,Barracão,False,246
51,Paraná,722726,Zona de Oeste,7222,BARRACÃO,3,Bom Jesus do Barracão,False,246
51,Paraná,722726,Zona de Oeste,7222,BARRACÃO,5,Salgado Filho,False,246
51,Paraná,722726,Zona de Oeste,7222,BARRACÃO,7,São Sebastião da Bela Vista,False,246
51,Paraná,722726,Zona de Oeste,7222,BARRACÃO,9,Siqueira Belo,False,246
51,Paraná,722726,Zona de Oeste,7223,CAMPO MOURÃO,1,Campo Mourão,False,246
51,Paraná,722726,Zona de Oeste,7223,CAMPO MOURÃO,3,Barbosa Ferraz,False,246
51,Paraná,722726,Zona de Oeste,7223,CAMPO MOURÃO,5,Barreirinho d&#x27;Oeste,False,246
51,Paraná,722726,Zona de Oeste,7223,CAMPO MOURÃO,7,Campina da Lagoa,False,246
51,Paraná,722726,Zona de Oeste,7223,CAMPO MOURÃO,9,Farol,False,246
51,Paraná,722726,Zona de Oeste,7223,CAMPO MOURÃO,11,Fênix,False,246
51,Paraná,722726,Zona de Oeste,7223,CAMPO MOURÃO,13,Iretama,False,246
51,Paraná,722726,Zona de Oeste,7223,CAMPO MOURÃO,15,Juranda,False,246
51,Paraná,722726,Zona de Oeste,7223,CAMPO MOURÃO,17,Mamburê [247.1],False,247
51,Paraná,722726,Zona de Oeste,7223,CAMPO MOURÃO,19,Quinta do Sol,False,247
51,Paraná,722726,Zona de Oeste,7223,CAMPO MOURÃO,21,Roncador,False,247
51,Paraná,722726,Zona de Oeste,7223,CAMPO MOURÃO,23,Ubiratã,False,247
51,Paraná,722726,Zona de Oeste,7224,CAPANEMA,1,Capanema,False,247
51,Paraná,722726,Zona de Oeste,7224,CAPANEMA,3,Ampere [247.7],False,247
51,Paraná,722726,Zona de Oeste,7224,CAPANEMA,5,Pérola d&#x27;Oeste,False,247
51,Paraná,722726,Zona de Oeste,7225,CASCAVEL,1,Cascavel,False,247
51,Paraná,722726,Zona de Oeste,7225,CASCAVEL,3,Corbélia,False,247
51,Paraná,722726,Zona de Oeste,7226,CHOPINZINHO,1,Chopinzinho,False,247
51,Paraná,722726,Zona de Oeste,7227,CIANORTE,1,Cianorte,False,247
51,Paraná,722726,Zona de Oeste,7228,CLEVELÂNDIA,1,Clevelândia,False,247
51,Paraná,722726,Zona de Oeste,7228,CLEVELÂNDIA,3,Mariópolis,False,247
51,Paraná,722726,Zona de Oeste,7228,CLEVELÂNDIA,5,Vitorino,False,247
51,Paraná,722726,Zona de Oeste,7229,CORONEL VIVIDA,1,Coronel Vivida,False,247
51,Paraná,722726,Zona de Oeste,7230,CRUZEIRO DO OESTE,1,Cruzeiro do Oeste,False,247
51,Paraná,722726,Zona de Oeste,7230,CRUZEIRO DO OESTE,3,Alto Piquiri,False,247
51,Paraná,722726,Zona de Oeste,7230,CRUZEIRO DO OESTE,5,Iporã,False,247
51,Paraná,722726,Zona de Oeste,7230,CRUZEIRO DO OESTE,7,Maria Helena,False,247
51,Paraná,722726,Zona de Oeste,7230,CRUZEIRO DO OESTE,9,Pôrto Camargo,False,247
51,Paraná,722726,Zona de Oeste,7230,CRUZEIRO DO OESTE,11,Saltinho d&#x27;Oeste,False,247
51,Paraná,722726,Zona de Oeste,7230,CRUZEIRO DO OESTE,13,Tuneiras,False,247
51,Paraná,722726,Zona de Oeste,7230,CRUZEIRO DO OESTE,15,Umuarama,False,247
51,Paraná,722726,Zona de Oeste,7230,CRUZEIRO DO OESTE,17,Xambrê,False,247
51,Paraná,722726,Zona de Oeste,7231,CRUZEIRO DO SUL,1,Cruzeiro do Sul,False,247
51,Paraná,722726,Zona de Oeste,7232,ENGENHEIRO BELTRÃO,1,Engenheiro Beltrão,False,247
51,Paraná,722726,Zona de Oeste,7233,FLORAÍ,1,Floraí,False,248
51,Paraná,722726,Zona de Oeste,7234,FOZ DO IGUAÇU,1,Foz do Iguaçu,False,248
51,Paraná,722726,Zona de Oeste,7234,FOZ DO IGUAÇU,3,Gaúcha,False,248
51,Paraná,722726,Zona de Oeste,7234,FOZ DO IGUAÇU,5,Matelândia,False,248
51,Paraná,722726,Zona de Oeste,7234,FOZ DO IGUAÇU,7,Medianeira,False,248
51,Paraná,722726,Zona de Oeste,7235,FRANCISCO BELTRÃO,1,Francisco Beltrão,False,248
51,Paraná,722726,Zona de Oeste,7236,GOIO-ERÊ,1,Goio-Erê,False,248
51,Paraná,722726,Zona de Oeste,7236,GOIO-ERÊ,3,Mariluz,False,248
51,Paraná,722726,Zona de Oeste,7236,GOIO-ERÊ,5,Moreira Salles,False,248
51,Paraná,722726,Zona de Oeste,7236,GOIO-ERÊ,7,Paraná d&#x27;Oeste,False,248
51,Paraná,722726,Zona de Oeste,7237,GUAÍRA,1,Guaíra,False,248
51,Paraná,722726,Zona de Oeste,7237,GUAÍRA,3,Maripá,False,248
51,Paraná,722726,Zona de Oeste,7237,GUAÍRA,5,Memória,False,248
51,Paraná,722726,Zona de Oeste,7237,GUAÍRA,7,Terra Roxa d&#x27;Oeste,False,248
51,Paraná,722726,Zona de Oeste,7237,GUAÍRA,9,Vila Palotina,False,248
51,Paraná,722726,Zona de Oeste,7238,GUARANIAÇU,1,Guaraniaçu,False,248
51,Paraná,722726,Zona de Oeste,7238,GUARANIAÇU,3,Campo Bonito,False,248
51,Paraná,722726,Zona de Oeste,7238,GUARANIAÇU,5,Catanduvas,False,248
51,Paraná,722726,Zona de Oeste,7238,GUARANIAÇU,7,Faxinal de São João,False,248
51,Paraná,722726,Zona de Oeste,7238,GUARANIAÇU,9,Mato Queimado,False,248
51,Paraná,722726,Zona de Oeste,7239,JUSSARA,1,Jussara,False,248
51,Paraná,722726,Zona de Oeste,7240,LARANJEIRAS DO SUL,1,Laranjeiras do Sul,False,248
51,Paraná,722726,Zona de Oeste,7240,LARANJEIRAS DO SUL,3,Barreirinho,False,248
51,Paraná,722726,Zona de Oeste,7240,LARANJEIRAS DO SUL,5,Campo Nôvo,False,248
51,Paraná,722726,Zona de Oeste,7240,LARANJEIRAS DO SUL,7,Erveira,False,248
51,Paraná,722726,Zona de Oeste,7240,LARANJEIRAS DO SUL,9,Espigão Alto,False,248
51,Paraná,722726,Zona de Oeste,7240,LARANJEIRAS DO SUL,11,Pôrto Santana,False,248
51,Paraná,722726,Zona de Oeste,7240,LARANJEIRAS DO SUL,13,Rio Bonito,False,249
51,Paraná,722726,Zona de Oeste,7240,LARANJEIRAS DO SUL,15,Virmond,False,249
51,Paraná,722726,Zona de Oeste,7241,LOANDA,1,Loanda,False,249
51,Paraná,722726,Zona de Oeste,7241,LOANDA,3,Pôrto Rico,False,249
51,Paraná,722726,Zona de Oeste,7241,LOANDA,5,Pôrto São José,False,249
51,Paraná,722726,Zona de Oeste,7242,MANDAGUAÇU,1,Mandaguaçu,False,249
51,Paraná,722726,Zona de Oeste,7243,MANDAGUARI,1,Mandaguari,False,249
51,Paraná,722726,Zona de Oeste,7244,MANGUEIRINHA,1,Mangueirinha,False,249
51,Paraná,722726,Zona de Oeste,7244,MANGUEIRINHA,3,Covó,False,249
51,Paraná,722726,Zona de Oeste,7245,MANUEL RIBAS,1,Manuel Ribas,False,249
51,Paraná,722726,Zona de Oeste,7245,MANUEL RIBAS,3,Guaritá,False,249
51,Paraná,722726,Zona de Oeste,7245,MANUEL RIBAS,5,Ivaiporã,False,249
51,Paraná,722726,Zona de Oeste,7246,MARIALVA,1,Marialva,False,249
51,Paraná,722726,Zona de Oeste,7246,MARIALVA,3,Aquidabã,False,249
51,Paraná,722726,Zona de Oeste,7246,MARIALVA,5,Itambé,False,249
51,Paraná,722726,Zona de Oeste,7246,MARIALVA,7,Sarandi,False,249
51,Paraná,722726,Zona de Oeste,7247,MARINGÁ,1,Maringá,False,249
51,Paraná,722726,Zona de Oeste,7247,MARINGÁ,3,Floriano,False,249
51,Paraná,722726,Zona de Oeste,7247,MARINGÁ,5,Ivatuba,False,249
51,Paraná,722726,Zona de Oeste,7248,NOVA ESPERANÇA,1,Nova Esperança,False,249
51,Paraná,722726,Zona de Oeste,7248,NOVA ESPERANÇA,3,Atalaia,False,249
51,Paraná,722726,Zona de Oeste,7248,NOVA ESPERANÇA,5,Barão de Lucena,False,249
51,Paraná,722726,Zona de Oeste,7248,NOVA ESPERANÇA,7,Iroí,False,249
51,Paraná,722726,Zona de Oeste,7248,NOVA ESPERANÇA,9,Uniflor,False,249
51,Paraná,722726,Zona de Oeste,7249,NOVA LONDRINA,1,Nova Londrina,False,249
51,Paraná,722726,Zona de Oeste,7249,NOVA LONDRINA,3,Diamante do Norte,False,249
51,Paraná,722726,Zona de Oeste,7249,NOVA LONDRINA,5,Itaúna do Sul,False,250
51,Paraná,722726,Zona de Oeste,7249,NOVA LONDRINA,7,Marilena,False,250
51,Paraná,722726,Zona de Oeste,7250,PARAÍSO DO NORTE,1,Paraíso do Norte,False,250
51,Paraná,722726,Zona de Oeste,7250,PARAÍSO DO NORTE,3,Mirador,False,250
51,Paraná,722726,Zona de Oeste,7250,PARAÍSO DO NORTE,5,Nova Aliança do Ivaí,False,250
51,Paraná,722726,Zona de Oeste,7251,PARANACITY,1,Paranacity,False,250
51,Paraná,722726,Zona de Oeste,7251,PARANACITY,3,Inajá,False,250
51,Paraná,722726,Zona de Oeste,7251,PARANACITY,5,Paranapoema,False,250
51,Paraná,722726,Zona de Oeste,7252,PARANAVAÍ,1,Paranavaí,False,250
51,Paraná,722726,Zona de Oeste,7252,PARANAVAÍ,3,Catarinenses,False,250
51,Paraná,722726,Zona de Oeste,7252,PARANAVAÍ,5,Comur,False,250
51,Paraná,722726,Zona de Oeste,7252,PARANAVAÍ,7,Guairacá,False,250
51,Paraná,722726,Zona de Oeste,7252,PARANAVAÍ,9,Jurema,False,250
51,Paraná,722726,Zona de Oeste,7252,PARANAVAÍ,11,Planaltina do Paraná,False,250
51,Paraná,722726,Zona de Oeste,7253,PATO BRANCO,1,Pato Branco,False,250
51,Paraná,722726,Zona de Oeste,7253,PATO BRANCO,3,Bom Sucesso,False,250
51,Paraná,722726,Zona de Oeste,7253,PATO BRANCO,5,Coxilha Rica,False,250
51,Paraná,722726,Zona de Oeste,7253,PATO BRANCO,7,Dois Vizinhos,False,250
51,Paraná,722726,Zona de Oeste,7253,PATO BRANCO,9,Vargem Bonita,False,250
51,Paraná,722726,Zona de Oeste,7253,PATO BRANCO,11,Verê,False,250
51,Paraná,722726,Zona de Oeste,7254,PEABIRU,1,Peabiru,False,250
51,Paraná,722726,Zona de Oeste,7255,PITANGA,1,Pitanga,False,250
51,Paraná,722726,Zona de Oeste,7255,PITANGA,3,Barra Bonita,False,250
51,Paraná,722726,Zona de Oeste,7255,PITANGA,5,Bela Vista,False,250
51,Paraná,722726,Zona de Oeste,7255,PITANGA,7,Boa Ventura,False,250
51,Paraná,722726,Zona de Oeste,7255,PITANGA,9,Palmital,False,250
51,Paraná,722726,Zona de Oeste,7255,PITANGA,11,Santa Maria,False,250
51,Paraná,722726,Zona de Oeste,7256,QUERÊNCIA DO NORTE,1,Querência do Norte,False,250
51,Paraná,722726,Zona de Oeste,7256,QUERÊNCIA DO NORTE,3,Paranaguaçu,False,250
51,Paraná,722726,Zona de Oeste,7256,QUERÊNCIA DO NORTE,5,Pôrto Brasília,False,251
51,Paraná,722726,Zona de Oeste,7257,RONDON,1,Rondon,False,251
51,Paraná,722726,Zona de Oeste,7257,RONDON,3,Cidade Gaúcha,False,251
51,Paraná,722726,Zona de Oeste,7257,RONDON,5,Guaporema,False,251
51,Paraná,722726,Zona de Oeste,7258,SANTA CRUZ DO MONTE CASTELO,1,Santa Cruz do Monte Castelo,False,251
51,Paraná,722726,Zona de Oeste,7259,SANTA ISABEL DO IVAÍ,1,Santa Isabel do Ivaí,False,251
51,Paraná,722726,Zona de Oeste,7260,SANTO ANTÔNIO,1,Santo Antônio,False,251
51,Paraná,722726,Zona de Oeste,7260,SANTO ANTÔNIO,3,Ampere,False,251
51,Paraná,722726,Zona de Oeste,7260,SANTO ANTÔNIO,5,Canzianópolis,False,251
51,Paraná,722726,Zona de Oeste,7260,SANTO ANTÔNIO,7,Governador Lupion,False,251
51,Paraná,722726,Zona de Oeste,7260,SANTO ANTÔNIO,9,Marcianópolis,False,251
51,Paraná,722726,Zona de Oeste,7260,SANTO ANTÔNIO,11,Nove Esperança,False,251
51,Paraná,722726,Zona de Oeste,7261,SÃO CARLOS DO IVAÍ,1,São Carlos do Ivaí,False,251
51,Paraná,722726,Zona de Oeste,7262,SÃO JOÃO DO CAIUÁ,1,São João do Caiuá,False,251
51,Paraná,722726,Zona de Oeste,7263,SÃO JORGE,1,São Jorge,False,251
51,Paraná,722726,Zona de Oeste,7264,SÃO PEDRO DO IVAÍ,1,São Pedro do Ivaí,False,251
51,Paraná,722726,Zona de Oeste,7265,TAMBOARA,1,Tamboara,False,251
51,Paraná,722726,Zona de Oeste,7266,TERRA BOA,1,Terra Boa,False,251
51,Paraná,722726,Zona de Oeste,7267,TERRA RICA,1,Terra Rica,False,251
51,Paraná,722726,Zona de Oeste,7268,TOLEDO,1,Toledo,False,251
51,Paraná,722726,Zona de Oeste,7268,TOLEDO,3,Dez de Mai[o?] [251.33],False,251
51,Paraná,722726,Zona de Oeste,7268,TOLEDO,5,General Rondon,False,251
51,Paraná,722726,Zona de Oeste,7268,TOLEDO,7,Margarida,False,252
51,Paraná,722726,Zona de Oeste,7268,TOLEDO,11,Mercedes,False,252
51,Paraná,722726,Zona de Oeste,7268,TOLEDO,13,Novo Sarandi,False,252
51,Paraná,722726,Zona de Oeste,7268,TOLEDO,15,Pôrto Mendes,False,252
51,Paraná,722726,Zona de Oeste,7268,TOLEDO,17,Quatro Pontes,False,252
51,Paraná,730735,Zona do Norte,7300,ALVORADA DO SUL,1,Alvorada do Sul,False,252
51,Paraná,730735,Zona do Norte,7301,AMOREIRA,1,Amoreira,False,252
51,Paraná,730735,Zona do Norte,7301,AMOREIRA,3,Nova América da Colina,False,252
51,Paraná,730735,Zona do Norte,7302,ANDIRÁ,1,Andirá,False,252
51,Paraná,730735,Zona do Norte,7303,APUCARANA,1,Apucarana,False,252
51,Paraná,730735,Zona do Norte,7303,APUCARANA,3,Pirapó,False,252
51,Paraná,730735,Zona do Norte,7303,APUCARANA,5,São José do Cambira,False,252
51,Paraná,730735,Zona do Norte,7304,ARAPONGAS,1,Arapongas,False,252
51,Paraná,730735,Zona do Norte,7305,ARARUVA,1,Araruva,False,252
51,Paraná,730735,Zona do Norte,7305,ARARUVA,3,Rio Bom,False,252
51,Paraná,730735,Zona do Norte,7306,ASSAÍ,1,Assaí,False,252
51,Paraná,730735,Zona do Norte,7307,ASTORGA,1,Astorga,False,252
51,Paraná,730735,Zona do Norte,7307,ASTORGA,3,Içara,False,252
51,Paraná,730735,Zona do Norte,7307,ASTORGA,5,Santa Zélia,False,252
51,Paraná,730735,Zona do Norte,7307,ASTORGA,7,Tupinambá,False,252
51,Paraná,730735,Zona do Norte,7308,BANDEIRANTES,1,Bandeirantes,False,252
51,Paraná,730735,Zona do Norte,7309,BELA VISTA DO PARAÍSO,1,Bela Vista do Paraíso,False,252
51,Paraná,730735,Zona do Norte,7309,BELA VISTA DO PARAÍSO,3,Santa Margarida,False,252
51,Paraná,730735,Zona do Norte,7310,BOM SUCESSO,1,Bom Sucesso,False,253
51,Paraná,730735,Zona do Norte,7311,BORRAZÓPOLIS,1,Borrazópolis,False,253
51,Paraná,730735,Zona do Norte,7311,BORRAZÓPOLIS,3,Santo Antônio do Palmital,False,253
51,Paraná,730735,Zona do Norte,7312,CAFEARA,1,Cafeara,False,253
51,Paraná,730735,Zona do Norte,7313,CALIFÓRNIA,1,Califórnia,False,253
51,Paraná,730735,Zona do Norte,7314,CAMBARÁ,1,Cambará,False,253
51,Paraná,730735,Zona do Norte,7315,CAMBÉ,1,Cambé,False,253
51,Paraná,730735,Zona do Norte,7315,CAMBÉ,3,Prata,False,253
51,Paraná,730735,Zona do Norte,7316,CENTENÁRIO DO SUL,1,Centenário do Sul,False,253
51,Paraná,730735,Zona do Norte,7317,COLORADO,1,Colorado,False,253
51,Paraná,730735,Zona do Norte,7318,CONGONHINHAS,1,Congonhinhas,False,253
51,Paraná,730735,Zona do Norte,7319,CORNÉLIO PROCÓPIO,1,Cornélio Procópio,False,253
51,Paraná,730735,Zona do Norte,7319,CORNÉLIO PROCÓPIO,3,Congonhas,False,253
51,Paraná,730735,Zona do Norte,7320,FAXINAL,1,Faxinal,False,253
51,Paraná,730735,Zona do Norte,7321,FLORESTÓPOLIS,1,Florestópolis,False,253
51,Paraná,730735,Zona do Norte,7321,FLORESTÓPOLIS,3,Miraselva,False,253
51,Paraná,730735,Zona do Norte,7321,FLORESTÓPOLIS,5,Prado Ferreira,False,253
51,Paraná,730735,Zona do Norte,7322,GUARACI,1,Guaraci,False,253
51,Paraná,730735,Zona do Norte,7322,GUARACI,3,Bentópolis,False,253
51,Paraná,730735,Zona do Norte,7322,GUARACI,5,Nossa Senhora das Graças,False,253
51,Paraná,730735,Zona do Norte,7323,IBIPORÃ,1,Ibiporã,False,253
51,Paraná,730735,Zona do Norte,7324,IGUARAÇU,1,Iguaraçu,False,254
51,Paraná,730735,Zona do Norte,7324,IGUARAÇU,3,Flórida,False,254
51,Paraná,730735,Zona do Norte,7325,ITAGUAJÉ,1,Itaguajé,False,254
51,Paraná,730735,Zona do Norte,7326,ITAMBARACÁ,1,Itambaracá,False,254
51,Paraná,730735,Zona do Norte,7326,ITAMBARACÁ,3,São Joaquim do Pontal,False,254
51,Paraná,730735,Zona do Norte,7327,JACARÈZINHO,1,Jacarèzinho,False,254
51,Paraná,730735,Zona do Norte,7327,JACARÈZINHO,3,Barra do Jacaré,False,254
51,Paraná,730735,Zona do Norte,7328,JAGUAPITÃ,1,Jaguapitã,False,254
51,Paraná,730735,Zona do Norte,7329,JANDAIA DO SUL,1,Jandaia do Sul,False,254
51,Paraná,730735,Zona do Norte,7329,JANDAIA DO SUL,3,Marumbi,False,254
51,Paraná,730735,Zona do Norte,7330,JATAÌZINHO,1,Jataìzinho,False,254
51,Paraná,730735,Zona do Norte,7330,JATAÌZINHO,3,Frei Timótheo,False,254
51,Paraná,730735,Zona do Norte,7330,JATAÌZINHO,5,São João,False,254
51,Paraná,730735,Zona do Norte,7331,LEÓPOLIS,1,Leópolis,False,254
51,Paraná,730735,Zona do Norte,7332,LOBATO,1,Lobato,False,254
51,Paraná,730735,Zona do Norte,7333,LONDRINA,1,Londrina,False,254
51,Paraná,730735,Zona do Norte,7333,LONDRINA,3,Guaravera,False,254
51,Paraná,730735,Zona do Norte,7333,LONDRINA,5,Irerê,False,254
51,Paraná,730735,Zona do Norte,7333,LONDRINA,7,São Luiz,False,254
51,Paraná,730735,Zona do Norte,7333,LONDRINA,9,Tamarana,False,254
51,Paraná,730735,Zona do Norte,7334,LUPIONÓPOLIS,1,Lupionópolis,False,254
51,Paraná,730735,Zona do Norte,7335,MUNHOZ DE MELO,1,Munhoz de Melo,False,254
51,Paraná,730735,Zona do Norte,7336,NOVA FÁTIMA,1,Nova Fátima,False,255
51,Paraná,730735,Zona do Norte,7337,PORECATU,1,Porecatu,False,255
51,Paraná,730735,Zona do Norte,7338,PRIMEIRO DE MAIO,1,Primeiro de Maio,False,255
51,Paraná,730735,Zona do Norte,7338,PRIMEIRO DE MAIO,3,Ibiaci,False,255
51,Paraná,730735,Zona do Norte,7339,RIBEIRÃO CLARO,1,Ribeirão Claro,False,255
51,Paraná,730735,Zona do Norte,7340,ROLÂNDIA,1,Rolândia,False,255
51,Paraná,730735,Zona do Norte,7340,ROLÂNDIA,3,Pitangueiras,False,255
51,Paraná,730735,Zona do Norte,7340,ROLÂNDIA,5,São Martinho,False,255
51,Paraná,730735,Zona do Norte,7341,SABÁUDIA,1,Sabáudia,False,255
51,Paraná,730735,Zona do Norte,7342,SANTA AMÉLIA,1,Santa Amélia,False,255
51,Paraná,730735,Zona do Norte,7343,SANTA FÉ,1,Santa Fé,False,255
51,Paraná,730735,Zona do Norte,7344,SANTA MARIANA,1,Santa Mariana,False,255
51,Paraná,730735,Zona do Norte,7345,SANTO ANTÔNIO DA PLATINA,1,Santo Antônio da Platina,False,255
51,Paraná,730735,Zona do Norte,7345,SANTO ANTÔNIO DA PLATINA,3,Conselheiro Zacarias,False,255
51,Paraná,730735,Zona do Norte,7345,SANTO ANTÔNIO DA PLATINA,5,Monte Real,False,255
51,Paraná,730735,Zona do Norte,7346,SANTO INÁCIO,1,Santo Inácio,False,255
51,Paraná,730735,Zona do Norte,7347,SÃO JERÔNIMO DA SERRA,1,São Jerônimo da Serra,False,255
51,Paraná,730735,Zona do Norte,7347,SÃO JERÔNIMO DA SERRA,3,Santa Cecília do Pavão,False,255
51,Paraná,730735,Zona do Norte,7347,SÃO JERÔNIMO DA SERRA,5,Santo Antônio do Pari,False,255
51,Paraná,730735,Zona do Norte,7348,SERTANEJA,1,Sertaneja,False,256
51,Paraná,730735,Zona do Norte,7348,SERTANEJA,3,Paranagi,False,256
51,Paraná,730735,Zona do Norte,7349,SERTANÓPOLIS,1,Sertanópolis,False,256
51,Paraná,730735,Zona do Norte,7350,URAÍ,1,Uraí,False,256
51,Paraná,730735,Zona do Norte,7350,URAÍ,3,Cruzeiro do Norte,False,256
51,Paraná,730735,Zona do Norte,7350,URAÍ,5,Rancho Alegre,False,256
51,Paraná,712,Zona dos Campos do Oeste,7120,BITURUNA,1,Bituruna,False,256
51,Paraná,712,Zona dos Campos do Oeste,7120,BITURUNA,3,Santo Antônio do Iratim,False,256
51,Paraná,712,Zona dos Campos do Oeste,7121,GUARAPUAVA,1,Guarapuava,False,256
51,Paraná,712,Zona dos Campos do Oeste,7121,GUARAPUAVA,3,Candói,False,256
51,Paraná,712,Zona dos Campos do Oeste,7121,GUARAPUAVA,5,Canta Galo,False,256
51,Paraná,712,Zona dos Campos do Oeste,7121,GUARAPUAVA,7,Goioxim,False,256
51,Paraná,712,Zona dos Campos do Oeste,7121,GUARAPUAVA,9,Guairacá,False,256
51,Paraná,712,Zona dos Campos do Oeste,7121,GUARAPUAVA,11,Guará,False,256
51,Paraná,712,Zona dos Campos do Oeste,7121,GUARAPUAVA,13,Guarapuavinha,False,256
51,Paraná,712,Zona dos Campos do Oeste,7121,GUARAPUAVA,15,Marquinho,False,256
51,Paraná,712,Zona dos Campos do Oeste,7121,GUARAPUAVA,17,Palmeirinha,False,256
51,Paraná,712,Zona dos Campos do Oeste,7121,GUARAPUAVA,19,Pedro Lustosa,False,256
51,Paraná,712,Zona dos Campos do Oeste,7121,GUARAPUAVA,21,Pinhão,False,256
51,Paraná,712,Zona dos Campos do Oeste,7122,PALMAS,1,Palmas,False,256
51,Paraná,712,Zona dos Campos do Oeste,7122,PALMAS,3,General Carneiro,False,256
51,Paraná,712,Zona dos Campos do Oeste,7122,PALMAS,5,Jangada do Sul,False,256
51,Paraná,712,Zona dos Campos do Oeste,7122,PALMAS,7,São José de Palmas,False,256
51,Santa Catarina,752,Zona do Litoral de São Francisco,7520,ARAQUARI,1,Araquari,False,257
51,Santa Catarina,752,Zona do Litoral de São Francisco,7520,ARAQUARI,3,Barra Velha,False,257
51,Santa Catarina,752,Zona do Litoral de São Francisco,7520,ARAQUARI,5,Itapocu,False,257
51,Santa Catarina,752,Zona do Litoral de São Francisco,7521,CORUPÁ,1,Corupá,False,257
51,Santa Catarina,752,Zona do Litoral de São Francisco,7522,GUARAMIRIM,1,Guaramirim,False,257
51,Santa Catarina,752,Zona do Litoral de São Francisco,7522,GUARAMIRIM,3,Massaranduba,False,257
51,Santa Catarina,752,Zona do Litoral de São Francisco,7523,JARAGUÁ DO SUL,1,Jaraguá do Sul,False,257
51,Santa Catarina,752,Zona do Litoral de São Francisco,7524,JOINVILE,1,Joinvile,False,257
51,Santa Catarina,752,Zona do Litoral de São Francisco,7524,JOINVILE,3,Boa Vista,False,257
51,Santa Catarina,752,Zona do Litoral de São Francisco,7524,JOINVILE,5,Pirabeiraba,False,257
51,Santa Catarina,752,Zona do Litoral de São Francisco,7525,SÃO FRANCISCO DO SUL,1,São Francisco do Sul,False,257
51,Santa Catarina,752,Zona do Litoral de São Francisco,7525,SÃO FRANCISCO DO SUL,3,Garuva,False,257
51,Santa Catarina,752,Zona do Litoral de São Francisco,7525,SÃO FRANCISCO DO SUL,5,Saí,False,257
51,Santa Catarina,753755,Zona da Bacia do Itajaí,7530,BLUMENAU,1,Blumenau,False,257
51,Santa Catarina,753755,Zona da Bacia do Itajaí,7530,BLUMENAU,3,Itoupava,False,257
51,Santa Catarina,753755,Zona da Bacia do Itajaí,7531,BRUSQUE,1,Brusque,False,257
51,Santa Catarina,753755,Zona da Bacia do Itajaí,7531,BRUSQUE,3,Botuverá,False,257
51,Santa Catarina,753755,Zona da Bacia do Itajaí,7532,GASPAR,1,Gaspar,False,257
51,Santa Catarina,753755,Zona da Bacia do Itajaí,7533,IBIRAMA,1,Ibirama,False,258
51,Santa Catarina,753755,Zona da Bacia do Itajaí,7533,IBIRAMA,3,José Boiteux,False,258
51,Santa Catarina,753755,Zona da Bacia do Itajaí,7534,ILHOTA,1,Ilhota,False,258
51,Santa Catarina,753755,Zona da Bacia do Itajaí,7535,INDAIAL,1,Indaial,False,258
51,Santa Catarina,753755,Zona da Bacia do Itajaí,7535,INDAIAL,3,Apiúna,False,258
51,Santa Catarina,753755,Zona da Bacia do Itajaí,7535,INDAIAL,5,Ascurra,False,258
51,Santa Catarina,753755,Zona da Bacia do Itajaí,7536,ITAJAÍ,1,Itajaí,False,258
51,Santa Catarina,753755,Zona da Bacia do Itajaí,7537,ITUPORANGA,1,Ituporanga,False,258
51,Santa Catarina,753755,Zona da Bacia do Itajaí,7537,ITUPORANGA,3,Atalanta,False,258
51,Santa Catarina,753755,Zona da Bacia do Itajaí,7537,ITUPORANGA,5,Imbuia,False,258
51,Santa Catarina,753755,Zona da Bacia do Itajaí,7537,ITUPORANGA,7,Perimbó,False,258
51,Santa Catarina,753755,Zona da Bacia do Itajaí,7537,ITUPORANGA,9,Rio dos Bugres,False,258
51,Santa Catarina,753755,Zona da Bacia do Itajaí,7538,LUÍS ALVES,1,Luís Alves,False,258
51,Santa Catarina,753755,Zona da Bacia do Itajaí,7539,PENHA,1,Penha,False,258
51,Santa Catarina,753755,Zona da Bacia do Itajaí,7540,POMERODE,1,Pomerode,False,258
51,Santa Catarina,753755,Zona da Bacia do Itajaí,7541,POUSO REDONDO,1,Pouso Redondo,False,258
51,Santa Catarina,753755,Zona da Bacia do Itajaí,7542,PRESIDENTE GETÚLIO,1,Presidente Getúlio,False,258
51,Santa Catarina,753755,Zona da Bacia do Itajaí,7542,PRESIDENTE GETÚLIO,3,Gustavo Richard,False,258
51,Santa Catarina,753755,Zona da Bacia do Itajaí,7542,PRESIDENTE GETÚLIO,5,Mirador,False,258
51,Santa Catarina,753755,Zona da Bacia do Itajaí,7542,PRESIDENTE GETÚLIO,7,Witmarsum,False,258
51,Santa Catarina,753755,Zona da Bacia do Itajaí,7543,RIO D&#x27;OESTE,1,Rio d&#x27;Oeste,False,258
51,Santa Catarina,753755,Zona da Bacia do Itajaí,7544,RIO DO SUL,1,Rio do Sul,False,259
51,Santa Catarina,753755,Zona da Bacia do Itajaí,7544,RIO DO SUL,3,Laurentino,False,259
51,Santa Catarina,753755,Zona da Bacia do Itajaí,7544,RIO DO SUL,5,Lontras,False,259
51,Santa Catarina,753755,Zona da Bacia do Itajaí,7545,RODEIO,1,Rodeio,False,259
51,Santa Catarina,753755,Zona da Bacia do Itajaí,7545,RODEIO,3,Benedito Novo,False,259
51,Santa Catarina,753755,Zona da Bacia do Itajaí,7545,RODEIO,5,Doutor Pedrinho,False,259
51,Santa Catarina,753755,Zona da Bacia do Itajaí,7546,TAIÓ,1,Taió,False,259
51,Santa Catarina,753755,Zona da Bacia do Itajaí,7546,TAIÓ,5,Ribeirão Grande,False,259
51,Santa Catarina,753755,Zona da Bacia do Itajaí,7546,TAIÓ,7,Rio do Campo,False,259
51,Santa Catarina,753755,Zona da Bacia do Itajaí,7547,TIMBÓ,1,Timbó,False,259
51,Santa Catarina,753755,Zona da Bacia do Itajaí,7547,TIMBÓ,3,Arrozeira,False,259
51,Santa Catarina,753755,Zona da Bacia do Itajaí,7548,TROMBUDO CENTRAL,1,Trombudo Central,False,259
51,Santa Catarina,753755,Zona da Bacia do Itajaí,7548,TROMBUDO CENTRAL,3,Braço do Trombudo,False,259
51,Santa Catarina,753755,Zona da Bacia do Itajaí,7548,TROMBUDO CENTRAL,5,Trombudo Alto,False,259
51,Santa Catarina,753755,Zona da Bacia do Itajaí,7549,VIDAL RAMOS,1,Vidal Ramos,False,259
51,Santa Catarina,753755,Zona da Bacia do Itajaí,7549,VIDAL RAMOS,3,Itaquá,False,259
51,Santa Catarina,740741,Zona de Florianópolis,7400,BIGUAÇU,1,Biguaçu,False,259
51,Santa Catarina,740741,Zona de Florianópolis,7400,BIGUAÇU,3,Antônio Carlos,False,259
51,Santa Catarina,740741,Zona de Florianópolis,7400,BIGUAÇU,5,Ganchos,False,259
51,Santa Catarina,740741,Zona de Florianópolis,7400,BIGUAÇU,7,Guaporunga,False,259
51,Santa Catarina,740741,Zona de Florianópolis,7401,CAMBORIÚ,1,Camboriú,False,259
51,Santa Catarina,740741,Zona de Florianópolis,7402,FLORIANÓPOLIS,1,Florianópolis,False,259
51,Santa Catarina,740741,Zona de Florianópolis,7402,FLORIANÓPOLIS,3,Cachoeira do Bom Jesus,False,260
51,Santa Catarina,740741,Zona de Florianópolis,7402,FLORIANÓPOLIS,5,Canasvieiras,False,260
51,Santa Catarina,740741,Zona de Florianópolis,7402,FLORIANÓPOLIS,7,Inglêses do Rio Vermelho,False,260
51,Santa Catarina,740741,Zona de Florianópolis,7402,FLORIANÓPOLIS,9,Lagoa,False,260
51,Santa Catarina,740741,Zona de Florianópolis,7402,FLORIANÓPOLIS,11,Ratones,False,260
51,Santa Catarina,740741,Zona de Florianópolis,7402,FLORIANÓPOLIS,13,Ribeirão da Ilha,False,260
51,Santa Catarina,740741,Zona de Florianópolis,7402,FLORIANÓPOLIS,15,Santo Antônio de Lisboa,False,260
51,Santa Catarina,740741,Zona de Florianópolis,7403,NOVA TRENTO,1,Nova Trento,False,260
51,Santa Catarina,740741,Zona de Florianópolis,7403,NOVA TRENTO,3,Aguti,False,260
51,Santa Catarina,740741,Zona de Florianópolis,7403,NOVA TRENTO,5,Claraíba,False,260
51,Santa Catarina,740741,Zona de Florianópolis,7403,NOVA TRENTO,7,Vargedo,False,260
51,Santa Catarina,740741,Zona de Florianópolis,7404,PALHOÇA,1,Palhoça,False,260
51,Santa Catarina,740741,Zona de Florianópolis,7404,PALHOÇA,3,Enseada de Brito,False,260
51,Santa Catarina,740741,Zona de Florianópolis,7404,PALHOÇA,5,Garopaba,False,260
51,Santa Catarina,740741,Zona de Florianópolis,7404,PALHOÇA,7,Paulo Lopes,False,260
51,Santa Catarina,740741,Zona de Florianópolis,7404,PALHOÇA,9,São Bonifácio,False,260
51,Santa Catarina,740741,Zona de Florianópolis,7405,PÔRTO BELO,1,Pôrto Belo,False,260
51,Santa Catarina,740741,Zona de Florianópolis,7405,PÔRTO BELO,3,Itapema,False,260
51,Santa Catarina,740741,Zona de Florianópolis,7406,SANTO AMARO DA IMPERATRIZ,1,Santo Amaro da Imperatriz,False,260
51,Santa Catarina,740741,Zona de Florianópolis,7406,SANTO AMARO DA IMPERATRIZ,3,Anitápolis,False,260
51,Santa Catarina,740741,Zona de Florianópolis,7406,SANTO AMARO DA IMPERATRIZ,5,Queçaba,False,260
51,Santa Catarina,740741,Zona de Florianópolis,7407,SÃO JOÃO BATISTA,1,São João Batista,False,260
51,Santa Catarina,740741,Zona de Florianópolis,7407,SÃO JOÃO BATISTA,3,Boiteauxburgo,False,260
51,Santa Catarina,740741,Zona de Florianópolis,7407,SÃO JOÃO BATISTA,5,Major,False,260
51,Santa Catarina,740741,Zona de Florianópolis,7407,SÃO JOÃO BATISTA,7,Tijipió,False,260
51,Santa Catarina,740741,Zona de Florianópolis,7408,SÃO JOSÉ,1,São José,False,260
51,Santa Catarina,740741,Zona de Florianópolis,7408,SÃO JOSÉ,3,Angelina,False,260
51,Santa Catarina,740741,Zona de Florianópolis,7408,SÃO JOSÉ,7,Garcia,False,260
51,Santa Catarina,740741,Zona de Florianópolis,7408,SÃO JOSÉ,9,Rancho Queimado,False,261
51,Santa Catarina,740741,Zona de Florianópolis,7408,SÃO JOSÉ,11,São Pedro de Alcântara,False,261
51,Santa Catarina,740741,Zona de Florianópolis,7409,TIJUCAS,1,Tijucas,False,261
51,Santa Catarina,740741,Zona de Florianópolis,7409,TIJUCAS,3,Canelinha,False,261
51,Santa Catarina,742744,Zona de Laguna,7420,ARARANGUÁ,1,Araranguá,False,261
51,Santa Catarina,742744,Zona de Laguna,7420,ARARANGUÁ,3,Hercílio Luz,False,261
51,Santa Catarina,742744,Zona de Laguna,7420,ARARANGUÁ,5,Maracajá,False,261
51,Santa Catarina,742744,Zona de Laguna,7421,ARMAZÉM,1,Armazém,False,261
51,Santa Catarina,742744,Zona de Laguna,7422,BRAÇO DO NORTE,1,Braço do Norte,False,261
51,Santa Catarina,742744,Zona de Laguna,7423,CRICIÚMA,1,Criciúma,False,261
51,Santa Catarina,742744,Zona de Laguna,7423,CRICIÚMA,3,Forquilhinha,False,261
51,Santa Catarina,742744,Zona de Laguna,7423,CRICIÚMA,5,Içara,False,261
51,Santa Catarina,742744,Zona de Laguna,7423,CRICIÚMA,7,Rio Maina,False,261
51,Santa Catarina,742744,Zona de Laguna,7424,GRÃO PARÁ,1,Grão Pará,False,261
51,Santa Catarina,742744,Zona de Laguna,7425,IMBITUBA,1,Imbituba,False,261
51,Santa Catarina,742744,Zona de Laguna,7425,IMBITUBA,3,Mirim,False,261
51,Santa Catarina,742744,Zona de Laguna,7426,IMARUÍ,1,Imaruí,False,261
51,Santa Catarina,742744,Zona de Laguna,7426,IMARUÍ,3,Praia Redonda,False,261
51,Santa Catarina,742744,Zona de Laguna,7426,IMARUÍ,5,Rio d&#x27;Una,False,261
51,Santa Catarina,742744,Zona de Laguna,7426,IMARUÍ,7,Vargem do Cedro,False,261
51,Santa Catarina,742744,Zona de Laguna,7427,JACINTO MACHADO,1,Jacinto Machado,False,261
51,Santa Catarina,742744,Zona de Laguna,7428,JAGUARUNA,1,Jaguaruna,False,262
51,Santa Catarina,742744,Zona de Laguna,7428,JAGUARUNA,3,Sangão,False,262
51,Santa Catarina,742744,Zona de Laguna,7429,LAGUNA,1,Laguna,False,262
51,Santa Catarina,742744,Zona de Laguna,7429,LAGUNA,3,Pescaria Brava,False,262
51,Santa Catarina,742744,Zona de Laguna,7429,LAGUNA,5,Ribeirão Pequeno,False,262
51,Santa Catarina,742744,Zona de Laguna,7430,LAURO MÜLLER,1,Lauro Müller,False,262
51,Santa Catarina,742744,Zona de Laguna,7431,NOVA VENEZA,1,Nova Veneza,False,262
51,Santa Catarina,742744,Zona de Laguna,7432,ORLEÃES,1,Orleães,False,262
51,Santa Catarina,742744,Zona de Laguna,7432,ORLEÃES,3,Pindotiba,False,262
51,Santa Catarina,742744,Zona de Laguna,7433,PRAIA GRANDE,1,Praia Grande,False,262
51,Santa Catarina,742744,Zona de Laguna,7434,RIO FORTUNA,1,Rio Fortuna,False,262
51,Santa Catarina,742744,Zona de Laguna,7435,SIDERÓPOLIS,1,Siderópolis,False,262
51,Santa Catarina,742744,Zona de Laguna,7435,SIDERÓPOLIS,3,Treviso,False,262
51,Santa Catarina,742744,Zona de Laguna,7436,SOMBRIO,1,Sombrio,False,262
51,Santa Catarina,742744,Zona de Laguna,7436,SOMBRIO,3,Passo do Sertão,False,262
51,Santa Catarina,742744,Zona de Laguna,7436,SOMBRIO,5,Santa Rosa,False,262
51,Santa Catarina,742744,Zona de Laguna,7437,TUBARÃO,1,Tubarão,False,262
51,Santa Catarina,742744,Zona de Laguna,7437,TUBARÃO,3,Azambuja,False,262
51,Santa Catarina,742744,Zona de Laguna,7437,TUBARÃO,5,Gravatal,False,262
51,Santa Catarina,742744,Zona de Laguna,7437,TUBARÃO,7,Pedras Grandes,False,262
51,Santa Catarina,742744,Zona de Laguna,7437,TUBARÃO,9,Treze de Maio,False,262
51,Santa Catarina,742744,Zona de Laguna,7438,TURVO,1,Turvo,False,263
51,Santa Catarina,742744,Zona de Laguna,7438,TURVO,3,Êrmo,False,263
51,Santa Catarina,742744,Zona de Laguna,7438,TURVO,5,Meleiro,False,263
51,Santa Catarina,742744,Zona de Laguna,7438,TURVO,7,Timbé,False,263
51,Santa Catarina,742744,Zona de Laguna,7439,URUSSANGA,1,Urussanga,False,263
51,Santa Catarina,742744,Zona de Laguna,7439,URUSSANGA,3,Cocal,False,263
51,Santa Catarina,742744,Zona de Laguna,7439,URUSSANGA,5,Morro da Fumaça,False,263
51,Santa Catarina,745,Zona de Canoinhas,7450,CAMPO ALEGRE,1,Campo Alegre,False,263
51,Santa Catarina,745,Zona de Canoinhas,7451,CANOINHAS,1,Canoinhas,False,263
51,Santa Catarina,745,Zona de Canoinhas,7451,CANOINHAS,5,Felipe Schmidt,False,263
51,Santa Catarina,745,Zona de Canoinhas,7451,CANOINHAS,7,Major Vieira,False,263
51,Santa Catarina,745,Zona de Canoinhas,7451,CANOINHAS,9,Paula Pereira,False,263
51,Santa Catarina,745,Zona de Canoinhas,7451,CANOINHAS,11,Três Barras,False,263
51,Santa Catarina,745,Zona de Canoinhas,7452,ITAIÓPOLIS,1,Itaiópolis,False,263
51,Santa Catarina,745,Zona de Canoinhas,7452,ITAIÓPOLIS,3,Iraputã,False,263
51,Santa Catarina,745,Zona de Canoinhas,7452,ITAIÓPOLIS,5,Itaió,False,263
51,Santa Catarina,745,Zona de Canoinhas,7453,MAFRA,1,Mafra,False,263
51,Santa Catarina,745,Zona de Canoinhas,7453,MAFRA,3,Bela Vista do Sul,False,263
51,Santa Catarina,745,Zona de Canoinhas,7453,MAFRA,5,Rio Prêto do Sul,False,263
51,Santa Catarina,745,Zona de Canoinhas,7454,PAPANDUVA,1,Papanduva,False,263
51,Santa Catarina,745,Zona de Canoinhas,7454,PAPANDUVA,3,Monte Castelo,False,263
51,Santa Catarina,745,Zona de Canoinhas,7455,PÔRTO UNIÃO,1,Pôrto União,False,263
51,Santa Catarina,745,Zona de Canoinhas,7455,PÔRTO UNIÃO,3,Calmon,False,263
51,Santa Catarina,745,Zona de Canoinhas,7455,PÔRTO UNIÃO,5,Irineópolis,False,263
51,Santa Catarina,745,Zona de Canoinhas,7455,PÔRTO UNIÃO,7,Matos Costa,False,264
51,Santa Catarina,745,Zona de Canoinhas,7455,PÔRTO UNIÃO,9,Poço Prêto,False,264
51,Santa Catarina,745,Zona de Canoinhas,7455,PÔRTO UNIÃO,11,Santa Cruz do Timbó,False,264
51,Santa Catarina,745,Zona de Canoinhas,7456,RIO NEGRINHO,1,Rio Negrinho,False,264
51,Santa Catarina,745,Zona de Canoinhas,7457,SÃO BENTO DO SUL,1,São Bento do Sul,False,264
51,Santa Catarina,747748,Zona do Rio do Peixe,7470,ÁGUA DOCE,1,Água Doce,False,264
51,Santa Catarina,747748,Zona do Rio do Peixe,7470,ÁGUA DOCE,3,Herciliópolis,False,264
51,Santa Catarina,747748,Zona do Rio do Peixe,7471,CAÇADOR,1,Caçador,False,264
51,Santa Catarina,747748,Zona do Rio do Peixe,7471,CAÇADOR,3,Macieira,False,264
51,Santa Catarina,747748,Zona do Rio do Peixe,7471,CAÇADOR,5,Taquara Verde,False,264
51,Santa Catarina,747748,Zona do Rio do Peixe,7472,CAPINZAL,1,Capinzal,False,264
51,Santa Catarina,747748,Zona do Rio do Peixe,7472,CAPINZAL,3,Dois Irmãos,False,264
51,Santa Catarina,747748,Zona do Rio do Peixe,7472,CAPINZAL,5,Lacerdópolis,False,264
51,Santa Catarina,747748,Zona do Rio do Peixe,7473,CONCÓRDIA,1,Concórdia,False,264
51,Santa Catarina,747748,Zona do Rio do Peixe,7473,CONCÓRDIA,3,Arabutã,False,264
51,Santa Catarina,747748,Zona do Rio do Peixe,7473,CONCÓRDIA,5,Ipumirim,False,264
51,Santa Catarina,747748,Zona do Rio do Peixe,7473,CONCÓRDIA,7,Lindóia,False,264
51,Santa Catarina,747748,Zona do Rio do Peixe,7473,CONCÓRDIA,9,Volta Grande,False,264
51,Santa Catarina,747748,Zona do Rio do Peixe,7474,HERVAL D&#x27;OESTE,1,Herval d&#x27;Oeste,False,264
51,Santa Catarina,747748,Zona do Rio do Peixe,7475,ITÁ,1,Itá,False,264
51,Santa Catarina,747748,Zona do Rio do Peixe,7476,JOAÇABA,1,Joaçaba,False,264
51,Santa Catarina,747748,Zona do Rio do Peixe,7476,JOAÇABA,3,Catanduvas,False,265
51,Santa Catarina,747748,Zona do Rio do Peixe,7476,JOAÇABA,5,Ibicaré,False,265
51,Santa Catarina,747748,Zona do Rio do Peixe,7476,JOAÇABA,7,Irani,False,265
51,Santa Catarina,747748,Zona do Rio do Peixe,7476,JOAÇABA,9,Jaborá,False,265
51,Santa Catarina,747748,Zona do Rio do Peixe,7476,JOAÇABA,11,Luzerna,False,265
51,Santa Catarina,747748,Zona do Rio do Peixe,7476,JOAÇABA,13,Nova Petrópolis,False,265
51,Santa Catarina,747748,Zona do Rio do Peixe,7476,JOAÇABA,15,Treze Tílias,False,265
51,Santa Catarina,747748,Zona do Rio do Peixe,7477,PIRATUBA,1,Piratuba,False,265
51,Santa Catarina,747748,Zona do Rio do Peixe,7477,PIRATUBA,3,Estêves Júnior,False,265
51,Santa Catarina,747748,Zona do Rio do Peixe,7477,PIRATUBA,5,Uruguai,False,265
51,Santa Catarina,747748,Zona do Rio do Peixe,7478,PONTE SERRADA,1,Ponte Serrada,False,265
51,Santa Catarina,747748,Zona do Rio do Peixe,7478,PONTE SERRADA,3,Coronel Passos Maia,False,265
51,Santa Catarina,747748,Zona do Rio do Peixe,7479,RIO DAS ANTAS,1,Rio das Antas,False,265
51,Santa Catarina,747748,Zona do Rio do Peixe,7479,RIO DAS ANTAS,3,Ipoméia,False,265
51,Santa Catarina,747748,Zona do Rio do Peixe,7480,SEARA,1,Seara,False,265
51,Santa Catarina,747748,Zona do Rio do Peixe,7480,SEARA,3,Caraíba,False,265
51,Santa Catarina,747748,Zona do Rio do Peixe,7480,SEARA,5,Nova Teutônia,False,265
51,Santa Catarina,747748,Zona do Rio do Peixe,7480,SEARA,7,Xavantina,False,265
51,Santa Catarina,747748,Zona do Rio do Peixe,7481,TANGARÁ,1,Tangará,False,265
51,Santa Catarina,747748,Zona do Rio do Peixe,7481,TANGARÁ,3,Ibiam,False,265
51,Santa Catarina,747748,Zona do Rio do Peixe,7481,TANGARÁ,5,Marari,False,265
51,Santa Catarina,747748,Zona do Rio do Peixe,7482,VIDEIRA,1,Videira,False,265
51,Santa Catarina,747748,Zona do Rio do Peixe,7482,VIDEIRA,3,Anta Gorda,False,265
51,Santa Catarina,747748,Zona do Rio do Peixe,7482,VIDEIRA,5,Arroio Trinta,False,265
51,Santa Catarina,747748,Zona do Rio do Peixe,7482,VIDEIRA,7,Dez de Novembro,False,265
51,Santa Catarina,747748,Zona do Rio do Peixe,7482,VIDEIRA,9,Iomerê,False,265
51,Santa Catarina,747748,Zona do Rio do Peixe,7482,VIDEIRA,11,Lourdes,False,265
51,Santa Catarina,747748,Zona do Rio do Peixe,7482,VIDEIRA,13,Pinheiro Prêto,False,265
51,Santa Catarina,747748,Zona do Rio do Peixe,7482,VIDEIRA,15,Veloso,False,265
51,Santa Catarina,750751,Zona do Oeste,7500,ABELARDO LUZ,1,Abelardo Luz,False,266
51,Santa Catarina,750751,Zona do Oeste,7501,CAMPO ERÊ,1,Campo Erê,False,266
51,Santa Catarina,750751,Zona do Oeste,7502,CHAPECÓ,1,Chapecó,False,266
51,Santa Catarina,750751,Zona do Oeste,7502,CHAPECÓ,3,Águas de Chapecó,False,266
51,Santa Catarina,750751,Zona do Oeste,7502,CHAPECÓ,5,Cairu,False,266
51,Santa Catarina,750751,Zona do Oeste,7502,CHAPECÓ,7,Caxambu,False,266
51,Santa Catarina,750751,Zona do Oeste,7502,CHAPECÓ,9,Coronel Freitas,False,266
51,Santa Catarina,750751,Zona do Oeste,7502,CHAPECÓ,11,Guatambu,False,266
51,Santa Catarina,750751,Zona do Oeste,7502,CHAPECÓ,13,Itaberaba,False,266
51,Santa Catarina,750751,Zona do Oeste,7502,CHAPECÓ,15,Marechal Bormann,False,266
51,Santa Catarina,750751,Zona do Oeste,7502,CHAPECÓ,17,Quilombo,False,266
51,Santa Catarina,750751,Zona do Oeste,7502,CHAPECÓ,19,Serrinha,False,266
51,Santa Catarina,750751,Zona do Oeste,7503,CUNHA PORÃ,1,Cunha Porã,False,266
51,Santa Catarina,750751,Zona do Oeste,7504,DESCANSO,1,Descanso,False,266
51,Santa Catarina,750751,Zona do Oeste,7505,DIONÍSIO CERQUEIRA,1,Dionísio Cerqueira,False,266
51,Santa Catarina,750751,Zona do Oeste,7505,DIONÍSIO CERQUEIRA,3,Guarujá,False,266
51,Santa Catarina,750751,Zona do Oeste,7505,DIONÍSIO CERQUEIRA,5,Palma Sola,False,266
51,Santa Catarina,750751,Zona do Oeste,7505,DIONÍSIO CERQUEIRA,7,Pessegueiro,False,266
51,Santa Catarina,750751,Zona do Oeste,7506,FACHINAL DOS GUEDES,1,Fachinal dos Guedes,False,266
51,Santa Catarina,750751,Zona do Oeste,7507,ITAPIRANGA,1,Itapiranga,False,266
51,Santa Catarina,750751,Zona do Oeste,7507,ITAPIRANGA,3,São João,False,266
51,Santa Catarina,750751,Zona do Oeste,7508,MARAVILHA,1,Maravilha,False,266
51,Santa Catarina,750751,Zona do Oeste,7509,MONDAÍ,1,Mondaí,False,266
51,Santa Catarina,750751,Zona do Oeste,7509,MONDAÍ,3,Iporã,False,266
51,Santa Catarina,750751,Zona do Oeste,7509,MONDAÍ,5,Riqueza,False,266
51,Santa Catarina,750751,Zona do Oeste,7510,PALMITOS,1,Palmitos,False,267
51,Santa Catarina,750751,Zona do Oeste,7510,PALMITOS,3,Caibi,False,267
51,Santa Catarina,750751,Zona do Oeste,7511,SÃO CARLOS,1,São Carlos,False,267
51,Santa Catarina,750751,Zona do Oeste,7511,SÃO CARLOS,3,Pinhalzinho,False,267
51,Santa Catarina,750751,Zona do Oeste,7511,SÃO CARLOS,5,Saudade,False,267
51,Santa Catarina,750751,Zona do Oeste,7511,SÃO CARLOS,7,Vila Modêlo,False,267
51,Santa Catarina,750751,Zona do Oeste,7512,SÃO JOSÉ DO CEDRO,1,São José do Cedro,False,267
51,Santa Catarina,750751,Zona do Oeste,7513,SÃO LOURENÇO D&#x27;OESTE,1,São Lourenço d&#x27;Oeste,False,267
51,Santa Catarina,750751,Zona do Oeste,7514,SÃO MIGUEL D&#x27;OESTE,1,São Miguel d&#x27;Oeste,False,267
51,Santa Catarina,750751,Zona do Oeste,7514,SÃO MIGUEL D&#x27;OESTE,3,Anchieta,False,267
51,Santa Catarina,750751,Zona do Oeste,7514,SÃO MIGUEL D&#x27;OESTE,5,Bandeirante,False,267
51,Santa Catarina,750751,Zona do Oeste,7514,SÃO MIGUEL D&#x27;OESTE,7,Guaraciaba,False,267
51,Santa Catarina,750751,Zona do Oeste,7514,SÃO MIGUEL D&#x27;OESTE,9,Paraíso,False,267
51,Santa Catarina,750751,Zona do Oeste,7514,SÃO MIGUEL D&#x27;OESTE,11,Romelândia,False,267
51,Santa Catarina,750751,Zona do Oeste,7515,XANXERÊ,1,Xanxerê,False,267
51,Santa Catarina,750751,Zona do Oeste,7515,XANXERÊ,3,Bom Jesus,False,267
51,Santa Catarina,750751,Zona do Oeste,7516,XAXIM,1,Xaxim,False,267
51,Santa Catarina,750751,Zona do Oeste,7516,XAXIM,13,São Domingos,False,267
51,Santa Catarina,746,Zona dos Campos de Lajes,7460,BOM RETIRO,1,Bom Retiro,False,267
51,Santa Catarina,746,Zona dos Campos de Lajes,7460,BOM RETIRO,3,Barracão,False,267
51,Santa Catarina,746,Zona dos Campos de Lajes,7460,BOM RETIRO,5,Canoas,False,267
51,Santa Catarina,746,Zona dos Campos de Lajes,7460,BOM RETIRO,7,Catuíra,False,267
51,Santa Catarina,746,Zona dos Campos de Lajes,7461,CAMPOS NOVOS,1,Campos Novos,False,267
51,Santa Catarina,746,Zona dos Campos de Lajes,7461,CAMPOS NOVOS,3,Abdon Batista,False,267
51,Santa Catarina,746,Zona dos Campos de Lajes,7461,CAMPOS NOVOS,5,Barra Fria,False,267
51,Santa Catarina,746,Zona dos Campos de Lajes,7461,CAMPOS NOVOS,7,Dal&#x27;Pai,False,268
51,Santa Catarina,746,Zona dos Campos de Lajes,7461,CAMPOS NOVOS,9,Erval Velho,False,268
51,Santa Catarina,746,Zona dos Campos de Lajes,7461,CAMPOS NOVOS,11,Espinilho,False,268
51,Santa Catarina,746,Zona dos Campos de Lajes,7461,CAMPOS NOVOS,13,Leão,False,268
51,Santa Catarina,746,Zona dos Campos de Lajes,7461,CAMPOS NOVOS,15,Palmares,False,268
51,Santa Catarina,746,Zona dos Campos de Lajes,7461,CAMPOS NOVOS,17,Tupitinga,False,268
51,Santa Catarina,746,Zona dos Campos de Lajes,7461,CAMPOS NOVOS,19,Vargem,False,268
51,Santa Catarina,746,Zona dos Campos de Lajes,7462,CURITIBANOS,1,Curitibanos,False,268
51,Santa Catarina,746,Zona dos Campos de Lajes,7462,CURITIBANOS,3,Frei Rogério,False,268
51,Santa Catarina,746,Zona dos Campos de Lajes,7462,CURITIBANOS,5,Liberata,False,268
51,Santa Catarina,746,Zona dos Campos de Lajes,7462,CURITIBANOS,7,Ponte Alta,False,268
51,Santa Catarina,746,Zona dos Campos de Lajes,7463,LAJES,1,Lajes,False,268
51,Santa Catarina,746,Zona dos Campos de Lajes,7463,LAJES,3,Anita Garibaldi,False,268
51,Santa Catarina,746,Zona dos Campos de Lajes,7463,LAJES,5,Bocaina do Sul,False,268
51,Santa Catarina,746,Zona dos Campos de Lajes,7463,LAJES,7,Campo Belo do Sul,False,268
51,Santa Catarina,746,Zona dos Campos de Lajes,7463,LAJES,9,Capão Alto,False,268
51,Santa Catarina,746,Zona dos Campos de Lajes,7463,LAJES,11,Celso Ramos,False,268
51,Santa Catarina,746,Zona dos Campos de Lajes,7463,LAJES,13,Cêrro Negro,False,268
51,Santa Catarina,746,Zona dos Campos de Lajes,7463,LAJES,15,Correia Pinto,False,268
51,Santa Catarina,746,Zona dos Campos de Lajes,7463,LAJES,17,Índios,False,268
51,Santa Catarina,746,Zona dos Campos de Lajes,7463,LAJES,21,Painel,False,268
51,Santa Catarina,746,Zona dos Campos de Lajes,7463,LAJES,23,Palmeira,False,268
51,Santa Catarina,746,Zona dos Campos de Lajes,7463,LAJES,25,São José do Cerrito,False,268
51,Santa Catarina,746,Zona dos Campos de Lajes,7464,LEBON RÉGIS,1,Lebon Régis,False,268
51,Santa Catarina,746,Zona dos Campos de Lajes,7464,LEBON RÉGIS,3,São Sebastião do Sul,False,268
51,Santa Catarina,746,Zona dos Campos de Lajes,7465,SANTA CECÍLIA,1,Santa Cecília,False,268
51,Santa Catarina,746,Zona dos Campos de Lajes,7466,SÃO JOAQUIM,1,São Joaquim,False,268
51,Santa Catarina,746,Zona dos Campos de Lajes,7466,SÃO JOAQUIM,3,Bom Jardim da Serra,False,268
51,Santa Catarina,746,Zona dos Campos de Lajes,7466,SÃO JOAQUIM,5,Urupema,False,268
51,Santa Catarina,746,Zona dos Campos de Lajes,7467,URUBICI,1,Urubici,False,268
51,Santa Catarina,746,Zona dos Campos de Lajes,7467,URUBICI,3,Águas Brancas,False,268
51,Santa Catarina,746,Zona dos Campos de Lajes,7467,URUBICI,5,Rio Rufino,False,268
51,Rio Grande do Sul,850,Zona do Litoral,8500,OSÓRIO,1,Osório,False,269
51,Rio Grande do Sul,850,Zona do Litoral,8500,OSÓRIO,3,Barra do Ouro,False,269
51,Rio Grande do Sul,850,Zona do Litoral,8500,OSÓRIO,5,Capão da Canoa,False,269
51,Rio Grande do Sul,850,Zona do Litoral,8500,OSÓRIO,7,Itati,False,269
51,Rio Grande do Sul,850,Zona do Litoral,8500,OSÓRIO,9,Maquiné,False,269
51,Rio Grande do Sul,850,Zona do Litoral,8500,OSÓRIO,11,Palmares do Sul,False,269
51,Rio Grande do Sul,850,Zona do Litoral,8500,OSÓRIO,13,Passinhos,False,269
51,Rio Grande do Sul,850,Zona do Litoral,8500,OSÓRIO,15,Terra de Areia,False,269
51,Rio Grande do Sul,850,Zona do Litoral,8500,OSÓRIO,17,Tramandaí,False,269
51,Rio Grande do Sul,850,Zona do Litoral,8501,RIO GRANDE,1,Rio Grande,False,269
51,Rio Grande do Sul,850,Zona do Litoral,8501,RIO GRANDE,3,Cassino,False,269
51,Rio Grande do Sul,850,Zona do Litoral,8501,RIO GRANDE,5,Povo Novo,False,269
51,Rio Grande do Sul,850,Zona do Litoral,8501,RIO GRANDE,7,Quinta,False,269
51,Rio Grande do Sul,850,Zona do Litoral,8501,RIO GRANDE,9,Taim,False,269
51,Rio Grande do Sul,850,Zona do Litoral,8502,SANTA VITÓRIA DO PALMAR,1,Santa Vitória do Palmar,False,269
51,Rio Grande do Sul,850,Zona do Litoral,8502,SANTA VITÓRIA DO PALMAR,3,Chuí,False,269
51,Rio Grande do Sul,850,Zona do Litoral,8503,SÃO JOSÉ DO NORTE,1,São José do Norte,False,269
51,Rio Grande do Sul,850,Zona do Litoral,8503,SÃO JOSÉ DO NORTE,3,Bojuru,False,269
51,Rio Grande do Sul,850,Zona do Litoral,8503,SÃO JOSÉ DO NORTE,5,Estreito,False,269
51,Rio Grande do Sul,850,Zona do Litoral,8503,SÃO JOSÉ DO NORTE,7,Mostardas,False,269
51,Rio Grande do Sul,850,Zona do Litoral,8503,SÃO JOSÉ DO NORTE,9,Tavares,False,269
51,Rio Grande do Sul,850,Zona do Litoral,8504,TÔRRES,1,Tôrres,False,269
51,Rio Grande do Sul,850,Zona do Litoral,8504,TÔRRES,3,Glória,False,269
51,Rio Grande do Sul,850,Zona do Litoral,8504,TÔRRES,5,Morro Azul,False,269
51,Rio Grande do Sul,850,Zona do Litoral,8504,TÔRRES,7,São Pedro de Alcântara,False,269
51,Rio Grande do Sul,850,Zona do Litoral,8504,TÔRRES,9,Três Cachoeiras,False,269
51,Rio Grande do Sul,850,Zona do Litoral,8504,TÔRRES,11,Três Forquilhas,False,269
51,Rio Grande do Sul,825827,Zona da Depressão Central,8250,AGUDO,1,Agudo,False,270
51,Rio Grande do Sul,825827,Zona da Depressão Central,8251,BARRA DO RIBEIRO,1,Barra do Ribeiro,False,270
51,Rio Grande do Sul,825827,Zona da Depressão Central,8252,BOM RETIRO DO SUL,1,Bom Retiro do Sul,False,270
51,Rio Grande do Sul,825827,Zona da Depressão Central,8253,CACEQUI,1,Cacequi,False,270
51,Rio Grande do Sul,825827,Zona da Depressão Central,8253,CACEQUI,3,Saicã,False,270
51,Rio Grande do Sul,825827,Zona da Depressão Central,8253,CACEQUI,5,Umbu,False,270
51,Rio Grande do Sul,825827,Zona da Depressão Central,8254,CACHOEIRA DO SUL,1,Cachoeira do Sul,False,270
51,Rio Grande do Sul,825827,Zona da Depressão Central,8254,CACHOEIRA DO SUL,3,Barro Vermelho,False,270
51,Rio Grande do Sul,825827,Zona da Depressão Central,8254,CACHOEIRA DO SUL,5,Capané,False,270
51,Rio Grande do Sul,825827,Zona da Depressão Central,8254,CACHOEIRA DO SUL,13,Cêrro Branco,False,270
51,Rio Grande do Sul,825827,Zona da Depressão Central,8254,CACHOEIRA DO SUL,7,Cordilheira,False,270
51,Rio Grande do Sul,825827,Zona da Depressão Central,8254,CACHOEIRA DO SUL,9,Ferreira,False,270
51,Rio Grande do Sul,825827,Zona da Depressão Central,8254,CACHOEIRA DO SUL,11,Paraíso do Sul,False,270
51,Rio Grande do Sul,825827,Zona da Depressão Central,8255,CANOAS,1,Canoas,False,270
51,Rio Grande do Sul,825827,Zona da Depressão Central,8255,CANOAS,3,Santa Rita,False,270
51,Rio Grande do Sul,825827,Zona da Depressão Central,8256,ESTEIO,1,Esteio,False,270
51,Rio Grande do Sul,825827,Zona da Depressão Central,8257,FAXINAL DO SOTURNO,1,Faxinal do Soturno,False,270
51,Rio Grande do Sul,825827,Zona da Depressão Central,8257,FAXINAL DO SOTURNO,3,São José do Polesine,False,270
51,Rio Grande do Sul,825827,Zona da Depressão Central,8258,GENERAL CÂMARA,1,General Câmara,False,270
51,Rio Grande do Sul,825827,Zona da Depressão Central,8258,GENERAL CÂMARA,3,Melos,False,270
51,Rio Grande do Sul,825827,Zona da Depressão Central,8258,GENERAL CÂMARA,5,Santo Amaro do Sul,False,270
51,Rio Grande do Sul,825827,Zona da Depressão Central,8259,GENERAL VARGAS,1,General Vargas,False,271
51,Rio Grande do Sul,825827,Zona da Depressão Central,8259,GENERAL VARGAS,3,Clara,False,271
51,Rio Grande do Sul,825827,Zona da Depressão Central,8259,GENERAL VARGAS,5,Demétrio Ribeiro,False,271
51,Rio Grande do Sul,825827,Zona da Depressão Central,8259,GENERAL VARGAS,7,Loreto,False,271
51,Rio Grande do Sul,825827,Zona da Depressão Central,8259,GENERAL VARGAS,9,Mata,False,271
51,Rio Grande do Sul,825827,Zona da Depressão Central,8260,GRAVATAÍ,1,Gravataí,False,271
51,Rio Grande do Sul,825827,Zona da Depressão Central,8260,GRAVATAÍ,3,Cachoeirinha,False,271
51,Rio Grande do Sul,825827,Zona da Depressão Central,8260,GRAVATAÍ,11,Dom Feliciano,False,271
51,Rio Grande do Sul,825827,Zona da Depressão Central,8260,GRAVATAÍ,5,Glorinha,False,271
51,Rio Grande do Sul,825827,Zona da Depressão Central,8260,GRAVATAÍ,7,Ipiranga,False,271
51,Rio Grande do Sul,825827,Zona da Depressão Central,8260,GRAVATAÍ,9,Morungava,False,271
51,Rio Grande do Sul,825827,Zona da Depressão Central,8261,GUAÍBA,1,Guaíba,False,271
51,Rio Grande do Sul,825827,Zona da Depressão Central,8261,GUAÍBA,3,Bom Retiro do Guaíba,False,271
51,Rio Grande do Sul,825827,Zona da Depressão Central,8261,GUAÍBA,5,Mariana Pimentel,False,271
51,Rio Grande do Sul,825827,Zona da Depressão Central,8261,GUAÍBA,7,Sertão de Santana,False,271
51,Rio Grande do Sul,825827,Zona da Depressão Central,8262,PÔRTO ALEGRE,1,Pôrto Alegre,False,271
51,Rio Grande do Sul,825827,Zona da Depressão Central,8262,PÔRTO ALEGRE,3,Belém Novo,False,271
51,Rio Grande do Sul,825827,Zona da Depressão Central,8262,PÔRTO ALEGRE,5,Pintada,False,271
51,Rio Grande do Sul,825827,Zona da Depressão Central,8263,RESTINGA SÊCA,1,Restinga Sêca,False,271
51,Rio Grande do Sul,825827,Zona da Depressão Central,8264,RIO PARDO,1,Rio Pardo,False,271
51,Rio Grande do Sul,825827,Zona da Depressão Central,8264,RIO PARDO,11,Albardão,False,271
51,Rio Grande do Sul,825827,Zona da Depressão Central,8264,RIO PARDO,3,Bexiga,False,271
51,Rio Grande do Sul,825827,Zona da Depressão Central,8264,RIO PARDO,5,Capivarita,False,271
51,Rio Grande do Sul,825827,Zona da Depressão Central,8264,RIO PARDO,7,Passo do Sobrado,False,271
51,Rio Grande do Sul,825827,Zona da Depressão Central,8264,RIO PARDO,9,Rincão del Rei,False,271
51,Rio Grande do Sul,825827,Zona da Depressão Central,8265,SANTA MARIA,1,Santa Maria,False,272
51,Rio Grande do Sul,825827,Zona da Depressão Central,8265,SANTA MARIA,3,Arroio do Só,False,272
51,Rio Grande do Sul,825827,Zona da Depressão Central,8265,SANTA MARIA,5,Bôca do Monte,False,272
51,Rio Grande do Sul,825827,Zona da Depressão Central,8265,SANTA MARIA,7,Camobi,False,272
51,Rio Grande do Sul,825827,Zona da Depressão Central,8265,SANTA MARIA,9,Dilermando de Aguiar,False,272
51,Rio Grande do Sul,825827,Zona da Depressão Central,8265,SANTA MARIA,11,Itaara,False,272
51,Rio Grande do Sul,825827,Zona da Depressão Central,8265,SANTA MARIA,13,São Martinho,False,272
51,Rio Grande do Sul,825827,Zona da Depressão Central,8265,SANTA MARIA,15,Silveira Martins,False,272
51,Rio Grande do Sul,825827,Zona da Depressão Central,8266,SÃO JERÔNIMO,1,São Jerônimo,False,272
51,Rio Grande do Sul,825827,Zona da Depressão Central,8266,SÃO JERÔNIMO,3,Arroio dos Ratos,False,272
51,Rio Grande do Sul,825827,Zona da Depressão Central,8266,SÃO JERÔNIMO,5,Barão do Triunfo,False,272
51,Rio Grande do Sul,825827,Zona da Depressão Central,8266,SÃO JERÔNIMO,7,Butiá,False,272
51,Rio Grande do Sul,825827,Zona da Depressão Central,8267,SÃO PEDRO DO SUL,1,São Pedro do Sul,False,272
51,Rio Grande do Sul,825827,Zona da Depressão Central,8268,SÃO SEPÉ,1,São Sepé,False,272
51,Rio Grande do Sul,825827,Zona da Depressão Central,8268,SÃO SEPÉ,3,Formigueiro,False,272
51,Rio Grande do Sul,825827,Zona da Depressão Central,8268,SÃO SEPÉ,5,Vila Block,False,272
51,Rio Grande do Sul,825827,Zona da Depressão Central,8269,TAQUARI,1,Taquari,False,272
51,Rio Grande do Sul,825827,Zona da Depressão Central,8269,TAQUARI,3,Paverama,False,272
51,Rio Grande do Sul,825827,Zona da Depressão Central,8269,TAQUARI,5,Tabaí,False,272
51,Rio Grande do Sul,825827,Zona da Depressão Central,8270,TRIUNFO,1,Triunfo,False,272
51,Rio Grande do Sul,825827,Zona da Depressão Central,8270,TRIUNFO,3,Costa da Cadeia,False,272
51,Rio Grande do Sul,825827,Zona da Depressão Central,8270,TRIUNFO,5,Passo Raso,False,272
51,Rio Grande do Sul,825827,Zona da Depressão Central,8270,TRIUNFO,7,Pôrto Batista,False,272
51,Rio Grande do Sul,825827,Zona da Depressão Central,8271,VIAMÃO,1,Viamão,False,272
51,Rio Grande do Sul,825827,Zona da Depressão Central,8271,VIAMÃO,3,Itapoã,False,272
51,Rio Grande do Sul,825827,Zona da Depressão Central,8271,VIAMÃO,5,Passo do Feijó,False,272
51,Rio Grande do Sul,825827,Zona da Depressão Central,8271,VIAMÃO,7,Passo do Sabão,False,272
51,Rio Grande do Sul,810,Zona das Missões,8100,CÊRRO LARGO,1,Cêrro Largo,False,273
51,Rio Grande do Sul,810,Zona das Missões,8100,CÊRRO LARGO,3,Pôrto Xavier,False,273
51,Rio Grande do Sul,810,Zona das Missões,8100,CÊRRO LARGO,5,Roque Gonzales,False,273
51,Rio Grande do Sul,810,Zona das Missões,8100,CÊRRO LARGO,7,São Paulo das Missões,False,273
51,Rio Grande do Sul,810,Zona das Missões,8108,GUARANI DAS MISSÕES,1,Guarani das Missões,False,273
51,Rio Grande do Sul,810,Zona das Missões,8108,GUARANI DAS MISSÕES,3,Sete de Setembro,False,273
51,Rio Grande do Sul,810,Zona das Missões,8101,ITAQUI,1,Itaqui,False,273
51,Rio Grande do Sul,810,Zona das Missões,8101,ITAQUI,3,Massambará,False,273
51,Rio Grande do Sul,810,Zona das Missões,8102,JAGUARI,1,Jaguari,False,273
51,Rio Grande do Sul,810,Zona das Missões,8102,JAGUARI,3,Ijucapirama,False,273
51,Rio Grande do Sul,810,Zona das Missões,8102,JAGUARI,5,Nova Esperança,False,273
51,Rio Grande do Sul,810,Zona das Missões,8102,JAGUARI,7,Taquarichim,False,273
51,Rio Grande do Sul,810,Zona das Missões,8103,SANTIAGO,1,Santiago,False,273
51,Rio Grande do Sul,810,Zona das Missões,8103,SANTIAGO,3,Ernesto Alves,False,273
51,Rio Grande do Sul,810,Zona das Missões,8103,SANTIAGO,5,Florida,False,273
51,Rio Grande do Sul,810,Zona das Missões,8104,SANTO ÂNGELO,1,Santo Ângelo,False,273
51,Rio Grande do Sul,810,Zona das Missões,8104,SANTO ÂNGELO,3,Buriti,False,273
51,Rio Grande do Sul,810,Zona das Missões,8104,SANTO ÂNGELO,5,Catuípe,False,273
51,Rio Grande do Sul,810,Zona das Missões,8104,SANTO ÂNGELO,7,Chiapeta,False,273
51,Rio Grande do Sul,810,Zona das Missões,8104,SANTO ÂNGELO,9,Coimbra,False,273
51,Rio Grande do Sul,810,Zona das Missões,8104,SANTO ÂNGELO,11,Entre Ijuís,False,273
51,Rio Grande do Sul,810,Zona das Missões,8104,SANTO ÂNGELO,13,Eugênio de Castro,False,273
51,Rio Grande do Sul,810,Zona das Missões,8104,SANTO ÂNGELO,15,Inhacorá,False,273
51,Rio Grande do Sul,810,Zona das Missões,8104,SANTO ÂNGELO,17,São Miguel das Missões,False,273
51,Rio Grande do Sul,810,Zona das Missões,8104,SANTO ÂNGELO,19,Vitória,False,273
51,Rio Grande do Sul,810,Zona das Missões,8105,SÃO BORJA,1,São Borja,False,273
51,Rio Grande do Sul,810,Zona das Missões,8105,SÃO BORJA,3,Garruchos,False,273
51,Rio Grande do Sul,810,Zona das Missões,8106,SÃO FRANCSICO DE ASSIS,1,São Francisco de Assis,False,274
51,Rio Grande do Sul,810,Zona das Missões,8106,SÃO FRANCSICO DE ASSIS,3,Beluno,False,274
51,Rio Grande do Sul,810,Zona das Missões,8106,SÃO FRANCSICO DE ASSIS,5,Manuel Viana,False,274
51,Rio Grande do Sul,810,Zona das Missões,8106,SÃO FRANCSICO DE ASSIS,7,Toroquá,False,274
51,Rio Grande do Sul,810,Zona das Missões,8107,SÃO LUÍS GONZAGA,1,São Luís Gonzaga,False,274
51,Rio Grande do Sul,810,Zona das Missões,8107,SÃO LUÍS GONZAGA,3,Bossoroca,False,274
51,Rio Grande do Sul,810,Zona das Missões,8107,SÃO LUÍS GONZAGA,5,Caibaté,False,274
51,Rio Grande do Sul,810,Zona das Missões,8107,SÃO LUÍS GONZAGA,15,Dezesseis de Novembro,False,274
51,Rio Grande do Sul,810,Zona das Missões,8107,SÃO LUÍS GONZAGA,7,Pirapó,False,274
51,Rio Grande do Sul,810,Zona das Missões,8107,SÃO LUÍS GONZAGA,9,Rolador,False,274
51,Rio Grande do Sul,810,Zona das Missões,8107,SÃO LUÍS GONZAGA,11,São Lourenço das Missões,False,274
51,Rio Grande do Sul,810,Zona das Missões,8107,SÃO LUÍS GONZAGA,13,São Nicolau,False,274
51,Rio Grande do Sul,829,Zona da Campanha,8290,ALEGRETE,1,Alegrete,False,274
51,Rio Grande do Sul,829,Zona da Campanha,8290,ALEGRETE,3,Passo Novo,False,274
51,Rio Grande do Sul,829,Zona da Campanha,8291,BAGÉ,1,Bagé,False,274
51,Rio Grande do Sul,829,Zona da Campanha,8291,BAGÉ,3,Aceguá,False,274
51,Rio Grande do Sul,829,Zona da Campanha,8291,BAGÉ,5,Hulha Negra,False,274
51,Rio Grande do Sul,829,Zona da Campanha,8291,BAGÉ,7,José Otávio,False,274
51,Rio Grande do Sul,829,Zona da Campanha,8291,BAGÉ,9,Seival,False,274
51,Rio Grande do Sul,829,Zona da Campanha,8292,DOM PEDRITO,1,Dom Pedrito,False,274
51,Rio Grande do Sul,829,Zona da Campanha,8292,DOM PEDRITO,3,Torquato Severo,False,274
51,Rio Grande do Sul,829,Zona da Campanha,8293,QUARAÍ,1,Quaraí,False,274
51,Rio Grande do Sul,829,Zona da Campanha,8294,ROSÁRIO DO SUL,1,Rosário do Sul,False,274
51,Rio Grande do Sul,829,Zona da Campanha,8295,SANTANA DO LIVRAMENTO,1,Santana do Livramento,False,274
51,Rio Grande do Sul,829,Zona da Campanha,8295,SANTANA DO LIVRAMENTO,3,Pampeiro,False,274
51,Rio Grande do Sul,829,Zona da Campanha,8296,SÃO GABRIEL,1,São Gabriel,False,275
51,Rio Grande do Sul,829,Zona da Campanha,8296,SÃO GABRIEL,3,Azevedo Sodré,False,275
51,Rio Grande do Sul,829,Zona da Campanha,8296,SÃO GABRIEL,5,Suspiro,False,275
51,Rio Grande do Sul,829,Zona da Campanha,8296,SÃO GABRIEL,7,Tiaraju,False,275
51,Rio Grande do Sul,829,Zona da Campanha,8296,SÃO GABRIEL,9,Vacacaí,False,275
51,Rio Grande do Sul,829,Zona da Campanha,8297,URUGUAIANA,1,Uruguaiana,False,275
51,Rio Grande do Sul,829,Zona da Campanha,8297,URUGUAIANA,3,Barra do Quaraí,False,275
51,Rio Grande do Sul,829,Zona da Campanha,8297,URUGUAIANA,5,Charqueada,False,275
51,Rio Grande do Sul,829,Zona da Campanha,8297,URUGUAIANA,7,João Arregui,False,275
51,Rio Grande do Sul,829,Zona da Campanha,8297,URUGUAIANA,9,Plano Alto,False,275
51,Rio Grande do Sul,829,Zona da Campanha,8297,URUGUAIANA,11,São Marcos,False,275
51,Rio Grande do Sul,811,Zona da Serra do Sudeste,8110,CAÇAPAVA DO SUL,1,Caçapava do Sul,False,275
51,Rio Grande do Sul,811,Zona da Serra do Sudeste,8110,CAÇAPAVA DO SUL,3,Santana da Boa Vista,False,275
51,Rio Grande do Sul,811,Zona da Serra do Sudeste,8111,CANGUSSU,1,Cangussu,False,275
51,Rio Grande do Sul,811,Zona da Serra do Sudeste,8112,ENCRUZILHADA DO SUL,1,Encruzilhada do Sul,False,275
51,Rio Grande do Sul,811,Zona da Serra do Sudeste,8112,ENCRUZILHADA DO SUL,3,Amaral Ferrador,False,275
51,Rio Grande do Sul,811,Zona da Serra do Sudeste,8112,ENCRUZILHADA DO SUL,5,Dom Feliciano,False,275
51,Rio Grande do Sul,811,Zona da Serra do Sudeste,8113,ERVAL,1,Erval,False,275
51,Rio Grande do Sul,811,Zona da Serra do Sudeste,8113,ERVAL,3,Basílio,False,275
51,Rio Grande do Sul,811,Zona da Serra do Sudeste,8114,LAVRAS DO SUL,1,Lavras do Sul,False,275
51,Rio Grande do Sul,811,Zona da Serra do Sudeste,8114,LAVRAS DO SUL,3,Ibaré,False,275
51,Rio Grande do Sul,811,Zona da Serra do Sudeste,8115,PINHEIRO MACHADO,1,Pinheiro Machado,False,275
51,Rio Grande do Sul,811,Zona da Serra do Sudeste,8115,PINHEIRO MACHADO,3,Pedras Altas,False,275
51,Rio Grande do Sul,811,Zona da Serra do Sudeste,8116,PIRATINI,1,Piratini,False,275
51,Rio Grande do Sul,855,Zona da Encosta do Sudeste,8550,ARROIO GRANDE,1,Arroio Grande,False,276
51,Rio Grande do Sul,855,Zona da Encosta do Sudeste,8550,ARROIO GRANDE,3,Santa Isabel do Sul,False,276
51,Rio Grande do Sul,855,Zona da Encosta do Sudeste,8551,CAMAQUÃ,1,Camaquã,False,276
51,Rio Grande do Sul,855,Zona da Encosta do Sudeste,8551,CAMAQUÃ,3,Arambaré,False,276
51,Rio Grande do Sul,855,Zona da Encosta do Sudeste,8552,JAGUARÃO,1,Jaguarão,False,276
51,Rio Grande do Sul,855,Zona da Encosta do Sudeste,8553,PEDRO OSÓRIO,1,Pedro Osório,False,276
51,Rio Grande do Sul,855,Zona da Encosta do Sudeste,8553,PEDRO OSÓRIO,5,Freire,False,276
51,Rio Grande do Sul,855,Zona da Encosta do Sudeste,8554,PELOTAS,1,Pelotas,False,276
51,Rio Grande do Sul,855,Zona da Encosta do Sudeste,8554,PELOTAS,3,Capão do Leão,False,276
51,Rio Grande do Sul,855,Zona da Encosta do Sudeste,8554,PELOTAS,5,Cerrito Alegre,False,276
51,Rio Grande do Sul,855,Zona da Encosta do Sudeste,8554,PELOTAS,7,Dunas,False,276
51,Rio Grande do Sul,855,Zona da Encosta do Sudeste,8554,PELOTAS,9,Morro Redondo,False,276
51,Rio Grande do Sul,855,Zona da Encosta do Sudeste,8554,PELOTAS,15,Quilombo,False,276
51,Rio Grande do Sul,855,Zona da Encosta do Sudeste,8554,PELOTAS,11,Santa Eulália,False,276
51,Rio Grande do Sul,855,Zona da Encosta do Sudeste,8554,PELOTAS,13,Santa Silvana,False,276
51,Rio Grande do Sul,855,Zona da Encosta do Sudeste,8555,SÃO LOURENÇO DO SUL,1,São Lourenço do Sul,False,276
51,Rio Grande do Sul,855,Zona da Encosta do Sudeste,8555,SÃO LOURENÇO DO SUL,3,Boqueirão,False,276
51,Rio Grande do Sul,855,Zona da Encosta do Sudeste,8556,TAPES,1,Tapes,False,276
51,Rio Grande do Sul,855,Zona da Encosta do Sudeste,8556,TAPES,3,Cêrro Grande,False,276
51,Rio Grande do Sul,855,Zona da Encosta do Sudeste,8556,TAPES,5,Vasconcelos,False,276
51,Rio Grande do Sul,830833,Zona do Alto Uruguai,8300,ARATIBA,1,Aratiba,False,276
51,Rio Grande do Sul,830833,Zona do Alto Uruguai,8300,ARATIBA,3,Barra do Rio Azul,False,276
51,Rio Grande do Sul,830833,Zona do Alto Uruguai,8301,CAMPINAS DO SUL,1,Campinas do Sul,False,276
51,Rio Grande do Sul,830833,Zona do Alto Uruguai,8301,CAMPINAS DO SUL,3,Jacutinga,False,276
51,Rio Grande do Sul,830833,Zona do Alto Uruguai,8302,CAMPO NOVO,1,Campo Novo,False,277
51,Rio Grande do Sul,830833,Zona do Alto Uruguai,8302,CAMPO NOVO,3,Braga,False,277
51,Rio Grande do Sul,830833,Zona do Alto Uruguai,8302,CAMPO NOVO,5,Irapuã,False,277
51,Rio Grande do Sul,830833,Zona do Alto Uruguai,8302,CAMPO NOVO,9,Pedro Garcia,False,277
51,Rio Grande do Sul,830833,Zona do Alto Uruguai,8302,CAMPO NOVO,7,Redentora,False,277
51,Rio Grande do Sul,830833,Zona do Alto Uruguai,8303,CHAPADA,1,Chapada,False,277
51,Rio Grande do Sul,830833,Zona do Alto Uruguai,8304,CONSTANTINA,1,Constantina,False,277
51,Rio Grande do Sul,830833,Zona do Alto Uruguai,8304,CONSTANTINA,3,Liberato Salzano,False,277
51,Rio Grande do Sul,830833,Zona do Alto Uruguai,8305,CRISSIUMAL,1,Crissiumal,False,277
51,Rio Grande do Sul,830833,Zona do Alto Uruguai,8305,CRISSIUMAL,3,Candelária,False,277
51,Rio Grande do Sul,830833,Zona do Alto Uruguai,8305,CRISSIUMAL,5,Esquina Gaúcha,False,277
51,Rio Grande do Sul,830833,Zona do Alto Uruguai,8305,CRISSIUMAL,7,Lajeado Grande,False,277
51,Rio Grande do Sul,830833,Zona do Alto Uruguai,8305,CRISSIUMAL,9,Planalto,False,277
51,Rio Grande do Sul,830833,Zona do Alto Uruguai,8306,ERECHIM,1,Erechim,False,277
51,Rio Grande do Sul,830833,Zona do Alto Uruguai,8306,ERECHIM,3,Barão de Cotegipe,False,277
51,Rio Grande do Sul,830833,Zona do Alto Uruguai,8306,ERECHIM,5,Capo-Erê,False,277
51,Rio Grande do Sul,830833,Zona do Alto Uruguai,8306,ERECHIM,7,Itatiba,False,277
51,Rio Grande do Sul,830833,Zona do Alto Uruguai,8306,ERECHIM,9,Mariano Môro,False,277
51,Rio Grande do Sul,830833,Zona do Alto Uruguai,8306,ERECHIM,11,Nova Itália,False,277
51,Rio Grande do Sul,830833,Zona do Alto Uruguai,8306,ERECHIM,13,Paulo Bento,False,277
51,Rio Grande do Sul,830833,Zona do Alto Uruguai,8306,ERECHIM,15,Quatro Irmãos,False,277
51,Rio Grande do Sul,830833,Zona do Alto Uruguai,8306,ERECHIM,17,Três Arroios,False,277
51,Rio Grande do Sul,830833,Zona do Alto Uruguai,8307,ERVAL GRANDE,1,Erval Grande,False,277
51,Rio Grande do Sul,830833,Zona do Alto Uruguai,8307,ERVAL GRANDE,3,Santana,False,277
51,Rio Grande do Sul,830833,Zona do Alto Uruguai,8308,FREDERICO WESTPHALEN,1,Frederico Westphalen,False,277
51,Rio Grande do Sul,830833,Zona do Alto Uruguai,8308,FREDERICO WESTPHALEN,3,Caiçara,False,277
51,Rio Grande do Sul,830833,Zona do Alto Uruguai,8308,FREDERICO WESTPHALEN,5,Laranjeira,False,277
51,Rio Grande do Sul,830833,Zona do Alto Uruguai,8308,FREDERICO WESTPHALEN,7,Palmitinho,False,277
51,Rio Grande do Sul,830833,Zona do Alto Uruguai,8308,FREDERICO WESTPHALEN,9,Pinheirinho,False,277
51,Rio Grande do Sul,830833,Zona do Alto Uruguai,8308,FREDERICO WESTPHALEN,11,Taquaraçu,False,277
51,Rio Grande do Sul,830833,Zona do Alto Uruguai,8308,FREDERICO WESTPHALEN,13,Vicente Dutra,False,277
51,Rio Grande do Sul,830833,Zona do Alto Uruguai,8308,FREDERICO WESTPHALEN,15,Vista Alegre,False,277
51,Rio Grande do Sul,830833,Zona do Alto Uruguai,8309,GAURAMA,1,Gaurama,False,278
51,Rio Grande do Sul,830833,Zona do Alto Uruguai,8309,GAURAMA,3,Áurea,False,278
51,Rio Grande do Sul,830833,Zona do Alto Uruguai,8309,GAURAMA,5,Balisa,False,278
51,Rio Grande do Sul,830833,Zona do Alto Uruguai,8309,GAURAMA,7,Centenário,False,278
51,Rio Grande do Sul,830833,Zona do Alto Uruguai,8310,GETÚLIO VARGAS,1,Getúlio Vargas,False,278
51,Rio Grande do Sul,830833,Zona do Alto Uruguai,8310,GETÚLIO VARGAS,3,Erebango,False,278
51,Rio Grande do Sul,830833,Zona do Alto Uruguai,8310,GETÚLIO VARGAS,5,Floriano Peixoto,False,278
51,Rio Grande do Sul,830833,Zona do Alto Uruguai,8310,GETÚLIO VARGAS,7,Ipiranga,False,278
51,Rio Grande do Sul,830833,Zona do Alto Uruguai,8311,GIRUÁ,1,Giruá,False,278
51,Rio Grande do Sul,830833,Zona do Alto Uruguai,8311,GIRUÁ,5,Salgado Filho,False,278
51,Rio Grande do Sul,830833,Zona do Alto Uruguai,8311,GIRUÁ,3,Ubiretama,False,278
51,Rio Grande do Sul,830833,Zona do Alto Uruguai,8312,HORIZONTINA,1,Horizontina,False,278
51,Rio Grande do Sul,830833,Zona do Alto Uruguai,8312,HORIZONTINA,3,Cascata,False,278
51,Rio Grande do Sul,830833,Zona do Alto Uruguai,8312,HORIZONTINA,5,Doutor Maurício Cardoso,False,278
51,Rio Grande do Sul,830833,Zona do Alto Uruguai,8312,HORIZONTINA,9,Pitanga,False,278
51,Rio Grande do Sul,830833,Zona do Alto Uruguai,8312,HORIZONTINA,7,Pranchada,False,278
51,Rio Grande do Sul,830833,Zona do Alto Uruguai,8313,HUMAITÁ,1,Humaitá,False,278
51,Rio Grande do Sul,830833,Zona do Alto Uruguai,8313,HUMAITÁ,3,Sede Nova,False,278
51,Rio Grande do Sul,830833,Zona do Alto Uruguai,8314,IRAÍ,1,Iraí,False,278
51,Rio Grande do Sul,830833,Zona do Alto Uruguai,8314,IRAÍ,3,Alpestre,False,278
51,Rio Grande do Sul,830833,Zona do Alto Uruguai,8314,IRAÍ,5,Farinhas,False,278
51,Rio Grande do Sul,830833,Zona do Alto Uruguai,8314,IRAÍ,7,Planalto,False,278
51,Rio Grande do Sul,830833,Zona do Alto Uruguai,8314,IRAÍ,9,Saltinho,False,278
51,Rio Grande do Sul,830833,Zona do Alto Uruguai,8314,IRAÍ,11,São Gabriel,False,278
51,Rio Grande do Sul,830833,Zona do Alto Uruguai,8314,IRAÍ,13,Volta Grande,False,278
51,Rio Grande do Sul,830833,Zona do Alto Uruguai,8315,MARCELINO RAMOS,1,Marcelino Ramos,False,278
51,Rio Grande do Sul,830833,Zona do Alto Uruguai,8315,MARCELINO RAMOS,3,Coronel Teixeira,False,278
51,Rio Grande do Sul,830833,Zona do Alto Uruguai,8315,MARCELINO RAMOS,5,Maximiliano de Almeida,False,278
51,Rio Grande do Sul,830833,Zona do Alto Uruguai,8316,NONOAI,1,Nonoai,False,279
51,Rio Grande do Sul,830833,Zona do Alto Uruguai,8316,NONOAI,3,Rio dos Índios,False,279
51,Rio Grande do Sul,830833,Zona do Alto Uruguai,8316,NONOAI,5,Trindade,False,279
51,Rio Grande do Sul,830833,Zona do Alto Uruguai,8317,PALMEIRA DAS MISSÕES,1,Palmeira das Missões,False,279
51,Rio Grande do Sul,830833,Zona do Alto Uruguai,8317,PALMEIRA DAS MISSÕES,9,Coronel Finzito,False,279
51,Rio Grande do Sul,830833,Zona do Alto Uruguai,8317,PALMEIRA DAS MISSÕES,3,Jaboticaba,False,279
51,Rio Grande do Sul,830833,Zona do Alto Uruguai,8317,PALMEIRA DAS MISSÕES,5,Rodeio Bonito,False,279
51,Rio Grande do Sul,830833,Zona do Alto Uruguai,8317,PALMEIRA DAS MISSÕES,7,São José,False,279
51,Rio Grande do Sul,830833,Zona do Alto Uruguai,8318,PÔRTO LUCENA,1,Pôrto Lucena,False,279
51,Rio Grande do Sul,830833,Zona do Alto Uruguai,8319,SANTA ROSA,1,Santa Rosa,False,279
51,Rio Grande do Sul,830833,Zona do Alto Uruguai,8319,SANTA ROSA,3,Campina,False,279
51,Rio Grande do Sul,830833,Zona do Alto Uruguai,8319,SANTA ROSA,5,Cândido Godói,False,279
51,Rio Grande do Sul,830833,Zona do Alto Uruguai,8319,SANTA ROSA,9,Cruzeiro,False,279
51,Rio Grande do Sul,830833,Zona do Alto Uruguai,8319,SANTA ROSA,7,Sete de Setembro,False,279
51,Rio Grande do Sul,830833,Zona do Alto Uruguai,8320,SANTO AUGUSTO,1,Santo Augusto,False,279
51,Rio Grande do Sul,830833,Zona do Alto Uruguai,8320,SANTO AUGUSTO,3,Coronel Bicaco,False,279
51,Rio Grande do Sul,830833,Zona do Alto Uruguai,8320,SANTO AUGUSTO,5,São Martinho,False,279
51,Rio Grande do Sul,830833,Zona do Alto Uruguai,8321,SANTO CRISTO,1,Santo Cristo,False,279
51,Rio Grande do Sul,830833,Zona do Alto Uruguai,8321,SANTO CRISTO,3,Alecrim,False,279
51,Rio Grande do Sul,830833,Zona do Alto Uruguai,8322,SÃO VALENTIM,1,São Valentim,False,279
51,Rio Grande do Sul,830833,Zona do Alto Uruguai,8322,SÃO VALENTIM,5,Benjamin Constant,False,279
51,Rio Grande do Sul,830833,Zona do Alto Uruguai,8322,SÃO VALENTIM,3,Faxinalzinho,False,279
51,Rio Grande do Sul,830833,Zona do Alto Uruguai,8323,SARANDI,1,Sarandi,False,279
51,Rio Grande do Sul,830833,Zona do Alto Uruguai,8323,SARANDI,3,Ronda Alta,False,279
51,Rio Grande do Sul,830833,Zona do Alto Uruguai,8323,SARANDI,5,Rondinha,False,279
51,Rio Grande do Sul,830833,Zona do Alto Uruguai,8324,SEBERI,1,Seberi,False,279
51,Rio Grande do Sul,830833,Zona do Alto Uruguai,8324,SEBERI,3,Erval Sêco,False,279
51,Rio Grande do Sul,830833,Zona do Alto Uruguai,8325,TENENTE PORTELA,1,Tenente Portela,False,280
51,Rio Grande do Sul,830833,Zona do Alto Uruguai,8325,TENENTE PORTELA,3,Derrubadas,False,280
51,Rio Grande do Sul,830833,Zona do Alto Uruguai,8325,TENENTE PORTELA,7,Miraguaí,False,280
51,Rio Grande do Sul,830833,Zona do Alto Uruguai,8325,TENENTE PORTELA,5,Vista Gaúcha,False,280
51,Rio Grande do Sul,830833,Zona do Alto Uruguai,8328,TRÊS DE MAIO,1,Três de Maio,False,280
51,Rio Grande do Sul,830833,Zona do Alto Uruguai,8328,TRÊS DE MAIO,5,Consolata,False,280
51,Rio Grande do Sul,830833,Zona do Alto Uruguai,8328,TRÊS DE MAIO,7,Independência,False,280
51,Rio Grande do Sul,830833,Zona do Alto Uruguai,8328,TRÊS DE MAIO,9,Ivagaci,False,280
51,Rio Grande do Sul,830833,Zona do Alto Uruguai,8328,TRÊS DE MAIO,11,Progresso,False,280
51,Rio Grande do Sul,830833,Zona do Alto Uruguai,8328,TRÊS DE MAIO,13,Quaraim,False,280
51,Rio Grande do Sul,830833,Zona do Alto Uruguai,8328,TRÊS DE MAIO,3,Rincão da Alegria,False,280
51,Rio Grande do Sul,830833,Zona do Alto Uruguai,8328,TRÊS DE MAIO,15,São José de Inhacorá,False,280
51,Rio Grande do Sul,830833,Zona do Alto Uruguai,8329,TRÊS PASSOS,1,Três Passos,False,280
51,Rio Grande do Sul,830833,Zona do Alto Uruguai,8329,TRÊS PASSOS,3,Alto Uruguai,False,280
51,Rio Grande do Sul,830833,Zona do Alto Uruguai,8329,TRÊS PASSOS,5,Bela Vista,False,280
51,Rio Grande do Sul,830833,Zona do Alto Uruguai,8329,TRÊS PASSOS,7,Esperança,False,280
51,Rio Grande do Sul,830833,Zona do Alto Uruguai,8329,TRÊS PASSOS,9,Lajeado Bonito,False,280
51,Rio Grande do Sul,830833,Zona do Alto Uruguai,8329,TRÊS PASSOS,11,Padre Gonzales,False,280
51,Rio Grande do Sul,830833,Zona do Alto Uruguai,8329,TRÊS PASSOS,13,Tiradentes,False,280
51,Rio Grande do Sul,830833,Zona do Alto Uruguai,8326,TUCUNDUVA,1,Tucunduva,False,280
51,Rio Grande do Sul,830833,Zona do Alto Uruguai,8326,TUCUNDUVA,3,Machado,False,280
51,Rio Grande do Sul,830833,Zona do Alto Uruguai,8326,TUCUNDUVA,5,Pratos,False,280
51,Rio Grande do Sul,830833,Zona do Alto Uruguai,8327,TUPARENDI,1,Tuparendi,False,280
51,Rio Grande do Sul,830833,Zona do Alto Uruguai,8327,TUPARENDI,3,Cinqüentenário,False,280
51,Rio Grande do Sul,830833,Zona do Alto Uruguai,8327,TUPARENDI,5,Pôrto Mauá,False,280
51,Rio Grande do Sul,830833,Zona do Alto Uruguai,8330,VIADUTOS,1,Viadutos,False,280
51,Rio Grande do Sul,830833,Zona do Alto Uruguai,8330,VIADUTOS,3,Carlos Gomes,False,280
51,Rio Grande do Sul,813,Zona dos Campos de Cima da Serra,8130,BOM JESUS,1,Bom Jesus,False,281
51,Rio Grande do Sul,813,Zona dos Campos de Cima da Serra,8130,BOM JESUS,3,Ausentes,False,281
51,Rio Grande do Sul,813,Zona dos Campos de Cima da Serra,8130,BOM JESUS,5,Itaimbezinho,False,281
51,Rio Grande do Sul,813,Zona dos Campos de Cima da Serra,8130,BOM JESUS,7,Silveira,False,281
51,Rio Grande do Sul,813,Zona dos Campos de Cima da Serra,8131,LAGOA VERMELHA,1,Lagoa Vermelha,False,281
51,Rio Grande do Sul,813,Zona dos Campos de Cima da Serra,8131,LAGOA VERMELHA,3,André da Rocha,False,281
51,Rio Grande do Sul,813,Zona dos Campos de Cima da Serra,8131,LAGOA VERMELHA,5,Barracão,False,281
51,Rio Grande do Sul,813,Zona dos Campos de Cima da Serra,8131,LAGOA VERMELHA,7,Caseiros,False,281
51,Rio Grande do Sul,813,Zona dos Campos de Cima da Serra,8131,LAGOA VERMELHA,9,Clemente Argôlo,False,281
51,Rio Grande do Sul,813,Zona dos Campos de Cima da Serra,8131,LAGOA VERMELHA,11,Ibiraiaras,False,281
51,Rio Grande do Sul,813,Zona dos Campos de Cima da Serra,8132,MACHADINHO,1,Machadinho,False,281
51,Rio Grande do Sul,813,Zona dos Campos de Cima da Serra,8132,MACHADINHO,3,Bela Vista,False,281
51,Rio Grande do Sul,813,Zona dos Campos de Cima da Serra,8132,MACHADINHO,5,Cacique Doble,False,281
51,Rio Grande do Sul,813,Zona dos Campos de Cima da Serra,8132,MACHADINHO,7,Paim Filho,False,281
51,Rio Grande do Sul,813,Zona dos Campos de Cima da Serra,8132,MACHADINHO,9,São Luís Rei,False,281
51,Rio Grande do Sul,813,Zona dos Campos de Cima da Serra,8133,SANANDUVA,1,Sananduva,False,281
51,Rio Grande do Sul,813,Zona dos Campos de Cima da Serra,8133,SANANDUVA,3,Ibiaçá,False,281
51,Rio Grande do Sul,813,Zona dos Campos de Cima da Serra,8133,SANANDUVA,5,São João da Urtiga,False,281
51,Rio Grande do Sul,813,Zona dos Campos de Cima da Serra,8133,SANANDUVA,7,Vitória,False,281
51,Rio Grande do Sul,813,Zona dos Campos de Cima da Serra,8134,SÃO FRANCISCO DE PAULA,1,São Francisco de Paula,False,281
51,Rio Grande do Sul,813,Zona dos Campos de Cima da Serra,8134,SÃO FRANCISCO DE PAULA,3,Cambará,False,281
51,Rio Grande do Sul,813,Zona dos Campos de Cima da Serra,8134,SÃO FRANCISCO DE PAULA,5,Cazuza Ferreira,False,281
51,Rio Grande do Sul,813,Zona dos Campos de Cima da Serra,8134,SÃO FRANCISCO DE PAULA,7,Chapada,False,281
51,Rio Grande do Sul,813,Zona dos Campos de Cima da Serra,8134,SÃO FRANCISCO DE PAULA,9,Eletra,False,281
51,Rio Grande do Sul,813,Zona dos Campos de Cima da Serra,8134,SÃO FRANCISCO DE PAULA,11,Jaquirana,False,281
51,Rio Grande do Sul,813,Zona dos Campos de Cima da Serra,8134,SÃO FRANCISCO DE PAULA,13,Juá,False,281
51,Rio Grande do Sul,813,Zona dos Campos de Cima da Serra,8134,SÃO FRANCISCO DE PAULA,15,Osvaldo Kroeff,False,281
51,Rio Grande do Sul,813,Zona dos Campos de Cima da Serra,8134,SÃO FRANCISCO DE PAULA,17,Rincão dos Kroeff,False,281
51,Rio Grande do Sul,813,Zona dos Campos de Cima da Serra,8134,SÃO FRANCISCO DE PAULA,19,Tainhas,False,281
51,Rio Grande do Sul,813,Zona dos Campos de Cima da Serra,8135,SÃO JOSÉ DO OURO,1,São José do Ouro,False,282
51,Rio Grande do Sul,813,Zona dos Campos de Cima da Serra,8135,SÃO JOSÉ DO OURO,5,Espigão Alto,False,282
51,Rio Grande do Sul,813,Zona dos Campos de Cima da Serra,8135,SÃO JOSÉ DO OURO,7,Farrapos,False,282
51,Rio Grande do Sul,813,Zona dos Campos de Cima da Serra,8135,SÃO JOSÉ DO OURO,3,Gustavo Berthier,False,282
51,Rio Grande do Sul,813,Zona dos Campos de Cima da Serra,8135,SÃO JOSÉ DO OURO,9,Santo Expedito,False,282
51,Rio Grande do Sul,813,Zona dos Campos de Cima da Serra,8136,VACARIA,1,Vacaria,False,282
51,Rio Grande do Sul,813,Zona dos Campos de Cima da Serra,8136,VACARIA,3,Coxilha Grande,False,282
51,Rio Grande do Sul,813,Zona dos Campos de Cima da Serra,8136,VACARIA,5,Esmeralda,False,282
51,Rio Grande do Sul,813,Zona dos Campos de Cima da Serra,8136,VACARIA,7,Esteira,False,282
51,Rio Grande do Sul,813,Zona dos Campos de Cima da Serra,8136,VACARIA,9,Ipê,False,282
51,Rio Grande do Sul,813,Zona dos Campos de Cima da Serra,8136,VACARIA,11,Ituim,False,282
51,Rio Grande do Sul,813,Zona dos Campos de Cima da Serra,8136,VACARIA,13,Muitos Capões,False,282
51,Rio Grande do Sul,813,Zona dos Campos de Cima da Serra,8136,VACARIA,15,Pinhal da Serra,False,282
51,Rio Grande do Sul,813,Zona dos Campos de Cima da Serra,8136,VACARIA,17,São Manoel,False,282
51,Rio Grande do Sul,813,Zona dos Campos de Cima da Serra,8136,VACARIA,19,São Paulo,False,282
51,Rio Grande do Sul,813,Zona dos Campos de Cima da Serra,8136,VACARIA,21,Segrêdo,False,282
51,Rio Grande do Sul,835836,Zona do Planalto Médio,8350,CARÀZINHO,1,Caràzinho,False,282
51,Rio Grande do Sul,835836,Zona do Planalto Médio,8350,CARÀZINHO,3,Almirante Tamandaré,False,282
51,Rio Grande do Sul,835836,Zona do Planalto Médio,8350,CARÀZINHO,5,Colorado,False,282
51,Rio Grande do Sul,835836,Zona do Planalto Médio,8350,CARÀZINHO,7,Coqueiros,False,282
51,Rio Grande do Sul,835836,Zona do Planalto Médio,8350,CARÀZINHO,9,Pinheiro Marcado,False,282
51,Rio Grande do Sul,835836,Zona do Planalto Médio,8350,CARÀZINHO,11,Santo Antônio,False,282
51,Rio Grande do Sul,835836,Zona do Planalto Médio,8351,CRUZ ALTA,1,Cruz Alta,False,282
51,Rio Grande do Sul,835836,Zona do Planalto Médio,8351,CRUZ ALTA,3,Cadeado,False,282
51,Rio Grande do Sul,835836,Zona do Planalto Médio,8351,CRUZ ALTA,5,Fortaleza dos Valos,False,282
51,Rio Grande do Sul,835836,Zona do Planalto Médio,8351,CRUZ ALTA,7,Pejuçara,False,282
51,Rio Grande do Sul,835836,Zona do Planalto Médio,8351,CRUZ ALTA,9,Santa Clara do Ingaí,False,282
51,Rio Grande do Sul,835836,Zona do Planalto Médio,8352,ESPUMOSO,1,Espumoso,False,283
51,Rio Grande do Sul,835836,Zona do Planalto Médio,8352,ESPUMOSO,3,Alto Alegre,False,283
51,Rio Grande do Sul,835836,Zona do Planalto Médio,8352,ESPUMOSO,5,Campos Borges,False,283
51,Rio Grande do Sul,835836,Zona do Planalto Médio,8352,ESPUMOSO,7,Jacuizinho,False,283
51,Rio Grande do Sul,835836,Zona do Planalto Médio,8352,ESPUMOSO,9,Rincão da Estrêla,False,283
51,Rio Grande do Sul,835836,Zona do Planalto Médio,8353,IBIRUBÁ,1,Ibirubá,False,283
51,Rio Grande do Sul,835836,Zona do Planalto Médio,8353,IBIRUBÁ,3,Alfredo Brenner,False,283
51,Rio Grande do Sul,835836,Zona do Planalto Médio,8353,IBIRUBÁ,5,Quinze de Novembro,False,283
51,Rio Grande do Sul,835836,Zona do Planalto Médio,8354,IJUÍ,1,Ijuí,False,283
51,Rio Grande do Sul,835836,Zona do Planalto Médio,8354,IJUÍ,3,Ajuricaba,False,283
51,Rio Grande do Sul,835836,Zona do Planalto Médio,8354,IJUÍ,5,Barro Prêto,False,283
51,Rio Grande do Sul,835836,Zona do Planalto Médio,8354,IJUÍ,7,Coronel Barros,False,283
51,Rio Grande do Sul,835836,Zona do Planalto Médio,8354,IJUÍ,9,Doutor Bozano,False,283
51,Rio Grande do Sul,835836,Zona do Planalto Médio,8354,IJUÍ,11,Doutor Pestana,False,283
51,Rio Grande do Sul,835836,Zona do Planalto Médio,8354,IJUÍ,13,Ramada,False,283
51,Rio Grande do Sul,835836,Zona do Planalto Médio,8355,JÚLIO DE CASTILHOS,1,Júlio de Castilhos,False,283
51,Rio Grande do Sul,835836,Zona do Planalto Médio,8355,JÚLIO DE CASTILHOS,3,Canhemborá,False,283
51,Rio Grande do Sul,835836,Zona do Planalto Médio,8355,JÚLIO DE CASTILHOS,5,Ivorá,False,283
51,Rio Grande do Sul,835836,Zona do Planalto Médio,8355,JÚLIO DE CASTILHOS,9,Nova Palma,False,283
51,Rio Grande do Sul,835836,Zona do Planalto Médio,8355,JÚLIO DE CASTILHOS,7,Pinhal Grande,False,283
51,Rio Grande do Sul,835836,Zona do Planalto Médio,8355,JÚLIO DE CASTILHOS,11,Quevedos,False,283
51,Rio Grande do Sul,835836,Zona do Planalto Médio,8356,MARAU,1,Marau,False,283
51,Rio Grande do Sul,835836,Zona do Planalto Médio,8356,MARAU,3,Camargo,False,283
51,Rio Grande do Sul,835836,Zona do Planalto Médio,8356,MARAU,5,Maria,False,283
51,Rio Grande do Sul,835836,Zona do Planalto Médio,8357,NÃO-ME-TOQUE,1,Não-Me-Toque,False,283
51,Rio Grande do Sul,835836,Zona do Planalto Médio,8357,NÃO-ME-TOQUE,3,Cochinho,False,283
51,Rio Grande do Sul,835836,Zona do Planalto Médio,8357,NÃO-ME-TOQUE,5,São José do Centro,False,283
51,Rio Grande do Sul,835836,Zona do Planalto Médio,8358,PANAMBI,1,Panambi,False,283
51,Rio Grande do Sul,835836,Zona do Planalto Médio,8358,PANAMBI,3,Condor,False,283
51,Rio Grande do Sul,835836,Zona do Planalto Médio,8359,PASSO FUNDO,1,Passo Fundo,False,284
51,Rio Grande do Sul,835836,Zona do Planalto Médio,8359,PASSO FUNDO,3,Ametistas,False,284
51,Rio Grande do Sul,835836,Zona do Planalto Médio,8359,PASSO FUNDO,5,Ciríaco,False,284
51,Rio Grande do Sul,835836,Zona do Planalto Médio,8359,PASSO FUNDO,7,Coxilha,False,284
51,Rio Grande do Sul,835836,Zona do Planalto Médio,8359,PASSO FUNDO,9,Ernestina,False,284
51,Rio Grande do Sul,835836,Zona do Planalto Médio,8359,PASSO FUNDO,11,Sertão,False,284
51,Rio Grande do Sul,835836,Zona do Planalto Médio,8359,PASSO FUNDO,13,Trinta e Cinco,False,284
51,Rio Grande do Sul,835836,Zona do Planalto Médio,8360,SANTA BÁRBARA DO SUL,1,Santa Bárbara do Sul,False,284
51,Rio Grande do Sul,835836,Zona do Planalto Médio,8360,SANTA BÁRBARA DO SUL,3,Saldanha Marinho,False,284
51,Rio Grande do Sul,835836,Zona do Planalto Médio,8361,SOLEDADE,1,Soledade,False,284
51,Rio Grande do Sul,835836,Zona do Planalto Médio,8361,SOLEDADE,3,Barros Cassal,False,284
51,Rio Grande do Sul,835836,Zona do Planalto Médio,8361,SOLEDADE,5,Fontoura Xavier,False,284
51,Rio Grande do Sul,835836,Zona do Planalto Médio,8361,SOLEDADE,7,Ibirapuitã,False,284
51,Rio Grande do Sul,835836,Zona do Planalto Médio,8361,SOLEDADE,9,Lagoão,False,284
51,Rio Grande do Sul,835836,Zona do Planalto Médio,8361,SOLEDADE,11,Mormaço,False,284
51,Rio Grande do Sul,835836,Zona do Planalto Médio,8361,SOLEDADE,13,São José do Erval,False,284
51,Rio Grande do Sul,835836,Zona do Planalto Médio,8361,SOLEDADE,15,Tunas,False,284
51,Rio Grande do Sul,835836,Zona do Planalto Médio,8362,TAPEJARA,1,Tapejara,False,284
51,Rio Grande do Sul,835836,Zona do Planalto Médio,8362,TAPEJARA,3,Água Santa,False,284
51,Rio Grande do Sul,835836,Zona do Planalto Médio,8362,TAPEJARA,5,Charrua,False,284
51,Rio Grande do Sul,835836,Zona do Planalto Médio,8362,TAPEJARA,7,Colônia Lângaro,False,284
51,Rio Grande do Sul,835836,Zona do Planalto Médio,8362,TAPEJARA,9,Santa Cecília,False,284
51,Rio Grande do Sul,835836,Zona do Planalto Médio,8363,TAPERA,1,Tapera,False,284
51,Rio Grande do Sul,835836,Zona do Planalto Médio,8363,TAPERA,3,Selbach,False,284
51,Rio Grande do Sul,835836,Zona do Planalto Médio,8364,TUPANCIRETÃ,1,Tupanciretã,False,284
51,Rio Grande do Sul,835836,Zona do Planalto Médio,8364,TUPANCIRETÃ,3,Jari,False,284
51,Rio Grande do Sul,835836,Zona do Planalto Médio,8364,TUPANCIRETÃ,5,Jóia,False,284
51,Rio Grande do Sul,835836,Zona do Planalto Médio,8364,TUPANCIRETÃ,7,Toropi,False,284
51,Rio Grande do Sul,840842,Zona da Encosta Inferior do Nordeste,8400,ARROIO DO MEIO,1,Arroio do Meio,False,285
51,Rio Grande do Sul,840842,Zona da Encosta Inferior do Nordeste,8400,ARROIO DO MEIO,3,Nova Bréscia,False,285
51,Rio Grande do Sul,840842,Zona da Encosta Inferior do Nordeste,8400,ARROIO DO MEIO,5,Pouso Novo,False,285
51,Rio Grande do Sul,840842,Zona da Encosta Inferior do Nordeste,8400,ARROIO DO MEIO,7,Travesseiro,False,285
51,Rio Grande do Sul,840842,Zona da Encosta Inferior do Nordeste,8401,ÁRVOREZINHA,1,Árvorezinha,False,285
51,Rio Grande do Sul,840842,Zona da Encosta Inferior do Nordeste,8401,ÁRVOREZINHA,3,Alvorada,False,285
51,Rio Grande do Sul,840842,Zona da Encosta Inferior do Nordeste,8401,ÁRVOREZINHA,5,Maurício Cardoso,False,285
51,Rio Grande do Sul,840842,Zona da Encosta Inferior do Nordeste,8402,CAMPO BOM,1,Campo Bom,False,285
51,Rio Grande do Sul,840842,Zona da Encosta Inferior do Nordeste,8403,CANDELÁRIA,1,Candelária,False,285
51,Rio Grande do Sul,840842,Zona da Encosta Inferior do Nordeste,8403,CANDELÁRIA,3,Batucaraí,False,285
51,Rio Grande do Sul,840842,Zona da Encosta Inferior do Nordeste,8404,CANELA,1,Canela,False,285
51,Rio Grande do Sul,840842,Zona da Encosta Inferior do Nordeste,8405,DOIS IRMÃOS,1,Dois Irmãos,False,285
51,Rio Grande do Sul,840842,Zona da Encosta Inferior do Nordeste,8405,DOIS IRMÃOS,5,Santa Maria do Erval,False,285
51,Rio Grande do Sul,840842,Zona da Encosta Inferior do Nordeste,8406,ENCANTADO,1,Encantado,False,285
51,Rio Grande do Sul,840842,Zona da Encosta Inferior do Nordeste,8406,ENCANTADO,3,Anta Gorda,False,285
51,Rio Grande do Sul,840842,Zona da Encosta Inferior do Nordeste,8406,ENCANTADO,5,Ilópolis,False,285
51,Rio Grande do Sul,840842,Zona da Encosta Inferior do Nordeste,8406,ENCANTADO,11,Itapuca,False,285
51,Rio Grande do Sul,840842,Zona da Encosta Inferior do Nordeste,8406,ENCANTADO,7,Putinga,False,285
51,Rio Grande do Sul,840842,Zona da Encosta Inferior do Nordeste,8406,ENCANTADO,9,Relvado,False,285
51,Rio Grande do Sul,840842,Zona da Encosta Inferior do Nordeste,8407,ESTÂNCIA VELHA,1,Estância Velha,False,285
51,Rio Grande do Sul,840842,Zona da Encosta Inferior do Nordeste,8407,ESTÂNCIA VELHA,3,Ivoti,False,285
51,Rio Grande do Sul,840842,Zona da Encosta Inferior do Nordeste,8408,ESTRÊLA,1,Estrêla,False,286
51,Rio Grande do Sul,840842,Zona da Encosta Inferior do Nordeste,8408,ESTRÊLA,3,Arroio da Sêca,False,286
51,Rio Grande do Sul,840842,Zona da Encosta Inferior do Nordeste,8408,ESTRÊLA,5,Canabarro,False,286
51,Rio Grande do Sul,840842,Zona da Encosta Inferior do Nordeste,8408,ESTRÊLA,7,Corvo,False,286
51,Rio Grande do Sul,840842,Zona da Encosta Inferior do Nordeste,8408,ESTRÊLA,9,Languiru,False,286
51,Rio Grande do Sul,840842,Zona da Encosta Inferior do Nordeste,8408,ESTRÊLA,11,Teutônia,False,286
51,Rio Grande do Sul,840842,Zona da Encosta Inferior do Nordeste,8409,FELIZ,1,Feliz,False,286
51,Rio Grande do Sul,840842,Zona da Encosta Inferior do Nordeste,8410,GRAMADO,1,Gramado,False,286
51,Rio Grande do Sul,840842,Zona da Encosta Inferior do Nordeste,8411,LAJEADO,1,Lajeado,False,286
51,Rio Grande do Sul,840842,Zona da Encosta Inferior do Nordeste,8411,LAJEADO,3,Boqueirão do Leão,False,286
51,Rio Grande do Sul,840842,Zona da Encosta Inferior do Nordeste,8411,LAJEADO,5,Canudos,False,286
51,Rio Grande do Sul,840842,Zona da Encosta Inferior do Nordeste,8411,LAJEADO,7,Cruzeiro do Sul,False,286
51,Rio Grande do Sul,840842,Zona da Encosta Inferior do Nordeste,8411,LAJEADO,9,Fão,False,286
51,Rio Grande do Sul,840842,Zona da Encosta Inferior do Nordeste,8411,LAJEADO,11,Marques de Sousa,False,286
51,Rio Grande do Sul,840842,Zona da Encosta Inferior do Nordeste,8411,LAJEADO,13,Progresso,False,286
51,Rio Grande do Sul,840842,Zona da Encosta Inferior do Nordeste,8411,LAJEADO,15,Santa Clara do Sul,False,286
51,Rio Grande do Sul,840842,Zona da Encosta Inferior do Nordeste,8411,LAJEADO,17,Sério,False,286
51,Rio Grande do Sul,840842,Zona da Encosta Inferior do Nordeste,8412,MONTENEGRO,1,Montenegro,False,286
51,Rio Grande do Sul,840842,Zona da Encosta Inferior do Nordeste,8412,MONTENEGRO,17,Barão,False,286
51,Rio Grande do Sul,840842,Zona da Encosta Inferior do Nordeste,8412,MONTENEGRO,3,Brochier,False,286
51,Rio Grande do Sul,840842,Zona da Encosta Inferior do Nordeste,8412,MONTENEGRO,5,Harmonia,False,286
51,Rio Grande do Sul,840842,Zona da Encosta Inferior do Nordeste,8412,MONTENEGRO,7,Maratá,False,286
51,Rio Grande do Sul,840842,Zona da Encosta Inferior do Nordeste,8412,MONTENEGRO,9,Pareci Novo,False,286
51,Rio Grande do Sul,840842,Zona da Encosta Inferior do Nordeste,8412,MONTENEGRO,11,Poço das Antas,False,286
51,Rio Grande do Sul,840842,Zona da Encosta Inferior do Nordeste,8412,MONTENEGRO,13,São Salvador,False,286
51,Rio Grande do Sul,840842,Zona da Encosta Inferior do Nordeste,8412,MONTENEGRO,15,Tupandi,False,286
51,Rio Grande do Sul,840842,Zona da Encosta Inferior do Nordeste,8413,NOVA PETRÓPOLIS,1,Nova Petrópolis,False,286
51,Rio Grande do Sul,840842,Zona da Encosta Inferior do Nordeste,8413,NOVA PETRÓPOLIS,3,Joaneta,False,286
51,Rio Grande do Sul,840842,Zona da Encosta Inferior do Nordeste,8413,NOVA PETRÓPOLIS,5,Pinhal Alto,False,286
51,Rio Grande do Sul,840842,Zona da Encosta Inferior do Nordeste,8414,NOVO HAMBURGO,1,Novo Hamburgo,False,287
51,Rio Grande do Sul,840842,Zona da Encosta Inferior do Nordeste,8414,NOVO HAMBURGO,7,Floresta Imperial,False,287
51,Rio Grande do Sul,840842,Zona da Encosta Inferior do Nordeste,8414,NOVO HAMBURGO,3,Hamburgo Velho,False,287
51,Rio Grande do Sul,840842,Zona da Encosta Inferior do Nordeste,8414,NOVO HAMBURGO,5,Lomba Grande,False,287
51,Rio Grande do Sul,840842,Zona da Encosta Inferior do Nordeste,8415,ROCA SALES,1,Roca Sales,False,287
51,Rio Grande do Sul,840842,Zona da Encosta Inferior do Nordeste,8416,ROLANTE,1,Rolante,False,287
51,Rio Grande do Sul,840842,Zona da Encosta Inferior do Nordeste,8416,ROLANTE,3,Riozinho,False,287
51,Rio Grande do Sul,840842,Zona da Encosta Inferior do Nordeste,8417,SANTA CRUZ DO SUL,1,Santa Cruz do Sul,False,287
51,Rio Grande do Sul,840842,Zona da Encosta Inferior do Nordeste,8417,SANTA CRUZ DO SUL,3,Boa Vista,False,287
51,Rio Grande do Sul,840842,Zona da Encosta Inferior do Nordeste,8417,SANTA CRUZ DO SUL,9,Erveiras,False,287
51,Rio Grande do Sul,840842,Zona da Encosta Inferior do Nordeste,8417,SANTA CRUZ DO SUL,15,Fontoura Gonçalves,False,287
51,Rio Grande do Sul,840842,Zona da Encosta Inferior do Nordeste,8417,SANTA CRUZ DO SUL,5,Formosa,False,287
51,Rio Grande do Sul,840842,Zona da Encosta Inferior do Nordeste,8417,SANTA CRUZ DO SUL,7,Gramado Xavier,False,287
51,Rio Grande do Sul,840842,Zona da Encosta Inferior do Nordeste,8417,SANTA CRUZ DO SUL,11,Monte Alverne,False,287
51,Rio Grande do Sul,840842,Zona da Encosta Inferior do Nordeste,8417,SANTA CRUZ DO SUL,13,Rio Pardinho,False,287
51,Rio Grande do Sul,840842,Zona da Encosta Inferior do Nordeste,8417,SANTA CRUZ DO SUL,21,Serafim Schmidt,False,287
51,Rio Grande do Sul,840842,Zona da Encosta Inferior do Nordeste,8417,SANTA CRUZ DO SUL,17,Sinimbu,False,287
51,Rio Grande do Sul,840842,Zona da Encosta Inferior do Nordeste,8417,SANTA CRUZ DO SUL,19,Trombudo,False,287
51,Rio Grande do Sul,840842,Zona da Encosta Inferior do Nordeste,8419,SANTO ANTÔNIO,1,Santo Antônio,False,287
51,Rio Grande do Sul,840842,Zona da Encosta Inferior do Nordeste,8419,SANTO ANTÔNIO,3,Caraá,False,287
51,Rio Grande do Sul,840842,Zona da Encosta Inferior do Nordeste,8419,SANTO ANTÔNIO,5,Entrepelado,False,287
51,Rio Grande do Sul,840842,Zona da Encosta Inferior do Nordeste,8419,SANTO ANTÔNIO,7,Miraguaia,False,287
51,Rio Grande do Sul,840842,Zona da Encosta Inferior do Nordeste,8419,SANTO ANTÔNIO,9,Rolantinho da Figueira,False,287
51,Rio Grande do Sul,840842,Zona da Encosta Inferior do Nordeste,8420,SÃO LEOPOLDO,1,São Leopoldo,False,287
51,Rio Grande do Sul,840842,Zona da Encosta Inferior do Nordeste,8420,SÃO LEOPOLDO,3,Sapucaia,False,287
51,Rio Grande do Sul,840842,Zona da Encosta Inferior do Nordeste,8421,SÃO SEBASTIÃO DO CAÍ,1,São Sebastião do Caí,False,288
51,Rio Grande do Sul,840842,Zona da Encosta Inferior do Nordeste,8421,SÃO SEBASTIÃO DO CAÍ,3,Bom Princípio,False,288
51,Rio Grande do Sul,840842,Zona da Encosta Inferior do Nordeste,8421,SÃO SEBASTIÃO DO CAÍ,5,Capela de Santana,False,288
51,Rio Grande do Sul,840842,Zona da Encosta Inferior do Nordeste,8421,SÃO SEBASTIÃO DO CAÍ,9,Portão,False,288
51,Rio Grande do Sul,840842,Zona da Encosta Inferior do Nordeste,8421,SÃO SEBASTIÃO DO CAÍ,11,São José do Hortêncio,False,288
51,Rio Grande do Sul,840842,Zona da Encosta Inferior do Nordeste,8421,SÃO SEBASTIÃO DO CAÍ,7,São Vendelino,False,288
51,Rio Grande do Sul,840842,Zona da Encosta Inferior do Nordeste,8418,SAPIRANGA,1,Sapiranga,False,288
51,Rio Grande do Sul,840842,Zona da Encosta Inferior do Nordeste,8418,SAPIRANGA,3,Araricá,False,288
51,Rio Grande do Sul,840842,Zona da Encosta Inferior do Nordeste,8418,SAPIRANGA,5,Campo Vicente,False,288
51,Rio Grande do Sul,840842,Zona da Encosta Inferior do Nordeste,8418,SAPIRANGA,7,Picada Hartz,False,288
51,Rio Grande do Sul,840842,Zona da Encosta Inferior do Nordeste,8422,SOBRADINHO,1,Sobradinho,False,288
51,Rio Grande do Sul,840842,Zona da Encosta Inferior do Nordeste,8422,SOBRADINHO,3,Arroio do Tigre,False,288
51,Rio Grande do Sul,840842,Zona da Encosta Inferior do Nordeste,8422,SOBRADINHO,5,Ibarama,False,288
51,Rio Grande do Sul,840842,Zona da Encosta Inferior do Nordeste,8422,SOBRADINHO,7,Itaúba,False,288
51,Rio Grande do Sul,840842,Zona da Encosta Inferior do Nordeste,8422,SOBRADINHO,9,Segrêdo,False,288
51,Rio Grande do Sul,840842,Zona da Encosta Inferior do Nordeste,8423,TAQUARA,1,Taquara,False,288
51,Rio Grande do Sul,840842,Zona da Encosta Inferior do Nordeste,8423,TAQUARA,3,Igrejinha,False,288
51,Rio Grande do Sul,840842,Zona da Encosta Inferior do Nordeste,8423,TAQUARA,5,Padilha,False,288
51,Rio Grande do Sul,840842,Zona da Encosta Inferior do Nordeste,8423,TAQUARA,7,Parobé,False,288
51,Rio Grande do Sul,840842,Zona da Encosta Inferior do Nordeste,8423,TAQUARA,9,Santa Cristina,False,288
51,Rio Grande do Sul,840842,Zona da Encosta Inferior do Nordeste,8424,TRÊS COROAS,1,Três Coroas,False,288
51,Rio Grande do Sul,840842,Zona da Encosta Inferior do Nordeste,8425,VENÂNCIO AIRES,1,Venâncio Aires,False,288
51,Rio Grande do Sul,840842,Zona da Encosta Inferior do Nordeste,8425,VENÂNCIO AIRES,3,Centro Linha Brasil,False,288
51,Rio Grande do Sul,840842,Zona da Encosta Inferior do Nordeste,8425,VENÂNCIO AIRES,5,Deodoro,False,288
51,Rio Grande do Sul,840842,Zona da Encosta Inferior do Nordeste,8425,VENÂNCIO AIRES,7,Mariante,False,288
51,Rio Grande do Sul,840842,Zona da Encosta Inferior do Nordeste,8425,VENÂNCIO AIRES,9,Mato Leitão,False,288
51,Rio Grande do Sul,840842,Zona da Encosta Inferior do Nordeste,8426,VERA CRUZ,1,Vera Cruz,False,288
51,Rio Grande do Sul,820821,Zona da Encosta Superior do Nordeste,8200,ANTÔNIO PRADO,1,Antônio Prado,False,289
51,Rio Grande do Sul,820821,Zona da Encosta Superior do Nordeste,8200,ANTÔNIO PRADO,3,Nova Roma,False,289
51,Rio Grande do Sul,820821,Zona da Encosta Superior do Nordeste,8201,BENTO GONÇALVES,1,Bento Gonçalves,False,289
51,Rio Grande do Sul,820821,Zona da Encosta Superior do Nordeste,8201,BENTO GONÇALVES,9,Faria Lemos,False,289
51,Rio Grande do Sul,820821,Zona da Encosta Superior do Nordeste,8201,BENTO GONÇALVES,3,Monte Belo,False,289
51,Rio Grande do Sul,820821,Zona da Encosta Superior do Nordeste,8201,BENTO GONÇALVES,5,Pinto Bandeira,False,289
51,Rio Grande do Sul,820821,Zona da Encosta Superior do Nordeste,8201,BENTO GONÇALVES,7,Santa Teresa,False,289
51,Rio Grande do Sul,820821,Zona da Encosta Superior do Nordeste,8202,CARLOS BARBOSA,1,Carlos Barbosa,False,289
51,Rio Grande do Sul,820821,Zona da Encosta Superior do Nordeste,8202,CARLOS BARBOSA,3,Arco Verde,False,289
51,Rio Grande do Sul,820821,Zona da Encosta Superior do Nordeste,8203,CASCA,1,Casca,False,289
51,Rio Grande do Sul,820821,Zona da Encosta Superior do Nordeste,8203,CASCA,3,Evangelista,False,289
51,Rio Grande do Sul,820821,Zona da Encosta Superior do Nordeste,8203,CASCA,5,São Domingos do Sul,False,289
51,Rio Grande do Sul,820821,Zona da Encosta Superior do Nordeste,8204,CAXIAS DO SUL,1,Caxias do Sul,False,289
51,Rio Grande do Sul,820821,Zona da Encosta Superior do Nordeste,8204,CAXIAS DO SUL,3,Ana Rech,False,289
51,Rio Grande do Sul,820821,Zona da Encosta Superior do Nordeste,8204,CAXIAS DO SUL,5,Criúva,False,289
51,Rio Grande do Sul,820821,Zona da Encosta Superior do Nordeste,8204,CAXIAS DO SUL,7,Fazenda Souza,False,289
51,Rio Grande do Sul,820821,Zona da Encosta Superior do Nordeste,8204,CAXIAS DO SUL,9,Forqueta,False,289
51,Rio Grande do Sul,820821,Zona da Encosta Superior do Nordeste,8204,CAXIAS DO SUL,11,Galópolis,False,289
51,Rio Grande do Sul,820821,Zona da Encosta Superior do Nordeste,8204,CAXIAS DO SUL,19,Oliva,False,289
51,Rio Grande do Sul,820821,Zona da Encosta Superior do Nordeste,8204,CAXIAS DO SUL,13,Santa Lúcia do Piaí,False,289
51,Rio Grande do Sul,820821,Zona da Encosta Superior do Nordeste,8204,CAXIAS DO SUL,15,São Marcos,False,289
51,Rio Grande do Sul,820821,Zona da Encosta Superior do Nordeste,8204,CAXIAS DO SUL,17,Sêca,False,289
51,Rio Grande do Sul,820821,Zona da Encosta Superior do Nordeste,8205,FARROUPILHA,1,Farroupilha,False,289
51,Rio Grande do Sul,820821,Zona da Encosta Superior do Nordeste,8205,FARROUPILHA,3,Caruara,False,289
51,Rio Grande do Sul,820821,Zona da Encosta Superior do Nordeste,8205,FARROUPILHA,5,Jansen,False,289
51,Rio Grande do Sul,820821,Zona da Encosta Superior do Nordeste,8205,FARROUPILHA,7,Nova Milano,False,289
51,Rio Grande do Sul,820821,Zona da Encosta Superior do Nordeste,8206,FLÔRES DA CUNHA,1,Flôres da Cunha,False,290
51,Rio Grande do Sul,820821,Zona da Encosta Superior do Nordeste,8206,FLÔRES DA CUNHA,3,Nova Pádua,False,290
51,Rio Grande do Sul,820821,Zona da Encosta Superior do Nordeste,8206,FLÔRES DA CUNHA,5,Otávio Rocha,False,290
51,Rio Grande do Sul,820821,Zona da Encosta Superior do Nordeste,8207,GARIBALDI,1,Garibaldi,False,290
51,Rio Grande do Sul,820821,Zona da Encosta Superior do Nordeste,8207,GARIBALDI,3,Coronel Pilar,False,290
51,Rio Grande do Sul,820821,Zona da Encosta Superior do Nordeste,8207,GARIBALDI,5,Daltro Filho,False,290
51,Rio Grande do Sul,820821,Zona da Encosta Superior do Nordeste,8207,GARIBALDI,7,São Marcos,False,290
51,Rio Grande do Sul,820821,Zona da Encosta Superior do Nordeste,8208,GUAPORÉ,1,Guaporé,False,290
51,Rio Grande do Sul,820821,Zona da Encosta Superior do Nordeste,8208,GUAPORÉ,3,Dois Lajeados,False,290
51,Rio Grande do Sul,820821,Zona da Encosta Superior do Nordeste,8208,GUAPORÉ,5,Montauri,False,290
51,Rio Grande do Sul,820821,Zona da Encosta Superior do Nordeste,8208,GUAPORÉ,7,Oeste,False,290
51,Rio Grande do Sul,820821,Zona da Encosta Superior do Nordeste,8208,GUAPORÉ,9,Pulador,False,290
51,Rio Grande do Sul,820821,Zona da Encosta Superior do Nordeste,8208,GUAPORÉ,11,São Valentim,False,290
51,Rio Grande do Sul,820821,Zona da Encosta Superior do Nordeste,8208,GUAPORÉ,13,Serafina Corrêa,False,290
51,Rio Grande do Sul,820821,Zona da Encosta Superior do Nordeste,8209,MUÇUM,1,Muçum,False,290
51,Rio Grande do Sul,820821,Zona da Encosta Superior do Nordeste,8209,MUÇUM,3,Vespasiano Corrêa,False,290
51,Rio Grande do Sul,820821,Zona da Encosta Superior do Nordeste,8210,NOVA PRATA,1,Nova Prata,False,290
51,Rio Grande do Sul,820821,Zona da Encosta Superior do Nordeste,8210,NOVA PRATA,3,Guabiju,False,290
51,Rio Grande do Sul,820821,Zona da Encosta Superior do Nordeste,8210,NOVA PRATA,5,Nova Araçá,False,290
51,Rio Grande do Sul,820821,Zona da Encosta Superior do Nordeste,8210,NOVA PRATA,7,Nova Bassano,False,290
51,Rio Grande do Sul,820821,Zona da Encosta Superior do Nordeste,8210,NOVA PRATA,9,Paraí,False,290
51,Rio Grande do Sul,820821,Zona da Encosta Superior do Nordeste,8210,NOVA PRATA,11,Protásio Alves,False,290
51,Rio Grande do Sul,820821,Zona da Encosta Superior do Nordeste,8210,NOVA PRATA,13,São Jorge,False,290
51,Rio Grande do Sul,820821,Zona da Encosta Superior do Nordeste,8210,NOVA PRATA,15,Vista Alegre,False,290
51,Rio Grande do Sul,820821,Zona da Encosta Superior do Nordeste,8211,VERANÓPOLIS,1,Veranópolis,False,290
51,Rio Grande do Sul,820821,Zona da Encosta Superior do Nordeste,8211,VERANÓPOLIS,3,Cotiporã,False,290
51,Rio Grande do Sul,820821,Zona da Encosta Superior do Nordeste,8211,VERANÓPOLIS,5,Fagundes Varela,False,290
51,Rio Grande do Sul,820821,Zona da Encosta Superior do Nordeste,8211,VERANÓPOLIS,7,Vila Flores,False,290
51,Mato Grosso,910,Zona do Aripuanã,9100,ARIPUANÃ,1,Aripuanã,False,291
51,Mato Grosso,914,Zona da Chapada,9140,ACORIZAL,1,Acorizal,False,291
51,Mato Grosso,914,Zona da Chapada,9140,ACORIZAL,3,Engenho,False,291
51,Mato Grosso,914,Zona da Chapada,9140,ACORIZAL,5,Jangada,False,291
51,Mato Grosso,914,Zona da Chapada,9141,ALTO PARAGUAI,1,Alto Paraguai,False,291
51,Mato Grosso,914,Zona da Chapada,9141,ALTO PARAGUAI,3,[Lavouras?] [291.11],False,291
51,Mato Grosso,914,Zona da Chapada,9142,BARRA DO GARÇAS,1,Barra do Garças,False,291
51,Mato Grosso,914,Zona da Chapada,9142,BARRA DO GARÇAS,3,Araguaiâna [291.14],False,291
51,Mato Grosso,914,Zona da Chapada,9142,BARRA DO GARÇAS,5,Cocalinho,False,291
51,Mato Grosso,914,Zona da Chapada,9142,BARRA DO GARÇAS,7,São Félix,False,291
51,Mato Grosso,914,Zona da Chapada,9143,CHAPADA DOS GUIMARÃES,1,Chapada dos Guimarães,False,291
51,Mato Grosso,914,Zona da Chapada,9143,CHAPADA DOS GUIMARÃES,3,Água Fria,False,291
51,Mato Grosso,914,Zona da Chapada,9143,CHAPADA DOS GUIMARÃES,5,Praia Rica,False,291
51,Mato Grosso,914,Zona da Chapada,9144,CUIABÁ,1,Cuiabá,False,291
51,Mato Grosso,914,Zona da Chapada,9144,CUIABÁ,3,Coxipó da Ponte,False,291
51,Mato Grosso,914,Zona da Chapada,9144,CUIABÁ,5,Coxipó do Ouro,False,291
51,Mato Grosso,914,Zona da Chapada,9144,CUIABÁ,7,Guia,False,291
51,Mato Grosso,914,Zona da Chapada,9144,CUIABÁ,9,São José da Serra,False,291
51,Mato Grosso,914,Zona da Chapada,9145,DIAMANTINO,1,Diamantino,False,291
51,Mato Grosso,914,Zona da Chapada,9145,DIAMANTINO,3,Utiariti,False,291
51,Mato Grosso,914,Zona da Chapada,9146,JACIARA,1,Jaciara,False,292
51,Mato Grosso,914,Zona da Chapada,9146,JACIARA,3,Fátima,False,292
51,Mato Grosso,914,Zona da Chapada,9146,JACIARA,5,São Pedro da Cipa,False,292
51,Mato Grosso,914,Zona da Chapada,9147,NORTELÂNDIA,1,Nortelândia,False,292
51,Mato Grosso,914,Zona da Chapada,9148,ROSÁRIO OESTE,1,Rosário Oeste,False,292
51,Mato Grosso,914,Zona da Chapada,9148,ROSÁRIO OESTE,3,Arruda,False,292
51,Mato Grosso,914,Zona da Chapada,9148,ROSÁRIO OESTE,5,Bauxi,False,292
51,Mato Grosso,914,Zona da Chapada,9148,ROSÁRIO OESTE,7,Nobres,False,292
51,Mato Grosso,911912,Zona do Poxoreu,9110,ALTO ARAGUAIA,1,Alto Araguaia,False,292
51,Mato Grosso,911912,Zona do Poxoreu,9110,ALTO ARAGUAIA,3,Taquari,False,292
51,Mato Grosso,911912,Zona do Poxoreu,9111,ALTO GARÇAS,1,Alto Garças,False,292
51,Mato Grosso,911912,Zona do Poxoreu,9111,ALTO GARÇAS,3,Cafelândia do Leste Matogrossense,False,292
51,Mato Grosso,911912,Zona do Poxoreu,9112,GUIRATINGA,1,Guiratinga,False,292
51,Mato Grosso,911912,Zona do Poxoreu,9112,GUIRATINGA,3,Alcantilado,False,292
51,Mato Grosso,911912,Zona do Poxoreu,9112,GUIRATINGA,5,Buriti,False,292
51,Mato Grosso,911912,Zona do Poxoreu,9112,GUIRATINGA,7,Estrêla do Leste,False,292
51,Mato Grosso,911912,Zona do Poxoreu,9112,GUIRATINGA,9,Toriparu,False,292
51,Mato Grosso,911912,Zona do Poxoreu,9113,ITIQUIRA,1,Itiquira,False,292
51,Mato Grosso,911912,Zona do Poxoreu,9114,MUTUM,1,Mutum,False,292
51,Mato Grosso,911912,Zona do Poxoreu,9114,MUTUM,3,Coronel Ponce,False,292
51,Mato Grosso,911912,Zona do Poxoreu,9114,MUTUM,5,Pombas,False,292
51,Mato Grosso,911912,Zona do Poxoreu,9115,PONTE BRANCA,1,Ponte Branca,False,293
51,Mato Grosso,911912,Zona do Poxoreu,9115,PONTE BRANCA,3,Araguainha,False,293
51,Mato Grosso,911912,Zona do Poxoreu,9115,PONTE BRANCA,5,Ribeirãozinho,False,293
51,Mato Grosso,911912,Zona do Poxoreu,9116,POXOREU,1,Poxoreu,False,293
51,Mato Grosso,911912,Zona do Poxoreu,9116,POXOREU,3,Alto Coité,False,293
51,Mato Grosso,911912,Zona do Poxoreu,9116,POXOREU,5,Jarudore,False,293
51,Mato Grosso,911912,Zona do Poxoreu,9116,POXOREU,7,Paraíso do Leste,False,293
51,Mato Grosso,911912,Zona do Poxoreu,9117,RONDONÓPOLIS,1,Rondonópolis,False,293
51,Mato Grosso,911912,Zona do Poxoreu,9117,RONDONÓPOLIS,3,Petrovina,False,293
51,Mato Grosso,911912,Zona do Poxoreu,9117,RONDONÓPOLIS,5,Ponte de Pedra,False,293
51,Mato Grosso,911912,Zona do Poxoreu,9118,TESOURO,1,Tesouro,False,293
51,Mato Grosso,911912,Zona do Poxoreu,9118,TESOURO,3,Batovi,False,293
51,Mato Grosso,911912,Zona do Poxoreu,9118,TESOURO,5,Cassununga,False,293
51,Mato Grosso,911912,Zona do Poxoreu,9118,TESOURO,7,General Carneiro,False,293
51,Mato Grosso,911912,Zona do Poxoreu,9119,TORIXOREU,1,Torixoreu,False,293
51,Mato Grosso,918919,Zona de Campo Grande,9180,AMAMBAÍ,1,Amambaí,False,293
51,Mato Grosso,918919,Zona de Campo Grande,9180,AMAMBAÍ,3,Antônio João,False,293
51,Mato Grosso,918919,Zona de Campo Grande,9180,AMAMBAÍ,5,Eldorado,False,293
51,Mato Grosso,918919,Zona de Campo Grande,9180,AMAMBAÍ,7,Iguatemi,False,293
51,Mato Grosso,918919,Zona de Campo Grande,9180,AMAMBAÍ,9,Morumbi,False,293
51,Mato Grosso,918919,Zona de Campo Grande,9180,AMAMBAÍ,11,Paranhos,False,293
51,Mato Grosso,918919,Zona de Campo Grande,9180,AMAMBAÍ,13,Tacuru,False,293
51,Mato Grosso,918919,Zona de Campo Grande,9181,BATAGUAÇU,1,Bataguaçu,False,293
51,Mato Grosso,918919,Zona de Campo Grande,9181,BATAGUAÇU,3,Anaurilândia,False,293
51,Mato Grosso,918919,Zona de Campo Grande,9182,CARAPÓ [294.1],1,Carapó,False,294
51,Mato Grosso,918919,Zona de Campo Grande,9182,CARAPÓ [294.1],3,Juti,False,294
51,Mato Grosso,918919,Zona de Campo Grande,9182,CARAPÓ [294.1],5,Naviraí,False,294
51,Mato Grosso,918919,Zona de Campo Grande,9183,CAMPO GRANDE,1,Campo Grande,False,294
51,Mato Grosso,918919,Zona de Campo Grande,9183,CAMPO GRANDE,3,Anhanduí,False,294
51,Mato Grosso,918919,Zona de Campo Grande,9183,CAMPO GRANDE,5,Rochedinho,False,294
51,Mato Grosso,918919,Zona de Campo Grande,9184,CORGUINHO,1,Corguinho,False,294
51,Mato Grosso,918919,Zona de Campo Grande,9184,CORGUINHO,3,Rio Negro,False,294
51,Mato Grosso,918919,Zona de Campo Grande,9185,DOURADOS,1,Dourados,False,294
51,Mato Grosso,918919,Zona de Campo Grande,9185,DOURADOS,3,Bocajá,False,294
51,Mato Grosso,918919,Zona de Campo Grande,9185,DOURADOS,5,Guaçu,False,294
51,Mato Grosso,918919,Zona de Campo Grande,9185,DOURADOS,7,Itaum,False,294
51,Mato Grosso,918919,Zona de Campo Grande,9185,DOURADOS,9,Panambi,False,294
51,Mato Grosso,918919,Zona de Campo Grande,9185,DOURADOS,11,Picadinha,False,294
51,Mato Grosso,918919,Zona de Campo Grande,9185,DOURADOS,13,São Pedro,False,294
51,Mato Grosso,918919,Zona de Campo Grande,9185,DOURADOS,15,Vila Brasil,False,294
51,Mato Grosso,918919,Zona de Campo Grande,9185,DOURADOS,17,Vila Glória,False,294
51,Mato Grosso,918919,Zona de Campo Grande,9186,ITAPORÃ,1,Itaporã,False,294
51,Mato Grosso,918919,Zona de Campo Grande,9186,ITAPORÃ,3,Carumbé,False,294
51,Mato Grosso,918919,Zona de Campo Grande,9186,ITAPORÃ,5,Montese,False,294
51,Mato Grosso,918919,Zona de Campo Grande,9187,JARAGUARI,1,Jaraguari,False,294
51,Mato Grosso,918919,Zona de Campo Grande,9187,JARAGUARI,3,Bandeirantes,False,294
51,Mato Grosso,918919,Zona de Campo Grande,9187,JARAGUARI,5,Bom Fim,False,294
51,Mato Grosso,918919,Zona de Campo Grande,9188,MARACAJU,1,Maracaju,False,294
51,Mato Grosso,918919,Zona de Campo Grande,9188,MARACAJU,3,Vista Alegre,False,294
51,Mato Grosso,918919,Zona de Campo Grande,9189,NOVA ANDRADINA,1,Nova Andradina,False,294
51,Mato Grosso,918919,Zona de Campo Grande,9189,NOVA ANDRADINA,3,Bataiporã,False,294
51,Mato Grosso,918919,Zona de Campo Grande,9190,PONTA PORÃ,1,Ponta Porã,False,295
51,Mato Grosso,918919,Zona de Campo Grande,9190,PONTA PORÃ,3,Bocajá,False,295
51,Mato Grosso,918919,Zona de Campo Grande,9190,PONTA PORÃ,5,Cabeceira do Apa,False,295
51,Mato Grosso,918919,Zona de Campo Grande,9190,PONTA PORÃ,7,Eugênio Penzo,False,295
51,Mato Grosso,918919,Zona de Campo Grande,9190,PONTA PORÃ,9,Laguna Carapã,False,295
51,Mato Grosso,918919,Zona de Campo Grande,9190,PONTA PORÃ,11,Rio Verde do Sul,False,295
51,Mato Grosso,918919,Zona de Campo Grande,9190,PONTA PORÃ,13,Sanga Puitã,False,295
51,Mato Grosso,918919,Zona de Campo Grande,9191,RIO BRILHANTE,1,Rio Brilhante,False,295
51,Mato Grosso,918919,Zona de Campo Grande,9191,RIO BRILHANTE,3,Aroeira,False,295
51,Mato Grosso,918919,Zona de Campo Grande,9192,ROCHEDO,1,Rochedo,False,295
51,Mato Grosso,918919,Zona de Campo Grande,9193,SIDROLÂNDIA,1,Sidrolândia,False,295
51,Mato Grosso,918919,Zona de Campo Grande,9193,SIDROLÂNDIA,3,Capão Sêco,False,295
51,Mato Grosso,918919,Zona de Campo Grande,9194,TERENOS,1,Terenos,False,295
51,Mato Grosso,920921,Zona do Rio Pardo (Zona Sudeste),9200,ÁGUA CLARA,1,Água Clara,False,295
51,Mato Grosso,920921,Zona do Rio Pardo (Zona Sudeste),9200,ÁGUA CLARA,3,Alto Sucuriú,False,295
51,Mato Grosso,920921,Zona do Rio Pardo (Zona Sudeste),9201,APARECIDA DO TABOADO,1,Aparecida do Taboado,False,295
51,Mato Grosso,920921,Zona do Rio Pardo (Zona Sudeste),9201,APARECIDA DO TABOADO,3,Cupins,False,295
51,Mato Grosso,920921,Zona do Rio Pardo (Zona Sudeste),9202,CAMAPUÃ,1,Camapuã,False,295
51,Mato Grosso,920921,Zona do Rio Pardo (Zona Sudeste),9202,CAMAPUÃ,3,Ponte Vermelha,False,295
51,Mato Grosso,920921,Zona do Rio Pardo (Zona Sudeste),9203,CASSILÂNDIA,1,Cassilândia,False,295
51,Mato Grosso,920921,Zona do Rio Pardo (Zona Sudeste),9203,CASSILÂNDIA,3,Baús,False,295
51,Mato Grosso,920921,Zona do Rio Pardo (Zona Sudeste),9204,COXIM,1,Coxim,False,295
51,Mato Grosso,920921,Zona do Rio Pardo (Zona Sudeste),9204,COXIM,3,Pedro Gomes,False,295
51,Mato Grosso,920921,Zona do Rio Pardo (Zona Sudeste),9205,INOCÊNCIA,1,Inocência,False,296
51,Mato Grosso,920921,Zona do Rio Pardo (Zona Sudeste),9205,INOCÊNCIA,3,São Pedro,False,296
51,Mato Grosso,920921,Zona do Rio Pardo (Zona Sudeste),9206,PARANAÍBA,1,Paranaíba,False,296
51,Mato Grosso,920921,Zona do Rio Pardo (Zona Sudeste),9206,PARANAÍBA,3,Paraíso,False,296
51,Mato Grosso,920921,Zona do Rio Pardo (Zona Sudeste),9207,RIBAS DO RIO PARDO,1,Ribas do Rio Pardo,False,296
51,Mato Grosso,920921,Zona do Rio Pardo (Zona Sudeste),9207,RIBAS DO RIO PARDO,3,Bálsamo,False,296
51,Mato Grosso,920921,Zona do Rio Pardo (Zona Sudeste),9208,RIO VERDE DE MATO GROSSO,1,Rio Verde de Mato Grosso,False,296
51,Mato Grosso,920921,Zona do Rio Pardo (Zona Sudeste),9209,TRÊS LAGOAS,1,Três Lagoas,False,296
51,Mato Grosso,920921,Zona do Rio Pardo (Zona Sudeste),9209,TRÊS LAGOAS,3,Garcias,False,296
51,Mato Grosso,920921,Zona do Rio Pardo (Zona Sudeste),9209,TRÊS LAGOAS,5,Véstia,False,296
51,Mato Grosso,920921,Zona do Rio Pardo (Zona Sudeste),9209,TRÊS LAGOAS,7,Xavantina,False,296
51,Mato Grosso,913,Zona da Encosta Norte,9130,ARENÁPOLIS,1,Arenápolis,False,296
51,Mato Grosso,913,Zona da Encosta Norte,9131,BARRA DO BUGRES [296.20],1,Barra do Bugres,False,296
51,Mato Grosso,913,Zona da Encosta Norte,9131,BARRA DO BUGRES [296.20],3,Pôrto Estrêla,False,296
51,Mato Grosso,913,Zona da Encosta Norte,9131,BARRA DO BUGRES [296.20],5,Tapirapuã,False,296
51,Mato Grosso,913,Zona da Encosta Norte,9132,MATO GROSSO,1,Mato Grosso,False,296
51,Mato Grosso,913,Zona da Encosta Norte,9132,MATO GROSSO,3,Aguapeí,False,296
51,Mato Grosso,915,Zona da Encosta Sul,9150,AQUIDAUANA,1,Aquidauana,False,296
51,Mato Grosso,915,Zona da Encosta Sul,9150,AQUIDAUANA,3,Anastácio,False,296
51,Mato Grosso,915,Zona da Encosta Sul,9150,AQUIDAUANA,5,Camisão,False,296
51,Mato Grosso,915,Zona da Encosta Sul,9150,AQUIDAUANA,7,Cipolândia,False,296
51,Mato Grosso,915,Zona da Encosta Sul,9150,AQUIDAUANA,9,Jango,False,296
51,Mato Grosso,915,Zona da Encosta Sul,9150,AQUIDAUANA,11,Piraputanga,False,297
51,Mato Grosso,915,Zona da Encosta Sul,9150,AQUIDAUANA,13,Taunay,False,297
51,Mato Grosso,915,Zona da Encosta Sul,9151,BELA VISTA,1,Bela Vista,False,297
51,Mato Grosso,915,Zona da Encosta Sul,9151,BELA VISTA,3,Campestre,False,297
51,Mato Grosso,915,Zona da Encosta Sul,9151,BELA VISTA,5,Caracol,False,297
51,Mato Grosso,915,Zona da Encosta Sul,9152,BONITO,1,Bonito,False,297
51,Mato Grosso,915,Zona da Encosta Sul,9153,GUIA LOPES DA LAGUNA,1,Guia Lopes da Laguna,False,297
51,Mato Grosso,915,Zona da Encosta Sul,9154,JARDIM,1,Jardim,False,297
51,Mato Grosso,915,Zona da Encosta Sul,9155,NIOAQUE,1,Nioaque,False,297
51,Mato Grosso,916,Zona da Baixada Norte,9160,BARÃO DE MELGAÇO,1,Barão de Melgaço,False,297
51,Mato Grosso,916,Zona da Baixada Norte,9160,BARÃO DE MELGAÇO,3,Joselândia,False,297
51,Mato Grosso,916,Zona da Baixada Norte,9161,CÁCERES,1,Cáceres,False,297
51,Mato Grosso,916,Zona da Baixada Norte,9161,CÁCERES,3,Pôrto Esperidião,False,297
51,Mato Grosso,916,Zona da Baixada Norte,9162,NOSSA SENHORA DO LIVRAMENTO,1,Nossa Senhora do Livramento,False,297
51,Mato Grosso,916,Zona da Baixada Norte,9162,NOSSA SENHORA DO LIVRAMENTO,3,Pirizal,False,297
51,Mato Grosso,916,Zona da Baixada Norte,9163,POCONÉ,1,Poconé,False,297
51,Mato Grosso,916,Zona da Baixada Norte,9163,POCONÉ,3,Cangas,False,297
51,Mato Grosso,916,Zona da Baixada Norte,9163,POCONÉ,5,Fazenda de Cima,False,297
51,Mato Grosso,916,Zona da Baixada Norte,9164,SANTO ANTÔNIO DO LEVERGER,1,Santo Antônio do Leverger,False,297
51,Mato Grosso,916,Zona da Baixada Norte,9164,SANTO ANTÔNIO DO LEVERGER,3,Engenho Velho,False,297
51,Mato Grosso,916,Zona da Baixada Norte,9164,SANTO ANTÔNIO DO LEVERGER,5,Mimoso,False,297
51,Mato Grosso,916,Zona da Baixada Norte,9165,VÁRZEA GRANDE,1,Várzea Grande,False,297
51,Mato Grosso,916,Zona da Baixada Norte,9165,VÁRZEA GRANDE,3,Bom Sucesso,False,298
51,Mato Grosso,916,Zona da Baixada Norte,9165,VÁRZEA GRANDE,5,Passagem da Conceição,False,298
51,Mato Grosso,917,Zona da Baixada Sul,9170,CORUMBÁ,1,Corumbá,False,298
51,Mato Grosso,917,Zona da Baixada Sul,9170,CORUMBÁ,3,Albuquerque,False,298
51,Mato Grosso,917,Zona da Baixada Sul,9170,CORUMBÁ,5,Amolar,False,298
51,Mato Grosso,917,Zona da Baixada Sul,9170,CORUMBÁ,7,Coimbra,False,298
51,Mato Grosso,917,Zona da Baixada Sul,9170,CORUMBÁ,9,Nhecolândia,False,298
51,Mato Grosso,917,Zona da Baixada Sul,9170,CORUMBÁ,11,Paiaguás,False,298
51,Mato Grosso,917,Zona da Baixada Sul,9170,CORUMBÁ,13,Pôrto Esperança,False,298
51,Mato Grosso,917,Zona da Baixada Sul,9171,LADÁRIO,1,Ladário,False,298
51,Mato Grosso,917,Zona da Baixada Sul,9172,MIRANDA,1,Miranda,False,298
51,Mato Grosso,917,Zona da Baixada Sul,9173,PÔRTO MURTINHO,1,Pôrto Murtinho,False,298
51,Goiás,943,Zona do Araguaia - Tocantins,9430,ARAGUATINS,1,Araguatins,False,299
51,Goiás,943,Zona do Araguaia - Tocantins,9431,ITAGUATINS,1,Itaguatins,False,299
51,Goiás,943,Zona do Araguaia - Tocantins,9432,XAMBIOÁ,1,Xambioá,False,299
51,Goiás,944946,Zona do Norte Goiano,9440,ARAGUACEMA,1,Araguacema,False,299
51,Goiás,944946,Zona do Norte Goiano,9440,ARAGUACEMA,3,Couto Magalhães,False,299
51,Goiás,944946,Zona do Norte Goiano,9440,ARAGUACEMA,5,Dois Irmãos,False,299
51,Goiás,944946,Zona do Norte Goiano,9440,ARAGUACEMA,7,Goianorte,False,299
51,Goiás,944946,Zona do Norte Goiano,9440,ARAGUACEMA,9,Itaporã,False,299
51,Goiás,944946,Zona do Norte Goiano,9440,ARAGUACEMA,11,Pau d&#x27;Arco,False,299
51,Goiás,944946,Zona do Norte Goiano,9440,ARAGUACEMA,13,Pequizeiro,False,299
51,Goiás,944946,Zona do Norte Goiano,9441,ARAGUAÍNA,1,Araguaína,False,299
51,Goiás,944946,Zona do Norte Goiano,9442,BABAÇULÂNDIA,1,Babaçulândia,False,299
51,Goiás,944946,Zona do Norte Goiano,9443,BREJINHO DE NAZARÉ,1,Brejinho de Nazaré,False,299
51,Goiás,944946,Zona do Norte Goiano,9444,CRISTALÂNDIA,1,Cristalândia,False,299
51,Goiás,944946,Zona do Norte Goiano,9445,DUERÉ,1,Dueré,False,299
51,Goiás,944946,Zona do Norte Goiano,9446,FILADÉLFIA,1,Filadélfia,False,299
51,Goiás,944946,Zona do Norte Goiano,9446,FILADÉLFIA,3,Palmeirante,False,299
51,Goiás,944946,Zona do Norte Goiano,9447,GURUPI,1,Gurupi,False,299
51,Goiás,944946,Zona do Norte Goiano,9448,ITACAJÁ [300.1],1,Itacajá,False,300
51,Goiás,944946,Zona do Norte Goiano,9449,LIZARDA,1,Lizarda,False,300
51,Goiás,944946,Zona do Norte Goiano,9450,MIRACEMA DO NORTE,1,Miracema do Norte,False,300
51,Goiás,944946,Zona do Norte Goiano,9450,MIRACEMA DO NORTE,3,Monte Santo,False,300
51,Goiás,944946,Zona do Norte Goiano,9451,NAZARÉ,1,Nazaré,False,300
51,Goiás,944946,Zona do Norte Goiano,9452,NÔVO ACÔRDO,1,Nôvo Acôrdo,False,300
51,Goiás,944946,Zona do Norte Goiano,9453,PEDRO AFONSO,1,Pedro Afonso,False,300
51,Goiás,944946,Zona do Norte Goiano,9454,PIACÁ,1,Piacá,False,300
51,Goiás,944946,Zona do Norte Goiano,9454,PIACÁ,3,Craolândia,False,300
51,Goiás,944946,Zona do Norte Goiano,9455,PIUM,1,Pium,False,300
51,Goiás,944946,Zona do Norte Goiano,9456,PONTE ALTA DO NORTE,1,Ponte Alta do Norte,False,300
51,Goiás,944946,Zona do Norte Goiano,9457,PÔRTO NACIONAL,1,Pôrto Nacional,False,300
51,Goiás,944946,Zona do Norte Goiano,9457,PÔRTO NACIONAL,3,Monte do Carmo,False,300
51,Goiás,944946,Zona do Norte Goiano,9458,TOCANTÍNIA,1,Tocantínia,False,300
51,Goiás,944946,Zona do Norte Goiano,9459,TOCANTINÓPOLIS,1,Tocantinópolis,False,300
51,Goiás,944946,Zona do Norte Goiano,9460,TUPIRAMA,1,Tupirama,False,300
51,Goiás,944946,Zona do Norte Goiano,9461,TUPIRATINS,1,Tupiratins,False,300
51,Goiás,947948,Zona do Alto Araguaia,9470,AMORINÓPOLIS,1,Amorinópolis,False,300
51,Goiás,947948,Zona do Alto Araguaia,9471,ARAGARÇAS,1,Aragarças,False,301
51,Goiás,947948,Zona do Alto Araguaia,9472,AURILÂNDIA,1,Aurilândia,False,301
51,Goiás,947948,Zona do Alto Araguaia,9473,BALIZA,1,Baliza,False,301
51,Goiás,947948,Zona do Alto Araguaia,9474,BOM JARDIM DE GOIÁS,1,Bom Jardim de Goiás,False,301
51,Goiás,947948,Zona do Alto Araguaia,9475,CACHOEIRA DE GOIÁS,1,Cachoeira de Goiás,False,301
51,Goiás,947948,Zona do Alto Araguaia,9476,CAIAPÔNIA,1,Caiapônia,False,301
51,Goiás,947948,Zona do Alto Araguaia,9477,IPORÁ,1,Iporá,False,301
51,Goiás,947948,Zona do Alto Araguaia,9478,ISRAELÂNDIA,1,Israelândia,False,301
51,Goiás,947948,Zona do Alto Araguaia,9479,IVOLÂNDIA,1,Ivolândia,False,301
51,Goiás,947948,Zona do Alto Araguaia,9480,JAUPACI,1,Jaupaci,False,301
51,Goiás,947948,Zona do Alto Araguaia,9481,MINEIROS,1,Mineiros,False,301
51,Goiás,947948,Zona do Alto Araguaia,9482,MOIPORÁ,1,Moiporá,False,301
51,Goiás,947948,Zona do Alto Araguaia,9483,PIRANHAS,1,Piranhas,False,301
51,Goiás,947948,Zona do Alto Araguaia,9484,SANTA RITA DO ARAGUAIA,1,Santa Rita do Araguaia,False,301
51,Goiás,949950,Zona do Meia Ponte,9490,ALOÂNDIA,1,Aloândia,False,301
51,Goiás,949950,Zona do Meia Ponte,9491,ARAGOIÂNIA,1,Aragoiânia,False,302
51,Goiás,949950,Zona do Meia Ponte,9492,BURITI ALEGRE,1,Buriti Alegre,False,302
51,Goiás,949950,Zona do Meia Ponte,9493,CROMÍNIA,1,Cromínia,False,302
51,Goiás,949950,Zona do Meia Ponte,9494,EDÉIA,1,Edéia,False,302
51,Goiás,949950,Zona do Meia Ponte,9495,GOIATUBA,1,Goiatuba,False,302
51,Goiás,949950,Zona do Meia Ponte,9495,GOIATUBA,3,Bom Jesus,False,302
51,Goiás,949950,Zona do Meia Ponte,9496,GUAPÓ,1,Guapó,False,302
51,Goiás,949950,Zona do Meia Ponte,9497,HIDROLÂNDIA,1,Hidrolândia,False,302
51,Goiás,949950,Zona do Meia Ponte,9498,ITUMBIARA,1,Itumbiara,False,302
51,Goiás,949950,Zona do Meia Ponte,9499,JANDAIA,1,Jandaia,False,302
51,Goiás,949950,Zona do Meia Ponte,9500,JOVIÂNIA,1,Joviânia,False,302
51,Goiás,949950,Zona do Meia Ponte,9501,MAIRIPOTABA,1,Mairipotaba,False,302
51,Goiás,949950,Zona do Meia Ponte,9502,MORRINHOS,1,Morrinhos,False,302
51,Goiás,949950,Zona do Meia Ponte,9503,PALMEIRAS DE GOIÁS,1,Palmeiras de Goiás,False,302
51,Goiás,949950,Zona do Meia Ponte,9503,PALMEIRAS DE GOIÁS,3,Palminópolis,False,302
51,Goiás,949950,Zona do Meia Ponte,9504,PANAMÁ,1,Panamá,False,302
51,Goiás,949950,Zona do Meia Ponte,9505,PIRACANJUBA,1,Piracanjuba,False,302
51,Goiás,949950,Zona do Meia Ponte,9506,PONTALINA,1,Pontalina,False,303
51,Goiás,949950,Zona do Meia Ponte,9507,VARJÃO,1,Varjão,False,303
51,Goiás,951953,Zona de Ipameri,9510,ÁGUA LIMPA,1,Água Limpa,False,303
51,Goiás,951953,Zona de Ipameri,9511,ANHANGUERA,1,Anhanguera,False,303
51,Goiás,951953,Zona de Ipameri,9512,BELA VISTA DE GOIÁS,1,Bela Vista de Goiás,False,303
51,Goiás,951953,Zona de Ipameri,9512,BELA VISTA DE GOIÁS,3,Caldazinha,False,303
51,Goiás,951953,Zona de Ipameri,9513,CALDAS NOVAS,1,Caldas Novas,False,303
51,Goiás,951953,Zona de Ipameri,9514,CAMPO ALEGRE DE GOIÁS,1,Campo Alegre de Goiás [303.16],False,303
51,Goiás,951953,Zona de Ipameri,9515,CATALÃO,1,Catalão,False,303
51,Goiás,951953,Zona de Ipameri,9515,CATALÃO,3,Santo Antônio do Rio Verde,False,303
51,Goiás,951953,Zona de Ipameri,9516,CORUMBAÍBA,1,Corumbaíba,False,303
51,Goiás,951953,Zona de Ipameri,9517,CRISTIANÓPOLIS,1,Cristianópolis,False,303
51,Goiás,951953,Zona de Ipameri,9518,CUMARI,1,Cumari,False,303
51,Goiás,951953,Zona de Ipameri,9519,GOIANDIRA,1,Goiandira,False,303
51,Goiás,951953,Zona de Ipameri,9520,IPAMERI,1,Ipameri,False,303
51,Goiás,951953,Zona de Ipameri,9520,IPAMERI,3,Cavalheiro,False,303
51,Goiás,951953,Zona de Ipameri,9520,IPAMERI,5,Domiciano Ribeiro,False,303
51,Goiás,951953,Zona de Ipameri,9521,LEOPOLDO DE BULHÕES,1,Leopoldo de Bulhões,False,303
51,Goiás,951953,Zona de Ipameri,9521,LEOPOLDO DE BULHÕES,3,[Bonfinópolis?] [304.1],False,304
51,Goiás,951953,Zona de Ipameri,9522,MARZAGÃO,1,Marzagão,False,304
51,Goiás,951953,Zona de Ipameri,9523,NOVA AURORA,1,Nova Aurora,False,304
51,Goiás,951953,Zona de Ipameri,9524,ORIZONA,1,Orizona,False,304
51,Goiás,951953,Zona de Ipameri,9525,OUVIDOR,1,Ouvidor,False,304
51,Goiás,951953,Zona de Ipameri,9526,PALMELO,1,Palmelo,False,304
51,Goiás,951953,Zona de Ipameri,9527,PIRES DO RIO,1,Pires do Rio,False,304
51,Goiás,951953,Zona de Ipameri,9528,SANTA CRUZ DE GOIÁS,1,Santa Cruz de Goiás,False,304
51,Goiás,951953,Zona de Ipameri,9529,SILVÂNIA,1,Silvânia,False,304
51,Goiás,951953,Zona de Ipameri,9530,TRÊS RANCHOS,1,Três Ranchos,False,304
51,Goiás,951953,Zona de Ipameri,9531,URUTAÍ,1,Urutaí,False,304
51,Goiás,951953,Zona de Ipameri,9532,VIANÓPOLIS,1,Vianópolis,False,304
51,Goiás,954955,Zona do Planalto,9540,ABADIÂNIA,1,Abadiânia,False,304
51,Goiás,954955,Zona do Planalto,9541,BARRO ALTO,1,Barro Alto,False,304
51,Goiás,954955,Zona do Planalto,9542,CABECEIRAS,1,Cabeceiras,False,304
51,Goiás,954955,Zona do Planalto,9543,CAVALCANTE,1,Cavalcante,False,304
51,Goiás,954955,Zona do Planalto,9543,CAVALCANTE,3,Colinas,False,304
51,Goiás,954955,Zona do Planalto,9544,CORUMBÁ DE GOIÁS,1,Corumbá de Goiás,False,305
51,Goiás,954955,Zona do Planalto,9545,CRISTALINA,1,Cristalina,False,305
51,Goiás,954955,Zona do Planalto,9546,FORMOSA,1,Formosa,False,305
51,Goiás,954955,Zona do Planalto,9546,FORMOSA,3,Crixalândia,False,305
51,Goiás,954955,Zona do Planalto,9546,FORMOSA,5,Santa Rosa [305.8],False,305
51,Goiás,954955,Zona do Planalto,9547,LUZIÂNIA,1,Luziânia,False,305
51,Goiás,954955,Zona do Planalto,9547,LUZIÂNIA,3,Padre Bernardo,False,305
51,Goiás,954955,Zona do Planalto,9548,NOVA ROMA,1,Nova Roma,False,305
51,Goiás,954955,Zona do Planalto,9549,ÔLHO D&#x27;ÁGUA,1,Ôlho d&#x27;Água,False,305
51,Goiás,954955,Zona do Planalto,9550,PIRENÓPOLIS,1,Pirenópolis,False,305
51,Goiás,954955,Zona do Planalto,9550,PIRENÓPOLIS,3,Lagolândia,False,305
51,Goiás,954955,Zona do Planalto,9551,PLANALTINA,1,São Gabriel de Goiás [305.20],False,305
51,Goiás,954955,Zona do Planalto,9551,PLANALTINA,3,Córrego Rico,False,305
51,Goiás,954955,Zona do Planalto,9552,SÃO JOÃO D&#x27;ALIANÇA [305.22],1,São João d&#x27;Aliança,False,305
51,Goiás,954955,Zona do Planalto,9553,VEADEIROS,1,Veadeiros,False,305
51,Goiás,940942,Zona do Paranã [305.26],9420,ALMAS,1,Almas,False,305
51,Goiás,940942,Zona do Paranã [305.26],9420,ALMAS,3,Rio da Conceição,False,305
51,Goiás,940942,Zona do Paranã [305.26],9400,ARRAIAS,1,Arraias,False,305
51,Goiás,940942,Zona do Paranã [305.26],9401,CAMPOS BELOS,1,Campos Belos,False,305
51,Goiás,940942,Zona do Paranã [305.26],9402,DAMIANÓPOLIS,1,Damianópolis,False,306
51,Goiás,940942,Zona do Paranã [305.26],9421,DIANÓPOLIS,1,Dianópolis,False,306
51,Goiás,940942,Zona do Paranã [305.26],9421,DIANÓPOLIS,3,Conceição do Norte,False,306
51,Goiás,940942,Zona do Paranã [305.26],9421,DIANÓPOLIS,5,Taipas,False,306
51,Goiás,940942,Zona do Paranã [305.26],9403,GALHEIROS,1,Galheiros,False,306
51,Goiás,940942,Zona do Paranã [305.26],9404,IACIARA,1,Iaciara,False,306
51,Goiás,940942,Zona do Paranã [305.26],9405,MAMBAÍ,1,Mambaí,False,306
51,Goiás,940942,Zona do Paranã [305.26],9406,MONTE ALEGRE DE GOIÁS,1,Monte Alegre de Goiás,False,306
51,Goiás,940942,Zona do Paranã [305.26],9422,NATIVIDADE [306.15],1,Natividade,False,306
51,Goiás,940942,Zona do Paranã [305.26],9422,NATIVIDADE [306.15],3,Apinajé,False,306
51,Goiás,940942,Zona do Paranã [305.26],9422,NATIVIDADE [306.15],5,Pindorama,False,306
51,Goiás,940942,Zona do Paranã [305.26],9407,PARANÃ,1,Paranã,False,306
51,Goiás,940942,Zona do Paranã [305.26],9423,PONTE ALTA DO BOM JESUS,1,Ponte Alta do Bom Jesus,False,306
51,Goiás,940942,Zona do Paranã [305.26],9408,POSSE,1,Posse,False,306
51,Goiás,940942,Zona do Paranã [305.26],9409,SÃO DOMINGOS,1,São Domingos,False,306
51,Goiás,940942,Zona do Paranã [305.26],9409,SÃO DOMINGOS,3,Coatiçaba,False,306
51,Goiás,940942,Zona do Paranã [305.26],9410,SÍTIO D&#x27;ABADIA,1,Sítio d&#x27;Abadia,False,306
51,Goiás,940942,Zona do Paranã [305.26],9410,SÍTIO D&#x27;ABADIA,3,Urutágua,False,306
51,Goiás,940942,Zona do Paranã [305.26],9424,TAGUATINGA,1,Taguatinga,False,306
51,Goiás,940942,Zona do Paranã [305.26],9424,TAGUATINGA,3,Manhã,False,306
51,Goiás,956957,Zona do Alto Tocantins,9560,AMARO LEITE,1,Amaro Leite,False,307
51,Goiás,956957,Zona do Alto Tocantins,9561,ARAGUAÇU,1,Araguaçu,False,307
51,Goiás,956957,Zona do Alto Tocantins,9562,CRIXÁS,1,Crixás,False,307
51,Goiás,956957,Zona do Alto Tocantins,9562,CRIXÁS,3,Bandeirantes,False,307
51,Goiás,956957,Zona do Alto Tocantins,9563,ESTRÊLA DO NORTE,1,Estrêla do Norte,False,307
51,Goiás,956957,Zona do Alto Tocantins,9564,HIDROLINA,1,Hidrolina,False,307
51,Goiás,956957,Zona do Alto Tocantins,9565,ITAPACI,1,Itapací,False,307
51,Goiás,956957,Zona do Alto Tocantins,9565,ITAPACI,3,Aparecida de Goiás,False,307
51,Goiás,956957,Zona do Alto Tocantins,9566,MUTUNÓPOLIS,1,Mutunópolis,False,307
51,Goiás,956957,Zona do Alto Tocantins,9567,NIQUELÂNDIA,1,Niquelândia,False,307
51,Goiás,956957,Zona do Alto Tocantins,9567,NIQUELÂNDIA,3,Mimoso,False,307
51,Goiás,956957,Zona do Alto Tocantins,9567,NIQUELÂNDIA,5,São Luís do Tocantins,False,307
51,Goiás,956957,Zona do Alto Tocantins,9567,NIQUELÂNDIA,7,Tupiraçaba,False,307
51,Goiás,956957,Zona do Alto Tocantins,9568,NOVA AMÉRICA,1,Nova América,False,307
51,Goiás,956957,Zona do Alto Tocantins,9569,PEIXE,1,Peixe,False,307
51,Goiás,956957,Zona do Alto Tocantins,9570,PILAR DE GOIÁS,1,Pilar de Goiás,False,307
51,Goiás,956957,Zona do Alto Tocantins,9571,PORANGATU,1,Porangatu,False,307
51,Goiás,956957,Zona do Alto Tocantins,9571,PORANGATU,3,Santa Teresa,False,307
51,Goiás,956957,Zona do Alto Tocantins,9572,SÃO MIGUEL DO ARAGUAIA,1,São Miguel do Araguaia,False,307
51,Goiás,956957,Zona do Alto Tocantins,9573,URUAÇU,1,Uruaçu,False,308
51,Goiás,960961,Zona do Rio Verde,9600,APORÉ,1,Aporé,False,308
51,Goiás,960961,Zona do Rio Verde,9601,CACHOEIRA ALTA,1,Cachoeira Alta,False,308
51,Goiás,960961,Zona do Rio Verde,9602,CAÇU,1,Caçu,False,308
51,Goiás,960961,Zona do Rio Verde,9603,ITAJÁ,1,Itajá,False,308
51,Goiás,960961,Zona do Rio Verde,9604,ITARUMÃ,1,Itarumã,False,308
51,Goiás,960961,Zona do Rio Verde,9605,JATAÍ,1,Jataí,False,308
51,Goiás,960961,Zona do Rio Verde,9606,MATEIRA,1,Mateira,False,308
51,Goiás,960961,Zona do Rio Verde,9607,PARAÚNA,1,Paraúna,False,308
51,Goiás,960961,Zona do Rio Verde,9608,QUIRINÓPOLIS,1,Quirinópolis,False,308
51,Goiás,960961,Zona do Rio Verde,9609,RIO VERDE,1,Rio Verde,False,308
51,Goiás,960961,Zona do Rio Verde,9609,RIO VERDE,3,Montividiu,False,308
51,Goiás,960961,Zona do Rio Verde,9610,SANTA HELENA DE GOIÁS,1,Santa Helena de Goiás,False,308
51,Goiás,960961,Zona do Rio Verde,9611,SÃO SIMÃO,1,São Simão,False,308
51,Goiás,960961,Zona do Rio Verde,9612,SERRANÓPOLIS,1,Serranópolis,False,308
51,Goiás,962966,Zona do Mato Grosso de Goiás,9620,ANÁPOLIS,1,Anápolis,False,309
51,Goiás,962966,Zona do Mato Grosso de Goiás,9620,ANÁPOLIS,3,Interlândia,False,309
51,Goiás,962966,Zona do Mato Grosso de Goiás,9620,ANÁPOLIS,5,Matão,False,309
51,Goiás,962966,Zona do Mato Grosso de Goiás,9620,ANÁPOLIS,7,Sousânia,False,309
51,Goiás,962966,Zona do Mato Grosso de Goiás,9621,ANICUNS,1,Anicuns,False,309
51,Goiás,962966,Zona do Mato Grosso de Goiás,9621,ANICUNS,3,Americano Brasil,False,309
51,Goiás,962966,Zona do Mato Grosso de Goiás,9621,ANICUNS,5,Avelinópolis,False,309
51,Goiás,962966,Zona do Mato Grosso de Goiás,9622,ARAÇU,1,Araçu,False,309
51,Goiás,962966,Zona do Mato Grosso de Goiás,9623,ARUANÃ,1,Aruanã,False,309
51,Goiás,962966,Zona do Mato Grosso de Goiás,9624,BRASABRANTES,1,Brasabrantes,False,309
51,Goiás,962966,Zona do Mato Grosso de Goiás,9625,BRASILÂNIA [309.17],1,Brasilânia,False,309
51,Goiás,962966,Zona do Mato Grosso de Goiás,9626,CARMO DO RIO VERDE,1,Carmo do Rio Verde,False,309
51,Goiás,962966,Zona do Mato Grosso de Goiás,9627,CATURAÍ,1,Caturaí,False,309
51,Goiás,962966,Zona do Mato Grosso de Goiás,9628,CERES,1,Ceres,False,309
51,Goiás,962966,Zona do Mato Grosso de Goiás,9629,CÓRREGO DO OURO,1,Córrego do Ouro,False,309
51,Goiás,962966,Zona do Mato Grosso de Goiás,9630,DAMOLÂNDIA,1,Damolândia,False,309
51,Goiás,962966,Zona do Mato Grosso de Goiás,9631,DIORAMA,1,Diorama,False,309
51,Goiás,962966,Zona do Mato Grosso de Goiás,9631,DIORAMA,3,Registro do Araguaia,False,309
51,Goiás,962966,Zona do Mato Grosso de Goiás,9631,DIORAMA,5,Salobinha,False,309
51,Goiás,962966,Zona do Mato Grosso de Goiás,9632,FAZENDA NOVA,1,Fazenda Nova,False,309
51,Goiás,962966,Zona do Mato Grosso de Goiás,9633,FIRMINÓPOLIS,1,Firminópolis,False,310
51,Goiás,962966,Zona do Mato Grosso de Goiás,9634,GOIANÁPOLIS,1,Goianápolis,False,310
51,Goiás,962966,Zona do Mato Grosso de Goiás,9635,GOIANÉSIA,1,Goianésia,False,310
51,Goiás,962966,Zona do Mato Grosso de Goiás,9636,GOIÂNIA,1,Goiânia,False,310
51,Goiás,962966,Zona do Mato Grosso de Goiás,9636,GOIÂNIA,3,Senador Canedo,False,310
51,Goiás,962966,Zona do Mato Grosso de Goiás,9637,GOIANIRA,1,Goianira,False,310
51,Goiás,962966,Zona do Mato Grosso de Goiás,9638,GOIÁS,1,Goiás,False,310
51,Goiás,962966,Zona do Mato Grosso de Goiás,9638,GOIÁS,3,Buenolândia,False,310
51,Goiás,962966,Zona do Mato Grosso de Goiás,9638,GOIÁS,5,Caiçara,False,310
51,Goiás,962966,Zona do Mato Grosso de Goiás,9638,GOIÁS,7,Davinópolis,False,310
51,Goiás,962966,Zona do Mato Grosso de Goiás,9638,GOIÁS,9,Itaiú,False,310
51,Goiás,962966,Zona do Mato Grosso de Goiás,9638,GOIÁS,11,Jeroaquara,False,310
51,Goiás,962966,Zona do Mato Grosso de Goiás,9638,GOIÁS,13,Mozarlândia [310.19],False,310
51,Goiás,962966,Zona do Mato Grosso de Goiás,9638,GOIÁS,15,Uvá [310.20],False,310
51,Goiás,962966,Zona do Mato Grosso de Goiás,9639,INHUMAS,1,Inhumas,False,310
51,Goiás,962966,Zona do Mato Grosso de Goiás,9640,ITABERAÍ,1,Itaberaí,False,310
51,Goiás,962966,Zona do Mato Grosso de Goiás,9640,ITABERAÍ,3,Taquaral,False,310
51,Goiás,962966,Zona do Mato Grosso de Goiás,9641,ITAGUARU,1,Itaguaru,False,310
51,Goiás,962966,Zona do Mato Grosso de Goiás,9642,ITAPIRAPUÃ,1,Itapirapuã,False,310
51,Goiás,962966,Zona do Mato Grosso de Goiás,9643,ITAPURANGA,1,Itapuranga,False,310
51,Goiás,962966,Zona do Mato Grosso de Goiás,9643,ITAPURANGA,3,Diolândia,False,310
51,Goiás,962966,Zona do Mato Grosso de Goiás,9644,ITAUÇU,1,Itauçu,False,310
51,Goiás,962966,Zona do Mato Grosso de Goiás,9645,JARAGUÁ,1,Jaraguá,False,311
51,Goiás,962966,Zona do Mato Grosso de Goiás,9645,JARAGUÁ,3,Castrinópolis [311.3],False,311
51,Goiás,962966,Zona do Mato Grosso de Goiás,9646,JUÇARA [311.4],1,Juçara,False,311
51,Goiás,962966,Zona do Mato Grosso de Goiás,9646,JUÇARA [311.4],3,Britânia,False,311
51,Goiás,962966,Zona do Mato Grosso de Goiás,9646,JUÇARA [311.4],5,Juscelândia,False,311
51,Goiás,962966,Zona do Mato Grosso de Goiás,9646,JUÇARA [311.4],7,Santa Fé,False,311
51,Goiás,962966,Zona do Mato Grosso de Goiás,9646,JUÇARA [311.4],9,São Sebastião do Rio Claro,False,311
51,Goiás,962966,Zona do Mato Grosso de Goiás,9647,MOSSÂMEDES,1,Mossâmedes,False,311
51,Goiás,962966,Zona do Mato Grosso de Goiás,9648,NAZÁRIO,1,Nazário,False,311
51,Goiás,962966,Zona do Mato Grosso de Goiás,9649,NERÓPOLIS,1,Nerópolis,False,311
51,Goiás,962966,Zona do Mato Grosso de Goiás,9650,NOVA VENEZA,1,Nova Veneza,False,311
51,Goiás,962966,Zona do Mato Grosso de Goiás,9651,NÔVO BRASIL,1,Nôvo Brasil,False,311
51,Goiás,962966,Zona do Mato Grosso de Goiás,9652,PETROLINA DE GOIÁS,1,Petrolina de Goiás,False,311
51,Goiás,962966,Zona do Mato Grosso de Goiás,9653,RIALMA,1,Rialma,False,311
51,Goiás,962966,Zona do Mato Grosso de Goiás,9654,RIANÁPOLIS,1,Rianápolis,False,311
51,Goiás,962966,Zona do Mato Grosso de Goiás,9655,RUBIATABA,1,Rubiataba,False,311
51,Goiás,962966,Zona do Mato Grosso de Goiás,9655,RUBIATABA,3,Morro Agudo de Goiás,False,311
51,Goiás,962966,Zona do Mato Grosso de Goiás,9655,RUBIATABA,5,Valdelândia,False,311
51,Goiás,962966,Zona do Mato Grosso de Goiás,9656,SÃO FRANCISCO DE GOIÁS,1,São Francisco de Goiás,False,311
51,Goiás,962966,Zona do Mato Grosso de Goiás,9657,SÃO LUÍS DE MONTES BELOS,1,São Luís de Montes Belos,False,311
51,Goiás,962966,Zona do Mato Grosso de Goiás,9658,TRINDADE,1,Trindade,False,312
51,Goiás,962966,Zona do Mato Grosso de Goiás,9659,TURVÂNIA,1,Turvânia,False,312
51,Goiás,962966,Zona do Mato Grosso de Goiás,9660,URUANA,1,Uruana,False,312
51,"Serra dos Aimorés, Fernando de Noronha e Brasília",962966,Zona do Mato Grosso de Goiás,2401,FERNANDO DE NORONHA [313.4],1,Fernando de Noronha,False,313
51,"Serra dos Aimorés, Fernando de Noronha e Brasília",9701,CIDADE DE BRASÍLIA [313.7],9700,CIDADE DE BRASÍLIA [313.7],1,CIDADE DE BRASÍLIA [313.7],False,313
51,"Serra dos Aimorés, Fernando de Noronha e Brasília",9701,CIDADE DE BRASÍLIA [313.7],9700,CIDADE DE BRASÍLIA [313.7],2,Núcleo Bandeirante [313.8],False,313
51,"Serra dos Aimorés, Fernando de Noronha e Brasília",9702,PLANALTINA [313.9],9700,CIDADE DE BRASÍLIA [313.7],3,PLANALTINA [313.9],False,313
51,"Serra dos Aimorés, Fernando de Noronha e Brasília",9703,TAGUATINGA [313.10],9700,CIDADE DE BRASÍLIA [313.7],4,TAGUATINGA [313.10],False,313
51,"Serra dos Aimorés, Fernando de Noronha e Brasília",9704,SOBRADINHO [313.11],9700,CIDADE DE BRASÍLIA [313.7],5,SOBRADINHO [313.11],False,313
51,"Serra dos Aimorés, Fernando de Noronha e Brasília",9705,ZONA RURAL [313.12],9700,CIDADE DE BRASÍLIA [313.7],6,ZONA RURAL [313.12],False,313
