tabela,nivel,regiao,uf60,nome,item,sexo,medida,valor,pagina,fonte,status,nota
32,brasil,,,Brasil,presente,homens,,35059546,80,,ok,
32,brasil,,,Brasil,presente,mulheres,,35131824,80,,deduzido,
32,brasil,,,Brasil,presente,total,,70191370,80,,ok,
32,brasil,,,Brasil,residente,homens,,35055457,80,,ok,
32,brasil,,,Brasil,residente,mulheres,,35015000,80,,uma_ok,
32,brasil,,,Brasil,residente,total,,70070457,80,,ok,
32,regiao,Norte,,Norte,presente,homens,,1315221,80,,ok,
32,regiao,Norte,,Norte,presente,mulheres,,1264221,80,,ok,
32,regiao,Norte,,Norte,presente,total,,2579442,80,,aritmetica,
32,regiao,Norte,,Norte,residente,homens,,1304964,80,,ok,
32,regiao,Norte,,Norte,residente,mulheres,,1256818,80,,ok,
32,regiao,Norte,,Norte,residente,total,,2561782,80,,ok,
32,uf,Norte,0,Rondônia,presente,homens,,39038,80,universo,ok,
32,uf,Norte,0,Rondônia,presente,mulheres,,31194,80,universo,ok,
32,uf,Norte,0,Rondônia,presente,total,,70232,80,universo,ok,
32,uf,Norte,0,Rondônia,residente,homens,,38681,80,universo,aritmetica,
32,uf,Norte,0,Rondônia,residente,mulheres,,31111,80,universo,ok,
32,uf,Norte,0,Rondônia,residente,total,,69792,80,universo,ok,
32,uf,Norte,1,Acre,presente,homens,,84208,80,universo,ok,
32,uf,Norte,1,Acre,presente,mulheres,,74644,80,universo,ok,
32,uf,Norte,1,Acre,presente,total,,158852,80,universo,aritmetica,
32,uf,Norte,1,Acre,residente,homens,,83963,80,universo,ok,
32,uf,Norte,1,Acre,residente,mulheres,,74221,80,universo,ok,
32,uf,Norte,1,Acre,residente,total,,158184,80,universo,deduzido,
32,uf,Norte,2,Amazonas,presente,homens,,367333,80,universo,ok,
32,uf,Norte,2,Amazonas,presente,mulheres,,347441,80,universo,ok,
32,uf,Norte,2,Amazonas,presente,total,,714774,80,universo,ok,
32,uf,Norte,2,Amazonas,residente,homens,,363528,80,universo,ok,
32,uf,Norte,2,Amazonas,residente,mulheres,,344931,80,universo,ok,
32,uf,Norte,2,Amazonas,residente,total,,708459,80,universo,ok,
32,uf,Norte,3,Roraima,presente,homens,,15018,80,universo,ok,
32,uf,Norte,3,Roraima,presente,mulheres,,13853,80,universo,aritmetica,
32,uf,Norte,3,Roraima,presente,total,,28871,80,universo,ok,
32,uf,Norte,3,Roraima,residente,homens,,14647,80,universo,ok,
32,uf,Norte,3,Roraima,residente,mulheres,,13657,80,universo,ok,
32,uf,Norte,3,Roraima,residente,total,,28304,80,universo,aritmetica,
32,uf,Norte,4,Pará,presente,homens,,774626,80,universo,aritmetica,
32,uf,Norte,4,Pará,presente,mulheres,,763567,80,universo,ok,
32,uf,Norte,4,Pará,presente,total,,1538193,80,universo,aritmetica,
32,uf,Norte,4,Pará,residente,homens,,769725,80,universo,ok,
32,uf,Norte,4,Pará,residente,mulheres,,759568,80,universo,ok,
32,uf,Norte,4,Pará,residente,total,,1529293,80,universo,ok,
32,uf,Norte,6,Amapá,presente,homens,,34998,80,universo,ok,
32,uf,Norte,6,Amapá,presente,mulheres,,33522,80,universo,ok,
32,uf,Norte,6,Amapá,presente,total,,68520,80,universo,ok,
32,uf,Norte,6,Amapá,residente,homens,,34420,80,universo,ok,
32,uf,Norte,6,Amapá,residente,mulheres,,33330,80,universo,ok,
32,uf,Norte,6,Amapá,residente,total,,67750,80,universo,ok,
32,regiao,Nordeste,,Nordeste,presente,homens,,7568238,80,,ok,
32,regiao,Nordeste,,Nordeste,presente,mulheres,,7918002,80,,ok,
32,regiao,Nordeste,,Nordeste,presente,total,,15486240,80,,aritmetica,
32,regiao,Nordeste,,Nordeste,residente,homens,,7604828,80,,aritmetica,
32,regiao,Nordeste,,Nordeste,residente,mulheres,,7904349,80,,ok,
32,regiao,Nordeste,,Nordeste,residente,total,,15509177,80,,ok,
32,uf,Nordeste,10,Maranhão,presente,homens,,1256406,80,universo,ok,
32,uf,Nordeste,10,Maranhão,presente,mulheres,,1220965,80,universo,ok,
32,uf,Nordeste,10,Maranhão,presente,total,,2477371,80,universo,aritmetica,
32,uf,Nordeste,10,Maranhão,residente,homens,,1252198,80,universo,aritmetica,
32,uf,Nordeste,10,Maranhão,residente,mulheres,,1217249,80,universo,ok,
32,uf,Nordeste,10,Maranhão,residente,total,,2469447,80,universo,ok,
32,uf,Nordeste,12,Piauí,presente,homens,,616940,80,universo,ok,
32,uf,Nordeste,12,Piauí,presente,mulheres,,632260,80,universo,ok,
32,uf,Nordeste,12,Piauí,presente,total,,1249200,80,universo,aritmetica,
32,uf,Nordeste,12,Piauí,residente,homens,,614541,80,universo,ok,
32,uf,Nordeste,12,Piauí,residente,mulheres,,627595,80,universo,ok,
32,uf,Nordeste,12,Piauí,residente,total,,1242136,80,universo,ok,
32,uf,Nordeste,14,Ceará,presente,homens,,1601904,80,amostra 25%,ok,
32,uf,Nordeste,14,Ceará,presente,mulheres,,1687691,80,amostra 25%,ok,
32,uf,Nordeste,14,Ceará,presente,total,,3289595,80,amostra 25%,ok,
32,uf,Nordeste,14,Ceará,residente,homens,,1612744,80,amostra 25%,ok,
32,uf,Nordeste,14,Ceará,residente,mulheres,,1683622,80,amostra 25%,ok,
32,uf,Nordeste,14,Ceará,residente,total,,3296366,80,amostra 25%,ok,
32,uf,Nordeste,17,Rio Grande do Norte,presente,homens,,555308,80,amostra 25%,ok,
32,uf,Nordeste,17,Rio Grande do Norte,presente,mulheres,,585515,80,amostra 25%,ok,
32,uf,Nordeste,17,Rio Grande do Norte,presente,total,,1140823,80,amostra 25%,ok,
32,uf,Nordeste,17,Rio Grande do Norte,residente,homens,,559410,80,amostra 25%,ok,
32,uf,Nordeste,17,Rio Grande do Norte,residente,mulheres,,586092,80,amostra 25%,ok,
32,uf,Nordeste,17,Rio Grande do Norte,residente,total,,1145502,80,amostra 25%,ok,
32,uf,Nordeste,19,Paraíba,presente,homens,,960449,80,amostra 25%,ok,
32,uf,Nordeste,19,Paraíba,presente,mulheres,,1030696,80,amostra 25%,aritmetica,
32,uf,Nordeste,19,Paraíba,presente,total,,1991145,80,amostra 25%,ok,
32,uf,Nordeste,19,Paraíba,residente,homens,,970772,80,amostra 25%,ok,
32,uf,Nordeste,19,Paraíba,residente,mulheres,,1030079,80,amostra 25%,ok,
32,uf,Nordeste,19,Paraíba,residente,total,,2000851,80,amostra 25%,ok,
32,uf,Nordeste,21,Pernambuco,presente,homens,,1966907,80,amostra 25%,ok,
32,uf,Nordeste,21,Pernambuco,presente,mulheres,,2113694,80,amostra 25%,ok,
32,uf,Nordeste,21,Pernambuco,presente,total,,4080601,80,amostra 25%,ok,
32,uf,Nordeste,21,Pernambuco,residente,homens,,1982782,80,amostra 25%,ok,
32,uf,Nordeste,21,Pernambuco,residente,mulheres,,2112597,80,amostra 25%,ok,
32,uf,Nordeste,21,Pernambuco,residente,total,,4095379,80,amostra 25%,ok,
32,uf,Nordeste,25,Alagoas,presente,homens,,609590,80,amostra 25%,ok,
32,uf,Nordeste,25,Alagoas,presente,mulheres,,646569,80,amostra 25%,ok,
32,uf,Nordeste,25,Alagoas,presente,total,,1256159,80,amostra 25%,ok,
32,uf,Nordeste,25,Alagoas,residente,homens,,611635,80,amostra 25%,ok,
32,uf,Nordeste,25,Alagoas,residente,mulheres,,646472,80,amostra 25%,ok,
32,uf,Nordeste,25,Alagoas,residente,total,,1258107,80,amostra 25%,ok,
32,uf,Nordeste,24,Fernando de Noronha,presente,homens,,734,80,amostra 25%,ok,
32,uf,Nordeste,24,Fernando de Noronha,presente,mulheres,,612,80,amostra 25%,ok,
32,uf,Nordeste,24,Fernando de Noronha,presente,total,,1346,80,amostra 25%,ok,
32,uf,Nordeste,24,Fernando de Noronha,residente,homens,,746,80,amostra 25%,ok,
32,uf,Nordeste,24,Fernando de Noronha,residente,mulheres,,643,80,amostra 25%,aritmetica,
32,uf,Nordeste,24,Fernando de Noronha,residente,total,,1389,80,amostra 25%,ok,
32,regiao,Leste,,Leste,presente,homens,,12180026,80,,aritmetica,
32,regiao,Leste,,Leste,presente,mulheres,,12390735,80,,ok,
32,regiao,Leste,,Leste,presente,total,,24570761,80,,deduzido,
32,regiao,Leste,,Leste,residente,homens,,12157651,80,,ok,
32,regiao,Leste,,Leste,residente,mulheres,,12336549,80,,aritmetica,
32,regiao,Leste,,Leste,residente,total,,24494200,80,,ok,
32,uf,Leste,30,Sergipe,presente,homens,,361338,80,amostra 25%,ok,
32,uf,Leste,30,Sergipe,presente,mulheres,,390440,80,amostra 25%,ok,
32,uf,Leste,30,Sergipe,presente,total,,751778,80,amostra 25%,ok,
32,uf,Leste,30,Sergipe,residente,homens,,362737,80,amostra 25%,ok,
32,uf,Leste,30,Sergipe,residente,mulheres,,389519,80,amostra 25%,ok,
32,uf,Leste,30,Sergipe,residente,total,,752256,80,amostra 25%,ok,
32,uf,Leste,31,Bahia,presente,homens,,2886897,80,amostra 25%,aritmetica,
32,uf,Leste,31,Bahia,presente,mulheres,,3031975,80,amostra 25%,aritmetica,
32,uf,Leste,31,Bahia,presente,total,,5918872,80,amostra 25%,ok,
32,uf,Leste,31,Bahia,residente,homens,,2895194,80,amostra 25%,ok,
32,uf,Leste,31,Bahia,residente,mulheres,,3025253,80,amostra 25%,ok,
32,uf,Leste,31,Bahia,residente,total,,5920447,80,amostra 25%,ok,
32,uf,Leste,40,Minas Gerais,presente,homens,,4846200,80,amostra 25%,ok,
32,uf,Leste,40,Minas Gerais,presente,mulheres,,4851918,80,amostra 25%,aritmetica,
32,uf,Leste,40,Minas Gerais,presente,total,,9698118,80,amostra 25%,ok,
32,uf,Leste,40,Minas Gerais,residente,homens,,4833802,80,amostra 25%,ok,
32,uf,Leste,40,Minas Gerais,residente,mulheres,,4823936,80,amostra 25%,aritmetica,
32,uf,Leste,40,Minas Gerais,residente,total,,9657738,80,amostra 25%,ok,
32,uf,Leste,50,Serra dos Aimorés,presente,homens,,199289,80,amostra 25%,ok,
32,uf,Leste,50,Serra dos Aimorés,presente,mulheres,,183505,80,amostra 25%,ok,
32,uf,Leste,50,Serra dos Aimorés,presente,total,,382794,80,amostra 25%,ok,
32,uf,Leste,50,Serra dos Aimorés,residente,homens,,199079,80,amostra 25%,ok,
32,uf,Leste,50,Serra dos Aimorés,residente,mulheres,,183074,80,amostra 25%,ok,
32,uf,Leste,50,Serra dos Aimorés,residente,total,,382153,80,amostra 25%,aritmetica,
32,uf,Leste,51,Espírito Santo,presente,homens,,594423,80,universo,ok,
32,uf,Leste,51,Espírito Santo,presente,mulheres,,575130,80,universo,ok,
32,uf,Leste,51,Espírito Santo,presente,total,,1169553,80,universo,ok,
32,uf,Leste,51,Espírito Santo,residente,homens,,595658,80,universo,ok,
32,uf,Leste,51,Espírito Santo,residente,mulheres,,575200,80,universo,ok,
32,uf,Leste,51,Espírito Santo,residente,total,,1170858,80,universo,ok,
32,uf,Leste,52,Rio de Janeiro,presente,homens,,1697880,80,amostra 25%,ok,
32,uf,Leste,52,Rio de Janeiro,presente,mulheres,,1669858,80,amostra 25%,aritmetica,
32,uf,Leste,52,Rio de Janeiro,presente,total,,3367738,80,amostra 25%,aritmetica,
32,uf,Leste,52,Rio de Janeiro,residente,homens,,1697752,80,amostra 25%,ok,
32,uf,Leste,52,Rio de Janeiro,residente,mulheres,,1665286,80,amostra 25%,ok,
32,uf,Leste,52,Rio de Janeiro,residente,total,,3363038,80,amostra 25%,ok,
32,uf,Leste,54,Guanabara,presente,homens,,1593999,80,universo,ok,
32,uf,Leste,54,Guanabara,presente,mulheres,,1687909,80,universo,ok,
32,uf,Leste,54,Guanabara,presente,total,,3281908,80,universo,ok,
32,uf,Leste,54,Guanabara,residente,homens,,1573429,80,universo,ok,
32,uf,Leste,54,Guanabara,residente,mulheres,,1674281,80,universo,aritmetica,
32,uf,Leste,54,Guanabara,residente,total,,3247710,80,universo,ok,
32,regiao,Sul,,Sul,presente,homens,,12459937,80,,ok,
32,regiao,Sul,,Sul,presente,mulheres,,12145501,80,,ok,
32,regiao,Sul,,Sul,presente,total,,24605438,80,,ok,
32,regiao,Sul,,Sul,residente,homens,,12454318,80,,ok,
32,regiao,Sul,,Sul,residente,mulheres,,12107988,80,,ok,
32,regiao,Sul,,Sul,residente,total,,24562306,80,,deduzido,
32,uf,Sul,60,São Paulo,presente,homens,,6477519,80,amostra 25%,ok,
32,uf,Sul,60,São Paulo,presente,mulheres,,6346287,80,amostra 25%,aritmetica,
32,uf,Sul,60,São Paulo,presente,total,,12823806,80,amostra 25%,ok,
32,uf,Sul,60,São Paulo,residente,homens,,6480421,80,amostra 25%,ok,
32,uf,Sul,60,São Paulo,residente,mulheres,,6328810,80,amostra 25%,deduzido,
32,uf,Sul,60,São Paulo,residente,total,,12809231,80,amostra 25%,ok,
32,uf,Sul,71,Paraná,presente,homens,,2211922,80,amostra 25%,ok,
32,uf,Sul,71,Paraná,presente,mulheres,,2051799,80,amostra 25%,ok,
32,uf,Sul,71,Paraná,presente,total,,4263721,80,amostra 25%,ok,
32,uf,Sul,71,Paraná,residente,homens,,2215970,80,amostra 25%,ok,
32,uf,Sul,71,Paraná,residente,mulheres,,2052269,80,amostra 25%,deduzido,
32,uf,Sul,71,Paraná,residente,total,,4268239,80,amostra 25%,aritmetica,
32,uf,Sul,74,Santa Catarina,presente,homens,,1079105,80,universo,aritmetica,
32,uf,Sul,74,Santa Catarina,presente,mulheres,,1050147,80,universo,aritmetica,
32,uf,Sul,74,Santa Catarina,presente,total,,2129252,80,universo,ok,
32,uf,Sul,74,Santa Catarina,residente,homens,,1074254,80,universo,aritmetica,
32,uf,Sul,74,Santa Catarina,residente,mulheres,,1043862,80,universo,ok,
32,uf,Sul,74,Santa Catarina,residente,total,,2118116,80,universo,aritmetica,
32,uf,Sul,81,Rio Grande do Sul,presente,homens,,2691391,80,amostra 25%,ok,
32,uf,Sul,81,Rio Grande do Sul,presente,mulheres,,2697268,80,amostra 25%,ok,
32,uf,Sul,81,Rio Grande do Sul,presente,total,,5388659,80,amostra 25%,ok,
32,uf,Sul,81,Rio Grande do Sul,residente,homens,,2683673,80,amostra 25%,deduzido,
32,uf,Sul,81,Rio Grande do Sul,residente,mulheres,,2683047,80,amostra 25%,ok,
32,uf,Sul,81,Rio Grande do Sul,residente,total,,5366720,80,amostra 25%,aritmetica,
32,regiao,Centro-Oeste,,Centro-Oeste,presente,homens,,1536124,80,,deduzido,
32,regiao,Centro-Oeste,,Centro-Oeste,presente,mulheres,,1413365,80,,deduzido,
32,regiao,Centro-Oeste,,Centro-Oeste,presente,total,,2949489,80,,ok,
32,regiao,Centro-Oeste,,Centro-Oeste,residente,homens,,1533696,80,,uma_ok,
32,regiao,Centro-Oeste,,Centro-Oeste,residente,mulheres,,1409296,80,,aritmetica,
32,regiao,Centro-Oeste,,Centro-Oeste,residente,total,,2942992,80,,ok,
32,uf,Centro-Oeste,91,Mato Grosso,presente,homens,,465382,80,amostra 25%,aritmetica,
32,uf,Centro-Oeste,91,Mato Grosso,presente,mulheres,,426851,80,amostra 25%,aritmetica,
32,uf,Centro-Oeste,91,Mato Grosso,presente,total,,892233,80,amostra 25%,ok,
32,uf,Centro-Oeste,91,Mato Grosso,residente,homens,,464175,80,amostra 25%,aritmetica,
32,uf,Centro-Oeste,91,Mato Grosso,residente,mulheres,,425364,80,amostra 25%,aritmetica,
32,uf,Centro-Oeste,91,Mato Grosso,residente,total,,889539,80,amostra 25%,uma_ok,
32,uf,Centro-Oeste,94,Goiás,presente,homens,,983456,80,amostra 25%,aritmetica,
32,uf,Centro-Oeste,94,Goiás,presente,mulheres,,934004,80,amostra 25%,aritmetica,
32,uf,Centro-Oeste,94,Goiás,presente,total,,1917460,80,amostra 25%,ok,
32,uf,Centro-Oeste,94,Goiás,residente,homens,,982319,80,amostra 25%,aritmetica,
32,uf,Centro-Oeste,94,Goiás,residente,mulheres,,930970,80,amostra 25%,ok,
32,uf,Centro-Oeste,94,Goiás,residente,total,,1913289,80,amostra 25%,aritmetica,
32,uf,Centro-Oeste,97,Distrito Federal,presente,homens,,87286,80,amostra 25%,aritmetica,
32,uf,Centro-Oeste,97,Distrito Federal,presente,mulheres,,52510,80,amostra 25%,aritmetica,
32,uf,Centro-Oeste,97,Distrito Federal,presente,total,,139796,80,amostra 25%,ok,
32,uf,Centro-Oeste,97,Distrito Federal,residente,homens,,87202,80,amostra 25%,aritmetica,
32,uf,Centro-Oeste,97,Distrito Federal,residente,mulheres,,52962,80,amostra 25%,ok,
32,uf,Centro-Oeste,97,Distrito Federal,residente,total,,140164,80,amostra 25%,aritmetica,
33,brasil,,,Brasil,0 a 4,homens,,5687512,82,,ok,
33,brasil,,,Brasil,0 a 4,mulheres,,5505877,82,,ok,
33,brasil,,,Brasil,5 a 9,homens,,5170579,82,,ok,
33,brasil,,,Brasil,5 a 9,mulheres,,4987844,82,,aritmetica,
33,brasil,,,Brasil,total,homens,,35059546,82,,ok,
33,brasil,,,Brasil,total,mulheres,,35131824,82,,ok,
33,brasil,,,Brasil,total,total,,70191370,82,,ok,
33,brasil,,,Brasil,10 a 14,homens,,4297589,83,,deduzido,
33,brasil,,,Brasil,10 a 14,mulheres,,4263367,83,,ok,
33,brasil,,,Brasil,15 a 19,homens,,3452198,83,,ok,
33,brasil,,,Brasil,15 a 19,mulheres,,3722613,83,,aritmetica,
33,brasil,,,Brasil,20 a 24,homens,,2993680,83,,ok,
33,brasil,,,Brasil,20 a 24,mulheres,,3244240,83,,ok,
33,brasil,,,Brasil,25 a 29,homens,,2545283,83,,ok,
33,brasil,,,Brasil,25 a 29,mulheres,,2700565,83,,ok,
33,brasil,,,Brasil,30 a 39,homens,,4228185,83,,ok,
33,brasil,,,Brasil,30 a 39,mulheres,,4258193,83,,ok,
33,brasil,,,Brasil,40 a 49,homens,,3051078,83,,ok,
33,brasil,,,Brasil,40 a 49,mulheres,,2899610,83,,ok,
33,brasil,,,Brasil,50 a 59,homens,,1933852,84,,ok,
33,brasil,,,Brasil,50 a 59,mulheres,,1819115,84,,ok,
33,brasil,,,Brasil,60 a 69,homens,,1120329,84,,ok,
33,brasil,,,Brasil,60 a 69,mulheres,,1070309,84,,ok,
33,brasil,,,Brasil,70 e mais,homens,,530745,84,,ok,
33,brasil,,,Brasil,70 e mais,mulheres,,609613,84,,ok,
33,brasil,,,Brasil,ignorada,homens,,48516,84,,ok,
33,brasil,,,Brasil,ignorada,mulheres,,50478,84,,ok,
33,regiao,Norte,,Norte,0 a 4,homens,,235052,82,,ok,
33,regiao,Norte,,Norte,0 a 4,mulheres,,226568,82,,ok,
33,regiao,Norte,,Norte,5 a 9,homens,,205704,82,,ok,
33,regiao,Norte,,Norte,5 a 9,mulheres,,195374,82,,ok,
33,regiao,Norte,,Norte,total,homens,,1315221,82,,ok,
33,regiao,Norte,,Norte,total,mulheres,,1264221,82,,ok,
33,regiao,Norte,,Norte,total,total,,2579442,82,,ok,
33,regiao,Norte,,Norte,10 a 14,homens,,166423,83,,ok,
33,regiao,Norte,,Norte,10 a 14,mulheres,,160041,83,,ok,
33,regiao,Norte,,Norte,15 a 19,homens,,134129,83,,ok,
33,regiao,Norte,,Norte,15 a 19,mulheres,,138729,83,,ok,
33,regiao,Norte,,Norte,20 a 24,homens,,109974,83,,ok,
33,regiao,Norte,,Norte,20 a 24,mulheres,,113440,83,,ok,
33,regiao,Norte,,Norte,25 a 29,homens,,94045,83,,ok,
33,regiao,Norte,,Norte,25 a 29,mulheres,,93572,83,,ok,
33,regiao,Norte,,Norte,30 a 39,homens,,152460,83,,ok,
33,regiao,Norte,,Norte,30 a 39,mulheres,,139293,83,,ok,
33,regiao,Norte,,Norte,40 a 49,homens,,105416,83,,ok,
33,regiao,Norte,,Norte,40 a 49,mulheres,,91790,83,,ok,
33,regiao,Norte,,Norte,50 a 59,homens,,59489,84,,ok,
33,regiao,Norte,,Norte,50 a 59,mulheres,,54752,84,,ok,
33,regiao,Norte,,Norte,60 a 69,homens,,33539,84,,ok,
33,regiao,Norte,,Norte,60 a 69,mulheres,,30684,84,,ok,
33,regiao,Norte,,Norte,70 e mais,homens,,16233,84,,ok,
33,regiao,Norte,,Norte,70 e mais,mulheres,,17531,84,,ok,
33,regiao,Norte,,Norte,ignorada,homens,,2757,84,,ok,
33,regiao,Norte,,Norte,ignorada,mulheres,,2447,84,,ok,
33,uf,Norte,0,Rondônia,0 a 4,homens,,6977,82,universo,ok,
33,uf,Norte,0,Rondônia,0 a 4,mulheres,,6276,82,universo,ok,
33,uf,Norte,0,Rondônia,5 a 9,homens,,5575,82,universo,ok,
33,uf,Norte,0,Rondônia,5 a 9,mulheres,,5059,82,universo,ok,
33,uf,Norte,0,Rondônia,total,homens,,39038,82,universo,ok,
33,uf,Norte,0,Rondônia,total,mulheres,,31194,82,universo,ok,
33,uf,Norte,0,Rondônia,total,total,,70232,82,universo,ok,
33,uf,Norte,0,Rondônia,10 a 14,homens,,4069,83,universo,ok,
33,uf,Norte,0,Rondônia,10 a 14,mulheres,,3828,83,universo,ok,
33,uf,Norte,0,Rondônia,15 a 19,homens,,2997,83,universo,ok,
33,uf,Norte,0,Rondônia,15 a 19,mulheres,,3048,83,universo,ok,
33,uf,Norte,0,Rondônia,20 a 24,homens,,3595,83,universo,ok,
33,uf,Norte,0,Rondônia,20 a 24,mulheres,,2966,83,universo,ok,
33,uf,Norte,0,Rondônia,25 a 29,homens,,3781,83,universo,manual,OCR 3 761
33,uf,Norte,0,Rondônia,25 a 29,mulheres,,2645,83,universo,aritmetica,
33,uf,Norte,0,Rondônia,30 a 39,homens,,6088,83,universo,ok,
33,uf,Norte,0,Rondônia,30 a 39,mulheres,,3796,83,universo,ok,
33,uf,Norte,0,Rondônia,40 a 49,homens,,3558,83,universo,ok,
33,uf,Norte,0,Rondônia,40 a 49,mulheres,,1953,83,universo,ok,
33,uf,Norte,0,Rondônia,50 a 59,homens,,1250,84,universo,ok,
33,uf,Norte,0,Rondônia,50 a 59,mulheres,,889,84,universo,ok,
33,uf,Norte,0,Rondônia,60 a 69,homens,,757,84,universo,ok,
33,uf,Norte,0,Rondônia,60 a 69,mulheres,,493,84,universo,ok,
33,uf,Norte,0,Rondônia,70 e mais,homens,,378,84,universo,manual,OCR 3 786 / 376
33,uf,Norte,0,Rondônia,70 e mais,mulheres,,231,84,universo,ok,
33,uf,Norte,0,Rondônia,ignorada,homens,,13,84,universo,ok,
33,uf,Norte,0,Rondônia,ignorada,mulheres,,10,84,universo,ok,
33,uf,Norte,1,Acre,0 a 4,homens,,15328,82,universo,ok,
33,uf,Norte,1,Acre,0 a 4,mulheres,,14729,82,universo,ok,
33,uf,Norte,1,Acre,5 a 9,homens,,13701,82,universo,ok,
33,uf,Norte,1,Acre,5 a 9,mulheres,,12816,82,universo,aritmetica,
33,uf,Norte,1,Acre,total,homens,,84208,82,universo,ok,
33,uf,Norte,1,Acre,total,mulheres,,74644,82,universo,ok,
33,uf,Norte,1,Acre,total,total,,158852,82,universo,aritmetica,
33,uf,Norte,1,Acre,10 a 14,homens,,10569,83,universo,manual,OCR 10 559 / 569
33,uf,Norte,1,Acre,10 a 14,mulheres,,10336,83,universo,deduzido,
33,uf,Norte,1,Acre,15 a 19,homens,,8054,83,universo,ok,
33,uf,Norte,1,Acre,15 a 19,mulheres,,8217,83,universo,aritmetica,
33,uf,Norte,1,Acre,20 a 24,homens,,7008,83,universo,aritmetica,
33,uf,Norte,1,Acre,20 a 24,mulheres,,6537,83,universo,ok,
33,uf,Norte,1,Acre,25 a 29,homens,,5700,83,universo,manual,OCR 5 700 / 700; deducao errada
33,uf,Norte,1,Acre,25 a 29,mulheres,,5157,83,universo,ok,
33,uf,Norte,1,Acre,30 a 39,homens,,10004,83,universo,ok,
33,uf,Norte,1,Acre,30 a 39,mulheres,,7702,83,universo,ok,
33,uf,Norte,1,Acre,40 a 49,homens,,6733,83,universo,ok,
33,uf,Norte,1,Acre,40 a 49,mulheres,,4919,83,universo,ok,
33,uf,Norte,1,Acre,50 a 59,homens,,3241,84,universo,ok,
33,uf,Norte,1,Acre,50 a 59,mulheres,,2348,84,universo,ok,
33,uf,Norte,1,Acre,60 a 69,homens,,2379,84,universo,ok,
33,uf,Norte,1,Acre,60 a 69,mulheres,,1182,84,universo,ok,
33,uf,Norte,1,Acre,70 e mais,homens,,1454,84,universo,ok,
33,uf,Norte,1,Acre,70 e mais,mulheres,,653,84,universo,ok,
33,uf,Norte,1,Acre,ignorada,homens,,37,84,universo,ok,
33,uf,Norte,1,Acre,ignorada,mulheres,,48,84,universo,ok,
33,uf,Norte,2,Amazonas,0 a 4,homens,,67083,82,universo,manual,OCR 67 063 / 47 083
33,uf,Norte,2,Amazonas,0 a 4,mulheres,,64615,82,universo,ok,
33,uf,Norte,2,Amazonas,5 a 9,homens,,57678,82,universo,ok,
33,uf,Norte,2,Amazonas,5 a 9,mulheres,,54643,82,universo,ok,
33,uf,Norte,2,Amazonas,total,homens,,367333,82,universo,ok,
33,uf,Norte,2,Amazonas,total,mulheres,,347441,82,universo,ok,
33,uf,Norte,2,Amazonas,total,total,,714774,82,universo,ok,
33,uf,Norte,2,Amazonas,10 a 14,homens,,47554,83,universo,ok,
33,uf,Norte,2,Amazonas,10 a 14,mulheres,,45236,83,universo,ok,
33,uf,Norte,2,Amazonas,15 a 19,homens,,37246,83,universo,ok,
33,uf,Norte,2,Amazonas,15 a 19,mulheres,,37897,83,universo,aritmetica,
33,uf,Norte,2,Amazonas,20 a 24,homens,,31213,83,universo,ok,
33,uf,Norte,2,Amazonas,20 a 24,mulheres,,31950,83,universo,ok,
33,uf,Norte,2,Amazonas,25 a 29,homens,,26786,83,universo,ok,
33,uf,Norte,2,Amazonas,25 a 29,mulheres,,26420,83,universo,ok,
33,uf,Norte,2,Amazonas,30 a 39,homens,,41899,83,universo,ok,
33,uf,Norte,2,Amazonas,30 a 39,mulheres,,38069,83,universo,ok,
33,uf,Norte,2,Amazonas,40 a 49,homens,,29150,83,universo,ok,
33,uf,Norte,2,Amazonas,40 a 49,mulheres,,24154,83,universo,ok,
33,uf,Norte,2,Amazonas,50 a 59,homens,,15006,84,universo,manual,OCR leu so '15'
33,uf,Norte,2,Amazonas,50 a 59,mulheres,,12969,84,universo,ok,
33,uf,Norte,2,Amazonas,60 a 69,homens,,8413,84,universo,ok,
33,uf,Norte,2,Amazonas,60 a 69,mulheres,,6924,84,universo,aritmetica,
33,uf,Norte,2,Amazonas,70 e mais,homens,,4085,84,universo,ok,
33,uf,Norte,2,Amazonas,70 e mais,mulheres,,3467,84,universo,ok,
33,uf,Norte,2,Amazonas,ignorada,homens,,1220,84,universo,ok,
33,uf,Norte,2,Amazonas,ignorada,mulheres,,1097,84,universo,ok,
33,uf,Norte,3,Roraima,0 a 4,homens,,2965,82,universo,aritmetica,
33,uf,Norte,3,Roraima,0 a 4,mulheres,,2931,82,universo,ok,
33,uf,Norte,3,Roraima,5 a 9,homens,,2571,82,universo,ok,
33,uf,Norte,3,Roraima,5 a 9,mulheres,,2516,82,universo,ok,
33,uf,Norte,3,Roraima,total,homens,,15018,82,universo,aritmetica,
33,uf,Norte,3,Roraima,total,mulheres,,13853,82,universo,aritmetica,
33,uf,Norte,3,Roraima,total,total,,28871,82,universo,ok,
33,uf,Norte,3,Roraima,10 a 14,homens,,1808,83,universo,ok,
33,uf,Norte,3,Roraima,10 a 14,mulheres,,1753,83,universo,ok,
33,uf,Norte,3,Roraima,15 a 19,homens,,1200,83,universo,ok,
33,uf,Norte,3,Roraima,15 a 19,mulheres,,1379,83,universo,ok,
33,uf,Norte,3,Roraima,20 a 24,homens,,1068,83,universo,aritmetica,
33,uf,Norte,3,Roraima,20 a 24,mulheres,,1133,83,universo,aritmetica,
33,uf,Norte,3,Roraima,25 a 29,homens,,1052,83,universo,ok,
33,uf,Norte,3,Roraima,25 a 29,mulheres,,1016,83,universo,ok,
33,uf,Norte,3,Roraima,30 a 39,homens,,2004,83,universo,ok,
33,uf,Norte,3,Roraima,30 a 39,mulheres,,1570,83,universo,ok,
33,uf,Norte,3,Roraima,40 a 49,homens,,1265,83,universo,ok,
33,uf,Norte,3,Roraima,40 a 49,mulheres,,808,83,universo,ok,
33,uf,Norte,3,Roraima,50 a 59,homens,,612,84,universo,ok,
33,uf,Norte,3,Roraima,50 a 59,mulheres,,426,84,universo,ok,
33,uf,Norte,3,Roraima,60 a 69,homens,,345,84,universo,ok,
33,uf,Norte,3,Roraima,60 a 69,mulheres,,208,84,universo,ok,
33,uf,Norte,3,Roraima,70 e mais,homens,,124,84,universo,ok,
33,uf,Norte,3,Roraima,70 e mais,mulheres,,110,84,universo,ok,
33,uf,Norte,3,Roraima,ignorada,homens,,4,84,universo,ok,
33,uf,Norte,3,Roraima,ignorada,mulheres,,3,84,universo,ok,
33,uf,Norte,4,Pará,0 a 4,homens,,135817,82,universo,ok,
33,uf,Norte,4,Pará,0 a 4,mulheres,,131252,82,universo,ok,
33,uf,Norte,4,Pará,5 a 9,homens,,120482,82,universo,aritmetica,
33,uf,Norte,4,Pará,5 a 9,mulheres,,114875,82,universo,ok,
33,uf,Norte,4,Pará,total,homens,,774626,82,universo,ok,
33,uf,Norte,4,Pará,total,mulheres,,763567,82,universo,ok,
33,uf,Norte,4,Pará,total,total,,1538193,82,universo,ok,
33,uf,Norte,4,Pará,10 a 14,homens,,98337,83,universo,deduzido,
33,uf,Norte,4,Pará,10 a 14,mulheres,,94841,83,universo,aritmetica,
33,uf,Norte,4,Pará,15 a 19,homens,,81263,83,universo,ok,
33,uf,Norte,4,Pará,15 a 19,mulheres,,84709,83,universo,ok,
33,uf,Norte,4,Pará,20 a 24,homens,,64283,83,universo,aritmetica,
33,uf,Norte,4,Pará,20 a 24,mulheres,,67810,83,universo,aritmetica,
33,uf,Norte,4,Pará,25 a 29,homens,,54009,83,universo,ok,
33,uf,Norte,4,Pará,25 a 29,mulheres,,55580,83,universo,aritmetica,
33,uf,Norte,4,Pará,30 a 39,homens,,88194,83,universo,aritmetica,
33,uf,Norte,4,Pará,30 a 39,mulheres,,84669,83,universo,aritmetica,
33,uf,Norte,4,Pará,40 a 49,homens,,62064,83,universo,ok,
33,uf,Norte,4,Pará,40 a 49,mulheres,,57788,83,universo,ok,
33,uf,Norte,4,Pará,50 a 59,homens,,37958,84,universo,ok,
33,uf,Norte,4,Pará,50 a 59,mulheres,,36889,84,universo,ok,
33,uf,Norte,4,Pará,60 a 69,homens,,20920,84,universo,aritmetica,
33,uf,Norte,4,Pará,60 a 69,mulheres,,21209,84,universo,ok,
33,uf,Norte,4,Pará,70 e mais,homens,,9919,84,universo,ok,
33,uf,Norte,4,Pará,70 e mais,mulheres,,12741,84,universo,ok,
33,uf,Norte,4,Pará,ignorada,homens,,1380,84,universo,ok,
33,uf,Norte,4,Pará,ignorada,mulheres,,1204,84,universo,ok,
33,uf,Norte,6,Amapá,0 a 4,homens,,6882,82,universo,ok,
33,uf,Norte,6,Amapá,0 a 4,mulheres,,6765,82,universo,ok,
33,uf,Norte,6,Amapá,5 a 9,homens,,5697,82,universo,ok,
33,uf,Norte,6,Amapá,5 a 9,mulheres,,5465,82,universo,ok,
33,uf,Norte,6,Amapá,total,homens,,34998,82,universo,ok,
33,uf,Norte,6,Amapá,total,mulheres,,33522,82,universo,ok,
33,uf,Norte,6,Amapá,total,total,,68520,82,universo,aritmetica,
33,uf,Norte,6,Amapá,10 a 14,homens,,4086,83,universo,ok,
33,uf,Norte,6,Amapá,10 a 14,mulheres,,4047,83,universo,ok,
33,uf,Norte,6,Amapá,15 a 19,homens,,3369,83,universo,ok,
33,uf,Norte,6,Amapá,15 a 19,mulheres,,3479,83,universo,ok,
33,uf,Norte,6,Amapá,20 a 24,homens,,2807,83,universo,ok,
33,uf,Norte,6,Amapá,20 a 24,mulheres,,3044,83,universo,ok,
33,uf,Norte,6,Amapá,25 a 29,homens,,2717,83,universo,ok,
33,uf,Norte,6,Amapá,25 a 29,mulheres,,2754,83,universo,ok,
33,uf,Norte,6,Amapá,30 a 39,homens,,4271,83,universo,ok,
33,uf,Norte,6,Amapá,30 a 39,mulheres,,3487,83,universo,aritmetica,
33,uf,Norte,6,Amapá,40 a 49,homens,,2646,83,universo,ok,
33,uf,Norte,6,Amapá,40 a 49,mulheres,,2168,83,universo,ok,
33,uf,Norte,6,Amapá,50 a 59,homens,,1422,84,universo,ok,
33,uf,Norte,6,Amapá,50 a 59,mulheres,,1231,84,universo,ok,
33,uf,Norte,6,Amapá,60 a 69,homens,,725,84,universo,ok,
33,uf,Norte,6,Amapá,60 a 69,mulheres,,668,84,universo,ok,
33,uf,Norte,6,Amapá,70 e mais,homens,,273,84,universo,ok,
33,uf,Norte,6,Amapá,70 e mais,mulheres,,329,84,universo,ok,
33,uf,Norte,6,Amapá,ignorada,homens,,103,84,universo,ok,
33,uf,Norte,6,Amapá,ignorada,mulheres,,85,84,universo,uma_ok,
33,regiao,Nordeste,,Nordeste,0 a 4,homens,,1286131,82,,ok,
33,regiao,Nordeste,,Nordeste,0 a 4,mulheres,,1257206,82,,ok,
33,regiao,Nordeste,,Nordeste,5 a 9,homens,,1169437,82,,ok,
33,regiao,Nordeste,,Nordeste,5 a 9,mulheres,,1147394,82,,ok,
33,regiao,Nordeste,,Nordeste,total,homens,,7568238,82,,ok,
33,regiao,Nordeste,,Nordeste,total,mulheres,,7918002,82,,ok,
33,regiao,Nordeste,,Nordeste,total,total,,15486240,82,,ok,
33,regiao,Nordeste,,Nordeste,10 a 14,homens,,997114,83,,aritmetica,
33,regiao,Nordeste,,Nordeste,10 a 14,mulheres,,1008220,83,,aritmetica,
33,regiao,Nordeste,,Nordeste,15 a 19,homens,,781226,83,,ok,
33,regiao,Nordeste,,Nordeste,15 a 19,mulheres,,869380,83,,aritmetica,
33,regiao,Nordeste,,Nordeste,20 a 24,homens,,619031,83,,ok,
33,regiao,Nordeste,,Nordeste,20 a 24,mulheres,,745284,83,,ok,
33,regiao,Nordeste,,Nordeste,25 a 29,homens,,464058,83,,deduzido,
33,regiao,Nordeste,,Nordeste,25 a 29,mulheres,,562816,83,,ok,
33,regiao,Nordeste,,Nordeste,30 a 39,homens,,828613,83,,ok,
33,regiao,Nordeste,,Nordeste,30 a 39,mulheres,,904713,83,,ok,
33,regiao,Nordeste,,Nordeste,40 a 49,homens,,628168,83,,deduzido,
33,regiao,Nordeste,,Nordeste,40 a 49,mulheres,,619719,83,,aritmetica,
33,regiao,Nordeste,,Nordeste,50 a 59,homens,,402824,84,,ok,
33,regiao,Nordeste,,Nordeste,50 a 59,mulheres,,396103,84,,ok,
33,regiao,Nordeste,,Nordeste,60 a 69,homens,,256278,84,,ok,
33,regiao,Nordeste,,Nordeste,60 a 69,mulheres,,247470,84,,ok,
33,regiao,Nordeste,,Nordeste,70 e mais,homens,,125444,84,,ok,
33,regiao,Nordeste,,Nordeste,70 e mais,mulheres,,148835,84,,ok,
33,regiao,Nordeste,,Nordeste,ignorada,homens,,9914,84,,aritmetica,
33,regiao,Nordeste,,Nordeste,ignorada,mulheres,,10862,84,,aritmetica,
33,uf,Nordeste,10,Maranhão,0 a 4,homens,,213397,82,universo,ok,
33,uf,Nordeste,10,Maranhão,0 a 4,mulheres,,203407,82,universo,ok,
33,uf,Nordeste,10,Maranhão,5 a 9,homens,,203845,82,universo,ok,
33,uf,Nordeste,10,Maranhão,5 a 9,mulheres,,190522,82,universo,ok,
33,uf,Nordeste,10,Maranhão,total,homens,,1256406,82,universo,ok,
33,uf,Nordeste,10,Maranhão,total,mulheres,,1220965,82,universo,ok,
33,uf,Nordeste,10,Maranhão,total,total,,2477371,82,universo,ok,
33,uf,Nordeste,10,Maranhão,10 a 14,homens,,166897,83,universo,ok,
33,uf,Nordeste,10,Maranhão,10 a 14,mulheres,,156856,83,universo,ok,
33,uf,Nordeste,10,Maranhão,15 a 19,homens,,132231,83,universo,ok,
33,uf,Nordeste,10,Maranhão,15 a 19,mulheres,,134353,83,universo,ok,
33,uf,Nordeste,10,Maranhão,20 a 24,homens,,106875,83,universo,ok,
33,uf,Nordeste,10,Maranhão,20 a 24,mulheres,,113924,83,universo,ok,
33,uf,Nordeste,10,Maranhão,25 a 29,homens,,87812,83,universo,aritmetica,
33,uf,Nordeste,10,Maranhão,25 a 29,mulheres,,92454,83,universo,ok,
33,uf,Nordeste,10,Maranhão,30 a 39,homens,,139077,83,universo,ok,
33,uf,Nordeste,10,Maranhão,30 a 39,mulheres,,137573,83,universo,ok,
33,uf,Nordeste,10,Maranhão,40 a 49,homens,,101015,83,universo,aritmetica,
33,uf,Nordeste,10,Maranhão,40 a 49,mulheres,,91202,83,universo,ok,
33,uf,Nordeste,10,Maranhão,50 a 59,homens,,58002,84,universo,deduzido,
33,uf,Nordeste,10,Maranhão,50 a 59,mulheres,,52669,84,universo,ok,
33,uf,Nordeste,10,Maranhão,60 a 69,homens,,31465,84,universo,ok,
33,uf,Nordeste,10,Maranhão,60 a 69,mulheres,,29276,84,universo,ok,
33,uf,Nordeste,10,Maranhão,70 e mais,homens,,14337,84,universo,aritmetica,
33,uf,Nordeste,10,Maranhão,70 e mais,mulheres,,16935,84,universo,ok,
33,uf,Nordeste,10,Maranhão,ignorada,homens,,1453,84,universo,ok,
33,uf,Nordeste,10,Maranhão,ignorada,mulheres,,1794,84,universo,ok,
33,uf,Nordeste,12,Piauí,0 a 4,homens,,111320,82,universo,ok,
33,uf,Nordeste,12,Piauí,0 a 4,mulheres,,108052,82,universo,ok,
33,uf,Nordeste,12,Piauí,5 a 9,homens,,100611,82,universo,ok,
33,uf,Nordeste,12,Piauí,5 a 9,mulheres,,97364,82,universo,ok,
33,uf,Nordeste,12,Piauí,total,homens,,616940,82,universo,ok,
33,uf,Nordeste,12,Piauí,total,mulheres,,632260,82,universo,ok,
33,uf,Nordeste,12,Piauí,total,total,,1249200,82,universo,ok,
33,uf,Nordeste,12,Piauí,10 a 14,homens,,84927,83,universo,ok,
33,uf,Nordeste,12,Piauí,10 a 14,mulheres,,85065,83,universo,ok,
33,uf,Nordeste,12,Piauí,15 a 19,homens,,66336,83,universo,aritmetica,
33,uf,Nordeste,12,Piauí,15 a 19,mulheres,,70741,83,universo,ok,
33,uf,Nordeste,12,Piauí,20 a 24,homens,,50971,83,universo,ok,
33,uf,Nordeste,12,Piauí,20 a 24,mulheres,,57818,83,universo,ok,
33,uf,Nordeste,12,Piauí,25 a 29,homens,,37295,83,universo,ok,
33,uf,Nordeste,12,Piauí,25 a 29,mulheres,,43327,83,universo,ok,
33,uf,Nordeste,12,Piauí,30 a 39,homens,,63761,83,universo,ok,
33,uf,Nordeste,12,Piauí,30 a 39,mulheres,,67274,83,universo,ok,
33,uf,Nordeste,12,Piauí,40 a 49,homens,,46769,83,universo,ok,
33,uf,Nordeste,12,Piauí,40 a 49,mulheres,,47268,83,universo,ok,
33,uf,Nordeste,12,Piauí,50 a 59,homens,,29254,84,universo,aritmetica,
33,uf,Nordeste,12,Piauí,50 a 59,mulheres,,28372,84,universo,ok,
33,uf,Nordeste,12,Piauí,60 a 69,homens,,16556,84,universo,ok,
33,uf,Nordeste,12,Piauí,60 a 69,mulheres,,16499,84,universo,ok,
33,uf,Nordeste,12,Piauí,70 e mais,homens,,8760,84,universo,ok,
33,uf,Nordeste,12,Piauí,70 e mais,mulheres,,10067,84,universo,ok,
33,uf,Nordeste,12,Piauí,ignorada,homens,,380,84,universo,ok,
33,uf,Nordeste,12,Piauí,ignorada,mulheres,,413,84,universo,aritmetica,
33,uf,Nordeste,14,Ceará,0 a 4,homens,,276973,82,amostra 25%,ok,
33,uf,Nordeste,14,Ceará,0 a 4,mulheres,,268712,82,amostra 25%,ok,
33,uf,Nordeste,14,Ceará,5 a 9,homens,,246221,82,amostra 25%,ok,
33,uf,Nordeste,14,Ceará,5 a 9,mulheres,,240714,82,amostra 25%,ok,
33,uf,Nordeste,14,Ceará,total,homens,,1601904,82,amostra 25%,ok,
33,uf,Nordeste,14,Ceará,total,mulheres,,1687691,82,amostra 25%,ok,
33,uf,Nordeste,14,Ceará,total,total,,3289595,82,amostra 25%,ok,
33,uf,Nordeste,14,Ceará,10 a 14,homens,,210104,83,amostra 25%,deduzido,
33,uf,Nordeste,14,Ceará,10 a 14,mulheres,,213245,83,amostra 25%,ok,
33,uf,Nordeste,14,Ceará,15 a 19,homens,,161240,83,amostra 25%,ok,
33,uf,Nordeste,14,Ceará,15 a 19,mulheres,,183039,83,amostra 25%,ok,
33,uf,Nordeste,14,Ceará,20 a 24,homens,,137178,83,amostra 25%,ok,
33,uf,Nordeste,14,Ceará,20 a 24,mulheres,,166000,83,amostra 25%,ok,
33,uf,Nordeste,14,Ceará,25 a 29,homens,,100058,83,amostra 25%,ok,
33,uf,Nordeste,14,Ceará,25 a 29,mulheres,,120201,83,amostra 25%,ok,
33,uf,Nordeste,14,Ceará,30 a 39,homens,,178591,83,amostra 25%,aritmetica,
33,uf,Nordeste,14,Ceará,30 a 39,mulheres,,191748,83,amostra 25%,ok,
33,uf,Nordeste,14,Ceará,40 a 49,homens,,120620,83,amostra 25%,ok,
33,uf,Nordeste,14,Ceará,40 a 49,mulheres,,122838,83,amostra 25%,ok,
33,uf,Nordeste,14,Ceará,50 a 59,homens,,82274,84,amostra 25%,ok,
33,uf,Nordeste,14,Ceará,50 a 59,mulheres,,83257,84,amostra 25%,ok,
33,uf,Nordeste,14,Ceará,60 a 69,homens,,57101,84,amostra 25%,ok,
33,uf,Nordeste,14,Ceará,60 a 69,mulheres,,58757,84,amostra 25%,ok,
33,uf,Nordeste,14,Ceará,70 e mais,homens,,29258,84,amostra 25%,ok,
33,uf,Nordeste,14,Ceará,70 e mais,mulheres,,36725,84,amostra 25%,ok,
33,uf,Nordeste,14,Ceará,ignorada,homens,,2286,84,amostra 25%,aritmetica,
33,uf,Nordeste,14,Ceará,ignorada,mulheres,,2455,84,amostra 25%,ok,
33,uf,Nordeste,17,Rio Grande do Norte,0 a 4,homens,,96170,82,amostra 25%,ok,
33,uf,Nordeste,17,Rio Grande do Norte,0 a 4,mulheres,,92927,82,amostra 25%,ok,
33,uf,Nordeste,17,Rio Grande do Norte,5 a 9,homens,,79829,82,amostra 25%,ok,
33,uf,Nordeste,17,Rio Grande do Norte,5 a 9,mulheres,,79219,82,amostra 25%,ok,
33,uf,Nordeste,17,Rio Grande do Norte,total,homens,,555308,82,amostra 25%,ok,
33,uf,Nordeste,17,Rio Grande do Norte,total,mulheres,,585515,82,amostra 25%,ok,
33,uf,Nordeste,17,Rio Grande do Norte,total,total,,1140823,82,amostra 25%,aritmetica,
33,uf,Nordeste,17,Rio Grande do Norte,10 a 14,homens,,73528,83,amostra 25%,ok,
33,uf,Nordeste,17,Rio Grande do Norte,10 a 14,mulheres,,75778,83,amostra 25%,ok,
33,uf,Nordeste,17,Rio Grande do Norte,15 a 19,homens,,55859,83,amostra 25%,ok,
33,uf,Nordeste,17,Rio Grande do Norte,15 a 19,mulheres,,64038,83,amostra 25%,ok,
33,uf,Nordeste,17,Rio Grande do Norte,20 a 24,homens,,42330,83,amostra 25%,ok,
33,uf,Nordeste,17,Rio Grande do Norte,20 a 24,mulheres,,55106,83,amostra 25%,ok,
33,uf,Nordeste,17,Rio Grande do Norte,25 a 29,homens,,30331,83,amostra 25%,ok,
33,uf,Nordeste,17,Rio Grande do Norte,25 a 29,mulheres,,38154,83,amostra 25%,ok,
33,uf,Nordeste,17,Rio Grande do Norte,30 a 39,homens,,60789,83,amostra 25%,ok,
33,uf,Nordeste,17,Rio Grande do Norte,30 a 39,mulheres,,68101,83,amostra 25%,ok,
33,uf,Nordeste,17,Rio Grande do Norte,40 a 49,homens,,48712,83,amostra 25%,ok,
33,uf,Nordeste,17,Rio Grande do Norte,40 a 49,mulheres,,47149,83,amostra 25%,ok,
33,uf,Nordeste,17,Rio Grande do Norte,50 a 59,homens,,32246,84,amostra 25%,ok,
33,uf,Nordeste,17,Rio Grande do Norte,50 a 59,mulheres,,30384,84,amostra 25%,ok,
33,uf,Nordeste,17,Rio Grande do Norte,60 a 69,homens,,22772,84,amostra 25%,ok,
33,uf,Nordeste,17,Rio Grande do Norte,60 a 69,mulheres,,20904,84,amostra 25%,ok,
33,uf,Nordeste,17,Rio Grande do Norte,70 e mais,homens,,12083,84,amostra 25%,ok,
33,uf,Nordeste,17,Rio Grande do Norte,70 e mais,mulheres,,13007,84,amostra 25%,ok,
33,uf,Nordeste,17,Rio Grande do Norte,ignorada,homens,,659,84,amostra 25%,ok,
33,uf,Nordeste,17,Rio Grande do Norte,ignorada,mulheres,,748,84,amostra 25%,uma_ok,
33,uf,Nordeste,19,Paraíba,0 a 4,homens,,157937,82,amostra 25%,ok,
33,uf,Nordeste,19,Paraíba,0 a 4,mulheres,,156041,82,amostra 25%,ok,
33,uf,Nordeste,19,Paraíba,5 a 9,homens,,146043,82,amostra 25%,ok,
33,uf,Nordeste,19,Paraíba,5 a 9,mulheres,,147661,82,amostra 25%,ok,
33,uf,Nordeste,19,Paraíba,total,homens,,960449,82,amostra 25%,ok,
33,uf,Nordeste,19,Paraíba,total,mulheres,,1030696,82,amostra 25%,ok,
33,uf,Nordeste,19,Paraíba,total,total,,1991145,82,amostra 25%,aritmetica,
33,uf,Nordeste,19,Paraíba,10 a 14,homens,,127899,83,amostra 25%,ok,
33,uf,Nordeste,19,Paraíba,10 a 14,mulheres,,132184,83,amostra 25%,ok,
33,uf,Nordeste,19,Paraíba,15 a 19,homens,,99788,83,amostra 25%,ok,
33,uf,Nordeste,19,Paraíba,15 a 19,mulheres,,114243,83,amostra 25%,ok,
33,uf,Nordeste,19,Paraíba,20 a 24,homens,,76472,83,amostra 25%,ok,
33,uf,Nordeste,19,Paraíba,20 a 24,mulheres,,98078,83,amostra 25%,aritmetica,
33,uf,Nordeste,19,Paraíba,25 a 29,homens,,53916,83,amostra 25%,ok,
33,uf,Nordeste,19,Paraíba,25 a 29,mulheres,,69024,83,amostra 25%,ok,
33,uf,Nordeste,19,Paraíba,30 a 39,homens,,102547,83,amostra 25%,ok,
33,uf,Nordeste,19,Paraíba,30 a 39,mulheres,,119714,83,amostra 25%,ok,
33,uf,Nordeste,19,Paraíba,40 a 49,homens,,83837,83,amostra 25%,ok,
33,uf,Nordeste,19,Paraíba,40 a 49,mulheres,,83651,83,amostra 25%,ok,
33,uf,Nordeste,19,Paraíba,50 a 59,homens,,54611,84,amostra 25%,ok,
33,uf,Nordeste,19,Paraíba,50 a 59,mulheres,,53782,84,amostra 25%,ok,
33,uf,Nordeste,19,Paraíba,60 a 69,homens,,37616,84,amostra 25%,ok,
33,uf,Nordeste,19,Paraíba,60 a 69,mulheres,,34415,84,amostra 25%,ok,
33,uf,Nordeste,19,Paraíba,70 e mais,homens,,18714,84,amostra 25%,aritmetica,
33,uf,Nordeste,19,Paraíba,70 e mais,mulheres,,20672,84,amostra 25%,ok,
33,uf,Nordeste,19,Paraíba,ignorada,homens,,1069,84,amostra 25%,ok,
33,uf,Nordeste,19,Paraíba,ignorada,mulheres,,1231,84,amostra 25%,ok,
33,uf,Nordeste,21,Pernambuco,0 a 4,homens,,327132,82,amostra 25%,ok,
33,uf,Nordeste,21,Pernambuco,0 a 4,mulheres,,325288,82,amostra 25%,ok,
33,uf,Nordeste,21,Pernambuco,5 a 9,homens,,296585,82,amostra 25%,ok,
33,uf,Nordeste,21,Pernambuco,5 a 9,mulheres,,296190,82,amostra 25%,ok,
33,uf,Nordeste,21,Pernambuco,total,homens,,1966907,82,amostra 25%,ok,
33,uf,Nordeste,21,Pernambuco,total,mulheres,,2113694,82,amostra 25%,ok,
33,uf,Nordeste,21,Pernambuco,total,total,,4080601,82,amostra 25%,aritmetica,
33,uf,Nordeste,21,Pernambuco,10 a 14,homens,,253270,83,amostra 25%,ok,
33,uf,Nordeste,21,Pernambuco,10 a 14,mulheres,,263081,83,amostra 25%,aritmetica,
33,uf,Nordeste,21,Pernambuco,15 a 19,homens,,200189,83,amostra 25%,ok,
33,uf,Nordeste,21,Pernambuco,15 a 19,mulheres,,229876,83,amostra 25%,aritmetica,
33,uf,Nordeste,21,Pernambuco,20 a 24,homens,,159096,83,amostra 25%,ok,
33,uf,Nordeste,21,Pernambuco,20 a 24,mulheres,,198602,83,amostra 25%,ok,
33,uf,Nordeste,21,Pernambuco,25 a 29,homens,,118274,83,amostra 25%,ok,
33,uf,Nordeste,21,Pernambuco,25 a 29,mulheres,,154122,83,amostra 25%,aritmetica,
33,uf,Nordeste,21,Pernambuco,30 a 39,homens,,221925,83,amostra 25%,ok,
33,uf,Nordeste,21,Pernambuco,30 a 39,mulheres,,249654,83,amostra 25%,aritmetica,
33,uf,Nordeste,21,Pernambuco,40 a 49,homens,,175633,83,amostra 25%,ok,
33,uf,Nordeste,21,Pernambuco,40 a 49,mulheres,,175663,83,amostra 25%,ok,
33,uf,Nordeste,21,Pernambuco,50 a 59,homens,,111032,84,amostra 25%,ok,
33,uf,Nordeste,21,Pernambuco,50 a 59,mulheres,,113127,84,amostra 25%,ok,
33,uf,Nordeste,21,Pernambuco,60 a 69,homens,,68863,84,amostra 25%,ok,
33,uf,Nordeste,21,Pernambuco,60 a 69,mulheres,,66555,84,amostra 25%,ok,
33,uf,Nordeste,21,Pernambuco,70 e mais,homens,,31621,84,amostra 25%,aritmetica,
33,uf,Nordeste,21,Pernambuco,70 e mais,mulheres,,38156,84,amostra 25%,ok,
33,uf,Nordeste,21,Pernambuco,ignorada,homens,,3287,84,amostra 25%,aritmetica,
33,uf,Nordeste,21,Pernambuco,ignorada,mulheres,,3380,84,amostra 25%,aritmetica,
33,uf,Nordeste,25,Alagoas,0 a 4,homens,,103056,82,amostra 25%,ok,
33,uf,Nordeste,25,Alagoas,0 a 4,mulheres,,102635,82,amostra 25%,ok,
33,uf,Nordeste,25,Alagoas,5 a 9,homens,,96209,82,amostra 25%,ok,
33,uf,Nordeste,25,Alagoas,5 a 9,mulheres,,95655,82,amostra 25%,ok,
33,uf,Nordeste,25,Alagoas,total,homens,,609590,82,amostra 25%,ok,
33,uf,Nordeste,25,Alagoas,total,mulheres,,646569,82,amostra 25%,ok,
33,uf,Nordeste,25,Alagoas,total,total,,1256159,82,amostra 25%,ok,
33,uf,Nordeste,25,Alagoas,10 a 14,homens,,80456,83,amostra 25%,ok,
33,uf,Nordeste,25,Alagoas,10 a 14,mulheres,,81951,83,amostra 25%,ok,
33,uf,Nordeste,25,Alagoas,15 a 19,homens,,65558,83,amostra 25%,ok,
33,uf,Nordeste,25,Alagoas,15 a 19,mulheres,,73048,83,amostra 25%,ok,
33,uf,Nordeste,25,Alagoas,20 a 24,homens,,45983,83,amostra 25%,ok,
33,uf,Nordeste,25,Alagoas,20 a 24,mulheres,,55661,83,amostra 25%,ok,
33,uf,Nordeste,25,Alagoas,25 a 29,homens,,36257,83,amostra 25%,ok,
33,uf,Nordeste,25,Alagoas,25 a 29,mulheres,,45465,83,amostra 25%,ok,
33,uf,Nordeste,25,Alagoas,30 a 39,homens,,61808,83,amostra 25%,ok,
33,uf,Nordeste,25,Alagoas,30 a 39,mulheres,,70556,83,amostra 25%,aritmetica,
33,uf,Nordeste,25,Alagoas,40 a 49,homens,,51539,83,amostra 25%,ok,
33,uf,Nordeste,25,Alagoas,40 a 49,mulheres,,51935,83,amostra 25%,ok,
33,uf,Nordeste,25,Alagoas,50 a 59,homens,,35388,84,amostra 25%,ok,
33,uf,Nordeste,25,Alagoas,50 a 59,mulheres,,34494,84,amostra 25%,ok,
33,uf,Nordeste,25,Alagoas,60 a 69,homens,,21890,84,amostra 25%,ok,
33,uf,Nordeste,25,Alagoas,60 a 69,mulheres,,21055,84,amostra 25%,ok,
33,uf,Nordeste,25,Alagoas,70 e mais,homens,,10666,84,amostra 25%,ok,
33,uf,Nordeste,25,Alagoas,70 e mais,mulheres,,13273,84,amostra 25%,ok,
33,uf,Nordeste,25,Alagoas,ignorada,homens,,780,84,amostra 25%,ok,
33,uf,Nordeste,25,Alagoas,ignorada,mulheres,,841,84,amostra 25%,ok,
33,uf,Nordeste,24,Fernando de Noronha,0 a 4,homens,,146,82,amostra 25%,ok,
33,uf,Nordeste,24,Fernando de Noronha,0 a 4,mulheres,,144,82,amostra 25%,ok,
33,uf,Nordeste,24,Fernando de Noronha,5 a 9,homens,,94,82,amostra 25%,uma_ok,
33,uf,Nordeste,24,Fernando de Noronha,5 a 9,mulheres,,69,82,amostra 25%,aritmetica,
33,uf,Nordeste,24,Fernando de Noronha,total,homens,,734,82,amostra 25%,ok,
33,uf,Nordeste,24,Fernando de Noronha,total,mulheres,,612,82,amostra 25%,aritmetica,
33,uf,Nordeste,24,Fernando de Noronha,total,total,,1346,82,amostra 25%,ok,
33,uf,Nordeste,24,Fernando de Noronha,10 a 14,homens,,33,83,amostra 25%,ok,
33,uf,Nordeste,24,Fernando de Noronha,10 a 14,mulheres,,60,83,amostra 25%,ok,
33,uf,Nordeste,24,Fernando de Noronha,15 a 19,homens,,25,83,amostra 25%,ok,
33,uf,Nordeste,24,Fernando de Noronha,15 a 19,mulheres,,42,83,amostra 25%,ok,
33,uf,Nordeste,24,Fernando de Noronha,20 a 24,homens,,126,83,amostra 25%,ok,
33,uf,Nordeste,24,Fernando de Noronha,20 a 24,mulheres,,95,83,amostra 25%,ok,
33,uf,Nordeste,24,Fernando de Noronha,25 a 29,homens,,115,83,amostra 25%,ok,
33,uf,Nordeste,24,Fernando de Noronha,25 a 29,mulheres,,69,83,amostra 25%,ok,
33,uf,Nordeste,24,Fernando de Noronha,30 a 39,homens,,115,83,amostra 25%,ok,
33,uf,Nordeste,24,Fernando de Noronha,30 a 39,mulheres,,93,83,amostra 25%,ok,
33,uf,Nordeste,24,Fernando de Noronha,40 a 49,homens,,43,83,amostra 25%,ok,
33,uf,Nordeste,24,Fernando de Noronha,40 a 49,mulheres,,13,83,amostra 25%,ok,
33,uf,Nordeste,24,Fernando de Noronha,50 a 59,homens,,17,84,amostra 25%,ok,
33,uf,Nordeste,24,Fernando de Noronha,50 a 59,mulheres,,18,84,amostra 25%,ok,
33,uf,Nordeste,24,Fernando de Noronha,60 a 69,homens,,15,84,amostra 25%,ok,
33,uf,Nordeste,24,Fernando de Noronha,60 a 69,mulheres,,9,84,amostra 25%,ok,
33,uf,Nordeste,24,Fernando de Noronha,70 e mais,homens,,5,84,amostra 25%,ok,
33,uf,Nordeste,24,Fernando de Noronha,70 e mais,mulheres,,0,84,amostra 25%,zero,
33,uf,Nordeste,24,Fernando de Noronha,ignorada,homens,,0,84,amostra 25%,zero,
33,uf,Nordeste,24,Fernando de Noronha,ignorada,mulheres,,0,84,amostra 25%,zero,
33,regiao,Leste,,Leste,0 a 4,homens,,1996881,82,,ok,
33,regiao,Leste,,Leste,0 a 4,mulheres,,1932903,82,,ok,
33,regiao,Leste,,Leste,5 a 9,homens,,1817875,82,,ok,
33,regiao,Leste,,Leste,5 a 9,mulheres,,1753052,82,,ok,
33,regiao,Leste,,Leste,total,homens,,12180026,82,,ok,
33,regiao,Leste,,Leste,total,mulheres,,12390735,82,,ok,
33,regiao,Leste,,Leste,total,total,,24570761,82,,ok,
33,regiao,Leste,,Leste,10 a 14,homens,,1494954,83,,aritmetica,
33,regiao,Leste,,Leste,10 a 14,mulheres,,1488817,83,,ok,
33,regiao,Leste,,Leste,15 a 19,homens,,1196454,83,,ok,
33,regiao,Leste,,Leste,15 a 19,mulheres,,1315891,83,,ok,
33,regiao,Leste,,Leste,20 a 24,homens,,1018193,83,,aritmetica,
33,regiao,Leste,,Leste,20 a 24,mulheres,,1131077,83,,ok,
33,regiao,Leste,,Leste,25 a 29,homens,,877561,83,,ok,
33,regiao,Leste,,Leste,25 a 29,mulheres,,961320,83,,ok,
33,regiao,Leste,,Leste,30 a 39,homens,,1441855,83,,ok,
33,regiao,Leste,,Leste,30 a 39,mulheres,,1497155,83,,ok,
33,regiao,Leste,,Leste,40 a 49,homens,,1067765,83,,ok,
33,regiao,Leste,,Leste,40 a 49,mulheres,,1034297,83,,ok,
33,regiao,Leste,,Leste,50 a 59,homens,,678878,84,,ok,
33,regiao,Leste,,Leste,50 a 59,mulheres,,649314,84,,ok,
33,regiao,Leste,,Leste,60 a 69,homens,,388005,84,,ok,
33,regiao,Leste,,Leste,60 a 69,mulheres,,384820,84,,ok,
33,regiao,Leste,,Leste,70 e mais,homens,,187299,84,,ok,
33,regiao,Leste,,Leste,70 e mais,mulheres,,226733,84,,ok,
33,regiao,Leste,,Leste,ignorada,homens,,14306,84,,ok,
33,regiao,Leste,,Leste,ignorada,mulheres,,15356,84,,deduzido,
33,uf,Leste,30,Sergipe,0 a 4,homens,,64557,82,amostra 25%,aritmetica,
33,uf,Leste,30,Sergipe,0 a 4,mulheres,,62458,82,amostra 25%,ok,
33,uf,Leste,30,Sergipe,5 a 9,homens,,58822,82,amostra 25%,ok,
33,uf,Leste,30,Sergipe,5 a 9,mulheres,,57247,82,amostra 25%,ok,
33,uf,Leste,30,Sergipe,total,homens,,361338,82,amostra 25%,ok,
33,uf,Leste,30,Sergipe,total,mulheres,,390440,82,amostra 25%,ok,
33,uf,Leste,30,Sergipe,total,total,,751778,82,amostra 25%,aritmetica,
33,uf,Leste,30,Sergipe,10 a 14,homens,,49367,83,amostra 25%,ok,
33,uf,Leste,30,Sergipe,10 a 14,mulheres,,50519,83,amostra 25%,aritmetica,
33,uf,Leste,30,Sergipe,15 a 19,homens,,37198,83,amostra 25%,ok,
33,uf,Leste,30,Sergipe,15 a 19,mulheres,,42837,83,amostra 25%,aritmetica,
33,uf,Leste,30,Sergipe,20 a 24,homens,,23923,83,amostra 25%,ok,
33,uf,Leste,30,Sergipe,20 a 24,mulheres,,31468,83,amostra 25%,manual,OCR 31 463 nas duas leituras
33,uf,Leste,30,Sergipe,25 a 29,homens,,18769,83,amostra 25%,aritmetica,
33,uf,Leste,30,Sergipe,25 a 29,mulheres,,26269,83,amostra 25%,ok,
33,uf,Leste,30,Sergipe,30 a 39,homens,,34537,83,amostra 25%,ok,
33,uf,Leste,30,Sergipe,30 a 39,mulheres,,42317,83,amostra 25%,ok,
33,uf,Leste,30,Sergipe,40 a 49,homens,,30679,83,amostra 25%,ok,
33,uf,Leste,30,Sergipe,40 a 49,mulheres,,32553,83,amostra 25%,ok,
33,uf,Leste,30,Sergipe,50 a 59,homens,,21533,84,amostra 25%,ok,
33,uf,Leste,30,Sergipe,50 a 59,mulheres,,21766,84,amostra 25%,ok,
33,uf,Leste,30,Sergipe,60 a 69,homens,,13982,84,amostra 25%,ok,
33,uf,Leste,30,Sergipe,60 a 69,mulheres,,13348,84,amostra 25%,ok,
33,uf,Leste,30,Sergipe,70 e mais,homens,,7770,84,amostra 25%,ok,
33,uf,Leste,30,Sergipe,70 e mais,mulheres,,9368,84,amostra 25%,ok,
33,uf,Leste,30,Sergipe,ignorada,homens,,201,84,amostra 25%,ok,
33,uf,Leste,30,Sergipe,ignorada,mulheres,,290,84,amostra 25%,uma_ok,
33,uf,Leste,31,Bahia,0 a 4,homens,,497584,82,amostra 25%,ok,
33,uf,Leste,31,Bahia,0 a 4,mulheres,,486699,82,amostra 25%,aritmetica,
33,uf,Leste,31,Bahia,5 a 9,homens,,448996,82,amostra 25%,ok,
33,uf,Leste,31,Bahia,5 a 9,mulheres,,437135,82,amostra 25%,ok,
33,uf,Leste,31,Bahia,total,homens,,2886897,82,amostra 25%,ok,
33,uf,Leste,31,Bahia,total,mulheres,,3031975,82,amostra 25%,ok,
33,uf,Leste,31,Bahia,total,total,,5918872,82,amostra 25%,ok,
33,uf,Leste,31,Bahia,10 a 14,homens,,377904,83,amostra 25%,ok,
33,uf,Leste,31,Bahia,10 a 14,mulheres,,380945,83,amostra 25%,aritmetica,
33,uf,Leste,31,Bahia,15 a 19,homens,,304644,83,amostra 25%,ok,
33,uf,Leste,31,Bahia,15 a 19,mulheres,,344132,83,amostra 25%,ok,
33,uf,Leste,31,Bahia,20 a 24,homens,,223005,83,amostra 25%,ok,
33,uf,Leste,31,Bahia,20 a 24,mulheres,,272660,83,amostra 25%,ok,
33,uf,Leste,31,Bahia,25 a 29,homens,,180033,83,amostra 25%,aritmetica,
33,uf,Leste,31,Bahia,25 a 29,mulheres,,222919,83,amostra 25%,ok,
33,uf,Leste,31,Bahia,30 a 39,homens,,305439,83,amostra 25%,ok,
33,uf,Leste,31,Bahia,30 a 39,mulheres,,338997,83,amostra 25%,aritmetica,
33,uf,Leste,31,Bahia,40 a 49,homens,,247389,83,amostra 25%,ok,
33,uf,Leste,31,Bahia,40 a 49,mulheres,,243120,83,amostra 25%,ok,
33,uf,Leste,31,Bahia,50 a 59,homens,,155937,84,amostra 25%,ok,
33,uf,Leste,31,Bahia,50 a 59,mulheres,,148996,84,amostra 25%,ok,
33,uf,Leste,31,Bahia,60 a 69,homens,,90387,84,amostra 25%,ok,
33,uf,Leste,31,Bahia,60 a 69,mulheres,,90025,84,amostra 25%,aritmetica,
33,uf,Leste,31,Bahia,70 e mais,homens,,51507,84,amostra 25%,ok,
33,uf,Leste,31,Bahia,70 e mais,mulheres,,61558,84,amostra 25%,ok,
33,uf,Leste,31,Bahia,ignorada,homens,,4072,84,amostra 25%,ok,
33,uf,Leste,31,Bahia,ignorada,mulheres,,4789,84,amostra 25%,aritmetica,
33,uf,Leste,40,Minas Gerais,0 a 4,homens,,820523,82,amostra 25%,ok,
33,uf,Leste,40,Minas Gerais,0 a 4,mulheres,,794360,82,amostra 25%,ok,
33,uf,Leste,40,Minas Gerais,5 a 9,homens,,748236,82,amostra 25%,ok,
33,uf,Leste,40,Minas Gerais,5 a 9,mulheres,,718798,82,amostra 25%,ok,
33,uf,Leste,40,Minas Gerais,total,homens,,4846200,82,amostra 25%,ok,
33,uf,Leste,40,Minas Gerais,total,mulheres,,4851918,82,amostra 25%,ok,
33,uf,Leste,40,Minas Gerais,total,total,,9698118,82,amostra 25%,ok,
33,uf,Leste,40,Minas Gerais,10 a 14,homens,,612414,83,amostra 25%,ok,
33,uf,Leste,40,Minas Gerais,10 a 14,mulheres,,606393,83,amostra 25%,ok,
33,uf,Leste,40,Minas Gerais,15 a 19,homens,,489398,83,amostra 25%,ok,
33,uf,Leste,40,Minas Gerais,15 a 19,mulheres,,533764,83,amostra 25%,ok,
33,uf,Leste,40,Minas Gerais,20 a 24,homens,,420595,83,amostra 25%,ok,
33,uf,Leste,40,Minas Gerais,20 a 24,mulheres,,451440,83,amostra 25%,ok,
33,uf,Leste,40,Minas Gerais,25 a 29,homens,,348411,83,amostra 25%,aritmetica,
33,uf,Leste,40,Minas Gerais,25 a 29,mulheres,,364870,83,amostra 25%,ok,
33,uf,Leste,40,Minas Gerais,30 a 39,homens,,540539,83,amostra 25%,ok,
33,uf,Leste,40,Minas Gerais,30 a 39,mulheres,,551583,83,amostra 25%,ok,
33,uf,Leste,40,Minas Gerais,40 a 49,homens,,400683,83,amostra 25%,ok,
33,uf,Leste,40,Minas Gerais,40 a 49,mulheres,,381671,83,amostra 25%,ok,
33,uf,Leste,40,Minas Gerais,50 a 59,homens,,249527,84,amostra 25%,ok,
33,uf,Leste,40,Minas Gerais,50 a 59,mulheres,,236181,84,amostra 25%,ok,
33,uf,Leste,40,Minas Gerais,60 a 69,homens,,143820,84,amostra 25%,ok,
33,uf,Leste,40,Minas Gerais,60 a 69,mulheres,,135650,84,amostra 25%,ok,
33,uf,Leste,40,Minas Gerais,70 e mais,homens,,67066,84,amostra 25%,ok,
33,uf,Leste,40,Minas Gerais,70 e mais,mulheres,,71844,84,amostra 25%,ok,
33,uf,Leste,40,Minas Gerais,ignorada,homens,,4988,84,amostra 25%,ok,
33,uf,Leste,40,Minas Gerais,ignorada,mulheres,,5364,84,amostra 25%,aritmetica,
33,uf,Leste,50,Serra dos Aimorés,0 a 4,homens,,38966,82,amostra 25%,ok,
33,uf,Leste,50,Serra dos Aimorés,0 a 4,mulheres,,36275,82,amostra 25%,ok,
33,uf,Leste,50,Serra dos Aimorés,5 a 9,homens,,34048,82,amostra 25%,ok,
33,uf,Leste,50,Serra dos Aimorés,5 a 9,mulheres,,30845,82,amostra 25%,ok,
33,uf,Leste,50,Serra dos Aimorés,total,homens,,199289,82,amostra 25%,ok,
33,uf,Leste,50,Serra dos Aimorés,total,mulheres,,183505,82,amostra 25%,aritmetica,
33,uf,Leste,50,Serra dos Aimorés,total,total,,382794,82,amostra 25%,ok,
33,uf,Leste,50,Serra dos Aimorés,10 a 14,homens,,25802,83,amostra 25%,ok,
33,uf,Leste,50,Serra dos Aimorés,10 a 14,mulheres,,23833,83,amostra 25%,ok,
33,uf,Leste,50,Serra dos Aimorés,15 a 19,homens,,20406,83,amostra 25%,ok,
33,uf,Leste,50,Serra dos Aimorés,15 a 19,mulheres,,20899,83,amostra 25%,ok,
33,uf,Leste,50,Serra dos Aimorés,20 a 24,homens,,16850,83,amostra 25%,ok,
33,uf,Leste,50,Serra dos Aimorés,20 a 24,mulheres,,17705,83,amostra 25%,ok,
33,uf,Leste,50,Serra dos Aimorés,25 a 29,homens,,14842,83,amostra 25%,ok,
33,uf,Leste,50,Serra dos Aimorés,25 a 29,mulheres,,14061,83,amostra 25%,ok,
33,uf,Leste,50,Serra dos Aimorés,30 a 39,homens,,20407,83,amostra 25%,ok,
33,uf,Leste,50,Serra dos Aimorés,30 a 39,mulheres,,18584,83,amostra 25%,aritmetica,
33,uf,Leste,50,Serra dos Aimorés,40 a 49,homens,,14259,83,amostra 25%,ok,
33,uf,Leste,50,Serra dos Aimorés,40 a 49,mulheres,,11469,83,amostra 25%,ok,
33,uf,Leste,50,Serra dos Aimorés,50 a 59,homens,,7824,84,amostra 25%,ok,
33,uf,Leste,50,Serra dos Aimorés,50 a 59,mulheres,,5565,84,amostra 25%,ok,
33,uf,Leste,50,Serra dos Aimorés,60 a 69,homens,,3965,84,amostra 25%,ok,
33,uf,Leste,50,Serra dos Aimorés,60 a 69,mulheres,,2776,84,amostra 25%,aritmetica,
33,uf,Leste,50,Serra dos Aimorés,70 e mais,homens,,1671,84,amostra 25%,ok,
33,uf,Leste,50,Serra dos Aimorés,70 e mais,mulheres,,1200,84,amostra 25%,ok,
33,uf,Leste,50,Serra dos Aimorés,ignorada,homens,,249,84,amostra 25%,ok,
33,uf,Leste,50,Serra dos Aimorés,ignorada,mulheres,,293,84,amostra 25%,uma_ok,
33,uf,Leste,51,Espírito Santo,0 a 4,homens,,106864,82,universo,ok,
33,uf,Leste,51,Espírito Santo,0 a 4,mulheres,,102504,82,universo,ok,
33,uf,Leste,51,Espírito Santo,5 a 9,homens,,95567,82,universo,ok,
33,uf,Leste,51,Espírito Santo,5 a 9,mulheres,,91656,82,universo,ok,
33,uf,Leste,51,Espírito Santo,total,homens,,594423,82,universo,ok,
33,uf,Leste,51,Espírito Santo,total,mulheres,,575130,82,universo,ok,
33,uf,Leste,51,Espírito Santo,total,total,,1169553,82,universo,ok,
33,uf,Leste,51,Espírito Santo,10 a 14,homens,,75669,83,universo,ok,
33,uf,Leste,51,Espírito Santo,10 a 14,mulheres,,73478,83,universo,ok,
33,uf,Leste,51,Espírito Santo,15 a 19,homens,,58465,83,universo,ok,
33,uf,Leste,51,Espírito Santo,15 a 19,mulheres,,61307,83,universo,ok,
33,uf,Leste,51,Espírito Santo,20 a 24,homens,,49346,83,universo,ok,
33,uf,Leste,51,Espírito Santo,20 a 24,mulheres,,51509,83,universo,ok,
33,uf,Leste,51,Espírito Santo,25 a 29,homens,,41640,83,universo,ok,
33,uf,Leste,51,Espírito Santo,25 a 29,mulheres,,43044,83,universo,ok,
33,uf,Leste,51,Espírito Santo,30 a 39,homens,,64378,83,universo,ok,
33,uf,Leste,51,Espírito Santo,30 a 39,mulheres,,62050,83,universo,ok,
33,uf,Leste,51,Espírito Santo,40 a 49,homens,,46084,83,universo,ok,
33,uf,Leste,51,Espírito Santo,40 a 49,mulheres,,42003,83,universo,ok,
33,uf,Leste,51,Espírito Santo,50 a 59,homens,,30982,84,universo,ok,
33,uf,Leste,51,Espírito Santo,50 a 59,mulheres,,25817,84,universo,ok,
33,uf,Leste,51,Espírito Santo,60 a 69,homens,,17400,84,universo,ok,
33,uf,Leste,51,Espírito Santo,60 a 69,mulheres,,13801,84,universo,ok,
33,uf,Leste,51,Espírito Santo,70 e mais,homens,,7872,84,universo,ok,
33,uf,Leste,51,Espírito Santo,70 e mais,mulheres,,7838,84,universo,ok,
33,uf,Leste,51,Espírito Santo,ignorada,homens,,156,84,universo,ok,
33,uf,Leste,51,Espírito Santo,ignorada,mulheres,,123,84,universo,uma_ok,
33,uf,Leste,52,Rio de Janeiro,0 a 4,homens,,272852,82,amostra 25%,ok,
33,uf,Leste,52,Rio de Janeiro,0 a 4,mulheres,,261923,82,amostra 25%,ok,
33,uf,Leste,52,Rio de Janeiro,5 a 9,homens,,254674,82,amostra 25%,ok,
33,uf,Leste,52,Rio de Janeiro,5 a 9,mulheres,,241541,82,amostra 25%,ok,
33,uf,Leste,52,Rio de Janeiro,total,homens,,1697880,82,amostra 25%,ok,
33,uf,Leste,52,Rio de Janeiro,total,mulheres,,1669858,82,amostra 25%,ok,
33,uf,Leste,52,Rio de Janeiro,total,total,,3367738,82,amostra 25%,ok,
33,uf,Leste,52,Rio de Janeiro,10 a 14,homens,,206939,83,amostra 25%,ok,
33,uf,Leste,52,Rio de Janeiro,10 a 14,mulheres,,201389,83,amostra 25%,ok,
33,uf,Leste,52,Rio de Janeiro,15 a 19,homens,,157488,83,amostra 25%,ok,
33,uf,Leste,52,Rio de Janeiro,15 a 19,mulheres,,166261,83,amostra 25%,ok,
33,uf,Leste,52,Rio de Janeiro,20 a 24,homens,,134949,83,amostra 25%,ok,
33,uf,Leste,52,Rio de Janeiro,20 a 24,mulheres,,145753,83,amostra 25%,ok,
33,uf,Leste,52,Rio de Janeiro,25 a 29,homens,,123823,83,amostra 25%,ok,
33,uf,Leste,52,Rio de Janeiro,25 a 29,mulheres,,129816,83,amostra 25%,aritmetica,
33,uf,Leste,52,Rio de Janeiro,30 a 39,homens,,216568,83,amostra 25%,aritmetica,
33,uf,Leste,52,Rio de Janeiro,30 a 39,mulheres,,212265,83,amostra 25%,ok,
33,uf,Leste,52,Rio de Janeiro,40 a 49,homens,,153799,83,amostra 25%,ok,
33,uf,Leste,52,Rio de Janeiro,40 a 49,mulheres,,141305,83,amostra 25%,ok,
33,uf,Leste,52,Rio de Janeiro,50 a 59,homens,,96351,84,amostra 25%,ok,
33,uf,Leste,52,Rio de Janeiro,50 a 59,mulheres,,87732,84,amostra 25%,ok,
33,uf,Leste,52,Rio de Janeiro,60 a 69,homens,,55270,84,amostra 25%,ok,
33,uf,Leste,52,Rio de Janeiro,60 a 69,mulheres,,51991,84,amostra 25%,ok,
33,uf,Leste,52,Rio de Janeiro,70 e mais,homens,,23927,84,amostra 25%,ok,
33,uf,Leste,52,Rio de Janeiro,70 e mais,mulheres,,28613,84,amostra 25%,ok,
33,uf,Leste,52,Rio de Janeiro,ignorada,homens,,1240,84,amostra 25%,aritmetica,
33,uf,Leste,52,Rio de Janeiro,ignorada,mulheres,,1269,84,amostra 25%,aritmetica,
33,uf,Leste,54,Guanabara,0 a 4,homens,,195535,82,universo,ok,
33,uf,Leste,54,Guanabara,0 a 4,mulheres,,188684,82,universo,ok,
33,uf,Leste,54,Guanabara,5 a 9,homens,,177532,82,universo,aritmetica,
33,uf,Leste,54,Guanabara,5 a 9,mulheres,,175830,82,universo,ok,
33,uf,Leste,54,Guanabara,total,homens,,1593999,82,universo,ok,
33,uf,Leste,54,Guanabara,total,mulheres,,1687909,82,universo,ok,
33,uf,Leste,54,Guanabara,total,total,,3281908,82,universo,aritmetica,
33,uf,Leste,54,Guanabara,10 a 14,homens,,146859,83,universo,ok,
33,uf,Leste,54,Guanabara,10 a 14,mulheres,,152260,83,universo,ok,
33,uf,Leste,54,Guanabara,15 a 19,homens,,128855,83,universo,ok,
33,uf,Leste,54,Guanabara,15 a 19,mulheres,,146691,83,universo,ok,
33,uf,Leste,54,Guanabara,20 a 24,homens,,149525,83,universo,ok,
33,uf,Leste,54,Guanabara,20 a 24,mulheres,,160542,83,universo,ok,
33,uf,Leste,54,Guanabara,25 a 29,homens,,150043,83,universo,ok,
33,uf,Leste,54,Guanabara,25 a 29,mulheres,,160341,83,universo,ok,
33,uf,Leste,54,Guanabara,30 a 39,homens,,259987,83,universo,aritmetica,
33,uf,Leste,54,Guanabara,30 a 39,mulheres,,271359,83,universo,ok,
33,uf,Leste,54,Guanabara,40 a 49,homens,,174872,83,universo,ok,
33,uf,Leste,54,Guanabara,40 a 49,mulheres,,182176,83,universo,aritmetica,
33,uf,Leste,54,Guanabara,50 a 59,homens,,116724,84,universo,ok,
33,uf,Leste,54,Guanabara,50 a 59,mulheres,,123257,84,universo,ok,
33,uf,Leste,54,Guanabara,60 a 69,homens,,63181,84,universo,deduzido,
33,uf,Leste,54,Guanabara,60 a 69,mulheres,,77229,84,universo,ok,
33,uf,Leste,54,Guanabara,70 e mais,homens,,27486,84,universo,aritmetica,
33,uf,Leste,54,Guanabara,70 e mais,mulheres,,46312,84,universo,ok,
33,uf,Leste,54,Guanabara,ignorada,homens,,3400,84,universo,ok,
33,uf,Leste,54,Guanabara,ignorada,mulheres,,3228,84,universo,aritmetica,
33,regiao,Sul,,Sul,0 a 4,homens,,1913852,82,,ok,
33,regiao,Sul,,Sul,0 a 4,mulheres,,1845683,82,,ok,
33,regiao,Sul,,Sul,5 a 9,homens,,1744337,82,,ok,
33,regiao,Sul,,Sul,5 a 9,mulheres,,1671589,82,,aritmetica,
33,regiao,Sul,,Sul,total,homens,,12459937,82,,ok,
33,regiao,Sul,,Sul,total,mulheres,,12145501,82,,ok,
33,regiao,Sul,,Sul,total,total,,24605438,82,,aritmetica,
33,regiao,Sul,,Sul,10 a 14,homens,,1451206,83,,aritmetica,
33,regiao,Sul,,Sul,10 a 14,mulheres,,1422946,83,,ok,
33,regiao,Sul,,Sul,15 a 19,homens,,1183815,83,,ok,
33,regiao,Sul,,Sul,15 a 19,mulheres,,1238207,83,,ok,
33,regiao,Sul,,Sul,20 a 24,homens,,1098617,83,,ok,
33,regiao,Sul,,Sul,20 a 24,mulheres,,1121716,83,,ok,
33,regiao,Sul,,Sul,25 a 29,homens,,987919,83,,ok,
33,regiao,Sul,,Sul,25 a 29,mulheres,,973776,83,,ok,
33,regiao,Sul,,Sul,30 a 39,homens,,1623254,83,,ok,
33,regiao,Sul,,Sul,30 a 39,mulheres,,1557013,83,,ok,
33,regiao,Sul,,Sul,40 a 49,homens,,1120937,83,,ok,
33,regiao,Sul,,Sul,40 a 49,mulheres,,1048948,83,,aritmetica,
33,regiao,Sul,,Sul,50 a 59,homens,,721541,84,,ok,
33,regiao,Sul,,Sul,50 a 59,mulheres,,663559,84,,ok,
33,regiao,Sul,,Sul,60 a 69,homens,,407694,84,,ok,
33,regiao,Sul,,Sul,60 a 69,mulheres,,378850,84,,aritmetica,
33,regiao,Sul,,Sul,70 e mais,homens,,186245,84,,aritmetica,
33,regiao,Sul,,Sul,70 e mais,mulheres,,202321,84,,ok,
33,regiao,Sul,,Sul,ignorada,homens,,20520,84,,ok,
33,regiao,Sul,,Sul,ignorada,mulheres,,20893,84,,aritmetica,
33,uf,Sul,60,São Paulo,0 a 4,homens,,934478,82,amostra 25%,ok,
33,uf,Sul,60,São Paulo,0 a 4,mulheres,,902313,82,amostra 25%,ok,
33,uf,Sul,60,São Paulo,5 a 9,homens,,848467,82,amostra 25%,ok,
33,uf,Sul,60,São Paulo,5 a 9,mulheres,,815507,82,amostra 25%,ok,
33,uf,Sul,60,São Paulo,total,homens,,6477519,82,amostra 25%,ok,
33,uf,Sul,60,São Paulo,total,mulheres,,6346287,82,amostra 25%,ok,
33,uf,Sul,60,São Paulo,total,total,,12823806,82,amostra 25%,ok,
33,uf,Sul,60,São Paulo,10 a 14,homens,,702256,83,amostra 25%,ok,
33,uf,Sul,60,São Paulo,10 a 14,mulheres,,695962,83,amostra 25%,ok,
33,uf,Sul,60,São Paulo,15 a 19,homens,,585286,83,amostra 25%,ok,
33,uf,Sul,60,São Paulo,15 a 19,mulheres,,619950,83,amostra 25%,ok,
33,uf,Sul,60,São Paulo,20 a 24,homens,,581421,83,amostra 25%,ok,
33,uf,Sul,60,São Paulo,20 a 24,mulheres,,597096,83,amostra 25%,ok,
33,uf,Sul,60,São Paulo,25 a 29,homens,,545567,83,amostra 25%,ok,
33,uf,Sul,60,São Paulo,25 a 29,mulheres,,536457,83,amostra 25%,ok,
33,uf,Sul,60,São Paulo,30 a 39,homens,,907693,83,amostra 25%,ok,
33,uf,Sul,60,São Paulo,30 a 39,mulheres,,869231,83,amostra 25%,ok,
33,uf,Sul,60,São Paulo,40 a 49,homens,,616299,83,amostra 25%,ok,
33,uf,Sul,60,São Paulo,40 a 49,mulheres,,582227,83,amostra 25%,ok,
33,uf,Sul,60,São Paulo,50 a 59,homens,,407373,84,amostra 25%,ok,
33,uf,Sul,60,São Paulo,50 a 59,mulheres,,379438,84,amostra 25%,ok,
33,uf,Sul,60,São Paulo,60 a 69,homens,,228619,84,amostra 25%,ok,
33,uf,Sul,60,São Paulo,60 a 69,mulheres,,217252,84,amostra 25%,ok,
33,uf,Sul,60,São Paulo,70 e mais,homens,,105657,84,amostra 25%,ok,
33,uf,Sul,60,São Paulo,70 e mais,mulheres,,115957,84,amostra 25%,ok,
33,uf,Sul,60,São Paulo,ignorada,homens,,14403,84,amostra 25%,ok,
33,uf,Sul,60,São Paulo,ignorada,mulheres,,14897,84,amostra 25%,aritmetica,
33,uf,Sul,71,Paraná,0 a 4,homens,,373196,82,amostra 25%,ok,
33,uf,Sul,71,Paraná,0 a 4,mulheres,,357327,82,amostra 25%,ok,
33,uf,Sul,71,Paraná,5 a 9,homens,,335452,82,amostra 25%,ok,
33,uf,Sul,71,Paraná,5 a 9,mulheres,,316601,82,amostra 25%,ok,
33,uf,Sul,71,Paraná,total,homens,,2211922,82,amostra 25%,ok,
33,uf,Sul,71,Paraná,total,mulheres,,2051799,82,amostra 25%,ok,
33,uf,Sul,71,Paraná,total,total,,4263721,82,amostra 25%,ok,
33,uf,Sul,71,Paraná,10 a 14,homens,,272090,83,amostra 25%,aritmetica,
33,uf,Sul,71,Paraná,10 a 14,mulheres,,260880,83,amostra 25%,ok,
33,uf,Sul,71,Paraná,15 a 19,homens,,217775,83,amostra 25%,aritmetica,
33,uf,Sul,71,Paraná,15 a 19,mulheres,,225075,83,amostra 25%,ok,
33,uf,Sul,71,Paraná,20 a 24,homens,,199583,83,amostra 25%,ok,
33,uf,Sul,71,Paraná,20 a 24,mulheres,,190107,83,amostra 25%,aritmetica,
33,uf,Sul,71,Paraná,25 a 29,homens,,174198,83,amostra 25%,deduzido,
33,uf,Sul,71,Paraná,25 a 29,mulheres,,158943,83,amostra 25%,ok,
33,uf,Sul,71,Paraná,30 a 39,homens,,266837,83,amostra 25%,ok,
33,uf,Sul,71,Paraná,30 a 39,mulheres,,237872,83,amostra 25%,aritmetica,
33,uf,Sul,71,Paraná,40 a 49,homens,,180722,83,amostra 25%,ok,
33,uf,Sul,71,Paraná,40 a 49,mulheres,,153089,83,amostra 25%,ok,
33,uf,Sul,71,Paraná,50 a 59,homens,,107271,84,amostra 25%,ok,
33,uf,Sul,71,Paraná,50 a 59,mulheres,,85946,84,amostra 25%,ok,
33,uf,Sul,71,Paraná,60 a 69,homens,,57642,84,amostra 25%,ok,
33,uf,Sul,71,Paraná,60 a 69,mulheres,,42502,84,amostra 25%,ok,
33,uf,Sul,71,Paraná,70 e mais,homens,,23268,84,amostra 25%,aritmetica,
33,uf,Sul,71,Paraná,70 e mais,mulheres,,19880,84,amostra 25%,ok,
33,uf,Sul,71,Paraná,ignorada,homens,,3888,84,amostra 25%,ok,
33,uf,Sul,71,Paraná,ignorada,mulheres,,3577,84,amostra 25%,aritmetica,
33,uf,Sul,74,Santa Catarina,0 a 4,homens,,192772,82,universo,aritmetica,
33,uf,Sul,74,Santa Catarina,0 a 4,mulheres,,186545,82,universo,ok,
33,uf,Sul,74,Santa Catarina,5 a 9,homens,,174048,82,universo,ok,
33,uf,Sul,74,Santa Catarina,5 a 9,mulheres,,166296,82,universo,ok,
33,uf,Sul,74,Santa Catarina,total,homens,,1079105,82,universo,ok,
33,uf,Sul,74,Santa Catarina,total,mulheres,,1050147,82,universo,ok,
33,uf,Sul,74,Santa Catarina,total,total,,2129252,82,universo,ok,
33,uf,Sul,74,Santa Catarina,10 a 14,homens,,142532,83,universo,ok,
33,uf,Sul,74,Santa Catarina,10 a 14,mulheres,,137481,83,universo,ok,
33,uf,Sul,74,Santa Catarina,15 a 19,homens,,107342,83,universo,ok,
33,uf,Sul,74,Santa Catarina,15 a 19,mulheres,,110374,83,universo,ok,
33,uf,Sul,74,Santa Catarina,20 a 24,homens,,87735,83,universo,ok,
33,uf,Sul,74,Santa Catarina,20 a 24,mulheres,,89879,83,universo,ok,
33,uf,Sul,74,Santa Catarina,25 a 29,homens,,72634,83,universo,ok,
33,uf,Sul,74,Santa Catarina,25 a 29,mulheres,,73411,83,universo,ok,
33,uf,Sul,74,Santa Catarina,30 a 39,homens,,119589,83,universo,ok,
33,uf,Sul,74,Santa Catarina,30 a 39,mulheres,,116815,83,universo,ok,
33,uf,Sul,74,Santa Catarina,40 a 49,homens,,84323,83,universo,ok,
33,uf,Sul,74,Santa Catarina,40 a 49,mulheres,,77831,83,universo,ok,
33,uf,Sul,74,Santa Catarina,50 a 59,homens,,52490,84,universo,ok,
33,uf,Sul,74,Santa Catarina,50 a 59,mulheres,,48206,84,universo,ok,
33,uf,Sul,74,Santa Catarina,60 a 69,homens,,30707,84,universo,ok,
33,uf,Sul,74,Santa Catarina,60 a 69,mulheres,,27874,84,universo,aritmetica,
33,uf,Sul,74,Santa Catarina,70 e mais,homens,,14259,84,universo,ok,
33,uf,Sul,74,Santa Catarina,70 e mais,mulheres,,14672,84,universo,ok,
33,uf,Sul,74,Santa Catarina,ignorada,homens,,674,84,universo,uma_ok,
33,uf,Sul,74,Santa Catarina,ignorada,mulheres,,763,84,universo,uma_ok,
33,uf,Sul,81,Rio Grande do Sul,0 a 4,homens,,413406,82,amostra 25%,ok,
33,uf,Sul,81,Rio Grande do Sul,0 a 4,mulheres,,399498,82,amostra 25%,ok,
33,uf,Sul,81,Rio Grande do Sul,5 a 9,homens,,386370,82,amostra 25%,aritmetica,
33,uf,Sul,81,Rio Grande do Sul,5 a 9,mulheres,,373185,82,amostra 25%,ok,
33,uf,Sul,81,Rio Grande do Sul,total,homens,,2691391,82,amostra 25%,ok,
33,uf,Sul,81,Rio Grande do Sul,total,mulheres,,2697268,82,amostra 25%,ok,
33,uf,Sul,81,Rio Grande do Sul,total,total,,5388659,82,amostra 25%,aritmetica,
33,uf,Sul,81,Rio Grande do Sul,10 a 14,homens,,334328,83,amostra 25%,ok,
33,uf,Sul,81,Rio Grande do Sul,10 a 14,mulheres,,328623,83,amostra 25%,ok,
33,uf,Sul,81,Rio Grande do Sul,15 a 19,homens,,273412,83,amostra 25%,ok,
33,uf,Sul,81,Rio Grande do Sul,15 a 19,mulheres,,282808,83,amostra 25%,aritmetica,
33,uf,Sul,81,Rio Grande do Sul,20 a 24,homens,,229878,83,amostra 25%,ok,
33,uf,Sul,81,Rio Grande do Sul,20 a 24,mulheres,,244634,83,amostra 25%,ok,
33,uf,Sul,81,Rio Grande do Sul,25 a 29,homens,,195520,83,amostra 25%,ok,
33,uf,Sul,81,Rio Grande do Sul,25 a 29,mulheres,,204965,83,amostra 25%,ok,
33,uf,Sul,81,Rio Grande do Sul,30 a 39,homens,,329135,83,amostra 25%,ok,
33,uf,Sul,81,Rio Grande do Sul,30 a 39,mulheres,,333095,83,amostra 25%,ok,
33,uf,Sul,81,Rio Grande do Sul,40 a 49,homens,,239593,83,amostra 25%,ok,
33,uf,Sul,81,Rio Grande do Sul,40 a 49,mulheres,,235801,83,amostra 25%,ok,
33,uf,Sul,81,Rio Grande do Sul,50 a 59,homens,,154407,84,amostra 25%,ok,
33,uf,Sul,81,Rio Grande do Sul,50 a 59,mulheres,,149969,84,amostra 25%,ok,
33,uf,Sul,81,Rio Grande do Sul,60 a 69,homens,,90726,84,amostra 25%,ok,
33,uf,Sul,81,Rio Grande do Sul,60 a 69,mulheres,,91222,84,amostra 25%,ok,
33,uf,Sul,81,Rio Grande do Sul,70 e mais,homens,,43061,84,amostra 25%,ok,
33,uf,Sul,81,Rio Grande do Sul,70 e mais,mulheres,,51812,84,amostra 25%,ok,
33,uf,Sul,81,Rio Grande do Sul,ignorada,homens,,1555,84,amostra 25%,ok,
33,uf,Sul,81,Rio Grande do Sul,ignorada,mulheres,,1656,84,amostra 25%,aritmetica,
33,regiao,Centro-Oeste,,Centro-Oeste,0 a 4,homens,,255596,82,,ok,
33,regiao,Centro-Oeste,,Centro-Oeste,0 a 4,mulheres,,243517,82,,ok,
33,regiao,Centro-Oeste,,Centro-Oeste,5 a 9,homens,,233226,82,,ok,
33,regiao,Centro-Oeste,,Centro-Oeste,5 a 9,mulheres,,220435,82,,ok,
33,regiao,Centro-Oeste,,Centro-Oeste,total,homens,,1536124,82,,ok,
33,regiao,Centro-Oeste,,Centro-Oeste,total,mulheres,,1413365,82,,ok,
33,regiao,Centro-Oeste,,Centro-Oeste,total,total,,2949489,82,,aritmetica,
33,regiao,Centro-Oeste,,Centro-Oeste,10 a 14,homens,,187892,83,,ok,
33,regiao,Centro-Oeste,,Centro-Oeste,10 a 14,mulheres,,183343,83,,ok,
33,regiao,Centro-Oeste,,Centro-Oeste,15 a 19,homens,,156574,83,,ok,
33,regiao,Centro-Oeste,,Centro-Oeste,15 a 19,mulheres,,160406,83,,ok,
33,regiao,Centro-Oeste,,Centro-Oeste,20 a 24,homens,,147865,83,,ok,
33,regiao,Centro-Oeste,,Centro-Oeste,20 a 24,mulheres,,132723,83,,ok,
33,regiao,Centro-Oeste,,Centro-Oeste,25 a 29,homens,,121700,83,,deduzido,
33,regiao,Centro-Oeste,,Centro-Oeste,25 a 29,mulheres,,109081,83,,ok,
33,regiao,Centro-Oeste,,Centro-Oeste,30 a 39,homens,,182003,83,,aritmetica,
33,regiao,Centro-Oeste,,Centro-Oeste,30 a 39,mulheres,,160019,83,,ok,
33,regiao,Centro-Oeste,,Centro-Oeste,40 a 49,homens,,128792,83,,deduzido,
33,regiao,Centro-Oeste,,Centro-Oeste,40 a 49,mulheres,,104856,83,,ok,
33,regiao,Centro-Oeste,,Centro-Oeste,50 a 59,homens,,71120,84,,ok,
33,regiao,Centro-Oeste,,Centro-Oeste,50 a 59,mulheres,,55387,84,,ok,
33,regiao,Centro-Oeste,,Centro-Oeste,60 a 69,homens,,34813,84,,ok,
33,regiao,Centro-Oeste,,Centro-Oeste,60 a 69,mulheres,,28485,84,,ok,
33,regiao,Centro-Oeste,,Centro-Oeste,70 e mais,homens,,15524,84,,ok,
33,regiao,Centro-Oeste,,Centro-Oeste,70 e mais,mulheres,,14193,84,,ok,
33,regiao,Centro-Oeste,,Centro-Oeste,ignorada,homens,,1019,84,,ok,
33,regiao,Centro-Oeste,,Centro-Oeste,ignorada,mulheres,,920,84,,uma_ok,
33,uf,Centro-Oeste,91,Mato Grosso,0 a 4,homens,,78303,82,amostra 25%,ok,
33,uf,Centro-Oeste,91,Mato Grosso,0 a 4,mulheres,,73891,82,amostra 25%,ok,
33,uf,Centro-Oeste,91,Mato Grosso,5 a 9,homens,,70865,82,amostra 25%,ok,
33,uf,Centro-Oeste,91,Mato Grosso,5 a 9,mulheres,,66049,82,amostra 25%,ok,
33,uf,Centro-Oeste,91,Mato Grosso,total,homens,,465382,82,amostra 25%,ok,
33,uf,Centro-Oeste,91,Mato Grosso,total,mulheres,,426851,82,amostra 25%,ok,
33,uf,Centro-Oeste,91,Mato Grosso,total,total,,892233,82,amostra 25%,ok,
33,uf,Centro-Oeste,91,Mato Grosso,10 a 14,homens,,57108,83,amostra 25%,aritmetica,
33,uf,Centro-Oeste,91,Mato Grosso,10 a 14,mulheres,,55973,83,amostra 25%,ok,
33,uf,Centro-Oeste,91,Mato Grosso,15 a 19,homens,,47102,83,amostra 25%,ok,
33,uf,Centro-Oeste,91,Mato Grosso,15 a 19,mulheres,,48329,83,amostra 25%,ok,
33,uf,Centro-Oeste,91,Mato Grosso,20 a 24,homens,,39584,83,amostra 25%,ok,
33,uf,Centro-Oeste,91,Mato Grosso,20 a 24,mulheres,,39347,83,amostra 25%,ok,
33,uf,Centro-Oeste,91,Mato Grosso,25 a 29,homens,,35690,83,amostra 25%,ok,
33,uf,Centro-Oeste,91,Mato Grosso,25 a 29,mulheres,,32993,83,amostra 25%,aritmetica,
33,uf,Centro-Oeste,91,Mato Grosso,30 a 39,homens,,54341,83,amostra 25%,aritmetica,
33,uf,Centro-Oeste,91,Mato Grosso,30 a 39,mulheres,,47982,83,amostra 25%,ok,
33,uf,Centro-Oeste,91,Mato Grosso,40 a 49,homens,,40982,83,amostra 25%,ok,
33,uf,Centro-Oeste,91,Mato Grosso,40 a 49,mulheres,,32414,83,amostra 25%,ok,
33,uf,Centro-Oeste,91,Mato Grosso,50 a 59,homens,,23498,84,amostra 25%,ok,
33,uf,Centro-Oeste,91,Mato Grosso,50 a 59,mulheres,,16422,84,amostra 25%,ok,
33,uf,Centro-Oeste,91,Mato Grosso,60 a 69,homens,,11685,84,amostra 25%,aritmetica,
33,uf,Centro-Oeste,91,Mato Grosso,60 a 69,mulheres,,8437,84,amostra 25%,ok,
33,uf,Centro-Oeste,91,Mato Grosso,70 e mais,homens,,5851,84,amostra 25%,ok,
33,uf,Centro-Oeste,91,Mato Grosso,70 e mais,mulheres,,4703,84,amostra 25%,ok,
33,uf,Centro-Oeste,91,Mato Grosso,ignorada,homens,,373,84,amostra 25%,ok,
33,uf,Centro-Oeste,91,Mato Grosso,ignorada,mulheres,,311,84,amostra 25%,uma_ok,
33,uf,Centro-Oeste,94,Goiás,0 a 4,homens,,167491,82,amostra 25%,ok,
33,uf,Centro-Oeste,94,Goiás,0 a 4,mulheres,,160235,82,amostra 25%,ok,
33,uf,Centro-Oeste,94,Goiás,5 a 9,homens,,155360,82,amostra 25%,ok,
33,uf,Centro-Oeste,94,Goiás,5 a 9,mulheres,,147277,82,amostra 25%,ok,
33,uf,Centro-Oeste,94,Goiás,total,homens,,983456,82,amostra 25%,ok,
33,uf,Centro-Oeste,94,Goiás,total,mulheres,,934004,82,amostra 25%,ok,
33,uf,Centro-Oeste,94,Goiás,total,total,,1917460,82,amostra 25%,ok,
33,uf,Centro-Oeste,94,Goiás,10 a 14,homens,,125822,83,amostra 25%,ok,
33,uf,Centro-Oeste,94,Goiás,10 a 14,mulheres,,122213,83,amostra 25%,ok,
33,uf,Centro-Oeste,94,Goiás,15 a 19,homens,,100825,83,amostra 25%,aritmetica,
33,uf,Centro-Oeste,94,Goiás,15 a 19,mulheres,,106722,83,amostra 25%,ok,
33,uf,Centro-Oeste,94,Goiás,20 a 24,homens,,89519,83,amostra 25%,ok,
33,uf,Centro-Oeste,94,Goiás,20 a 24,mulheres,,86772,83,amostra 25%,ok,
33,uf,Centro-Oeste,94,Goiás,25 a 29,homens,,73685,83,amostra 25%,ok,
33,uf,Centro-Oeste,94,Goiás,25 a 29,mulheres,,70404,83,amostra 25%,manual,OCR 70 / 70 404
33,uf,Centro-Oeste,94,Goiás,30 a 39,homens,,112763,83,amostra 25%,aritmetica,
33,uf,Centro-Oeste,94,Goiás,30 a 39,mulheres,,104463,83,amostra 25%,ok,
33,uf,Centro-Oeste,94,Goiás,40 a 49,homens,,80655,83,amostra 25%,ok,
33,uf,Centro-Oeste,94,Goiás,40 a 49,mulheres,,69145,83,amostra 25%,manual,OCR 49 145 nas duas leituras
33,uf,Centro-Oeste,94,Goiás,50 a 59,homens,,44969,84,amostra 25%,ok,
33,uf,Centro-Oeste,94,Goiás,50 a 59,mulheres,,37538,84,amostra 25%,ok,
33,uf,Centro-Oeste,94,Goiás,60 a 69,homens,,22408,84,amostra 25%,ok,
33,uf,Centro-Oeste,94,Goiás,60 a 69,mulheres,,19495,84,amostra 25%,ok,
33,uf,Centro-Oeste,94,Goiás,70 e mais,homens,,9507,84,amostra 25%,ok,
33,uf,Centro-Oeste,94,Goiás,70 e mais,mulheres,,9216,84,amostra 25%,ok,
33,uf,Centro-Oeste,94,Goiás,ignorada,homens,,452,84,amostra 25%,ok,
33,uf,Centro-Oeste,94,Goiás,ignorada,mulheres,,524,84,amostra 25%,ok,
33,uf,Centro-Oeste,97,Distrito Federal,0 a 4,homens,,9802,82,amostra 25%,ok,
33,uf,Centro-Oeste,97,Distrito Federal,0 a 4,mulheres,,9391,82,amostra 25%,ok,
33,uf,Centro-Oeste,97,Distrito Federal,5 a 9,homens,,7001,82,amostra 25%,ok,
33,uf,Centro-Oeste,97,Distrito Federal,5 a 9,mulheres,,7109,82,amostra 25%,ok,
33,uf,Centro-Oeste,97,Distrito Federal,total,homens,,87286,82,amostra 25%,ok,
33,uf,Centro-Oeste,97,Distrito Federal,total,mulheres,,52510,82,amostra 25%,ok,
33,uf,Centro-Oeste,97,Distrito Federal,total,total,,139796,82,amostra 25%,ok,
33,uf,Centro-Oeste,97,Distrito Federal,10 a 14,homens,,4962,83,amostra 25%,ok,
33,uf,Centro-Oeste,97,Distrito Federal,10 a 14,mulheres,,5157,83,amostra 25%,ok,
33,uf,Centro-Oeste,97,Distrito Federal,15 a 19,homens,,8647,83,amostra 25%,ok,
33,uf,Centro-Oeste,97,Distrito Federal,15 a 19,mulheres,,5355,83,amostra 25%,ok,
33,uf,Centro-Oeste,97,Distrito Federal,20 a 24,homens,,18762,83,amostra 25%,ok,
33,uf,Centro-Oeste,97,Distrito Federal,20 a 24,mulheres,,6604,83,amostra 25%,ok,
33,uf,Centro-Oeste,97,Distrito Federal,25 a 29,homens,,12325,83,amostra 25%,ok,
33,uf,Centro-Oeste,97,Distrito Federal,25 a 29,mulheres,,5684,83,amostra 25%,aritmetica,
33,uf,Centro-Oeste,97,Distrito Federal,30 a 39,homens,,14899,83,amostra 25%,aritmetica,
33,uf,Centro-Oeste,97,Distrito Federal,30 a 39,mulheres,,7574,83,amostra 25%,ok,
33,uf,Centro-Oeste,97,Distrito Federal,40 a 49,homens,,7155,83,amostra 25%,ok,
33,uf,Centro-Oeste,97,Distrito Federal,40 a 49,mulheres,,3297,83,amostra 25%,ok,
33,uf,Centro-Oeste,97,Distrito Federal,50 a 59,homens,,2653,84,amostra 25%,ok,
33,uf,Centro-Oeste,97,Distrito Federal,50 a 59,mulheres,,1427,84,amostra 25%,ok,
33,uf,Centro-Oeste,97,Distrito Federal,60 a 69,homens,,720,84,amostra 25%,ok,
33,uf,Centro-Oeste,97,Distrito Federal,60 a 69,mulheres,,553,84,amostra 25%,ok,
33,uf,Centro-Oeste,97,Distrito Federal,70 e mais,homens,,166,84,amostra 25%,ok,
33,uf,Centro-Oeste,97,Distrito Federal,70 e mais,mulheres,,274,84,amostra 25%,ok,
33,uf,Centro-Oeste,97,Distrito Federal,ignorada,homens,,194,84,amostra 25%,ok,
33,uf,Centro-Oeste,97,Distrito Federal,ignorada,mulheres,,85,84,amostra 25%,ok,
34,brasil,,,Brasil,rural,homens,,19869835,85,,ok,
34,brasil,,,Brasil,rural,mulheres,,18787854,85,,ok,
34,brasil,,,Brasil,rural,total,,38657689,85,,ok,
34,brasil,,,Brasil,total,homens,,35059546,85,,ok,
34,brasil,,,Brasil,total,mulheres,,35131824,85,,ok,
34,brasil,,,Brasil,total,total,,70191370,85,,aritmetica,
34,brasil,,,Brasil,urbana,homens,,15189711,85,,ok,
34,brasil,,,Brasil,urbana,mulheres,,16343970,85,,ok,
34,brasil,,,Brasil,urbana,total,,31533681,85,,aritmetica,
34,regiao,Norte,,Norte,rural,homens,,847771,85,,ok,
34,regiao,Norte,,Norte,rural,mulheres,,759340,85,,ok,
34,regiao,Norte,,Norte,rural,total,,1607111,85,,ok,
34,regiao,Norte,,Norte,total,homens,,1315221,85,,uma_ok,
34,regiao,Norte,,Norte,total,mulheres,,1264221,85,,ok,
34,regiao,Norte,,Norte,total,total,,2579442,85,,aritmetica,
34,regiao,Norte,,Norte,urbana,homens,,467450,85,,ok,
34,regiao,Norte,,Norte,urbana,mulheres,,504881,85,,aritmetica,
34,regiao,Norte,,Norte,urbana,total,,972331,85,,ok,
34,uf,Norte,0,Rondônia,rural,homens,,23324,85,universo,ok,
34,uf,Norte,0,Rondônia,rural,mulheres,,16282,85,universo,ok,
34,uf,Norte,0,Rondônia,rural,total,,39606,85,universo,ok,
34,uf,Norte,0,Rondônia,total,homens,,39038,85,universo,ok,
34,uf,Norte,0,Rondônia,total,mulheres,,31194,85,universo,ok,
34,uf,Norte,0,Rondônia,total,total,,70232,85,universo,ok,
34,uf,Norte,0,Rondônia,urbana,homens,,15714,85,universo,aritmetica,
34,uf,Norte,0,Rondônia,urbana,mulheres,,14912,85,universo,ok,
34,uf,Norte,0,Rondônia,urbana,total,,30626,85,universo,ok,
34,uf,Norte,1,Acre,rural,homens,,67763,85,universo,ok,
34,uf,Norte,1,Acre,rural,mulheres,,57555,85,universo,aritmetica,
34,uf,Norte,1,Acre,rural,total,,125318,85,universo,aritmetica,
34,uf,Norte,1,Acre,total,homens,,84208,85,universo,ok,
34,uf,Norte,1,Acre,total,mulheres,,74644,85,universo,ok,
34,uf,Norte,1,Acre,total,total,,158852,85,universo,aritmetica,
34,uf,Norte,1,Acre,urbana,homens,,16445,85,universo,ok,
34,uf,Norte,1,Acre,urbana,mulheres,,17089,85,universo,ok,
34,uf,Norte,1,Acre,urbana,total,,33534,85,universo,ok,
34,uf,Norte,2,Amazonas,rural,homens,,253531,85,universo,ok,
34,uf,Norte,2,Amazonas,rural,mulheres,,224589,85,universo,ok,
34,uf,Norte,2,Amazonas,rural,total,,478120,85,universo,ok,
34,uf,Norte,2,Amazonas,total,homens,,367333,85,universo,ok,
34,uf,Norte,2,Amazonas,total,mulheres,,347441,85,universo,ok,
34,uf,Norte,2,Amazonas,total,total,,714774,85,universo,aritmetica,
34,uf,Norte,2,Amazonas,urbana,homens,,113802,85,universo,ok,
34,uf,Norte,2,Amazonas,urbana,mulheres,,122852,85,universo,ok,
34,uf,Norte,2,Amazonas,urbana,total,,236654,85,universo,ok,
34,uf,Norte,3,Roraima,rural,homens,,8736,85,universo,ok,
34,uf,Norte,3,Roraima,rural,mulheres,,7675,85,universo,ok,
34,uf,Norte,3,Roraima,rural,total,,16411,85,universo,ok,
34,uf,Norte,3,Roraima,total,homens,,15018,85,universo,ok,
34,uf,Norte,3,Roraima,total,mulheres,,13853,85,universo,ok,
34,uf,Norte,3,Roraima,total,total,,28871,85,universo,ok,
34,uf,Norte,3,Roraima,urbana,homens,,6282,85,universo,ok,
34,uf,Norte,3,Roraima,urbana,mulheres,,6178,85,universo,ok,
34,uf,Norte,3,Roraima,urbana,total,,12460,85,universo,ok,
34,uf,Norte,4,Pará,rural,homens,,476780,85,universo,ok,
34,uf,Norte,4,Pará,rural,mulheres,,437597,85,universo,ok,
34,uf,Norte,4,Pará,rural,total,,914377,85,universo,ok,
34,uf,Norte,4,Pará,total,homens,,774626,85,universo,ok,
34,uf,Norte,4,Pará,total,mulheres,,763567,85,universo,ok,
34,uf,Norte,4,Pará,total,total,,1538193,85,universo,deduzido,
34,uf,Norte,4,Pará,urbana,homens,,297846,85,universo,ok,
34,uf,Norte,4,Pará,urbana,mulheres,,325970,85,universo,ok,
34,uf,Norte,4,Pará,urbana,total,,623816,85,universo,ok,
34,uf,Norte,6,Amapá,rural,homens,,17637,85,universo,aritmetica,
34,uf,Norte,6,Amapá,rural,mulheres,,15642,85,universo,ok,
34,uf,Norte,6,Amapá,rural,total,,33279,85,universo,ok,
34,uf,Norte,6,Amapá,total,homens,,34998,85,universo,aritmetica,
34,uf,Norte,6,Amapá,total,mulheres,,33522,85,universo,ok,
34,uf,Norte,6,Amapá,total,total,,68520,85,universo,ok,
34,uf,Norte,6,Amapá,urbana,homens,,17361,85,universo,ok,
34,uf,Norte,6,Amapá,urbana,mulheres,,17880,85,universo,ok,
34,uf,Norte,6,Amapá,urbana,total,,35241,85,universo,ok,
34,regiao,Nordeste,,Nordeste,rural,homens,,5158212,85,,ok,
34,regiao,Nordeste,,Nordeste,rural,mulheres,,5115480,85,,ok,
34,regiao,Nordeste,,Nordeste,rural,total,,10273692,85,,ok,
34,regiao,Nordeste,,Nordeste,total,homens,,7568238,85,,aritmetica,
34,regiao,Nordeste,,Nordeste,total,mulheres,,7918002,85,,ok,
34,regiao,Nordeste,,Nordeste,total,total,,15486240,85,,ok,
34,regiao,Nordeste,,Nordeste,urbana,homens,,2410026,85,,ok,
34,regiao,Nordeste,,Nordeste,urbana,mulheres,,2802522,85,,ok,
34,regiao,Nordeste,,Nordeste,urbana,total,,5212548,85,,aritmetica,
34,uf,Nordeste,10,Maranhão,rural,homens,,1046579,85,universo,ok,
34,uf,Nordeste,10,Maranhão,rural,mulheres,,987797,85,universo,ok,
34,uf,Nordeste,10,Maranhão,rural,total,,2034376,85,universo,ok,
34,uf,Nordeste,10,Maranhão,total,homens,,1256406,85,universo,ok,
34,uf,Nordeste,10,Maranhão,total,mulheres,,1220965,85,universo,ok,
34,uf,Nordeste,10,Maranhão,total,total,,2477371,85,universo,aritmetica,
34,uf,Nordeste,10,Maranhão,urbana,homens,,209827,85,universo,ok,
34,uf,Nordeste,10,Maranhão,urbana,mulheres,,233168,85,universo,ok,
34,uf,Nordeste,10,Maranhão,urbana,total,,442995,85,universo,ok,
34,uf,Nordeste,12,Piauí,rural,homens,,482706,85,universo,ok,
34,uf,Nordeste,12,Piauí,rural,mulheres,,474072,85,universo,ok,
34,uf,Nordeste,12,Piauí,rural,total,,956778,85,universo,ok,
34,uf,Nordeste,12,Piauí,total,homens,,616940,85,universo,ok,
34,uf,Nordeste,12,Piauí,total,mulheres,,632260,85,universo,ok,
34,uf,Nordeste,12,Piauí,total,total,,1249200,85,universo,ok,
34,uf,Nordeste,12,Piauí,urbana,homens,,134234,85,universo,aritmetica,
34,uf,Nordeste,12,Piauí,urbana,mulheres,,158188,85,universo,ok,
34,uf,Nordeste,12,Piauí,urbana,total,,292422,85,universo,ok,
34,uf,Nordeste,14,Ceará,rural,homens,,1093973,85,amostra 25%,ok,
34,uf,Nordeste,14,Ceará,rural,mulheres,,1092186,85,amostra 25%,aritmetica,
34,uf,Nordeste,14,Ceará,rural,total,,2186159,85,amostra 25%,ok,
34,uf,Nordeste,14,Ceará,total,homens,,1601904,85,amostra 25%,ok,
34,uf,Nordeste,14,Ceará,total,mulheres,,1687691,85,amostra 25%,ok,
34,uf,Nordeste,14,Ceará,total,total,,3289595,85,amostra 25%,ok,
34,uf,Nordeste,14,Ceará,urbana,homens,,507931,85,amostra 25%,ok,
34,uf,Nordeste,14,Ceará,urbana,mulheres,,595505,85,amostra 25%,ok,
34,uf,Nordeste,14,Ceará,urbana,total,,1103436,85,amostra 25%,ok,
34,uf,Nordeste,17,Rio Grande do Norte,rural,homens,,358008,85,amostra 25%,ok,
34,uf,Nordeste,17,Rio Grande do Norte,rural,mulheres,,355272,85,amostra 25%,ok,
34,uf,Nordeste,17,Rio Grande do Norte,rural,total,,713280,85,amostra 25%,ok,
34,uf,Nordeste,17,Rio Grande do Norte,total,homens,,555308,85,amostra 25%,ok,
34,uf,Nordeste,17,Rio Grande do Norte,total,mulheres,,585515,85,amostra 25%,ok,
34,uf,Nordeste,17,Rio Grande do Norte,total,total,,1140823,85,amostra 25%,ok,
34,uf,Nordeste,17,Rio Grande do Norte,urbana,homens,,197300,85,amostra 25%,ok,
34,uf,Nordeste,17,Rio Grande do Norte,urbana,mulheres,,230243,85,amostra 25%,ok,
34,uf,Nordeste,17,Rio Grande do Norte,urbana,total,,427543,85,amostra 25%,ok,
34,uf,Nordeste,19,Paraíba,rural,homens,,641359,85,amostra 25%,ok,
34,uf,Nordeste,19,Paraíba,rural,mulheres,,654554,85,amostra 25%,deduzido,
34,uf,Nordeste,19,Paraíba,rural,total,,1295913,85,amostra 25%,aritmetica,
34,uf,Nordeste,19,Paraíba,total,homens,,960449,85,amostra 25%,ok,
34,uf,Nordeste,19,Paraíba,total,mulheres,,1030696,85,amostra 25%,aritmetica,
34,uf,Nordeste,19,Paraíba,total,total,,1991145,85,amostra 25%,aritmetica,
34,uf,Nordeste,19,Paraíba,urbana,homens,,319090,85,amostra 25%,ok,
34,uf,Nordeste,19,Paraíba,urbana,mulheres,,376142,85,amostra 25%,ok,
34,uf,Nordeste,19,Paraíba,urbana,total,,695232,85,amostra 25%,ok,
34,uf,Nordeste,21,Pernambuco,rural,homens,,1119867,85,amostra 25%,ok,
34,uf,Nordeste,21,Pernambuco,rural,mulheres,,1132308,85,amostra 25%,ok,
34,uf,Nordeste,21,Pernambuco,rural,total,,2252175,85,amostra 25%,ok,
34,uf,Nordeste,21,Pernambuco,total,homens,,1966907,85,amostra 25%,ok,
34,uf,Nordeste,21,Pernambuco,total,mulheres,,2113694,85,amostra 25%,ok,
34,uf,Nordeste,21,Pernambuco,total,total,,4080601,85,amostra 25%,aritmetica,
34,uf,Nordeste,21,Pernambuco,urbana,homens,,847040,85,amostra 25%,ok,
34,uf,Nordeste,21,Pernambuco,urbana,mulheres,,981386,85,amostra 25%,ok,
34,uf,Nordeste,21,Pernambuco,urbana,total,,1828426,85,amostra 25%,ok,
34,uf,Nordeste,25,Alagoas,rural,homens,,415720,85,amostra 25%,ok,
34,uf,Nordeste,25,Alagoas,rural,mulheres,,419291,85,amostra 25%,ok,
34,uf,Nordeste,25,Alagoas,rural,total,,835011,85,amostra 25%,ok,
34,uf,Nordeste,25,Alagoas,total,homens,,609590,85,amostra 25%,ok,
34,uf,Nordeste,25,Alagoas,total,mulheres,,646569,85,amostra 25%,ok,
34,uf,Nordeste,25,Alagoas,total,total,,1256159,85,amostra 25%,aritmetica,
34,uf,Nordeste,25,Alagoas,urbana,homens,,193870,85,amostra 25%,ok,
34,uf,Nordeste,25,Alagoas,urbana,mulheres,,227278,85,amostra 25%,ok,
34,uf,Nordeste,25,Alagoas,urbana,total,,421148,85,amostra 25%,ok,
34,uf,Nordeste,24,Fernando de Noronha,rural,homens,,0,85,amostra 25%,zero,
34,uf,Nordeste,24,Fernando de Noronha,rural,mulheres,,0,85,amostra 25%,zero,
34,uf,Nordeste,24,Fernando de Noronha,rural,total,,0,85,amostra 25%,zero,
34,uf,Nordeste,24,Fernando de Noronha,total,homens,,734,85,amostra 25%,ok,
34,uf,Nordeste,24,Fernando de Noronha,total,mulheres,,612,85,amostra 25%,ok,
34,uf,Nordeste,24,Fernando de Noronha,total,total,,1346,85,amostra 25%,ok,
34,uf,Nordeste,24,Fernando de Noronha,urbana,homens,,734,85,amostra 25%,ok,
34,uf,Nordeste,24,Fernando de Noronha,urbana,mulheres,,612,85,amostra 25%,ok,
34,uf,Nordeste,24,Fernando de Noronha,urbana,total,,1346,85,amostra 25%,ok,
34,regiao,Leste,,Leste,rural,homens,,6486651,85,,ok,
34,regiao,Leste,,Leste,rural,mulheres,,6207026,85,,ok,
34,regiao,Leste,,Leste,rural,total,,12693677,85,,ok,
34,regiao,Leste,,Leste,total,homens,,12180026,85,,ok,
34,regiao,Leste,,Leste,total,mulheres,,12390735,85,,ok,
34,regiao,Leste,,Leste,total,total,,24570761,85,,ok,
34,regiao,Leste,,Leste,urbana,homens,,5693375,85,,ok,
34,regiao,Leste,,Leste,urbana,mulheres,,6183709,85,,ok,
34,regiao,Leste,,Leste,urbana,total,,11877084,85,,ok,
34,uf,Leste,30,Sergipe,rural,homens,,228508,85,amostra 25%,ok,
34,uf,Leste,30,Sergipe,rural,mulheres,,232161,85,amostra 25%,ok,
34,uf,Leste,30,Sergipe,rural,total,,460669,85,amostra 25%,ok,
34,uf,Leste,30,Sergipe,total,homens,,361338,85,amostra 25%,ok,
34,uf,Leste,30,Sergipe,total,mulheres,,390440,85,amostra 25%,ok,
34,uf,Leste,30,Sergipe,total,total,,751778,85,amostra 25%,ok,
34,uf,Leste,30,Sergipe,urbana,homens,,132830,85,amostra 25%,ok,
34,uf,Leste,30,Sergipe,urbana,mulheres,,158279,85,amostra 25%,deduzido,
34,uf,Leste,30,Sergipe,urbana,total,,291109,85,amostra 25%,ok,
34,uf,Leste,31,Bahia,rural,homens,,1935576,85,amostra 25%,aritmetica,
34,uf,Leste,31,Bahia,rural,mulheres,,1934172,85,amostra 25%,ok,
34,uf,Leste,31,Bahia,rural,total,,3869748,85,amostra 25%,ok,
34,uf,Leste,31,Bahia,total,homens,,2886897,85,amostra 25%,aritmetica,
34,uf,Leste,31,Bahia,total,mulheres,,3031975,85,amostra 25%,ok,
34,uf,Leste,31,Bahia,total,total,,5918872,85,amostra 25%,ok,
34,uf,Leste,31,Bahia,urbana,homens,,951321,85,amostra 25%,ok,
34,uf,Leste,31,Bahia,urbana,mulheres,,1097803,85,amostra 25%,ok,
34,uf,Leste,31,Bahia,urbana,total,,2049124,85,amostra 25%,ok,
34,uf,Leste,40,Minas Gerais,rural,homens,,2994631,85,amostra 25%,ok,
34,uf,Leste,40,Minas Gerais,rural,mulheres,,2823099,85,amostra 25%,aritmetica,
34,uf,Leste,40,Minas Gerais,rural,total,,5817730,85,amostra 25%,ok,
34,uf,Leste,40,Minas Gerais,total,homens,,4846200,85,amostra 25%,ok,
34,uf,Leste,40,Minas Gerais,total,mulheres,,4851918,85,amostra 25%,ok,
34,uf,Leste,40,Minas Gerais,total,total,,9698118,85,amostra 25%,ok,
34,uf,Leste,40,Minas Gerais,urbana,homens,,1851569,85,amostra 25%,ok,
34,uf,Leste,40,Minas Gerais,urbana,mulheres,,2028819,85,amostra 25%,ok,
34,uf,Leste,40,Minas Gerais,urbana,total,,3880388,85,amostra 25%,aritmetica,
34,uf,Leste,50,Serra dos Aimorés,rural,homens,,182652,85,amostra 25%,ok,
34,uf,Leste,50,Serra dos Aimorés,rural,mulheres,,166385,85,amostra 25%,aritmetica,
34,uf,Leste,50,Serra dos Aimorés,rural,total,,349037,85,amostra 25%,ok,
34,uf,Leste,50,Serra dos Aimorés,total,homens,,199289,85,amostra 25%,ok,
34,uf,Leste,50,Serra dos Aimorés,total,mulheres,,183505,85,amostra 25%,ok,
34,uf,Leste,50,Serra dos Aimorés,total,total,,382794,85,amostra 25%,ok,
34,uf,Leste,50,Serra dos Aimorés,urbana,homens,,16637,85,amostra 25%,ok,
34,uf,Leste,50,Serra dos Aimorés,urbana,mulheres,,17120,85,amostra 25%,ok,
34,uf,Leste,50,Serra dos Aimorés,urbana,total,,33757,85,amostra 25%,ok,
34,uf,Leste,51,Espírito Santo,rural,homens,,415139,85,universo,ok,
34,uf,Leste,51,Espírito Santo,rural,mulheres,,384339,85,universo,aritmetica,
34,uf,Leste,51,Espírito Santo,rural,total,,799478,85,universo,ok,
34,uf,Leste,51,Espírito Santo,total,homens,,594423,85,universo,ok,
34,uf,Leste,51,Espírito Santo,total,mulheres,,575130,85,universo,ok,
34,uf,Leste,51,Espírito Santo,total,total,,1169553,85,universo,ok,
34,uf,Leste,51,Espírito Santo,urbana,homens,,179284,85,universo,aritmetica,
34,uf,Leste,51,Espírito Santo,urbana,mulheres,,190791,85,universo,ok,
34,uf,Leste,51,Espírito Santo,urbana,total,,370075,85,universo,ok,
34,uf,Leste,52,Rio de Janeiro,rural,homens,,686262,85,amostra 25%,ok,
34,uf,Leste,52,Rio de Janeiro,rural,mulheres,,627436,85,amostra 25%,aritmetica,
34,uf,Leste,52,Rio de Janeiro,rural,total,,1313698,85,amostra 25%,ok,
34,uf,Leste,52,Rio de Janeiro,total,homens,,1697880,85,amostra 25%,ok,
34,uf,Leste,52,Rio de Janeiro,total,mulheres,,1669858,85,amostra 25%,ok,
34,uf,Leste,52,Rio de Janeiro,total,total,,3367738,85,amostra 25%,ok,
34,uf,Leste,52,Rio de Janeiro,urbana,homens,,1011618,85,amostra 25%,ok,
34,uf,Leste,52,Rio de Janeiro,urbana,mulheres,,1042422,85,amostra 25%,aritmetica,
34,uf,Leste,52,Rio de Janeiro,urbana,total,,2054040,85,amostra 25%,ok,
34,uf,Leste,54,Guanabara,rural,homens,,43883,85,universo,ok,
34,uf,Leste,54,Guanabara,rural,mulheres,,39434,85,universo,aritmetica,
34,uf,Leste,54,Guanabara,rural,total,,83317,85,universo,ok,
34,uf,Leste,54,Guanabara,total,homens,,1593999,85,universo,ok,
34,uf,Leste,54,Guanabara,total,mulheres,,1687909,85,universo,ok,
34,uf,Leste,54,Guanabara,total,total,,3281908,85,universo,ok,
34,uf,Leste,54,Guanabara,urbana,homens,,1550116,85,universo,ok,
34,uf,Leste,54,Guanabara,urbana,mulheres,,1648475,85,universo,ok,
34,uf,Leste,54,Guanabara,urbana,total,,3198591,85,universo,ok,
34,regiao,Sul,,Sul,rural,homens,,6350809,85,,uma_ok,
34,regiao,Sul,,Sul,rural,mulheres,,5798646,85,,uma_ok,
34,regiao,Sul,,Sul,rural,total,,12149455,85,,ok,
34,regiao,Sul,,Sul,total,homens,,12459937,85,,ok,
34,regiao,Sul,,Sul,total,mulheres,,12145501,85,,ok,
34,regiao,Sul,,Sul,total,total,,24605438,85,,aritmetica,
34,regiao,Sul,,Sul,urbana,homens,,6109128,85,,ok,
34,regiao,Sul,,Sul,urbana,mulheres,,6346855,85,,ok,
34,regiao,Sul,,Sul,urbana,total,,12455983,85,,ok,
34,uf,Sul,60,São Paulo,rural,homens,,2516459,85,amostra 25%,ok,
34,uf,Sul,60,São Paulo,rural,mulheres,,2262970,85,amostra 25%,aritmetica,
34,uf,Sul,60,São Paulo,rural,total,,4779429,85,amostra 25%,ok,
34,uf,Sul,60,São Paulo,total,homens,,6477519,85,amostra 25%,ok,
34,uf,Sul,60,São Paulo,total,mulheres,,6346287,85,amostra 25%,ok,
34,uf,Sul,60,São Paulo,total,total,,12823806,85,amostra 25%,ok,
34,uf,Sul,60,São Paulo,urbana,homens,,3961060,85,amostra 25%,ok,
34,uf,Sul,60,São Paulo,urbana,mulheres,,4083317,85,amostra 25%,deduzido,
34,uf,Sul,60,São Paulo,urbana,total,,8044377,85,amostra 25%,ok,
34,uf,Sul,71,Paraná,rural,homens,,1560962,85,amostra 25%,ok,
34,uf,Sul,71,Paraná,rural,mulheres,,1391790,85,amostra 25%,ok,
34,uf,Sul,71,Paraná,rural,total,,2952752,85,amostra 25%,ok,
34,uf,Sul,71,Paraná,total,homens,,2211922,85,amostra 25%,ok,
34,uf,Sul,71,Paraná,total,mulheres,,2051799,85,amostra 25%,ok,
34,uf,Sul,71,Paraná,total,total,,4263721,85,amostra 25%,ok,
34,uf,Sul,71,Paraná,urbana,homens,,650960,85,amostra 25%,ok,
34,uf,Sul,71,Paraná,urbana,mulheres,,660009,85,amostra 25%,ok,
34,uf,Sul,71,Paraná,urbana,total,,1310969,85,amostra 25%,aritmetica,
34,uf,Sul,74,Santa Catarina,rural,homens,,741800,85,universo,ok,
34,uf,Sul,74,Santa Catarina,rural,mulheres,,699094,85,universo,ok,
34,uf,Sul,74,Santa Catarina,rural,total,,1440894,85,universo,aritmetica,
34,uf,Sul,74,Santa Catarina,total,homens,,1079105,85,universo,ok,
34,uf,Sul,74,Santa Catarina,total,mulheres,,1050147,85,universo,ok,
34,uf,Sul,74,Santa Catarina,total,total,,2129252,85,universo,ok,
34,uf,Sul,74,Santa Catarina,urbana,homens,,337305,85,universo,ok,
34,uf,Sul,74,Santa Catarina,urbana,mulheres,,351053,85,universo,ok,
34,uf,Sul,74,Santa Catarina,urbana,total,,688358,85,universo,ok,
34,uf,Sul,81,Rio Grande do Sul,rural,homens,,1531588,85,amostra 25%,aritmetica,
34,uf,Sul,81,Rio Grande do Sul,rural,mulheres,,1444792,85,amostra 25%,ok,
34,uf,Sul,81,Rio Grande do Sul,rural,total,,2976380,85,amostra 25%,ok,
34,uf,Sul,81,Rio Grande do Sul,total,homens,,2691391,85,amostra 25%,uma_ok,
34,uf,Sul,81,Rio Grande do Sul,total,mulheres,,2697268,85,amostra 25%,ok,
34,uf,Sul,81,Rio Grande do Sul,total,total,,5388659,85,amostra 25%,aritmetica,
34,uf,Sul,81,Rio Grande do Sul,urbana,homens,,1159803,85,amostra 25%,aritmetica,
34,uf,Sul,81,Rio Grande do Sul,urbana,mulheres,,1252476,85,amostra 25%,ok,
34,uf,Sul,81,Rio Grande do Sul,urbana,total,,2412279,85,amostra 25%,ok,
34,regiao,Centro-Oeste,,Centro-Oeste,rural,homens,,1026392,85,,ok,
34,regiao,Centro-Oeste,,Centro-Oeste,rural,mulheres,,907362,85,,deduzido,
34,regiao,Centro-Oeste,,Centro-Oeste,rural,total,,1933754,85,,ok,
34,regiao,Centro-Oeste,,Centro-Oeste,total,homens,,1536124,85,,ok,
34,regiao,Centro-Oeste,,Centro-Oeste,total,mulheres,,1413365,85,,ok,
34,regiao,Centro-Oeste,,Centro-Oeste,total,total,,2949489,85,,ok,
34,regiao,Centro-Oeste,,Centro-Oeste,urbana,homens,,509732,85,,uma_ok,
34,regiao,Centro-Oeste,,Centro-Oeste,urbana,mulheres,,506003,85,,uma_ok,
34,regiao,Centro-Oeste,,Centro-Oeste,urbana,total,,1015735,85,,ok,
34,uf,Centro-Oeste,91,Mato Grosso,rural,homens,,295382,85,amostra 25%,ok,
34,uf,Centro-Oeste,91,Mato Grosso,rural,mulheres,,249929,85,amostra 25%,aritmetica,
34,uf,Centro-Oeste,91,Mato Grosso,rural,total,,545311,85,amostra 25%,ok,
34,uf,Centro-Oeste,91,Mato Grosso,total,homens,,465382,85,amostra 25%,ok,
34,uf,Centro-Oeste,91,Mato Grosso,total,mulheres,,426851,85,amostra 25%,ok,
34,uf,Centro-Oeste,91,Mato Grosso,total,total,,892233,85,amostra 25%,ok,
34,uf,Centro-Oeste,91,Mato Grosso,urbana,homens,,170000,85,amostra 25%,ok,
34,uf,Centro-Oeste,91,Mato Grosso,urbana,mulheres,,176922,85,amostra 25%,ok,
34,uf,Centro-Oeste,91,Mato Grosso,urbana,total,,346922,85,amostra 25%,ok,
34,uf,Centro-Oeste,94,Goiás,rural,homens,,703807,85,amostra 25%,ok,
34,uf,Centro-Oeste,94,Goiás,rural,mulheres,,633135,85,amostra 25%,deduzido,
34,uf,Centro-Oeste,94,Goiás,rural,total,,1336942,85,amostra 25%,aritmetica,
34,uf,Centro-Oeste,94,Goiás,total,homens,,983456,85,amostra 25%,ok,
34,uf,Centro-Oeste,94,Goiás,total,mulheres,,934004,85,amostra 25%,ok,
34,uf,Centro-Oeste,94,Goiás,total,total,,1917460,85,amostra 25%,ok,
34,uf,Centro-Oeste,94,Goiás,urbana,homens,,279649,85,amostra 25%,ok,
34,uf,Centro-Oeste,94,Goiás,urbana,mulheres,,300869,85,amostra 25%,ok,
34,uf,Centro-Oeste,94,Goiás,urbana,total,,580518,85,amostra 25%,ok,
34,uf,Centro-Oeste,97,Distrito Federal,rural,homens,,27203,85,amostra 25%,ok,
34,uf,Centro-Oeste,97,Distrito Federal,rural,mulheres,,24298,85,amostra 25%,aritmetica,
34,uf,Centro-Oeste,97,Distrito Federal,rural,total,,51501,85,amostra 25%,ok,
34,uf,Centro-Oeste,97,Distrito Federal,total,homens,,87286,85,amostra 25%,ok,
34,uf,Centro-Oeste,97,Distrito Federal,total,mulheres,,52510,85,amostra 25%,ok,
34,uf,Centro-Oeste,97,Distrito Federal,total,total,,139796,85,amostra 25%,ok,
34,uf,Centro-Oeste,97,Distrito Federal,urbana,homens,,60083,85,amostra 25%,ok,
34,uf,Centro-Oeste,97,Distrito Federal,urbana,mulheres,,28212,85,amostra 25%,ok,
34,uf,Centro-Oeste,97,Distrito Federal,urbana,total,,88295,85,amostra 25%,aritmetica,
37,brasil,,,Brasil,amarelos,homens,,253687,90,,ok,
37,brasil,,,Brasil,amarelos,mulheres,,229161,90,,ok,
37,brasil,,,Brasil,brancos,homens,,21403444,90,,deduzido,
37,brasil,,,Brasil,brancos,mulheres,,21435195,90,,ok,
37,brasil,,,Brasil,pardos,homens,,10355530,90,,ok,
37,brasil,,,Brasil,pardos,mulheres,,10350901,90,,ok,
37,brasil,,,Brasil,pretos,homens,,3022635,90,,ok,
37,brasil,,,Brasil,pretos,mulheres,,3094213,90,,ok,
37,brasil,,,Brasil,sem declaracao,homens,,24250,90,,ok,
37,brasil,,,Brasil,sem declaracao,mulheres,,22354,90,,ok,
37,brasil,,,Brasil,total,homens,,35059546,90,,aritmetica,
37,brasil,,,Brasil,total,mulheres,,35131824,90,,ok,
37,regiao,Norte,,Norte,amarelos,homens,,3364,90,,ok,
37,regiao,Norte,,Norte,amarelos,mulheres,,2678,90,,ok,
37,regiao,Norte,,Norte,brancos,homens,,292611,90,,ok,
37,regiao,Norte,,Norte,brancos,mulheres,,301597,90,,ok,
37,regiao,Norte,,Norte,pardos,homens,,970125,90,,ok,
37,regiao,Norte,,Norte,pardos,mulheres,,916547,90,,ok,
37,regiao,Norte,,Norte,pretos,homens,,48538,90,,deduzido,
37,regiao,Norte,,Norte,pretos,mulheres,,42923,90,,ok,
37,regiao,Norte,,Norte,sem declaracao,homens,,583,90,,ok,
37,regiao,Norte,,Norte,sem declaracao,mulheres,,476,90,,ok,
37,regiao,Norte,,Norte,total,homens,,1315221,90,,ok,
37,regiao,Norte,,Norte,total,mulheres,,1264221,90,,aritmetica,
37,uf,Norte,0,Rondônia,amarelos,homens,,78,90,universo,uma_ok,
37,uf,Norte,0,Rondônia,amarelos,mulheres,,68,90,universo,ok,
37,uf,Norte,0,Rondônia,brancos,homens,,9278,90,universo,ok,
37,uf,Norte,0,Rondônia,brancos,mulheres,,7681,90,universo,ok,
37,uf,Norte,0,Rondônia,pardos,homens,,27583,90,universo,ok,
37,uf,Norte,0,Rondônia,pardos,mulheres,,21934,90,universo,ok,
37,uf,Norte,0,Rondônia,pretos,homens,,2073,90,universo,ok,
37,uf,Norte,0,Rondônia,pretos,mulheres,,1495,90,universo,ok,
37,uf,Norte,0,Rondônia,sem declaracao,homens,,26,90,universo,ok,
37,uf,Norte,0,Rondônia,sem declaracao,mulheres,,16,90,universo,ok,
37,uf,Norte,0,Rondônia,total,homens,,39038,90,universo,ok,
37,uf,Norte,0,Rondônia,total,mulheres,,31194,90,universo,ok,
37,uf,Norte,1,Acre,amarelos,homens,,59,90,universo,ok,
37,uf,Norte,1,Acre,amarelos,mulheres,,51,90,universo,ok,
37,uf,Norte,1,Acre,brancos,homens,,25325,90,universo,ok,
37,uf,Norte,1,Acre,brancos,mulheres,,23506,90,universo,ok,
37,uf,Norte,1,Acre,pardos,homens,,54394,90,universo,ok,
37,uf,Norte,1,Acre,pardos,mulheres,,47732,90,universo,ok,
37,uf,Norte,1,Acre,pretos,homens,,4421,90,universo,ok,
37,uf,Norte,1,Acre,pretos,mulheres,,3351,90,universo,ok,
37,uf,Norte,1,Acre,sem declaracao,homens,,9,90,universo,uma_ok,
37,uf,Norte,1,Acre,sem declaracao,mulheres,,4,90,universo,ok,
37,uf,Norte,1,Acre,total,homens,,84208,90,universo,ok,
37,uf,Norte,1,Acre,total,mulheres,,74644,90,universo,ok,
37,uf,Norte,2,Amazonas,amarelos,homens,,605,90,universo,ok,
37,uf,Norte,2,Amazonas,amarelos,mulheres,,443,90,universo,ok,
37,uf,Norte,2,Amazonas,brancos,homens,,71629,90,universo,ok,
37,uf,Norte,2,Amazonas,brancos,mulheres,,72107,90,universo,ok,
37,uf,Norte,2,Amazonas,pardos,homens,,286474,90,universo,ok,
37,uf,Norte,2,Amazonas,pardos,mulheres,,267607,90,universo,ok,
37,uf,Norte,2,Amazonas,pretos,homens,,8501,90,universo,ok,
37,uf,Norte,2,Amazonas,pretos,mulheres,,7206,90,universo,ok,
37,uf,Norte,2,Amazonas,sem declaracao,homens,,124,90,universo,ok,
37,uf,Norte,2,Amazonas,sem declaracao,mulheres,,78,90,universo,ok,
37,uf,Norte,2,Amazonas,total,homens,,367333,90,universo,ok,
37,uf,Norte,2,Amazonas,total,mulheres,,347441,90,universo,ok,
37,uf,Norte,3,Roraima,amarelos,homens,,36,90,universo,ok,
37,uf,Norte,3,Roraima,amarelos,mulheres,,28,90,universo,ok,
37,uf,Norte,3,Roraima,brancos,homens,,7208,90,universo,ok,
37,uf,Norte,3,Roraima,brancos,mulheres,,6636,90,universo,ok,
37,uf,Norte,3,Roraima,pardos,homens,,7349,90,universo,ok,
37,uf,Norte,3,Roraima,pardos,mulheres,,6925,90,universo,ok,
37,uf,Norte,3,Roraima,pretos,homens,,423,90,universo,ok,
37,uf,Norte,3,Roraima,pretos,mulheres,,264,90,universo,ok,
37,uf,Norte,3,Roraima,sem declaracao,homens,,2,90,universo,uma_ok,
37,uf,Norte,3,Roraima,sem declaracao,mulheres,,0,90,universo,zero,
37,uf,Norte,3,Roraima,total,homens,,15018,90,universo,ok,
37,uf,Norte,3,Roraima,total,mulheres,,13853,90,universo,aritmetica,
37,uf,Norte,4,Pará,amarelos,homens,,2465,90,universo,aritmetica,
37,uf,Norte,4,Pará,amarelos,mulheres,,2013,90,universo,ok,
37,uf,Norte,4,Pará,brancos,homens,,171693,90,universo,ok,
37,uf,Norte,4,Pará,brancos,mulheres,,183791,90,universo,ok,
37,uf,Norte,4,Pará,pardos,homens,,569442,90,universo,aritmetica,
37,uf,Norte,4,Pará,pardos,mulheres,,549093,90,universo,ok,
37,uf,Norte,4,Pará,pretos,homens,,30608,90,universo,ok,
37,uf,Norte,4,Pará,pretos,mulheres,,28296,90,universo,ok,
37,uf,Norte,4,Pará,sem declaracao,homens,,418,90,universo,ok,
37,uf,Norte,4,Pará,sem declaracao,mulheres,,374,90,universo,ok,
37,uf,Norte,4,Pará,total,homens,,774626,90,universo,ok,
37,uf,Norte,4,Pará,total,mulheres,,763567,90,universo,aritmetica,
37,uf,Norte,6,Amapá,amarelos,homens,,121,90,universo,ok,
37,uf,Norte,6,Amapá,amarelos,mulheres,,75,90,universo,ok,
37,uf,Norte,6,Amapá,brancos,homens,,7478,90,universo,ok,
37,uf,Norte,6,Amapá,brancos,mulheres,,7876,90,universo,ok,
37,uf,Norte,6,Amapá,pardos,homens,,24883,90,universo,ok,
37,uf,Norte,6,Amapá,pardos,mulheres,,23256,90,universo,aritmetica,
37,uf,Norte,6,Amapá,pretos,homens,,2512,90,universo,aritmetica,
37,uf,Norte,6,Amapá,pretos,mulheres,,2311,90,universo,ok,
37,uf,Norte,6,Amapá,sem declaracao,homens,,4,90,universo,uma_ok,
37,uf,Norte,6,Amapá,sem declaracao,mulheres,,4,90,universo,ok,
37,uf,Norte,6,Amapá,total,homens,,34998,90,universo,ok,
37,uf,Norte,6,Amapá,total,mulheres,,33522,90,universo,aritmetica,
37,regiao,Nordeste,,Nordeste,amarelos,homens,,1637,90,,ok,
37,regiao,Nordeste,,Nordeste,amarelos,mulheres,,1644,90,,ok,
37,regiao,Nordeste,,Nordeste,brancos,homens,,3110711,90,,ok,
37,regiao,Nordeste,,Nordeste,brancos,mulheres,,3358324,90,,ok,
37,regiao,Nordeste,,Nordeste,pardos,homens,,3815355,90,,aritmetica,
37,regiao,Nordeste,,Nordeste,pardos,mulheres,,3898330,90,,ok,
37,regiao,Nordeste,,Nordeste,pretos,homens,,638227,90,,ok,
37,regiao,Nordeste,,Nordeste,pretos,mulheres,,657652,90,,aritmetica,
37,regiao,Nordeste,,Nordeste,sem declaracao,homens,,2308,90,,ok,
37,regiao,Nordeste,,Nordeste,sem declaracao,mulheres,,2052,90,,deduzido,
37,regiao,Nordeste,,Nordeste,total,homens,,7568238,90,,aritmetica,
37,regiao,Nordeste,,Nordeste,total,mulheres,,7918002,90,,ok,
37,uf,Nordeste,10,Maranhão,amarelos,homens,,335,90,universo,ok,
37,uf,Nordeste,10,Maranhão,amarelos,mulheres,,308,90,universo,ok,
37,uf,Nordeste,10,Maranhão,brancos,homens,,384354,90,universo,aritmetica,
37,uf,Nordeste,10,Maranhão,brancos,mulheres,,386163,90,universo,ok,
37,uf,Nordeste,10,Maranhão,pardos,homens,,725331,90,universo,ok,
37,uf,Nordeste,10,Maranhão,pardos,mulheres,,698104,90,universo,ok,
37,uf,Nordeste,10,Maranhão,pretos,homens,,146063,90,universo,ok,
37,uf,Nordeste,10,Maranhão,pretos,mulheres,,136119,90,universo,ok,
37,uf,Nordeste,10,Maranhão,sem declaracao,homens,,323,90,universo,ok,
37,uf,Nordeste,10,Maranhão,sem declaracao,mulheres,,271,90,universo,ok,
37,uf,Nordeste,10,Maranhão,total,homens,,1256406,90,universo,ok,
37,uf,Nordeste,10,Maranhão,total,mulheres,,1220965,90,universo,aritmetica,
37,uf,Nordeste,12,Piauí,amarelos,homens,,111,90,universo,ok,
37,uf,Nordeste,12,Piauí,amarelos,mulheres,,107,90,universo,ok,
37,uf,Nordeste,12,Piauí,brancos,homens,,147387,90,universo,ok,
37,uf,Nordeste,12,Piauí,brancos,mulheres,,155381,90,universo,ok,
37,uf,Nordeste,12,Piauí,pardos,homens,,398800,90,universo,ok,
37,uf,Nordeste,12,Piauí,pardos,mulheres,,404567,90,universo,aritmetica,
37,uf,Nordeste,12,Piauí,pretos,homens,,70525,90,universo,ok,
37,uf,Nordeste,12,Piauí,pretos,mulheres,,72109,90,universo,ok,
37,uf,Nordeste,12,Piauí,sem declaracao,homens,,117,90,universo,ok,
37,uf,Nordeste,12,Piauí,sem declaracao,mulheres,,96,90,universo,uma_ok,
37,uf,Nordeste,12,Piauí,total,homens,,616940,90,universo,ok,
37,uf,Nordeste,12,Piauí,total,mulheres,,632260,90,universo,ok,
37,uf,Nordeste,14,Ceará,amarelos,homens,,240,90,amostra 25%,ok,
37,uf,Nordeste,14,Ceará,amarelos,mulheres,,323,90,amostra 25%,ok,
37,uf,Nordeste,14,Ceará,brancos,homens,,725479,90,amostra 25%,deduzido,
37,uf,Nordeste,14,Ceará,brancos,mulheres,,780153,90,amostra 25%,aritmetica,
37,uf,Nordeste,14,Ceará,pardos,homens,,742771,90,amostra 25%,ok,
37,uf,Nordeste,14,Ceará,pardos,mulheres,,768254,90,amostra 25%,ok,
37,uf,Nordeste,14,Ceará,pretos,homens,,132940,90,amostra 25%,ok,
37,uf,Nordeste,14,Ceará,pretos,mulheres,,138444,90,amostra 25%,ok,
37,uf,Nordeste,14,Ceará,sem declaracao,homens,,474,90,amostra 25%,ok,
37,uf,Nordeste,14,Ceará,sem declaracao,mulheres,,517,90,amostra 25%,ok,
37,uf,Nordeste,14,Ceará,total,homens,,1601904,90,amostra 25%,ok,
37,uf,Nordeste,14,Ceará,total,mulheres,,1687691,90,amostra 25%,ok,
37,uf,Nordeste,17,Rio Grande do Norte,amarelos,homens,,159,90,amostra 25%,ok,
37,uf,Nordeste,17,Rio Grande do Norte,amarelos,mulheres,,168,90,amostra 25%,ok,
37,uf,Nordeste,17,Rio Grande do Norte,brancos,homens,,223410,90,amostra 25%,ok,
37,uf,Nordeste,17,Rio Grande do Norte,brancos,mulheres,,243747,90,amostra 25%,ok,
37,uf,Nordeste,17,Rio Grande do Norte,pardos,homens,,295165,90,amostra 25%,aritmetica,
37,uf,Nordeste,17,Rio Grande do Norte,pardos,mulheres,,304062,90,amostra 25%,ok,
37,uf,Nordeste,17,Rio Grande do Norte,pretos,homens,,36472,90,amostra 25%,ok,
37,uf,Nordeste,17,Rio Grande do Norte,pretos,mulheres,,37449,90,amostra 25%,ok,
37,uf,Nordeste,17,Rio Grande do Norte,sem declaracao,homens,,102,90,amostra 25%,ok,
37,uf,Nordeste,17,Rio Grande do Norte,sem declaracao,mulheres,,89,90,amostra 25%,ok,
37,uf,Nordeste,17,Rio Grande do Norte,total,homens,,555308,90,amostra 25%,ok,
37,uf,Nordeste,17,Rio Grande do Norte,total,mulheres,,585515,90,amostra 25%,ok,
37,uf,Nordeste,19,Paraíba,amarelos,homens,,99,90,amostra 25%,ok,
37,uf,Nordeste,19,Paraíba,amarelos,mulheres,,124,90,amostra 25%,ok,
37,uf,Nordeste,19,Paraíba,brancos,homens,,489950,90,amostra 25%,ok,
37,uf,Nordeste,19,Paraíba,brancos,mulheres,,533644,90,amostra 25%,ok,
37,uf,Nordeste,19,Paraíba,pardos,homens,,404492,90,amostra 25%,ok,
37,uf,Nordeste,19,Paraíba,pardos,mulheres,,425493,90,amostra 25%,ok,
37,uf,Nordeste,19,Paraíba,pretos,homens,,65770,90,amostra 25%,ok,
37,uf,Nordeste,19,Paraíba,pretos,mulheres,,71286,90,amostra 25%,ok,
37,uf,Nordeste,19,Paraíba,sem declaracao,homens,,138,90,amostra 25%,ok,
37,uf,Nordeste,19,Paraíba,sem declaracao,mulheres,,149,90,amostra 25%,ok,
37,uf,Nordeste,19,Paraíba,total,homens,,960449,90,amostra 25%,ok,
37,uf,Nordeste,19,Paraíba,total,mulheres,,1030696,90,amostra 25%,ok,
37,uf,Nordeste,21,Pernambuco,amarelos,homens,,411,90,amostra 25%,aritmetica,
37,uf,Nordeste,21,Pernambuco,amarelos,mulheres,,366,90,amostra 25%,ok,
37,uf,Nordeste,21,Pernambuco,brancos,homens,,921579,90,amostra 25%,ok,
37,uf,Nordeste,21,Pernambuco,brancos,mulheres,,1015905,90,amostra 25%,ok,
37,uf,Nordeste,21,Pernambuco,pardos,homens,,890556,90,amostra 25%,ok,
37,uf,Nordeste,21,Pernambuco,pardos,mulheres,,929094,90,amostra 25%,ok,
37,uf,Nordeste,21,Pernambuco,pretos,homens,,153318,90,amostra 25%,ok,
37,uf,Nordeste,21,Pernambuco,pretos,mulheres,,167463,90,amostra 25%,ok,
37,uf,Nordeste,21,Pernambuco,sem declaracao,homens,,1043,90,amostra 25%,ok,
37,uf,Nordeste,21,Pernambuco,sem declaracao,mulheres,,866,90,amostra 25%,aritmetica,
37,uf,Nordeste,21,Pernambuco,total,homens,,1966907,90,amostra 25%,ok,
37,uf,Nordeste,21,Pernambuco,total,mulheres,,2113694,90,amostra 25%,ok,
37,uf,Nordeste,25,Alagoas,amarelos,homens,,282,90,amostra 25%,ok,
37,uf,Nordeste,25,Alagoas,amarelos,mulheres,,248,90,amostra 25%,ok,
37,uf,Nordeste,25,Alagoas,brancos,homens,,218014,90,amostra 25%,ok,
37,uf,Nordeste,25,Alagoas,brancos,mulheres,,242939,90,amostra 25%,ok,
37,uf,Nordeste,25,Alagoas,pardos,homens,,358069,90,amostra 25%,ok,
37,uf,Nordeste,25,Alagoas,pardos,mulheres,,368564,90,amostra 25%,ok,
37,uf,Nordeste,25,Alagoas,pretos,homens,,33114,90,amostra 25%,ok,
37,uf,Nordeste,25,Alagoas,pretos,mulheres,,34754,90,amostra 25%,ok,
37,uf,Nordeste,25,Alagoas,sem declaracao,homens,,111,90,amostra 25%,ok,
37,uf,Nordeste,25,Alagoas,sem declaracao,mulheres,,64,90,amostra 25%,ok,
37,uf,Nordeste,25,Alagoas,total,homens,,609590,90,amostra 25%,ok,
37,uf,Nordeste,25,Alagoas,total,mulheres,,646569,90,amostra 25%,ok,
37,uf,Nordeste,24,Fernando de Noronha,amarelos,homens,,0,90,amostra 25%,zero,
37,uf,Nordeste,24,Fernando de Noronha,amarelos,mulheres,,0,90,amostra 25%,zero,
37,uf,Nordeste,24,Fernando de Noronha,brancos,homens,,538,90,amostra 25%,aritmetica,
37,uf,Nordeste,24,Fernando de Noronha,brancos,mulheres,,392,90,amostra 25%,ok,
37,uf,Nordeste,24,Fernando de Noronha,pardos,homens,,171,90,amostra 25%,ok,
37,uf,Nordeste,24,Fernando de Noronha,pardos,mulheres,,192,90,amostra 25%,ok,
37,uf,Nordeste,24,Fernando de Noronha,pretos,homens,,25,90,amostra 25%,aritmetica,
37,uf,Nordeste,24,Fernando de Noronha,pretos,mulheres,,28,90,amostra 25%,ok,
37,uf,Nordeste,24,Fernando de Noronha,sem declaracao,homens,,0,90,amostra 25%,zero,
37,uf,Nordeste,24,Fernando de Noronha,sem declaracao,mulheres,,0,90,amostra 25%,zero,
37,uf,Nordeste,24,Fernando de Noronha,total,homens,,734,90,amostra 25%,uma_ok,
37,uf,Nordeste,24,Fernando de Noronha,total,mulheres,,612,90,amostra 25%,ok,
37,regiao,Leste,,Leste,amarelos,homens,,6703,90,,ok,
37,regiao,Leste,,Leste,amarelos,mulheres,,5194,90,,ok,
37,regiao,Leste,,Leste,brancos,homens,,6479941,90,,ok,
37,regiao,Leste,,Leste,brancos,mulheres,,6553865,90,,aritmetica,
37,regiao,Leste,,Leste,pardos,homens,,4074996,90,,ok,
37,regiao,Leste,,Leste,pardos,mulheres,,4146265,90,,aritmetica,
37,regiao,Leste,,Leste,pretos,homens,,1610764,90,,ok,
37,regiao,Leste,,Leste,pretos,mulheres,,1677685,90,,aritmetica,
37,regiao,Leste,,Leste,sem declaracao,homens,,7622,90,,ok,
37,regiao,Leste,,Leste,sem declaracao,mulheres,,7726,90,,aritmetica,
37,regiao,Leste,,Leste,total,homens,,12180026,90,,ok,
37,regiao,Leste,,Leste,total,mulheres,,12390735,90,,ok,
37,uf,Leste,30,Sergipe,amarelos,homens,,12,90,amostra 25%,ok,
37,uf,Leste,30,Sergipe,amarelos,mulheres,,3,90,amostra 25%,ok,
37,uf,Leste,30,Sergipe,brancos,homens,,132422,90,amostra 25%,ok,
37,uf,Leste,30,Sergipe,brancos,mulheres,,146998,90,amostra 25%,ok,
37,uf,Leste,30,Sergipe,pardos,homens,,191825,90,amostra 25%,ok,
37,uf,Leste,30,Sergipe,pardos,mulheres,,203941,90,amostra 25%,ok,
37,uf,Leste,30,Sergipe,pretos,homens,,37011,90,amostra 25%,ok,
37,uf,Leste,30,Sergipe,pretos,mulheres,,39424,90,amostra 25%,ok,
37,uf,Leste,30,Sergipe,sem declaracao,homens,,68,90,amostra 25%,ok,
37,uf,Leste,30,Sergipe,sem declaracao,mulheres,,74,90,amostra 25%,ok,
37,uf,Leste,30,Sergipe,total,homens,,361338,90,amostra 25%,ok,
37,uf,Leste,30,Sergipe,total,mulheres,,390440,90,amostra 25%,ok,
37,uf,Leste,31,Bahia,amarelos,homens,,417,90,amostra 25%,ok,
37,uf,Leste,31,Bahia,amarelos,mulheres,,370,90,amostra 25%,ok,
37,uf,Leste,31,Bahia,brancos,homens,,832723,90,amostra 25%,ok,
37,uf,Leste,31,Bahia,brancos,mulheres,,889284,90,amostra 25%,ok,
37,uf,Leste,31,Bahia,pardos,homens,,1567923,90,amostra 25%,ok,
37,uf,Leste,31,Bahia,pardos,mulheres,,1635748,90,amostra 25%,ok,
37,uf,Leste,31,Bahia,pretos,homens,,485394,90,amostra 25%,ok,
37,uf,Leste,31,Bahia,pretos,mulheres,,506131,90,amostra 25%,ok,
37,uf,Leste,31,Bahia,sem declaracao,homens,,440,90,amostra 25%,ok,
37,uf,Leste,31,Bahia,sem declaracao,mulheres,,442,90,amostra 25%,ok,
37,uf,Leste,31,Bahia,total,homens,,2886897,90,amostra 25%,ok,
37,uf,Leste,31,Bahia,total,mulheres,,3031975,90,amostra 25%,ok,
37,uf,Leste,40,Minas Gerais,amarelos,homens,,2129,90,amostra 25%,ok,
37,uf,Leste,40,Minas Gerais,amarelos,mulheres,,1815,90,amostra 25%,ok,
37,uf,Leste,40,Minas Gerais,brancos,homens,,2871397,90,amostra 25%,ok,
37,uf,Leste,40,Minas Gerais,brancos,mulheres,,2877228,90,amostra 25%,ok,
37,uf,Leste,40,Minas Gerais,pardos,homens,,1387457,90,amostra 25%,aritmetica,
37,uf,Leste,40,Minas Gerais,pardos,mulheres,,1375841,90,amostra 25%,deduzido,
37,uf,Leste,40,Minas Gerais,pretos,homens,,583741,90,amostra 25%,aritmetica,
37,uf,Leste,40,Minas Gerais,pretos,mulheres,,595632,90,amostra 25%,aritmetica,
37,uf,Leste,40,Minas Gerais,sem declaracao,homens,,1476,90,amostra 25%,ok,
37,uf,Leste,40,Minas Gerais,sem declaracao,mulheres,,1402,90,amostra 25%,ok,
37,uf,Leste,40,Minas Gerais,total,homens,,4846200,90,amostra 25%,ok,
37,uf,Leste,40,Minas Gerais,total,mulheres,,4851918,90,amostra 25%,ok,
37,uf,Leste,50,Serra dos Aimorés,amarelos,homens,,15,90,amostra 25%,ok,
37,uf,Leste,50,Serra dos Aimorés,amarelos,mulheres,,16,90,amostra 25%,ok,
37,uf,Leste,50,Serra dos Aimorés,brancos,homens,,98254,90,amostra 25%,ok,
37,uf,Leste,50,Serra dos Aimorés,brancos,mulheres,,92936,90,amostra 25%,ok,
37,uf,Leste,50,Serra dos Aimorés,pardos,homens,,82090,90,amostra 25%,manual,OCR 32 090 / 92 090
37,uf,Leste,50,Serra dos Aimorés,pardos,mulheres,,73774,90,amostra 25%,ok,
37,uf,Leste,50,Serra dos Aimorés,pretos,homens,,18868,90,amostra 25%,manual,OCR 68 868
37,uf,Leste,50,Serra dos Aimorés,pretos,mulheres,,16688,90,amostra 25%,ok,
37,uf,Leste,50,Serra dos Aimorés,sem declaracao,homens,,62,90,amostra 25%,ok,
37,uf,Leste,50,Serra dos Aimorés,sem declaracao,mulheres,,91,90,amostra 25%,ok,
37,uf,Leste,50,Serra dos Aimorés,total,homens,,199289,90,amostra 25%,ok,
37,uf,Leste,50,Serra dos Aimorés,total,mulheres,,183505,90,amostra 25%,aritmetica,
37,uf,Leste,51,Espírito Santo,amarelos,homens,,89,90,universo,ok,
37,uf,Leste,51,Espírito Santo,amarelos,mulheres,,66,90,universo,ok,
37,uf,Leste,51,Espírito Santo,brancos,homens,,359868,90,universo,ok,
37,uf,Leste,51,Espírito Santo,brancos,mulheres,,352176,90,universo,ok,
37,uf,Leste,51,Espírito Santo,pardos,homens,,165394,90,universo,aritmetica,
37,uf,Leste,51,Espírito Santo,pardos,mulheres,,156775,90,universo,aritmetica,
37,uf,Leste,51,Espírito Santo,pretos,homens,,68814,90,universo,ok,
37,uf,Leste,51,Espírito Santo,pretos,mulheres,,65907,90,universo,aritmetica,
37,uf,Leste,51,Espírito Santo,sem declaracao,homens,,258,90,universo,aritmetica,
37,uf,Leste,51,Espírito Santo,sem declaracao,mulheres,,206,90,universo,ok,
37,uf,Leste,51,Espírito Santo,total,homens,,594423,90,universo,ok,
37,uf,Leste,51,Espírito Santo,total,mulheres,,575130,90,universo,aritmetica,
37,uf,Leste,52,Rio de Janeiro,amarelos,homens,,2450,90,amostra 25%,ok,
37,uf,Leste,52,Rio de Janeiro,amarelos,mulheres,,2005,90,amostra 25%,aritmetica,
37,uf,Leste,52,Rio de Janeiro,brancos,homens,,1048222,90,amostra 25%,ok,
37,uf,Leste,52,Rio de Janeiro,brancos,mulheres,,1030696,90,amostra 25%,ok,
37,uf,Leste,52,Rio de Janeiro,pardos,homens,,394421,90,amostra 25%,aritmetica,
37,uf,Leste,52,Rio de Janeiro,pardos,mulheres,,386444,90,amostra 25%,ok,
37,uf,Leste,52,Rio de Janeiro,pretos,homens,,252473,90,amostra 25%,aritmetica,
37,uf,Leste,52,Rio de Janeiro,pretos,mulheres,,250475,90,amostra 25%,ok,
37,uf,Leste,52,Rio de Janeiro,sem declaracao,homens,,314,90,amostra 25%,ok,
37,uf,Leste,52,Rio de Janeiro,sem declaracao,mulheres,,238,90,amostra 25%,ok,
37,uf,Leste,52,Rio de Janeiro,total,homens,,1697880,90,amostra 25%,ok,
37,uf,Leste,52,Rio de Janeiro,total,mulheres,,1669858,90,amostra 25%,ok,
37,uf,Leste,54,Guanabara,amarelos,homens,,1591,90,universo,ok,
37,uf,Leste,54,Guanabara,amarelos,mulheres,,919,90,universo,ok,
37,uf,Leste,54,Guanabara,brancos,homens,,1137055,90,universo,ok,
37,uf,Leste,54,Guanabara,brancos,mulheres,,1164547,90,universo,ok,
37,uf,Leste,54,Guanabara,pardos,homens,,285886,90,universo,deduzido,
37,uf,Leste,54,Guanabara,pardos,mulheres,,313742,90,universo,ok,
37,uf,Leste,54,Guanabara,pretos,homens,,164463,90,universo,ok,
37,uf,Leste,54,Guanabara,pretos,mulheres,,203428,90,universo,ok,
37,uf,Leste,54,Guanabara,sem declaracao,homens,,5004,90,universo,ok,
37,uf,Leste,54,Guanabara,sem declaracao,mulheres,,5273,90,universo,ok,
37,uf,Leste,54,Guanabara,total,homens,,1593999,90,universo,ok,
37,uf,Leste,54,Guanabara,total,mulheres,,1687909,90,universo,ok,
37,regiao,Sul,,Sul,amarelos,homens,,234705,90,,ok,
37,regiao,Sul,,Sul,amarelos,mulheres,,213684,90,,ok,
37,regiao,Sul,,Sul,brancos,homens,,10654581,90,,ok,
37,regiao,Sul,,Sul,brancos,mulheres,,10414242,90,,ok,
37,regiao,Sul,,Sul,pardos,homens,,949742,90,,aritmetica,
37,regiao,Sul,,Sul,pardos,mulheres,,890896,90,,aritmetica,
37,regiao,Sul,,Sul,pretos,homens,,607774,90,,ok,
37,regiao,Sul,,Sul,pretos,mulheres,,614756,90,,ok,
37,regiao,Sul,,Sul,sem declaracao,homens,,13135,90,,ok,
37,regiao,Sul,,Sul,sem declaracao,mulheres,,11923,90,,ok,
37,regiao,Sul,,Sul,total,homens,,12459937,90,,ok,
37,regiao,Sul,,Sul,total,mulheres,,12145501,90,,ok,
37,uf,Sul,60,São Paulo,amarelos,homens,,186784,90,amostra 25%,ok,
37,uf,Sul,60,São Paulo,amarelos,mulheres,,170455,90,amostra 25%,aritmetica,
37,uf,Sul,60,São Paulo,brancos,homens,,5352565,90,amostra 25%,ok,
37,uf,Sul,60,São Paulo,brancos,mulheres,,5253059,90,amostra 25%,aritmetica,
37,uf,Sul,60,São Paulo,pardos,homens,,550102,90,amostra 25%,ok,
37,uf,Sul,60,São Paulo,pardos,mulheres,,526011,90,amostra 25%,ok,
37,uf,Sul,60,São Paulo,pretos,homens,,377085,90,amostra 25%,ok,
37,uf,Sul,60,São Paulo,pretos,mulheres,,386540,90,amostra 25%,aritmetica,
37,uf,Sul,60,São Paulo,sem declaracao,homens,,10983,90,amostra 25%,ok,
37,uf,Sul,60,São Paulo,sem declaracao,mulheres,,10222,90,amostra 25%,ok,
37,uf,Sul,60,São Paulo,total,homens,,6477519,90,amostra 25%,ok,
37,uf,Sul,60,São Paulo,total,mulheres,,6346287,90,amostra 25%,ok,
37,uf,Sul,71,Paraná,amarelos,homens,,45451,90,amostra 25%,ok,
37,uf,Sul,71,Paraná,amarelos,mulheres,,40974,90,amostra 25%,ok,
37,uf,Sul,71,Paraná,brancos,homens,,1835240,90,amostra 25%,ok,
37,uf,Sul,71,Paraná,brancos,mulheres,,1722617,90,amostra 25%,aritmetica,
37,uf,Sul,71,Paraná,pardos,homens,,251155,90,amostra 25%,ok,
37,uf,Sul,71,Paraná,pardos,mulheres,,217097,90,amostra 25%,ok,
37,uf,Sul,71,Paraná,pretos,homens,,78339,90,amostra 25%,ok,
37,uf,Sul,71,Paraná,pretos,mulheres,,69787,90,amostra 25%,ok,
37,uf,Sul,71,Paraná,sem declaracao,homens,,1737,90,amostra 25%,ok,
37,uf,Sul,71,Paraná,sem declaracao,mulheres,,1324,90,amostra 25%,ok,
37,uf,Sul,71,Paraná,total,homens,,2211922,90,amostra 25%,ok,
37,uf,Sul,71,Paraná,total,mulheres,,2051799,90,amostra 25%,ok,
37,uf,Sul,74,Santa Catarina,amarelos,homens,,593,90,universo,ok,
37,uf,Sul,74,Santa Catarina,amarelos,mulheres,,524,90,universo,ok,
37,uf,Sul,74,Santa Catarina,brancos,homens,,1015588,90,universo,ok,
37,uf,Sul,74,Santa Catarina,brancos,mulheres,,988233,90,universo,ok,
37,uf,Sul,74,Santa Catarina,pardos,homens,,31368,90,universo,ok,
37,uf,Sul,74,Santa Catarina,pardos,mulheres,,29778,90,universo,ok,
37,uf,Sul,74,Santa Catarina,pretos,homens,,31385,90,universo,aritmetica,
37,uf,Sul,74,Santa Catarina,pretos,mulheres,,31457,90,universo,aritmetica,
37,uf,Sul,74,Santa Catarina,sem declaracao,homens,,171,90,universo,ok,
37,uf,Sul,74,Santa Catarina,sem declaracao,mulheres,,155,90,universo,ok,
37,uf,Sul,74,Santa Catarina,total,homens,,1079105,90,universo,ok,
37,uf,Sul,74,Santa Catarina,total,mulheres,,1050147,90,universo,ok,
37,uf,Sul,81,Rio Grande do Sul,amarelos,homens,,1877,90,amostra 25%,ok,
37,uf,Sul,81,Rio Grande do Sul,amarelos,mulheres,,1731,90,amostra 25%,ok,
37,uf,Sul,81,Rio Grande do Sul,brancos,homens,,2451188,90,amostra 25%,aritmetica,
37,uf,Sul,81,Rio Grande do Sul,brancos,mulheres,,2450333,90,amostra 25%,ok,
37,uf,Sul,81,Rio Grande do Sul,pardos,homens,,117117,90,amostra 25%,ok,
37,uf,Sul,81,Rio Grande do Sul,pardos,mulheres,,118010,90,amostra 25%,ok,
37,uf,Sul,81,Rio Grande do Sul,pretos,homens,,120965,90,amostra 25%,aritmetica,
37,uf,Sul,81,Rio Grande do Sul,pretos,mulheres,,126972,90,amostra 25%,ok,
37,uf,Sul,81,Rio Grande do Sul,sem declaracao,homens,,244,90,amostra 25%,ok,
37,uf,Sul,81,Rio Grande do Sul,sem declaracao,mulheres,,222,90,amostra 25%,ok,
37,uf,Sul,81,Rio Grande do Sul,total,homens,,2691391,90,amostra 25%,ok,
37,uf,Sul,81,Rio Grande do Sul,total,mulheres,,2697268,90,amostra 25%,ok,
37,regiao,Centro-Oeste,,Centro-Oeste,amarelos,homens,,7278,90,,ok,
37,regiao,Centro-Oeste,,Centro-Oeste,amarelos,mulheres,,5961,90,,ok,
37,regiao,Centro-Oeste,,Centro-Oeste,brancos,homens,,865600,90,,ok,
37,regiao,Centro-Oeste,,Centro-Oeste,brancos,mulheres,,807167,90,,ok,
37,regiao,Centro-Oeste,,Centro-Oeste,pardos,homens,,545312,90,,ok,
37,regiao,Centro-Oeste,,Centro-Oeste,pardos,mulheres,,498863,90,,ok,
37,regiao,Centro-Oeste,,Centro-Oeste,pretos,homens,,117332,90,,ok,
37,regiao,Centro-Oeste,,Centro-Oeste,pretos,mulheres,,101197,90,,ok,
37,regiao,Centro-Oeste,,Centro-Oeste,sem declaracao,homens,,602,90,,ok,
37,regiao,Centro-Oeste,,Centro-Oeste,sem declaracao,mulheres,,177,90,,ok,
37,regiao,Centro-Oeste,,Centro-Oeste,total,homens,,1536124,90,,aritmetica,
37,regiao,Centro-Oeste,,Centro-Oeste,total,mulheres,,1413365,90,,aritmetica,
37,uf,Centro-Oeste,91,Mato Grosso,amarelos,homens,,5811,90,amostra 25%,ok,
37,uf,Centro-Oeste,91,Mato Grosso,amarelos,mulheres,,4785,90,amostra 25%,ok,
37,uf,Centro-Oeste,91,Mato Grosso,brancos,homens,,242453,90,amostra 25%,ok,
37,uf,Centro-Oeste,91,Mato Grosso,brancos,mulheres,,226013,90,amostra 25%,ok,
37,uf,Centro-Oeste,91,Mato Grosso,pardos,homens,,186786,90,amostra 25%,ok,
37,uf,Centro-Oeste,91,Mato Grosso,pardos,mulheres,,170442,90,amostra 25%,ok,
37,uf,Centro-Oeste,91,Mato Grosso,pretos,homens,,30235,90,amostra 25%,ok,
37,uf,Centro-Oeste,91,Mato Grosso,pretos,mulheres,,25569,90,amostra 25%,ok,
37,uf,Centro-Oeste,91,Mato Grosso,sem declaracao,homens,,97,90,amostra 25%,ok,
37,uf,Centro-Oeste,91,Mato Grosso,sem declaracao,mulheres,,42,90,amostra 25%,ok,
37,uf,Centro-Oeste,91,Mato Grosso,total,homens,,465382,90,amostra 25%,ok,
37,uf,Centro-Oeste,91,Mato Grosso,total,mulheres,,426851,90,amostra 25%,ok,
37,uf,Centro-Oeste,94,Goiás,amarelos,homens,,999,90,amostra 25%,ok,
37,uf,Centro-Oeste,94,Goiás,amarelos,mulheres,,921,90,amostra 25%,ok,
37,uf,Centro-Oeste,94,Goiás,brancos,homens,,571194,90,amostra 25%,ok,
37,uf,Centro-Oeste,94,Goiás,brancos,mulheres,,549912,90,amostra 25%,ok,
37,uf,Centro-Oeste,94,Goiás,pardos,homens,,333151,90,amostra 25%,ok,
37,uf,Centro-Oeste,94,Goiás,pardos,mulheres,,312908,90,amostra 25%,ok,
37,uf,Centro-Oeste,94,Goiás,pretos,homens,,78023,90,amostra 25%,ok,
37,uf,Centro-Oeste,94,Goiás,pretos,mulheres,,70197,90,amostra 25%,ok,
37,uf,Centro-Oeste,94,Goiás,sem declaracao,homens,,89,90,amostra 25%,ok,
37,uf,Centro-Oeste,94,Goiás,sem declaracao,mulheres,,66,90,amostra 25%,uma_ok,
37,uf,Centro-Oeste,94,Goiás,total,homens,,983456,90,amostra 25%,ok,
37,uf,Centro-Oeste,94,Goiás,total,mulheres,,934004,90,amostra 25%,ok,
37,uf,Centro-Oeste,97,Distrito Federal,amarelos,homens,,468,90,amostra 25%,ok,
37,uf,Centro-Oeste,97,Distrito Federal,amarelos,mulheres,,255,90,amostra 25%,ok,
37,uf,Centro-Oeste,97,Distrito Federal,brancos,homens,,51953,90,amostra 25%,ok,
37,uf,Centro-Oeste,97,Distrito Federal,brancos,mulheres,,31242,90,amostra 25%,ok,
37,uf,Centro-Oeste,97,Distrito Federal,pardos,homens,,25375,90,amostra 25%,ok,
37,uf,Centro-Oeste,97,Distrito Federal,pardos,mulheres,,15513,90,amostra 25%,ok,
37,uf,Centro-Oeste,97,Distrito Federal,pretos,homens,,9074,90,amostra 25%,ok,
37,uf,Centro-Oeste,97,Distrito Federal,pretos,mulheres,,5431,90,amostra 25%,aritmetica,
37,uf,Centro-Oeste,97,Distrito Federal,sem declaracao,homens,,416,90,amostra 25%,ok,
37,uf,Centro-Oeste,97,Distrito Federal,sem declaracao,mulheres,,69,90,amostra 25%,uma_ok,
37,uf,Centro-Oeste,97,Distrito Federal,total,homens,,87286,90,amostra 25%,ok,
37,uf,Centro-Oeste,97,Distrito Federal,total,mulheres,,52510,90,amostra 25%,ok,
40,brasil,,,Brasil,5 e mais,homens,,29372034,98,,ok,
40,brasil,,,Brasil,5 e mais,mulheres,,29625947,98,,aritmetica,
40,brasil,,,Brasil,5 e mais,total,,58997981,98,,ok,
40,brasil,,,Brasil,nao sabem,homens,,12978840,98,,ok,
40,brasil,,,Brasil,nao sabem,mulheres,,14600131,98,,ok,
40,brasil,,,Brasil,nao sabem,total,,27578971,98,,aritmetica,
40,brasil,,,Brasil,sabem,homens,,16362285,98,,ok,
40,brasil,,,Brasil,sabem,mulheres,,15000498,98,,ok,
40,brasil,,,Brasil,sabem,total,,31362783,98,,ok,
40,regiao,Norte,,Norte,5 e mais,homens,,1080169,98,,ok,
40,regiao,Norte,,Norte,5 e mais,mulheres,,1037653,98,,ok,
40,regiao,Norte,,Norte,5 e mais,total,,2117822,98,,ok,
40,regiao,Norte,,Norte,nao sabem,homens,,541667,98,,ok,
40,regiao,Norte,,Norte,nao sabem,mulheres,,557397,98,,ok,
40,regiao,Norte,,Norte,nao sabem,total,,1099064,98,,ok,
40,regiao,Norte,,Norte,sabem,homens,,538125,98,,ok,
40,regiao,Norte,,Norte,sabem,mulheres,,479949,98,,ok,
40,regiao,Norte,,Norte,sabem,total,,1018074,98,,ok,
40,uf,Norte,0,Rondônia,5 e mais,homens,,32061,98,universo,ok,
40,uf,Norte,0,Rondônia,5 e mais,mulheres,,24918,98,universo,ok,
40,uf,Norte,0,Rondônia,5 e mais,total,,56979,98,universo,ok,
40,uf,Norte,0,Rondônia,nao sabem,homens,,16481,98,universo,ok,
40,uf,Norte,0,Rondônia,nao sabem,mulheres,,13969,98,universo,aritmetica,
40,uf,Norte,0,Rondônia,nao sabem,total,,30450,98,universo,ok,
40,uf,Norte,0,Rondônia,sabem,homens,,15579,98,universo,ok,
40,uf,Norte,0,Rondônia,sabem,mulheres,,10949,98,universo,ok,
40,uf,Norte,0,Rondônia,sabem,total,,26528,98,universo,ok,
40,uf,Norte,1,Acre,5 e mais,homens,,68880,98,universo,ok,
40,uf,Norte,1,Acre,5 e mais,mulheres,,59915,98,universo,ok,
40,uf,Norte,1,Acre,5 e mais,total,,128795,98,universo,ok,
40,uf,Norte,1,Acre,nao sabem,homens,,47742,98,universo,ok,
40,uf,Norte,1,Acre,nao sabem,mulheres,,40677,98,universo,ok,
40,uf,Norte,1,Acre,nao sabem,total,,88419,98,universo,ok,
40,uf,Norte,1,Acre,sabem,homens,,21137,98,universo,ok,
40,uf,Norte,1,Acre,sabem,mulheres,,19238,98,universo,ok,
40,uf,Norte,1,Acre,sabem,total,,40375,98,universo,ok,
40,uf,Norte,2,Amazonas,5 e mais,homens,,300250,98,universo,ok,
40,uf,Norte,2,Amazonas,5 e mais,mulheres,,282826,98,universo,ok,
40,uf,Norte,2,Amazonas,5 e mais,total,,583076,98,universo,ok,
40,uf,Norte,2,Amazonas,nao sabem,homens,,167832,98,universo,ok,
40,uf,Norte,2,Amazonas,nao sabem,mulheres,,164910,98,universo,ok,
40,uf,Norte,2,Amazonas,nao sabem,total,,332742,98,universo,ok,
40,uf,Norte,2,Amazonas,sabem,homens,,132369,98,universo,ok,
40,uf,Norte,2,Amazonas,sabem,mulheres,,117877,98,universo,ok,
40,uf,Norte,2,Amazonas,sabem,total,,250246,98,universo,ok,
40,uf,Norte,3,Roraima,5 e mais,homens,,12053,98,universo,ok,
40,uf,Norte,3,Roraima,5 e mais,mulheres,,10922,98,universo,ok,
40,uf,Norte,3,Roraima,5 e mais,total,,22975,98,universo,ok,
40,uf,Norte,3,Roraima,nao sabem,homens,,6405,98,universo,ok,
40,uf,Norte,3,Roraima,nao sabem,mulheres,,6183,98,universo,ok,
40,uf,Norte,3,Roraima,nao sabem,total,,12588,98,universo,ok,
40,uf,Norte,3,Roraima,sabem,homens,,5648,98,universo,ok,
40,uf,Norte,3,Roraima,sabem,mulheres,,4739,98,universo,ok,
40,uf,Norte,3,Roraima,sabem,total,,10387,98,universo,ok,
40,uf,Norte,4,Pará,5 e mais,homens,,638809,98,universo,ok,
40,uf,Norte,4,Pará,5 e mais,mulheres,,632315,98,universo,ok,
40,uf,Norte,4,Pará,5 e mais,total,,1271124,98,universo,ok,
40,uf,Norte,4,Pará,nao sabem,homens,,290489,98,universo,ok,
40,uf,Norte,4,Pará,nao sabem,mulheres,,317556,98,universo,ok,
40,uf,Norte,4,Pará,nao sabem,total,,608045,98,universo,ok,
40,uf,Norte,4,Pará,sabem,homens,,348001,98,universo,ok,
40,uf,Norte,4,Pará,sabem,mulheres,,314494,98,universo,ok,
40,uf,Norte,4,Pará,sabem,total,,662495,98,universo,ok,
40,uf,Norte,6,Amapá,5 e mais,homens,,28116,98,universo,ok,
40,uf,Norte,6,Amapá,5 e mais,mulheres,,26757,98,universo,ok,
40,uf,Norte,6,Amapá,5 e mais,total,,54873,98,universo,ok,
40,uf,Norte,6,Amapá,nao sabem,homens,,12718,98,universo,ok,
40,uf,Norte,6,Amapá,nao sabem,mulheres,,14102,98,universo,ok,
40,uf,Norte,6,Amapá,nao sabem,total,,26820,98,universo,ok,
40,uf,Norte,6,Amapá,sabem,homens,,15391,98,universo,ok,
40,uf,Norte,6,Amapá,sabem,mulheres,,12652,98,universo,ok,
40,uf,Norte,6,Amapá,sabem,total,,28043,98,universo,aritmetica,
40,regiao,Nordeste,,Nordeste,5 e mais,homens,,6282107,98,,ok,
40,regiao,Nordeste,,Nordeste,5 e mais,mulheres,,6660796,98,,ok,
40,regiao,Nordeste,,Nordeste,5 e mais,total,,12942903,98,,ok,
40,regiao,Nordeste,,Nordeste,nao sabem,homens,,4195580,98,,ok,
40,regiao,Nordeste,,Nordeste,nao sabem,mulheres,,4438974,98,,aritmetica,
40,regiao,Nordeste,,Nordeste,nao sabem,total,,8634554,98,,ok,
40,regiao,Nordeste,,Nordeste,sabem,homens,,2084597,98,,aritmetica,
40,regiao,Nordeste,,Nordeste,sabem,mulheres,,2220342,98,,ok,
40,regiao,Nordeste,,Nordeste,sabem,total,,4304939,98,,ok,
40,uf,Nordeste,10,Maranhão,5 e mais,homens,,1043009,98,universo,ok,
40,uf,Nordeste,10,Maranhão,5 e mais,mulheres,,1017558,98,universo,aritmetica,
40,uf,Nordeste,10,Maranhão,5 e mais,total,,2060567,98,universo,ok,
40,uf,Nordeste,10,Maranhão,nao sabem,homens,,719438,98,universo,ok,
40,uf,Nordeste,10,Maranhão,nao sabem,mulheres,,719470,98,universo,ok,
40,uf,Nordeste,10,Maranhão,nao sabem,total,,1438908,98,universo,ok,
40,uf,Nordeste,10,Maranhão,sabem,homens,,323392,98,universo,ok,
40,uf,Nordeste,10,Maranhão,sabem,mulheres,,297933,98,universo,ok,
40,uf,Nordeste,10,Maranhão,sabem,total,,621325,98,universo,ok,
40,uf,Nordeste,12,Piauí,5 e mais,homens,,505620,98,universo,ok,
40,uf,Nordeste,12,Piauí,5 e mais,mulheres,,524208,98,universo,ok,
40,uf,Nordeste,12,Piauí,5 e mais,total,,1029828,98,universo,ok,
40,uf,Nordeste,12,Piauí,nao sabem,homens,,358822,98,universo,ok,
40,uf,Nordeste,12,Piauí,nao sabem,mulheres,,386375,98,universo,ok,
40,uf,Nordeste,12,Piauí,nao sabem,total,,745197,98,universo,ok,
40,uf,Nordeste,12,Piauí,sabem,homens,,146715,98,universo,ok,
40,uf,Nordeste,12,Piauí,sabem,mulheres,,137779,98,universo,ok,
40,uf,Nordeste,12,Piauí,sabem,total,,284494,98,universo,ok,
40,uf,Nordeste,14,Ceará,5 e mais,homens,,1324931,98,amostra 25%,ok,
40,uf,Nordeste,14,Ceará,5 e mais,mulheres,,1418979,98,amostra 25%,aritmetica,
40,uf,Nordeste,14,Ceará,5 e mais,total,,2743910,98,amostra 25%,ok,
40,uf,Nordeste,14,Ceará,nao sabem,homens,,898752,98,amostra 25%,ok,
40,uf,Nordeste,14,Ceará,nao sabem,mulheres,,931440,98,amostra 25%,ok,
40,uf,Nordeste,14,Ceará,nao sabem,total,,1830192,98,amostra 25%,ok,
40,uf,Nordeste,14,Ceará,sabem,homens,,425678,98,amostra 25%,ok,
40,uf,Nordeste,14,Ceará,sabem,mulheres,,487119,98,amostra 25%,ok,
40,uf,Nordeste,14,Ceará,sabem,total,,912797,98,amostra 25%,ok,
40,uf,Nordeste,17,Rio Grande do Norte,5 e mais,homens,,459138,98,amostra 25%,aritmetica,
40,uf,Nordeste,17,Rio Grande do Norte,5 e mais,mulheres,,492588,98,amostra 25%,ok,
40,uf,Nordeste,17,Rio Grande do Norte,5 e mais,total,,951726,98,amostra 25%,ok,
40,uf,Nordeste,17,Rio Grande do Norte,nao sabem,homens,,295190,98,amostra 25%,ok,
40,uf,Nordeste,17,Rio Grande do Norte,nao sabem,mulheres,,291498,98,amostra 25%,ok,
40,uf,Nordeste,17,Rio Grande do Norte,nao sabem,total,,586688,98,amostra 25%,ok,
40,uf,Nordeste,17,Rio Grande do Norte,sabem,homens,,163909,98,amostra 25%,ok,
40,uf,Nordeste,17,Rio Grande do Norte,sabem,mulheres,,201067,98,amostra 25%,ok,
40,uf,Nordeste,17,Rio Grande do Norte,sabem,total,,364976,98,amostra 25%,ok,
40,uf,Nordeste,19,Paraíba,5 e mais,homens,,802512,98,amostra 25%,ok,
40,uf,Nordeste,19,Paraíba,5 e mais,mulheres,,874655,98,amostra 25%,ok,
40,uf,Nordeste,19,Paraíba,5 e mais,total,,1677167,98,amostra 25%,ok,
40,uf,Nordeste,19,Paraíba,nao sabem,homens,,541645,98,amostra 25%,ok,
40,uf,Nordeste,19,Paraíba,nao sabem,mulheres,,579312,98,amostra 25%,ok,
40,uf,Nordeste,19,Paraíba,nao sabem,total,,1120957,98,amostra 25%,ok,
40,uf,Nordeste,19,Paraíba,sabem,homens,,260860,98,amostra 25%,ok,
40,uf,Nordeste,19,Paraíba,sabem,mulheres,,295329,98,amostra 25%,ok,
40,uf,Nordeste,19,Paraíba,sabem,total,,556189,98,amostra 25%,ok,
40,uf,Nordeste,21,Pernambuco,5 e mais,homens,,1639775,98,amostra 25%,ok,
40,uf,Nordeste,21,Pernambuco,5 e mais,mulheres,,1788406,98,amostra 25%,ok,
40,uf,Nordeste,21,Pernambuco,5 e mais,total,,3428181,98,amostra 25%,ok,
40,uf,Nordeste,21,Pernambuco,nao sabem,homens,,1015730,98,amostra 25%,ok,
40,uf,Nordeste,21,Pernambuco,nao sabem,mulheres,,1133637,98,amostra 25%,ok,
40,uf,Nordeste,21,Pernambuco,nao sabem,total,,2149367,98,amostra 25%,ok,
40,uf,Nordeste,21,Pernambuco,sabem,homens,,622935,98,amostra 25%,ok,
40,uf,Nordeste,21,Pernambuco,sabem,mulheres,,653971,98,amostra 25%,ok,
40,uf,Nordeste,21,Pernambuco,sabem,total,,1276906,98,amostra 25%,ok,
40,uf,Nordeste,25,Alagoas,5 e mais,homens,,506534,98,amostra 25%,ok,
40,uf,Nordeste,25,Alagoas,5 e mais,mulheres,,543934,98,amostra 25%,ok,
40,uf,Nordeste,25,Alagoas,5 e mais,total,,1050468,98,amostra 25%,ok,
40,uf,Nordeste,25,Alagoas,nao sabem,homens,,365845,98,amostra 25%,ok,
40,uf,Nordeste,25,Alagoas,nao sabem,mulheres,,397049,98,amostra 25%,ok,
40,uf,Nordeste,25,Alagoas,nao sabem,total,,762894,98,amostra 25%,ok,
40,uf,Nordeste,25,Alagoas,sabem,homens,,140678,98,amostra 25%,ok,
40,uf,Nordeste,25,Alagoas,sabem,mulheres,,146869,98,amostra 25%,ok,
40,uf,Nordeste,25,Alagoas,sabem,total,,287547,98,amostra 25%,ok,
40,uf,Nordeste,24,Fernando de Noronha,5 e mais,homens,,588,98,amostra 25%,ok,
40,uf,Nordeste,24,Fernando de Noronha,5 e mais,mulheres,,468,98,amostra 25%,ok,
40,uf,Nordeste,24,Fernando de Noronha,5 e mais,total,,1056,98,amostra 25%,ok,
40,uf,Nordeste,24,Fernando de Noronha,nao sabem,homens,,158,98,amostra 25%,ok,
40,uf,Nordeste,24,Fernando de Noronha,nao sabem,mulheres,,193,98,amostra 25%,ok,
40,uf,Nordeste,24,Fernando de Noronha,nao sabem,total,,351,98,amostra 25%,ok,
40,uf,Nordeste,24,Fernando de Noronha,sabem,homens,,430,98,amostra 25%,ok,
40,uf,Nordeste,24,Fernando de Noronha,sabem,mulheres,,275,98,amostra 25%,aritmetica,
40,uf,Nordeste,24,Fernando de Noronha,sabem,total,,705,98,amostra 25%,ok,
40,regiao,Leste,,Leste,5 e mais,homens,,10183145,98,,ok,
40,regiao,Leste,,Leste,5 e mais,mulheres,,10457832,98,,ok,
40,regiao,Leste,,Leste,5 e mais,total,,20640977,98,,ok,
40,regiao,Leste,,Leste,nao sabem,homens,,4544538,98,,ok,
40,regiao,Leste,,Leste,nao sabem,mulheres,,5252446,98,,ok,
40,regiao,Leste,,Leste,nao sabem,total,,9796984,98,,ok,
40,regiao,Leste,,Leste,sabem,homens,,5630372,98,,ok,
40,regiao,Leste,,Leste,sabem,mulheres,,5197913,98,,ok,
40,regiao,Leste,,Leste,sabem,total,,10828285,98,,ok,
40,uf,Leste,30,Sergipe,5 e mais,homens,,296781,98,amostra 25%,ok,
40,uf,Leste,30,Sergipe,5 e mais,mulheres,,327982,98,amostra 25%,ok,
40,uf,Leste,30,Sergipe,5 e mais,total,,624763,98,amostra 25%,ok,
40,uf,Leste,30,Sergipe,nao sabem,homens,,193492,98,amostra 25%,ok,
40,uf,Leste,30,Sergipe,nao sabem,mulheres,,212770,98,amostra 25%,ok,
40,uf,Leste,30,Sergipe,nao sabem,total,,406262,98,amostra 25%,ok,
40,uf,Leste,30,Sergipe,sabem,homens,,103279,98,amostra 25%,ok,
40,uf,Leste,30,Sergipe,sabem,mulheres,,115189,98,amostra 25%,aritmetica,
40,uf,Leste,30,Sergipe,sabem,total,,218468,98,amostra 25%,ok,
40,uf,Leste,31,Bahia,5 e mais,homens,,2389313,98,amostra 25%,ok,
40,uf,Leste,31,Bahia,5 e mais,mulheres,,2545276,98,amostra 25%,ok,
40,uf,Leste,31,Bahia,5 e mais,total,,4934589,98,amostra 25%,ok,
40,uf,Leste,31,Bahia,nao sabem,homens,,1444681,98,amostra 25%,ok,
40,uf,Leste,31,Bahia,nao sabem,mulheres,,1678872,98,amostra 25%,ok,
40,uf,Leste,31,Bahia,nao sabem,total,,3123553,98,amostra 25%,ok,
40,uf,Leste,31,Bahia,sabem,homens,,944528,98,amostra 25%,ok,
40,uf,Leste,31,Bahia,sabem,mulheres,,866198,98,amostra 25%,ok,
40,uf,Leste,31,Bahia,sabem,total,,1810726,98,amostra 25%,ok,
40,uf,Leste,40,Minas Gerais,5 e mais,homens,,4025677,98,amostra 25%,ok,
40,uf,Leste,40,Minas Gerais,5 e mais,mulheres,,4057558,98,amostra 25%,ok,
40,uf,Leste,40,Minas Gerais,5 e mais,total,,8083235,98,amostra 25%,ok,
40,uf,Leste,40,Minas Gerais,nao sabem,homens,,1884543,98,amostra 25%,ok,
40,uf,Leste,40,Minas Gerais,nao sabem,mulheres,,2124084,98,amostra 25%,ok,
40,uf,Leste,40,Minas Gerais,nao sabem,total,,4008627,98,amostra 25%,ok,
40,uf,Leste,40,Minas Gerais,sabem,homens,,2139494,98,amostra 25%,ok,
40,uf,Leste,40,Minas Gerais,sabem,mulheres,,1931717,98,amostra 25%,ok,
40,uf,Leste,40,Minas Gerais,sabem,total,,4071211,98,amostra 25%,ok,
40,uf,Leste,50,Serra dos Aimorés,5 e mais,homens,,160323,98,amostra 25%,ok,
40,uf,Leste,50,Serra dos Aimorés,5 e mais,mulheres,,147230,98,amostra 25%,ok,
40,uf,Leste,50,Serra dos Aimorés,5 e mais,total,,307553,98,amostra 25%,ok,
40,uf,Leste,50,Serra dos Aimorés,nao sabem,homens,,103645,98,amostra 25%,ok,
40,uf,Leste,50,Serra dos Aimorés,nao sabem,mulheres,,112919,98,amostra 25%,ok,
40,uf,Leste,50,Serra dos Aimorés,nao sabem,total,,216564,98,amostra 25%,ok,
40,uf,Leste,50,Serra dos Aimorés,sabem,homens,,56636,98,amostra 25%,ok,
40,uf,Leste,50,Serra dos Aimorés,sabem,mulheres,,34255,98,amostra 25%,ok,
40,uf,Leste,50,Serra dos Aimorés,sabem,total,,90891,98,amostra 25%,ok,
40,uf,Leste,51,Espírito Santo,5 e mais,homens,,487559,98,universo,ok,
40,uf,Leste,51,Espírito Santo,5 e mais,mulheres,,472626,98,universo,ok,
40,uf,Leste,51,Espírito Santo,5 e mais,total,,960185,98,universo,ok,
40,uf,Leste,51,Espírito Santo,nao sabem,homens,,225732,98,universo,ok,
40,uf,Leste,51,Espírito Santo,nao sabem,mulheres,,249989,98,universo,deduzido,
40,uf,Leste,51,Espírito Santo,nao sabem,total,,475721,98,universo,ok,
40,uf,Leste,51,Espírito Santo,sabem,homens,,261779,98,universo,ok,
40,uf,Leste,51,Espírito Santo,sabem,mulheres,,222596,98,universo,ok,
40,uf,Leste,51,Espírito Santo,sabem,total,,484375,98,universo,ok,
40,uf,Leste,52,Rio de Janeiro,5 e mais,homens,,1425028,98,amostra 25%,aritmetica,
40,uf,Leste,52,Rio de Janeiro,5 e mais,mulheres,,1407935,98,amostra 25%,ok,
40,uf,Leste,52,Rio de Janeiro,5 e mais,total,,2832963,98,amostra 25%,ok,
40,uf,Leste,52,Rio de Janeiro,nao sabem,homens,,486159,98,amostra 25%,ok,
40,uf,Leste,52,Rio de Janeiro,nao sabem,mulheres,,567391,98,amostra 25%,ok,
40,uf,Leste,52,Rio de Janeiro,nao sabem,total,,1053550,98,amostra 25%,ok,
40,uf,Leste,52,Rio de Janeiro,sabem,homens,,938769,98,amostra 25%,ok,
40,uf,Leste,52,Rio de Janeiro,sabem,mulheres,,840442,98,amostra 25%,ok,
40,uf,Leste,52,Rio de Janeiro,sabem,total,,1779211,98,amostra 25%,ok,
40,uf,Leste,54,Guanabara,5 e mais,homens,,1398464,98,universo,ok,
40,uf,Leste,54,Guanabara,5 e mais,mulheres,,1499225,98,universo,ok,
40,uf,Leste,54,Guanabara,5 e mais,total,,2897689,98,universo,ok,
40,uf,Leste,54,Guanabara,nao sabem,homens,,206286,98,universo,ok,
40,uf,Leste,54,Guanabara,nao sabem,mulheres,,306421,98,universo,ok,
40,uf,Leste,54,Guanabara,nao sabem,total,,512707,98,universo,ok,
40,uf,Leste,54,Guanabara,sabem,homens,,1185887,98,universo,aritmetica,
40,uf,Leste,54,Guanabara,sabem,mulheres,,1187516,98,universo,ok,
40,uf,Leste,54,Guanabara,sabem,total,,2373403,98,universo,ok,
40,regiao,Sul,,Sul,5 e mais,homens,,10546085,98,,ok,
40,regiao,Sul,,Sul,5 e mais,mulheres,,10299818,98,,ok,
40,regiao,Sul,,Sul,5 e mais,total,,20845903,98,,ok,
40,regiao,Sul,,Sul,nao sabem,homens,,3085036,98,,ok,
40,regiao,Sul,,Sul,nao sabem,mulheres,,3716261,98,,aritmetica,
40,regiao,Sul,,Sul,nao sabem,total,,6801297,98,,aritmetica,
40,regiao,Sul,,Sul,sabem,homens,,7440936,98,,ok,
40,regiao,Sul,,Sul,sabem,mulheres,,6567631,98,,ok,
40,regiao,Sul,,Sul,sabem,total,,14008567,98,,ok,
40,uf,Sul,60,São Paulo,5 e mais,homens,,5543041,98,amostra 25%,aritmetica,
40,uf,Sul,60,São Paulo,5 e mais,mulheres,,5443974,98,amostra 25%,ok,
40,uf,Sul,60,São Paulo,5 e mais,total,,10987015,98,amostra 25%,ok,
40,uf,Sul,60,São Paulo,nao sabem,homens,,1435204,98,amostra 25%,ok,
40,uf,Sul,60,São Paulo,nao sabem,mulheres,,1872114,98,amostra 25%,ok,
40,uf,Sul,60,São Paulo,nao sabem,total,,3307318,98,amostra 25%,ok,
40,uf,Sul,60,São Paulo,sabem,homens,,4089706,98,amostra 25%,ok,
40,uf,Sul,60,São Paulo,sabem,mulheres,,3557693,98,amostra 25%,ok,
40,uf,Sul,60,São Paulo,sabem,total,,7647399,98,amostra 25%,ok,
40,uf,Sul,71,Paraná,5 e mais,homens,,1838726,98,amostra 25%,ok,
40,uf,Sul,71,Paraná,5 e mais,mulheres,,1694472,98,amostra 25%,ok,
40,uf,Sul,71,Paraná,5 e mais,total,,3533198,98,amostra 25%,ok,
40,uf,Sul,71,Paraná,nao sabem,homens,,721061,98,amostra 25%,ok,
40,uf,Sul,71,Paraná,nao sabem,mulheres,,820314,98,amostra 25%,ok,
40,uf,Sul,71,Paraná,nao sabem,total,,1541375,98,amostra 25%,ok,
40,uf,Sul,71,Paraná,sabem,homens,,1116165,98,amostra 25%,ok,
40,uf,Sul,71,Paraná,sabem,mulheres,,872888,98,amostra 25%,aritmetica,
40,uf,Sul,71,Paraná,sabem,total,,1989053,98,amostra 25%,aritmetica,
40,uf,Sul,74,Santa Catarina,5 e mais,homens,,886333,98,universo,aritmetica,
40,uf,Sul,74,Santa Catarina,5 e mais,mulheres,,863602,98,universo,ok,
40,uf,Sul,74,Santa Catarina,5 e mais,total,,1749935,98,universo,ok,
40,uf,Sul,74,Santa Catarina,nao sabem,homens,,279248,98,universo,ok,
40,uf,Sul,74,Santa Catarina,nao sabem,mulheres,,305253,98,universo,ok,
40,uf,Sul,74,Santa Catarina,nao sabem,total,,584501,98,universo,ok,
40,uf,Sul,74,Santa Catarina,sabem,homens,,606911,98,universo,ok,
40,uf,Sul,74,Santa Catarina,sabem,mulheres,,558162,98,universo,ok,
40,uf,Sul,74,Santa Catarina,sabem,total,,1165073,98,universo,ok,
40,uf,Sul,81,Rio Grande do Sul,5 e mais,homens,,2277985,98,amostra 25%,aritmetica,
40,uf,Sul,81,Rio Grande do Sul,5 e mais,mulheres,,2297770,98,amostra 25%,ok,
40,uf,Sul,81,Rio Grande do Sul,5 e mais,total,,4575755,98,amostra 25%,aritmetica,
40,uf,Sul,81,Rio Grande do Sul,nao sabem,homens,,649523,98,amostra 25%,ok,
40,uf,Sul,81,Rio Grande do Sul,nao sabem,mulheres,,718580,98,amostra 25%,ok,
40,uf,Sul,81,Rio Grande do Sul,nao sabem,total,,1368103,98,amostra 25%,ok,
40,uf,Sul,81,Rio Grande do Sul,sabem,homens,,1628154,98,amostra 25%,ok,
40,uf,Sul,81,Rio Grande do Sul,sabem,mulheres,,1578888,98,amostra 25%,aritmetica,
40,uf,Sul,81,Rio Grande do Sul,sabem,total,,3207042,98,amostra 25%,ok,
40,regiao,Centro-Oeste,,Centro-Oeste,5 e mais,homens,,1280528,98,,aritmetica,
40,regiao,Centro-Oeste,,Centro-Oeste,5 e mais,mulheres,,1169848,98,,aritmetica,
40,regiao,Centro-Oeste,,Centro-Oeste,5 e mais,total,,2450376,98,,deduzido,
40,regiao,Centro-Oeste,,Centro-Oeste,nao sabem,homens,,612019,98,,ok,
40,regiao,Centro-Oeste,,Centro-Oeste,nao sabem,mulheres,,635053,98,,ok,
40,regiao,Centro-Oeste,,Centro-Oeste,nao sabem,total,,1247072,98,,ok,
40,regiao,Centro-Oeste,,Centro-Oeste,sabem,homens,,668255,98,,ok,
40,regiao,Centro-Oeste,,Centro-Oeste,sabem,mulheres,,534663,98,,ok,
40,regiao,Centro-Oeste,,Centro-Oeste,sabem,total,,1202918,98,,aritmetica,
40,uf,Centro-Oeste,91,Mato Grosso,5 e mais,homens,,387079,98,amostra 25%,ok,
40,uf,Centro-Oeste,91,Mato Grosso,5 e mais,mulheres,,352960,98,amostra 25%,ok,
40,uf,Centro-Oeste,91,Mato Grosso,5 e mais,total,,740039,98,amostra 25%,ok,
40,uf,Centro-Oeste,91,Mato Grosso,nao sabem,homens,,162227,98,amostra 25%,ok,
40,uf,Centro-Oeste,91,Mato Grosso,nao sabem,mulheres,,166072,98,amostra 25%,ok,
40,uf,Centro-Oeste,91,Mato Grosso,nao sabem,total,,328299,98,amostra 25%,ok,
40,uf,Centro-Oeste,91,Mato Grosso,sabem,homens,,224817,98,amostra 25%,ok,
40,uf,Centro-Oeste,91,Mato Grosso,sabem,mulheres,,186838,98,amostra 25%,ok,
40,uf,Centro-Oeste,91,Mato Grosso,sabem,total,,411655,98,amostra 25%,ok,
40,uf,Centro-Oeste,94,Goiás,5 e mais,homens,,815965,98,amostra 25%,ok,
40,uf,Centro-Oeste,94,Goiás,5 e mais,mulheres,,773769,98,amostra 25%,ok,
40,uf,Centro-Oeste,94,Goiás,5 e mais,total,,1589734,98,amostra 25%,ok,
40,uf,Centro-Oeste,94,Goiás,nao sabem,homens,,425850,98,amostra 25%,ok,
40,uf,Centro-Oeste,94,Goiás,nao sabem,mulheres,,452714,98,amostra 25%,ok,
40,uf,Centro-Oeste,94,Goiás,nao sabem,total,,878564,98,amostra 25%,ok,
40,uf,Centro-Oeste,94,Goiás,sabem,homens,,390103,98,amostra 25%,ok,
40,uf,Centro-Oeste,94,Goiás,sabem,mulheres,,321043,98,amostra 25%,ok,
40,uf,Centro-Oeste,94,Goiás,sabem,total,,711146,98,amostra 25%,aritmetica,
40,uf,Centro-Oeste,97,Distrito Federal,5 e mais,homens,,77484,98,amostra 25%,ok,
40,uf,Centro-Oeste,97,Distrito Federal,5 e mais,mulheres,,43119,98,amostra 25%,ok,
40,uf,Centro-Oeste,97,Distrito Federal,5 e mais,total,,120603,98,amostra 25%,ok,
40,uf,Centro-Oeste,97,Distrito Federal,nao sabem,homens,,23942,98,amostra 25%,ok,
40,uf,Centro-Oeste,97,Distrito Federal,nao sabem,mulheres,,16267,98,amostra 25%,ok,
40,uf,Centro-Oeste,97,Distrito Federal,nao sabem,total,,40209,98,amostra 25%,ok,
40,uf,Centro-Oeste,97,Distrito Federal,sabem,homens,,53335,98,amostra 25%,ok,
40,uf,Centro-Oeste,97,Distrito Federal,sabem,mulheres,,26782,98,amostra 25%,aritmetica,
40,uf,Centro-Oeste,97,Distrito Federal,sabem,total,,80117,98,amostra 25%,ok,
7,brasil,,,Brasil,rural,,domicilios,7147697,128,,ok,
7,brasil,,,Brasil,rural,,pessoas,38628462,128,,aritmetica,
7,brasil,,,Brasil,total,,domicilios,13497823,128,,aritmetica,
7,brasil,,,Brasil,total,,pessoas,69222849,128,,ok,
7,brasil,,,Brasil,urbana,,domicilios,6350126,128,,ok,
7,brasil,,,Brasil,urbana,,pessoas,30594387,128,,deduzido,
7,regiao,Norte,,Norte,rural,,domicilios,281671,128,,ok,
7,regiao,Norte,,Norte,rural,,pessoas,1608377,128,,aritmetica,
7,regiao,Norte,,Norte,total,,domicilios,446251,128,,ok,
7,regiao,Norte,,Norte,total,,pessoas,2552101,128,,ok,
7,regiao,Norte,,Norte,urbana,,domicilios,164580,128,,ok,
7,regiao,Norte,,Norte,urbana,,pessoas,943724,128,,ok,
7,uf,Norte,0,Rondônia,rural,,domicilios,10565,128,universo,aritmetica,
7,uf,Norte,0,Rondônia,rural,,pessoas,41210,128,universo,aritmetica,
7,uf,Norte,0,Rondônia,total,,domicilios,16726,128,universo,ok,
7,uf,Norte,0,Rondônia,total,,pessoas,71372,128,universo,ok,
7,uf,Norte,0,Rondônia,urbana,,domicilios,6161,128,universo,ok,
7,uf,Norte,0,Rondônia,urbana,,pessoas,30162,128,universo,ok,
7,uf,Norte,1,Acre,rural,,domicilios,23293,128,universo,ok,
7,uf,Norte,1,Acre,rural,,pessoas,132771,128,universo,deduzido,
7,uf,Norte,1,Acre,total,,domicilios,29118,128,universo,aritmetica,
7,uf,Norte,1,Acre,total,,pessoas,165756,128,universo,ok,
7,uf,Norte,1,Acre,urbana,,domicilios,5825,128,universo,ok,
7,uf,Norte,1,Acre,urbana,,pessoas,32985,128,universo,aritmetica,
7,uf,Norte,2,Amazonas,rural,,domicilios,82417,128,universo,ok,
7,uf,Norte,2,Amazonas,rural,,pessoas,472804,128,universo,aritmetica,
7,uf,Norte,2,Amazonas,total,,domicilios,122704,128,universo,ok,
7,uf,Norte,2,Amazonas,total,,pessoas,702028,128,universo,ok,
7,uf,Norte,2,Amazonas,urbana,,domicilios,40287,128,universo,ok,
7,uf,Norte,2,Amazonas,urbana,,pessoas,229224,128,universo,ok,
7,uf,Norte,3,Roraima,rural,,domicilios,2549,128,universo,ok,
7,uf,Norte,3,Roraima,rural,,pessoas,16253,128,universo,aritmetica,
7,uf,Norte,3,Roraima,total,,domicilios,4775,128,universo,ok,
7,uf,Norte,3,Roraima,total,,pessoas,28200,128,universo,ok,
7,uf,Norte,3,Roraima,urbana,,domicilios,2226,128,universo,ok,
7,uf,Norte,3,Roraima,urbana,,pessoas,11947,128,universo,aritmetica,
7,uf,Norte,4,Pará,rural,,domicilios,157215,128,universo,ok,
7,uf,Norte,4,Pará,rural,,pessoas,912979,128,universo,aritmetica,
7,uf,Norte,4,Pará,total,,domicilios,261544,128,universo,ok,
7,uf,Norte,4,Pará,total,,pessoas,1517722,128,universo,ok,
7,uf,Norte,4,Pará,urbana,,domicilios,104329,128,universo,ok,
7,uf,Norte,4,Pará,urbana,,pessoas,604743,128,universo,ok,
7,uf,Norte,6,Amapá,rural,,domicilios,5632,128,universo,ok,
7,uf,Norte,6,Amapá,rural,,pessoas,32360,128,universo,aritmetica,
7,uf,Norte,6,Amapá,total,,domicilios,11384,128,universo,ok,
7,uf,Norte,6,Amapá,total,,pessoas,67023,128,universo,ok,
7,uf,Norte,6,Amapá,urbana,,domicilios,5752,128,universo,ok,
7,uf,Norte,6,Amapá,urbana,,pessoas,34663,128,universo,ok,
7,regiao,Nordeste,,Nordeste,rural,,domicilios,1933456,128,,ok,
7,regiao,Nordeste,,Nordeste,rural,,pessoas,10267898,128,,aritmetica,
7,regiao,Nordeste,,Nordeste,total,,domicilios,2948060,128,,aritmetica,
7,regiao,Nordeste,,Nordeste,total,,pessoas,15394032,128,,ok,
7,regiao,Nordeste,,Nordeste,urbana,,domicilios,1014604,128,,aritmetica,
7,regiao,Nordeste,,Nordeste,urbana,,pessoas,5126134,128,,aritmetica,
7,uf,Nordeste,10,Maranhão,rural,,domicilios,391465,128,universo,ok,
7,uf,Nordeste,10,Maranhão,rural,,pessoas,2002933,128,universo,aritmetica,
7,uf,Nordeste,10,Maranhão,total,,domicilios,470968,128,universo,ok,
7,uf,Nordeste,10,Maranhão,total,,pessoas,2434004,128,universo,ok,
7,uf,Nordeste,10,Maranhão,urbana,,domicilios,79503,128,universo,ok,
7,uf,Nordeste,10,Maranhão,urbana,,pessoas,431071,128,universo,ok,
7,uf,Nordeste,12,Piauí,rural,,domicilios,168502,128,universo,ok,
7,uf,Nordeste,12,Piauí,rural,,pessoas,951564,128,universo,aritmetica,
7,uf,Nordeste,12,Piauí,total,,domicilios,219026,128,universo,ok,
7,uf,Nordeste,12,Piauí,total,,pessoas,1230308,128,universo,ok,
7,uf,Nordeste,12,Piauí,urbana,,domicilios,50524,128,universo,ok,
7,uf,Nordeste,12,Piauí,urbana,,pessoas,278744,128,universo,ok,
7,uf,Nordeste,14,Ceará,rural,,domicilios,396827,128,amostra 25%,ok,
7,uf,Nordeste,14,Ceará,rural,,pessoas,2196315,128,amostra 25%,aritmetica,
7,uf,Nordeste,14,Ceará,total,,domicilios,603390,128,amostra 25%,ok,
7,uf,Nordeste,14,Ceará,total,,pessoas,3282755,128,amostra 25%,ok,
7,uf,Nordeste,14,Ceará,urbana,,domicilios,206563,128,amostra 25%,ok,
7,uf,Nordeste,14,Ceará,urbana,,pessoas,1086440,128,amostra 25%,ok,
7,uf,Nordeste,17,Rio Grande do Norte,rural,,domicilios,134134,128,amostra 25%,ok,
7,uf,Nordeste,17,Rio Grande do Norte,rural,,pessoas,716665,128,amostra 25%,aritmetica,
7,uf,Nordeste,17,Rio Grande do Norte,total,,domicilios,216309,128,amostra 25%,ok,
7,uf,Nordeste,17,Rio Grande do Norte,total,,pessoas,1137971,128,amostra 25%,ok,
7,uf,Nordeste,17,Rio Grande do Norte,urbana,,domicilios,82175,128,amostra 25%,ok,
7,uf,Nordeste,17,Rio Grande do Norte,urbana,,pessoas,421306,128,amostra 25%,ok,
7,uf,Nordeste,19,Paraíba,rural,,domicilios,237684,128,amostra 25%,aritmetica,
7,uf,Nordeste,19,Paraíba,rural,,pessoas,1301917,128,amostra 25%,aritmetica,
7,uf,Nordeste,19,Paraíba,total,,domicilios,375284,128,amostra 25%,ok,
7,uf,Nordeste,19,Paraíba,total,,pessoas,1992339,128,amostra 25%,ok,
7,uf,Nordeste,19,Paraíba,urbana,,domicilios,137600,128,amostra 25%,ok,
7,uf,Nordeste,19,Paraíba,urbana,,pessoas,690422,128,amostra 25%,ok,
7,uf,Nordeste,21,Pernambuco,rural,,domicilios,437838,128,amostra 25%,aritmetica,
7,uf,Nordeste,21,Pernambuco,rural,,pessoas,2262746,128,amostra 25%,aritmetica,
7,uf,Nordeste,21,Pernambuco,total,,domicilios,807894,128,amostra 25%,aritmetica,
7,uf,Nordeste,21,Pernambuco,total,,pessoas,4062995,128,amostra 25%,ok,
7,uf,Nordeste,21,Pernambuco,urbana,,domicilios,370056,128,amostra 25%,ok,
7,uf,Nordeste,21,Pernambuco,urbana,,pessoas,1800249,128,amostra 25%,ok,
7,uf,Nordeste,25,Alagoas,rural,,domicilios,167006,128,amostra 25%,ok,
7,uf,Nordeste,25,Alagoas,rural,,pessoas,835758,128,amostra 25%,deduzido,
7,uf,Nordeste,25,Alagoas,total,,domicilios,254909,128,amostra 25%,ok,
7,uf,Nordeste,25,Alagoas,total,,pessoas,1252331,128,amostra 25%,ok,
7,uf,Nordeste,25,Alagoas,urbana,,domicilios,87903,128,amostra 25%,ok,
7,uf,Nordeste,25,Alagoas,urbana,,pessoas,416573,128,amostra 25%,ok,
7,uf,Nordeste,24,Fernando de Noronha,rural,,domicilios,0,128,amostra 25%,zero,
7,uf,Nordeste,24,Fernando de Noronha,rural,,pessoas,0,128,amostra 25%,zero,
7,uf,Nordeste,24,Fernando de Noronha,total,,domicilios,280,128,amostra 25%,ok,
7,uf,Nordeste,24,Fernando de Noronha,total,,pessoas,1329,128,amostra 25%,ok,
7,uf,Nordeste,24,Fernando de Noronha,urbana,,domicilios,280,128,amostra 25%,ok,
7,uf,Nordeste,24,Fernando de Noronha,urbana,,pessoas,1329,128,amostra 25%,ok,
7,regiao,Leste,,Leste,rural,,domicilios,2329297,128,,ok,
7,regiao,Leste,,Leste,rural,,pessoas,12699830,128,,aritmetica,
7,regiao,Leste,,Leste,total,,domicilios,4706125,128,,aritmetica,
7,regiao,Leste,,Leste,total,,pessoas,24211988,128,,aritmetica,
7,regiao,Leste,,Leste,urbana,,domicilios,2376828,128,,ok,
7,regiao,Leste,,Leste,urbana,,pessoas,11512158,128,,ok,
7,uf,Leste,30,Sergipe,rural,,domicilios,93139,128,amostra 25%,ok,
7,uf,Leste,30,Sergipe,rural,,pessoas,462631,128,amostra 25%,aritmetica,
7,uf,Leste,30,Sergipe,total,,domicilios,155912,128,amostra 25%,ok,
7,uf,Leste,30,Sergipe,total,,pessoas,749362,128,amostra 25%,ok,
7,uf,Leste,30,Sergipe,urbana,,domicilios,62773,128,amostra 25%,ok,
7,uf,Leste,30,Sergipe,urbana,,pessoas,286731,128,amostra 25%,ok,
7,uf,Leste,31,Bahia,rural,,domicilios,724786,128,amostra 25%,ok,
7,uf,Leste,31,Bahia,rural,,pessoas,3882858,128,amostra 25%,aritmetica,
7,uf,Leste,31,Bahia,total,,domicilios,1129150,128,amostra 25%,aritmetica,
7,uf,Leste,31,Bahia,total,,pessoas,5880494,128,amostra 25%,ok,
7,uf,Leste,31,Bahia,urbana,,domicilios,404364,128,amostra 25%,ok,
7,uf,Leste,31,Bahia,urbana,,pessoas,1997636,128,amostra 25%,ok,
7,uf,Leste,40,Minas Gerais,rural,,domicilios,1059662,128,amostra 25%,ok,
7,uf,Leste,40,Minas Gerais,rural,,pessoas,5814585,128,amostra 25%,aritmetica,
7,uf,Leste,40,Minas Gerais,total,,domicilios,1787888,128,amostra 25%,deduzido,
7,uf,Leste,40,Minas Gerais,total,,pessoas,9561487,128,amostra 25%,ok,
7,uf,Leste,40,Minas Gerais,urbana,,domicilios,728226,128,amostra 25%,ok,
7,uf,Leste,40,Minas Gerais,urbana,,pessoas,3746902,128,amostra 25%,ok,
7,uf,Leste,50,Serra dos Aimorés,rural,,domicilios,61211,128,amostra 25%,aritmetica,
7,uf,Leste,50,Serra dos Aimorés,rural,,pessoas,348382,128,amostra 25%,aritmetica,
7,uf,Leste,50,Serra dos Aimorés,total,,domicilios,68082,128,amostra 25%,aritmetica,
7,uf,Leste,50,Serra dos Aimorés,total,,pessoas,381164,128,amostra 25%,ok,
7,uf,Leste,50,Serra dos Aimorés,urbana,,domicilios,6871,128,amostra 25%,ok,
7,uf,Leste,50,Serra dos Aimorés,urbana,,pessoas,32782,128,amostra 25%,ok,
7,uf,Leste,51,Espírito Santo,rural,,domicilios,137217,128,universo,ok,
7,uf,Leste,51,Espírito Santo,rural,,pessoas,804968,128,universo,aritmetica,
7,uf,Leste,51,Espírito Santo,total,,domicilios,205707,128,universo,ok,
7,uf,Leste,51,Espírito Santo,total,,pessoas,1165201,128,universo,ok,
7,uf,Leste,51,Espírito Santo,urbana,,domicilios,68490,128,universo,ok,
7,uf,Leste,51,Espírito Santo,urbana,,pessoas,360233,128,universo,ok,
7,uf,Leste,52,Rio de Janeiro,rural,,domicilios,238581,128,amostra 25%,ok,
7,uf,Leste,52,Rio de Janeiro,rural,,pessoas,1309581,128,amostra 25%,aritmetica,
7,uf,Leste,52,Rio de Janeiro,total,,domicilios,651168,128,amostra 25%,ok,
7,uf,Leste,52,Rio de Janeiro,total,,pessoas,3336493,128,amostra 25%,ok,
7,uf,Leste,52,Rio de Janeiro,urbana,,domicilios,412587,128,amostra 25%,aritmetica,
7,uf,Leste,52,Rio de Janeiro,urbana,,pessoas,2026912,128,amostra 25%,ok,
7,uf,Leste,54,Guanabara,rural,,domicilios,14701,128,universo,ok,
7,uf,Leste,54,Guanabara,rural,,pessoas,76825,128,universo,aritmetica,
7,uf,Leste,54,Guanabara,total,,domicilios,708218,128,universo,ok,
7,uf,Leste,54,Guanabara,total,,pessoas,3137787,128,universo,ok,
7,uf,Leste,54,Guanabara,urbana,,domicilios,693517,128,universo,ok,
7,uf,Leste,54,Guanabara,urbana,,pessoas,3060962,128,universo,ok,
7,regiao,Sul,,Sul,rural,,domicilios,2250150,128,,ok,
7,regiao,Sul,,Sul,rural,,pessoas,12125934,128,,aritmetica,
7,regiao,Sul,,Sul,total,,domicilios,4860488,128,,aritmetica,
7,regiao,Sul,,Sul,total,,pessoas,24189674,128,,ok,
7,regiao,Sul,,Sul,urbana,,domicilios,2610338,128,,ok,
7,regiao,Sul,,Sul,urbana,,pessoas,12063740,128,,ok,
7,uf,Sul,60,São Paulo,rural,,domicilios,927487,128,amostra 25%,ok,
7,uf,Sul,60,São Paulo,rural,,pessoas,4756002,128,amostra 25%,aritmetica,
7,uf,Sul,60,São Paulo,total,,domicilios,2653189,128,amostra 25%,aritmetica,
7,uf,Sul,60,São Paulo,total,,pessoas,12595771,128,amostra 25%,ok,
7,uf,Sul,60,São Paulo,urbana,,domicilios,1725702,128,amostra 25%,ok,
7,uf,Sul,60,São Paulo,urbana,,pessoas,7839769,128,amostra 25%,aritmetica,
7,uf,Sul,71,Paraná,rural,,domicilios,546856,128,amostra 25%,ok,
7,uf,Sul,71,Paraná,rural,,pessoas,2945361,128,amostra 25%,aritmetica,
7,uf,Sul,71,Paraná,total,,domicilios,807971,128,amostra 25%,ok,
7,uf,Sul,71,Paraná,total,,pessoas,4205126,128,amostra 25%,ok,
7,uf,Sul,71,Paraná,urbana,,domicilios,261115,128,amostra 25%,ok,
7,uf,Sul,71,Paraná,urbana,,pessoas,1259765,128,amostra 25%,ok,
7,uf,Sul,74,Santa Catarina,rural,,domicilios,250009,128,universo,ok,
7,uf,Sul,74,Santa Catarina,rural,,pessoas,1449339,128,universo,aritmetica,
7,uf,Sul,74,Santa Catarina,total,,domicilios,379133,128,universo,ok,
7,uf,Sul,74,Santa Catarina,total,,pessoas,2108997,128,universo,ok,
7,uf,Sul,74,Santa Catarina,urbana,,domicilios,129124,128,universo,ok,
7,uf,Sul,74,Santa Catarina,urbana,,pessoas,659658,128,universo,ok,
7,uf,Sul,81,Rio Grande do Sul,rural,,domicilios,525798,128,amostra 25%,ok,
7,uf,Sul,81,Rio Grande do Sul,rural,,pessoas,2975232,128,amostra 25%,aritmetica,
7,uf,Sul,81,Rio Grande do Sul,total,,domicilios,1020195,128,amostra 25%,aritmetica,
7,uf,Sul,81,Rio Grande do Sul,total,,pessoas,5279780,128,amostra 25%,ok,
7,uf,Sul,81,Rio Grande do Sul,urbana,,domicilios,494397,128,amostra 25%,ok,
7,uf,Sul,81,Rio Grande do Sul,urbana,,pessoas,2304548,128,amostra 25%,ok,
7,regiao,Centro-Oeste,,Centro-Oeste,rural,,domicilios,353123,128,,ok,
7,regiao,Centro-Oeste,,Centro-Oeste,rural,,pessoas,1926423,128,,aritmetica,
7,regiao,Centro-Oeste,,Centro-Oeste,total,,domicilios,536899,128,,ok,
7,regiao,Centro-Oeste,,Centro-Oeste,total,,pessoas,2875054,128,,ok,
7,regiao,Centro-Oeste,,Centro-Oeste,urbana,,domicilios,183776,128,,ok,
7,regiao,Centro-Oeste,,Centro-Oeste,urbana,,pessoas,948631,128,,ok,
7,uf,Centro-Oeste,91,Mato Grosso,rural,,domicilios,101838,128,amostra 25%,aritmetica,
7,uf,Centro-Oeste,91,Mato Grosso,rural,,pessoas,543096,128,amostra 25%,aritmetica,
7,uf,Centro-Oeste,91,Mato Grosso,total,,domicilios,164154,128,amostra 25%,ok,
7,uf,Centro-Oeste,91,Mato Grosso,total,,pessoas,877017,128,amostra 25%,ok,
7,uf,Centro-Oeste,91,Mato Grosso,urbana,,domicilios,62316,128,amostra 25%,ok,
7,uf,Centro-Oeste,91,Mato Grosso,urbana,,pessoas,333921,128,amostra 25%,ok,
7,uf,Centro-Oeste,94,Goiás,rural,,domicilios,241087,128,amostra 25%,ok,
7,uf,Centro-Oeste,94,Goiás,rural,,pessoas,1334591,128,amostra 25%,aritmetica,
7,uf,Centro-Oeste,94,Goiás,total,,domicilios,348534,128,amostra 25%,ok,
7,uf,Centro-Oeste,94,Goiás,total,,pessoas,1894049,128,amostra 25%,ok,
7,uf,Centro-Oeste,94,Goiás,urbana,,domicilios,107447,128,amostra 25%,ok,
7,uf,Centro-Oeste,94,Goiás,urbana,,pessoas,559458,128,amostra 25%,aritmetica,
7,uf,Centro-Oeste,97,Distrito Federal,rural,,domicilios,10198,128,amostra 25%,ok,
7,uf,Centro-Oeste,97,Distrito Federal,rural,,pessoas,48736,128,amostra 25%,aritmetica,
7,uf,Centro-Oeste,97,Distrito Federal,total,,domicilios,24211,128,amostra 25%,aritmetica,
7,uf,Centro-Oeste,97,Distrito Federal,total,,pessoas,103988,128,amostra 25%,ok,
7,uf,Centro-Oeste,97,Distrito Federal,urbana,,domicilios,14013,128,amostra 25%,ok,
7,uf,Centro-Oeste,97,Distrito Federal,urbana,,pessoas,55252,128,amostra 25%,ok,
