R: C:/Program Files/R/R-4.5.0/bin/x64/Rscript.exe
Script: references\test_publicacao_1960.R
PROCESSOR_ARCHITECTURE: AMD64
[1] "Portuguese_Brazil.utf8"

Attaching package: 'dplyr'

The following objects are masked from 'package:data.table':

    between, first, last

The following objects are masked from 'package:stats':

    filter, lag

The following objects are masked from 'package:base':

    intersect, setdiff, setequal, union

[1] TRUE
Validating the 1960 compilation against the Serie Nacional
      amostra tabela celulas observadas sem_observacoes nao_reconstruidas
       <char>  <int>   <int>      <int>           <int>             <int>
 1:     1,27%      7       6          4               2                 0
 2:     1,27%     32       4          4               0                 0
 3:     1,27%     33      26          4              22                 0
 4:     1,27%     34       6          4               2                 0
 5:     1,27%     37      12          4               8                 0
 6:     1,27%     40       6          4               2                 0
 7:       25%      7       6          4               2                 0
 8:       25%     32       4          4               0                 0
 9:       25%     33      26          4              22                 0
10:       25%     34       6          4               2                 0
11:       25%     37      12          4               8                 0
12:       25%     40       6          4               2                 0
13: compilado      7       6          4               2                 0
14: compilado     32       4          4               0                 0
15: compilado     33      26          4              22                 0
16: compilado     34       6          4               2                 0
17: compilado     37      12          4               8                 0
18: compilado     40       6          4               2                 0
    classificacao_incompleta peso_ausente percentuais_validos erro_mediano_pct
                       <int>        <int>               <int>            <num>
 1:                        0            0                   6         99.99484
 2:                        0            0                   4         99.99510
 3:                        0            0                  26        100.00000
 4:                        0            0                   6         99.99520
 5:                        0            0                  12        100.00000
 6:                        0            0                   6         99.99447
 7:                        0            0                   6         99.99807
 8:                        0            0                   4         99.99894
 9:                        0            0                  26        100.00000
10:                        0            0                   6         99.99893
11:                        0            0                  12        100.00000
12:                        0            0                   6         99.99872
13:                        0            0                   6         99.99960
14:                        0            0                   4         99.99976
15:                        0            0                  26        100.00000
16:                        0            0                   6         99.99976
17:                        0            0                  12        100.00000
18:                        0            0                   6         99.99972
    erro_max_pct
           <num>
 1:    100.00000
 2:     99.99526
 3:    100.00000
 4:    100.00000
 5:    100.00000
 6:    100.00000
 7:    100.00000
 8:     99.99898
 9:    100.00000
10:    100.00000
11:    100.00000
12:    100.00000
13:    100.00000
14:     99.99976
15:    100.00000
16:    100.00000
17:    100.00000
18:    100.00000
Conferindo integridade da exportacao de 1960
RECUSOU:  Tipos nao medidos 
Conferindo integridade da exportacao de 1960
Warning message:
Using an external vector in selections was deprecated in tidyselect 1.1.0.
ℹ Please use `all_of()` or `any_of()` instead.
  # Was:
  data %>% select(cols)

  # Now:
  data %>% select(all_of(cols))

See <https://tidyselect.r-lib.org/reference/faq-external-vector.html>. 
Saving microdata 1960: population
RECUSOU:  conferencia nao corresponde 
PASSOU: divergencias e categorias vazias permanecem visiveis, sem veto automatico.
Saving microdata 1960: households
  tipos: 22 int32, 0 double, 0 string
Saving microdata 1960: households
RECUSOU:  ja existe 
Saving microdata 1960: population
  tipos: 31 int32, 0 double, 0 string
Saving microdata 1960: population
RECUSOU:  ja existe 
Conferindo integridade da exportacao de 1960
RECUSOU:  desatualizada 
Saving microdata 1960: population
RECUSOU:  Arquivos alterados 
Validating the 1960 compilation against the Serie Nacional
      amostra tabela celulas observadas sem_observacoes nao_reconstruidas
       <char>  <int>   <int>      <int>           <int>             <int>
 1:     1,27%      7       6          4               2                 0
 2:     1,27%     32       4          4               0                 0
 3:     1,27%     33      26          4              22                 0
 4:     1,27%     34       6          4               2                 0
 5:     1,27%     37      12          4               8                 0
 6:     1,27%     40       6          4               2                 0
 7:       25%      7       6          4               2                 0
 8:       25%     32       4          4               0                 0
 9:       25%     33      26          4              22                 0
10:       25%     34       6          4               2                 0
11:       25%     37      12          4               8                 0
12:       25%     40       6          4               2                 0
13: compilado      7       6          4               2                 0
14: compilado     32       4          4               0                 0
15: compilado     33      26          4              22                 0
16: compilado     34       6          4               2                 0
17: compilado     37      12          4               8                 0
18: compilado     40       6          4               2                 0
    classificacao_incompleta peso_ausente percentuais_validos erro_mediano_pct
                       <int>        <int>               <int>            <num>
 1:                        0            0                   6         99.99484
 2:                        0            0                   4         99.99510
 3:                        0            0                  26        100.00000
 4:                        0            0                   6         99.99520
 5:                        0            0                  12        100.00000
 6:                        0            0                   6         99.99447
 7:                        0            0                   6         99.99807
 8:                        0            0                   4         99.99894
 9:                        0            0                  26        100.00000
10:                        0            0                   6         99.99893
11:                        0            0                  12        100.00000
12:                        0            0                   6         99.99872
13:                        0            0                   6         99.99960
14:                        0            0                   4         99.99976
15:                        0            0                  26        100.00000
16:                        0            0                   6         99.99976
17:                        0            0                  12        100.00000
18:                        0            0                   6         99.99972
    erro_max_pct
           <num>
 1:    100.00000
 2:     99.99526
 3:    100.00000
 4:    100.00000
 5:    100.00000
 6:    100.00000
 7:    100.00000
 8:     99.99898
 9:    100.00000
10:    100.00000
11:    100.00000
12:    100.00000
13:    100.00000
14:     99.99976
15:    100.00000
16:    100.00000
17:    100.00000
18:    100.00000
[1] "validacao/validacao_definitivos.csv"
Conferindo integridade da exportacao de 1960
RECUSOU:  desatualizada 
Saving microdata 1960: population
RECUSOU:  Arquivos alterados 
Validating the 1960 compilation against the Serie Nacional
      amostra tabela celulas observadas sem_observacoes nao_reconstruidas
       <char>  <int>   <int>      <int>           <int>             <int>
 1:     1,27%      7       6          4               2                 0
 2:     1,27%     32       4          4               0                 0
 3:     1,27%     33      26          4              22                 0
 4:     1,27%     34       6          4               2                 0
 5:     1,27%     37      12          4               8                 0
 6:     1,27%     40       6          4               2                 0
 7:       25%      7       6          4               2                 0
 8:       25%     32       4          4               0                 0
 9:       25%     33      26          4              22                 0
10:       25%     34       6          4               2                 0
11:       25%     37      12          4               8                 0
12:       25%     40       6          4               2                 0
13: compilado      7       6          4               2                 0
14: compilado     32       4          4               0                 0
15: compilado     33      26          4              22                 0
16: compilado     34       6          4               2                 0
17: compilado     37      12          4               8                 0
18: compilado     40       6          4               2                 0
    classificacao_incompleta peso_ausente percentuais_validos erro_mediano_pct
                       <int>        <int>               <int>            <num>
 1:                        0            0                   6         99.99484
 2:                        0            0                   4         99.99510
 3:                        0            0                  26        100.00000
 4:                        0            0                   6         99.99520
 5:                        0            0                  12        100.00000
 6:                        0            0                   6         99.99447
 7:                        0            0                   6         99.99807
 8:                        0            0                   4         99.99894
 9:                        0            0                  26        100.00000
10:                        0            0                   6         99.99893
11:                        0            0                  12        100.00000
12:                        0            0                   6         99.99872
13:                        0            0                   6         99.99960
14:                        0            0                   4         99.99976
15:                        0            0                  26        100.00000
16:                        0            0                   6         99.99976
17:                        0            0                  12        100.00000
18:                        0            0                   6         99.99972
    erro_max_pct
           <num>
 1:    100.00000
 2:     99.99526
 3:    100.00000
 4:    100.00000
 5:    100.00000
 6:    100.00000
 7:    100.00000
 8:     99.99898
 9:    100.00000
10:    100.00000
11:    100.00000
12:    100.00000
13:    100.00000
14:     99.99976
15:    100.00000
16:    100.00000
17:    100.00000
18:    100.00000
[1] "validacao/validacao_definitivos.csv"
Conferindo integridade da exportacao de 1960
Conferindo integridade da exportacao de 1960
RECUSOU:  desatualizada 
Conferindo integridade da exportacao de 1960
RECUSOU:  Tipos nao medidos 
Saving microdata 1960: population
RECUSOU:  Arquivos alterados 
Conferindo integridade da exportacao de 1960
RECUSOU:  Tipos nao medidos 
Validating the 1960 compilation against the Serie Nacional
      amostra tabela celulas observadas sem_observacoes nao_reconstruidas
       <char>  <int>   <int>      <int>           <int>             <int>
 1:     1,27%      7       6          0               0                 6
 2:     1,27%     32       4          0               0                 4
 3:     1,27%     33      26          0               0                26
 4:     1,27%     34       6          0               0                 6
 5:     1,27%     37      12          0               0                12
 6:     1,27%     40       6          0               0                 6
 7:       25%      7       6          4               2                 0
 8:       25%     32       4          4               0                 0
 9:       25%     33      26          4              22                 0
10:       25%     34       6          4               2                 0
11:       25%     37      12          4               8                 0
12:       25%     40       6          4               2                 0
13: compilado      7       6          0               0                 6
14: compilado     32       4          0               0                 4
15: compilado     33      26          0               0                26
16: compilado     34       6          0               0                 6
17: compilado     37      12          0               0                12
18: compilado     40       6          0               0                 6
    classificacao_incompleta peso_ausente percentuais_validos erro_mediano_pct
                       <int>        <int>               <int>            <num>
 1:                        0            0                   0               NA
 2:                        0            0                   0               NA
 3:                        0            0                   0               NA
 4:                        0            0                   0               NA
 5:                        0            0                   0               NA
 6:                        0            0                   0               NA
 7:                        0            0                   6         99.99807
 8:                        0            0                   4         99.99894
 9:                        0            0                  26        100.00000
10:                        0            0                   6         99.99893
11:                        0            0                  12        100.00000
12:                        0            0                   6         99.99872
13:                        0            0                   0               NA
14:                        0            0                   0               NA
15:                        0            0                   0               NA
16:                        0            0                   0               NA
17:                        0            0                   0               NA
18:                        0            0                   0               NA
    erro_max_pct
           <num>
 1:           NA
 2:           NA
 3:           NA
 4:           NA
 5:           NA
 6:           NA
 7:    100.00000
 8:     99.99898
 9:    100.00000
10:    100.00000
11:    100.00000
12:    100.00000
13:           NA
14:           NA
15:           NA
16:           NA
17:           NA
18:           NA
[1] "validacao/validacao_definitivos.csv"
Conferindo integridade da exportacao de 1960
RECUSOU:  um par de arquivos para cada UF 
Validating the 1960 compilation against the Serie Nacional
      amostra tabela celulas observadas sem_observacoes nao_reconstruidas
       <char>  <int>   <int>      <int>           <int>             <int>
 1:     1,27%      7       6          4               2                 0
 2:     1,27%     32       4          4               0                 0
 3:     1,27%     33      26          4              22                 0
 4:     1,27%     34       6          4               2                 0
 5:     1,27%     37      12          4               8                 0
 6:     1,27%     40       6          4               2                 0
 7:       25%      7       6          4               2                 0
 8:       25%     32       4          4               0                 0
 9:       25%     33      26          4              22                 0
10:       25%     34       6          4               2                 0
11:       25%     37      12          4               8                 0
12:       25%     40       6          4               2                 0
13: compilado      7       6          4               2                 0
14: compilado     32       4          4               0                 0
15: compilado     33      26          4              22                 0
16: compilado     34       6          4               2                 0
17: compilado     37      12          4               8                 0
18: compilado     40       6          4               2                 0
    classificacao_incompleta peso_ausente percentuais_validos erro_mediano_pct
                       <int>        <int>               <int>            <num>
 1:                        0            0                   6         99.99484
 2:                        0            0                   4         99.99510
 3:                        0            0                  26        100.00000
 4:                        0            0                   6         99.99520
 5:                        0            0                  12        100.00000
 6:                        0            0                   6         99.99447
 7:                        0            0                   6         99.99807
 8:                        0            0                   4         99.99894
 9:                        0            0                  26        100.00000
10:                        0            0                   6         99.99893
11:                        0            0                  12        100.00000
12:                        0            0                   6         99.99872
13:                        0            0                   6         99.99960
14:                        0            0                   4         99.99976
15:                        0            0                  26        100.00000
16:                        0            0                   6         99.99976
17:                        0            0                  12        100.00000
18:                        0            0                   6         99.99972
    erro_max_pct
           <num>
 1:    100.00000
 2:     99.99526
 3:    100.00000
 4:    100.00000
 5:    100.00000
 6:    100.00000
 7:    100.00000
 8:     99.99898
 9:    100.00000
10:    100.00000
11:    100.00000
12:    100.00000
13:    100.00000
14:     99.99976
15:    100.00000
16:    100.00000
17:    100.00000
18:    100.00000
[1] "validacao/validacao_definitivos.csv"
Conferindo integridade da exportacao de 1960
Conferindo integridade da exportacao de 1960
RECUSOU:  desatualizada 
Saving microdata 1960: population
RECUSOU:  codigo atual 
Conferindo integridade da exportacao de 1960
RECUSOU:  desatualizada 
Conferindo integridade da exportacao de 1960
RECUSOU:  . 
Warning message:
In open.connection(con, "rb") :
  cannot open file 'ausente.json': No such file or directory
Conferindo integridade da exportacao de 1960
RECUSOU:  Grade de validacao 
Validating the 1960 compilation against the Serie Nacional
      amostra tabela celulas observadas sem_observacoes nao_reconstruidas
       <char>  <int>   <int>      <int>           <int>             <int>
 1:     1,27%      7       6          4               2                 0
 2:     1,27%     32       4          4               0                 0
 3:     1,27%     33      26          4              22                 0
 4:     1,27%     34       6          4               2                 0
 5:     1,27%     37      12          4               8                 0
 6:     1,27%     40       6          4               2                 0
 7:       25%      7       6          4               2                 0
 8:       25%     32       4          4               0                 0
 9:       25%     33      26          4              22                 0
10:       25%     34       6          4               2                 0
11:       25%     37      12          4               8                 0
12:       25%     40       6          4               2                 0
13: compilado      7       6          4               2                 0
14: compilado     32       4          4               0                 0
15: compilado     33      26          4              22                 0
16: compilado     34       6          4               2                 0
17: compilado     37      12          4               8                 0
18: compilado     40       6          4               2                 0
    classificacao_incompleta peso_ausente percentuais_validos erro_mediano_pct
                       <int>        <int>               <int>            <num>
 1:                        0            0                   6         99.99484
 2:                        0            0                   4         99.99510
 3:                        0            0                  26        100.00000
 4:                        0            0                   6         99.99520
 5:                        0            0                  12        100.00000
 6:                        0            0                   6         99.99447
 7:                        0            0                   6         99.99807
 8:                        0            0                   4         99.99894
 9:                        0            0                  26        100.00000
10:                        0            0                   6         99.99893
11:                        0            0                  12        100.00000
12:                        0            0                   6         99.99872
13:                        0            0                   6         99.99960
14:                        0            0                   4         99.99976
15:                        0            0                  26        100.00000
16:                        0            0                   6         99.99976
17:                        0            0                  12        100.00000
18:                        0            0                   6         99.99972
    erro_max_pct
           <num>
 1:    100.00000
 2:     99.99526
 3:    100.00000
 4:    100.00000
 5:    100.00000
 6:    100.00000
 7:    100.00000
 8:     99.99898
 9:    100.00000
10:    100.00000
11:    100.00000
12:    100.00000
13:    100.00000
14:     99.99976
15:    100.00000
16:    100.00000
17:    100.00000
18:    100.00000
Conferindo integridade da exportacao de 1960
RECUSOU:  Grade de validacao 
Validating the 1960 compilation against the Serie Nacional
      amostra tabela celulas observadas sem_observacoes nao_reconstruidas
       <char>  <int>   <int>      <int>           <int>             <int>
 1:     1,27%      7       6          4               2                 0
 2:     1,27%     32       4          4               0                 0
 3:     1,27%     33      26          4              22                 0
 4:     1,27%     34       6          4               2                 0
 5:     1,27%     37      12          4               8                 0
 6:     1,27%     40       6          4               2                 0
 7:       25%      7       6          4               2                 0
 8:       25%     32       4          4               0                 0
 9:       25%     33      26          4              22                 0
10:       25%     34       6          4               2                 0
11:       25%     37      12          4               8                 0
12:       25%     40       6          4               2                 0
13: compilado      7       6          4               2                 0
14: compilado     32       4          4               0                 0
15: compilado     33      26          4              22                 0
16: compilado     34       6          4               2                 0
17: compilado     37      12          4               8                 0
18: compilado     40       6          4               2                 0
    classificacao_incompleta peso_ausente percentuais_validos erro_mediano_pct
                       <int>        <int>               <int>            <num>
 1:                        0            0                   6         99.99484
 2:                        0            0                   4         99.99510
 3:                        0            0                  26        100.00000
 4:                        0            0                   6         99.99520
 5:                        0            0                  12        100.00000
 6:                        0            0                   6         99.99447
 7:                        0            0                   6         99.99807
 8:                        0            0                   4         99.99894
 9:                        0            0                  26        100.00000
10:                        0            0                   6         99.99893
11:                        0            0                  12        100.00000
12:                        0            0                   6         99.99872
13:                        0            0                   6         99.99960
14:                        0            0                   4         99.99976
15:                        0            0                  26        100.00000
16:                        0            0                   6         99.99976
17:                        0            0                  12        100.00000
18:                        0            0                   6         99.99972
    erro_max_pct
           <num>
 1:    100.00000
 2:     99.99526
 3:    100.00000
 4:    100.00000
 5:    100.00000
 6:    100.00000
 7:    100.00000
 8:     99.99898
 9:    100.00000
10:    100.00000
11:    100.00000
12:    100.00000
13:    100.00000
14:     99.99976
15:    100.00000
16:    100.00000
17:    100.00000
18:    100.00000
Conferindo integridade da exportacao de 1960
RECUSOU:  comparacoes nao calculadas 
Validating the 1960 compilation against the Serie Nacional
      amostra tabela celulas observadas sem_observacoes nao_reconstruidas
       <char>  <int>   <int>      <int>           <int>             <int>
 1:     1,27%      7       6          4               2                 0
 2:     1,27%     32       4          4               0                 0
 3:     1,27%     33      26          4              22                 0
 4:     1,27%     34       6          4               2                 0
 5:     1,27%     37      12          4               8                 0
 6:     1,27%     40       6          4               2                 0
 7:       25%      7       6          4               2                 0
 8:       25%     32       4          4               0                 0
 9:       25%     33      26          4              22                 0
10:       25%     34       6          4               2                 0
11:       25%     37      12          4               8                 0
12:       25%     40       6          4               2                 0
13: compilado      7       6          4               2                 0
14: compilado     32       4          4               0                 0
15: compilado     33      26          4              22                 0
16: compilado     34       6          4               2                 0
17: compilado     37      12          4               8                 0
18: compilado     40       6          4               2                 0
    classificacao_incompleta peso_ausente percentuais_validos erro_mediano_pct
                       <int>        <int>               <int>            <num>
 1:                        0            0                   6         99.99484
 2:                        0            0                   4         99.99510
 3:                        0            0                  26        100.00000
 4:                        0            0                   6         99.99520
 5:                        0            0                  12        100.00000
 6:                        0            0                   6         99.99447
 7:                        0            0                   6         99.99807
 8:                        0            0                   4         99.99894
 9:                        0            0                  26        100.00000
10:                        0            0                   6         99.99893
11:                        0            0                  12        100.00000
12:                        0            0                   6         99.99872
13:                        0            0                   6         99.99960
14:                        0            0                   4         99.99976
15:                        0            0                  26        100.00000
16:                        0            0                   6         99.99976
17:                        0            0                  12        100.00000
18:                        0            0                   6         99.99972
    erro_max_pct
           <num>
 1:    100.00000
 2:     99.99526
 3:    100.00000
 4:    100.00000
 5:    100.00000
 6:    100.00000
 7:    100.00000
 8:     99.99898
 9:    100.00000
10:    100.00000
11:    100.00000
12:    100.00000
13:    100.00000
14:     99.99976
15:    100.00000
16:    100.00000
17:    100.00000
18:    100.00000
Validating the 1960 compilation against the Serie Nacional
      amostra tabela celulas observadas sem_observacoes nao_reconstruidas
       <char>  <int>   <int>      <int>           <int>             <int>
 1:     1,27%      7       6          4               2                 0
 2:     1,27%     32       4          4               0                 0
 3:     1,27%     33      26          4              22                 0
 4:     1,27%     34       6          4               2                 0
 5:     1,27%     37      12          4               8                 0
 6:     1,27%     40       6          4               2                 0
 7:       25%      7       6          4               2                 0
 8:       25%     32       4          4               0                 0
 9:       25%     33      26          4              22                 0
10:       25%     34       6          4               2                 0
11:       25%     37      12          4               8                 0
12:       25%     40       6          4               2                 0
13: compilado      7       6          4               2                 0
14: compilado     32       4          4               0                 0
15: compilado     33      26          4              22                 0
16: compilado     34       6          4               2                 0
17: compilado     37      12          4               8                 0
18: compilado     40       6          4               2                 0
    classificacao_incompleta peso_ausente percentuais_validos erro_mediano_pct
                       <int>        <int>               <int>            <num>
 1:                        0            0                   6         99.99745
 2:                        0            0                   4         99.99766
 3:                        0            0                  26        100.00000
 4:                        0            0                   6        100.00000
 5:                        0            0                  12        100.00000
 6:                        0            0                   6        100.00000
 7:                        0            0                   6         99.99807
 8:                        0            0                   4         99.99894
 9:                        0            0                  26        100.00000
10:                        0            0                   6         99.99893
11:                        0            0                  12        100.00000
12:                        0            0                   6         99.99872
13:                        0            0                   6         99.99979
14:                        0            0                   4         99.99988
15:                        0            0                  26        100.00000
16:                        0            0                   6         99.99999
17:                        0            0                  12        100.00000
18:                        0            0                   6         99.99999
    erro_max_pct
           <num>
 1:    100.00000
 2:    100.00006
 3:    100.00038
 4:    100.00006
 5:    100.00009
 6:    100.00008
 7:    100.00000
 8:     99.99898
 9:    100.00000
10:    100.00000
11:    100.00000
12:    100.00000
13:    100.00000
14:     99.99999
15:    100.00000
16:    100.00000
17:    100.00000
18:    100.00000
Conferindo integridade da exportacao de 1960
RECUSOU:  peso invalido 
Validating the 1960 compilation against the Serie Nacional
      amostra tabela celulas observadas sem_observacoes nao_reconstruidas
       <char>  <int>   <int>      <int>           <int>             <int>
 1:     1,27%      7       6          4               2                 0
 2:     1,27%     32       4          4               0                 0
 3:     1,27%     33      26          4              22                 0
 4:     1,27%     34       6          4               2                 0
 5:     1,27%     37      12          4               8                 0
 6:     1,27%     40       6          4               2                 0
 7:       25%      7       6          4               2                 0
 8:       25%     32       4          4               0                 0
 9:       25%     33      26          4              22                 0
10:       25%     34       6          4               2                 0
11:       25%     37      12          4               8                 0
12:       25%     40       6          4               2                 0
13: compilado      7       6          4               2                 0
14: compilado     32       4          4               0                 0
15: compilado     33      26          4              22                 0
16: compilado     34       6          4               2                 0
17: compilado     37      12          4               8                 0
18: compilado     40       6          4               2                 0
    classificacao_incompleta peso_ausente percentuais_validos erro_mediano_pct
                       <int>        <int>               <int>            <num>
 1:                        0            0                   6         99.99484
 2:                        0            0                   4         99.99510
 3:                        0            0                  26        100.00000
 4:                        0            0                   6         99.99520
 5:                        0            0                  12        100.00000
 6:                        0            0                   6         99.99447
 7:                        0            0                   6         99.99807
 8:                        0            0                   4         99.99894
 9:                        0            0                  26        100.00000
10:                        0            0                   6         99.99893
11:                        0            0                  12        100.00000
12:                        0            0                   6         99.99872
13:                        0            0                   6         99.99960
14:                        0            0                   4         99.99976
15:                        0            0                  26        100.00000
16:                        0            0                   6         99.99976
17:                        0            0                  12        100.00000
18:                        0            0                   6         99.99972
    erro_max_pct
           <num>
 1:    100.00000
 2:     99.99526
 3:    100.00000
 4:    100.00000
 5:    100.00000
 6:    100.00000
 7:    100.00000
 8:     99.99898
 9:    100.00000
10:    100.00000
11:    100.00000
12:    100.00000
13:    100.00000
14:     99.99976
15:    100.00000
16:    100.00000
17:    100.00000
18:    100.00000
Validating the 1960 compilation against the Serie Nacional
      amostra tabela celulas observadas sem_observacoes nao_reconstruidas
       <char>  <int>   <int>      <int>           <int>             <int>
 1:     1,27%      7       6          4               2                 0
 2:     1,27%     32       4          4               0                 0
 3:     1,27%     33      26          4              22                 0
 4:     1,27%     34       6          4               2                 0
 5:     1,27%     37      12          4               8                 0
 6:     1,27%     40       6          4               2                 0
 7:       25%      7       6          4               2                 0
 8:       25%     32       4          4               0                 0
 9:       25%     33      26          4              22                 0
10:       25%     34       6          4               2                 0
11:       25%     37      12          4               8                 0
12:       25%     40       6          4               2                 0
13: compilado      7       6          4               2                 0
14: compilado     32       4          4               0                 0
15: compilado     33      26          4              22                 0
16: compilado     34       6          4               2                 0
17: compilado     37      12          4               8                 0
18: compilado     40       6          4               2                 0
    classificacao_incompleta peso_ausente percentuais_validos erro_mediano_pct
                       <int>        <int>               <int>            <num>
 1:                        0            0                   6         99.99480
 2:                        0            0                   4         99.99507
 3:                        0            0                  26        100.00000
 4:                        0            0                   6         99.99520
 5:                        0            0                  12        100.00000
 6:                        0            0                   6         99.99444
 7:                        0            0                   6         99.99807
 8:                        0            0                   4         99.99894
 9:                        0            0                  26        100.00000
10:                        0            0                   6         99.99893
11:                        0            0                  12        100.00000
12:                        0            0                   6         99.99872
13:                        0            0                   6         99.99960
14:                        0            0                   4         99.99976
15:                        0            0                  26        100.00000
16:                        0            0                   6         99.99976
17:                        0            0                  12        100.00000
18:                        0            0                   6         99.99971
    erro_max_pct
           <num>
 1:    100.00000
 2:     99.99526
 3:    100.00000
 4:    100.00000
 5:    100.00000
 6:    100.00000
 7:    100.00000
 8:     99.99898
 9:    100.00000
10:    100.00000
11:    100.00000
12:    100.00000
13:    100.00000
14:     99.99976
15:    100.00000
16:    100.00000
17:    100.00000
18:    100.00000
Conferindo integridade da exportacao de 1960
RECUSOU:  Peso pessoal diverge 
Validating the 1960 compilation against the Serie Nacional
      amostra tabela celulas observadas sem_observacoes nao_reconstruidas
       <char>  <int>   <int>      <int>           <int>             <int>
 1:     1,27%      7       6          4               2                 0
 2:     1,27%     32       4          4               0                 0
 3:     1,27%     33      26          4              22                 0
 4:     1,27%     34       6          4               2                 0
 5:     1,27%     37      12          4               8                 0
 6:     1,27%     40       6          4               2                 0
 7:       25%      7       6          4               2                 0
 8:       25%     32       4          4               0                 0
 9:       25%     33      26          4              22                 0
10:       25%     34       6          4               2                 0
11:       25%     37      12          4               8                 0
12:       25%     40       6          4               2                 0
13: compilado      7       6          4               2                 0
14: compilado     32       4          4               0                 0
15: compilado     33      26          4              22                 0
16: compilado     34       6          4               2                 0
17: compilado     37      12          4               8                 0
18: compilado     40       6          4               2                 0
    classificacao_incompleta peso_ausente percentuais_validos erro_mediano_pct
                       <int>        <int>               <int>            <num>
 1:                        0            0                   6         99.99484
 2:                        0            0                   4         99.99510
 3:                        0            0                  26        100.00000
 4:                        0            0                   6         99.99520
 5:                        0            0                  12        100.00000
 6:                        0            0                   6         99.99447
 7:                        0            0                   6         99.99807
 8:                        0            0                   4         99.99894
 9:                        0            0                  26        100.00000
10:                        0            0                   6         99.99893
11:                        0            0                  12        100.00000
12:                        0            0                   6         99.99872
13:                        0            0                   6         99.99960
14:                        0            0                   4         99.99976
15:                        0            0                  26        100.00000
16:                        0            0                   6         99.99976
17:                        0            0                  12        100.00000
18:                        0            0                   6         99.99972
    erro_max_pct
           <num>
 1:    100.00000
 2:     99.99526
 3:    100.00000
 4:    100.00000
 5:    100.00000
 6:    100.00000
 7:    100.00000
 8:     99.99898
 9:    100.00000
10:    100.00000
11:    100.00000
12:    100.00000
13:    100.00000
14:     99.99976
15:    100.00000
16:    100.00000
17:    100.00000
18:    100.00000
Validating the 1960 compilation against the Serie Nacional
      amostra tabela celulas observadas sem_observacoes nao_reconstruidas
       <char>  <int>   <int>      <int>           <int>             <int>
 1:     1,27%      7       6          4               2                 0
 2:     1,27%     32       4          4               0                 0
 3:     1,27%     33      26          4              22                 0
 4:     1,27%     34       6          4               2                 0
 5:     1,27%     37      12          4               8                 0
 6:     1,27%     40       6          4               2                 0
 7:       25%      7       6          4               2                 0
 8:       25%     32       4          4               0                 0
 9:       25%     33      26          4              22                 0
10:       25%     34       6          4               2                 0
11:       25%     37      12          4               8                 0
12:       25%     40       6          4               2                 0
13: compilado      7       6          4               2                 0
14: compilado     32       4          4               0                 0
15: compilado     33      26          4              22                 0
16: compilado     34       6          4               2                 0
17: compilado     37      12          4               8                 0
18: compilado     40       6          4               2                 0
    classificacao_incompleta peso_ausente percentuais_validos erro_mediano_pct
                       <int>        <int>               <int>            <num>
 1:                        0            0                   6         99.99484
 2:                        0            0                   4         99.99510
 3:                        0            0                  26        100.00000
 4:                        0            0                   6         99.99520
 5:                        0            0                  12        100.00000
 6:                        0            0                   6         99.99447
 7:                        0            0                   6         99.99807
 8:                        0            0                   4         99.99894
 9:                        0            0                  26        100.00000
10:                        0            0                   6         99.99893
11:                        0            0                  12        100.00000
12:                        0            0                   6         99.99872
13:                        0            0                   6         99.99960
14:                        0            0                   4         99.99976
15:                        0            0                  26        100.00000
16:                        0            0                   6         99.99976
17:                        0            0                  12        100.00000
18:                        0            0                   6         99.99972
    erro_max_pct
           <num>
 1:    100.00000
 2:     99.99526
 3:    100.00000
 4:    100.00000
 5:    100.00000
 6:    100.00000
 7:    100.00000
 8:     99.99898
 9:    100.00000
10:    100.00000
11:    100.00000
12:    100.00000
13:    100.00000
14:     99.99976
15:    100.00000
16:    100.00000
17:    100.00000
18:    100.00000
Conferindo integridade da exportacao de 1960
RECUSOU:  Identificadores ausentes 
Validating the 1960 compilation against the Serie Nacional
      amostra tabela celulas observadas sem_observacoes nao_reconstruidas
       <char>  <int>   <int>      <int>           <int>             <int>
 1:     1,27%      7       6          4               2                 0
 2:     1,27%     32       4          4               0                 0
 3:     1,27%     33      26          4              22                 0
 4:     1,27%     34       6          4               2                 0
 5:     1,27%     37      12          4               8                 0
 6:     1,27%     40       6          4               2                 0
 7:       25%      7       6          4               2                 0
 8:       25%     32       4          4               0                 0
 9:       25%     33      26          4              22                 0
10:       25%     34       6          4               2                 0
11:       25%     37      12          4               8                 0
12:       25%     40       6          4               2                 0
13: compilado      7       6          4               2                 0
14: compilado     32       4          4               0                 0
15: compilado     33      26          4              22                 0
16: compilado     34       6          4               2                 0
17: compilado     37      12          4               8                 0
18: compilado     40       6          4               2                 0
    classificacao_incompleta peso_ausente percentuais_validos erro_mediano_pct
                       <int>        <int>               <int>            <num>
 1:                        0            0                   6         99.99484
 2:                        0            0                   4         99.99510
 3:                        0            0                  26        100.00000
 4:                        0            0                   6         99.99520
 5:                        0            0                  12        100.00000
 6:                        0            0                   6         99.99447
 7:                        0            0                   6         99.99807
 8:                        0            0                   4         99.99894
 9:                        0            0                  26        100.00000
10:                        0            0                   6         99.99893
11:                        0            0                  12        100.00000
12:                        0            0                   6         99.99872
13:                        0            0                   6         99.99960
14:                        0            0                   4         99.99976
15:                        0            0                  26        100.00000
16:                        0            0                   6         99.99976
17:                        0            0                  12        100.00000
18:                        0            0                   6         99.99972
    erro_max_pct
           <num>
 1:    100.00000
 2:     99.99526
 3:    100.00000
 4:    100.00000
 5:    100.00000
 6:    100.00000
 7:    100.00000
 8:     99.99898
 9:    100.00000
10:    100.00000
11:    100.00000
12:    100.00000
13:    100.00000
14:     99.99976
15:    100.00000
16:    100.00000
17:    100.00000
18:    100.00000
Validating the 1960 compilation against the Serie Nacional
      amostra tabela celulas observadas sem_observacoes nao_reconstruidas
       <char>  <int>   <int>      <int>           <int>             <int>
 1:     1,27%      7       6          4               2                 0
 2:     1,27%     32       4          4               0                 0
 3:     1,27%     33      26          4              22                 0
 4:     1,27%     34       6          4               2                 0
 5:     1,27%     37      12          4               8                 0
 6:     1,27%     40       6          4               2                 0
 7:       25%      7       6          4               2                 0
 8:       25%     32       4          4               0                 0
 9:       25%     33      26          4              22                 0
10:       25%     34       6          4               2                 0
11:       25%     37      12          4               8                 0
12:       25%     40       6          4               2                 0
13: compilado      7       6          4               2                 0
14: compilado     32       4          4               0                 0
15: compilado     33      26          4              22                 0
16: compilado     34       6          4               2                 0
17: compilado     37      12          4               8                 0
18: compilado     40       6          4               2                 0
    classificacao_incompleta peso_ausente percentuais_validos erro_mediano_pct
                       <int>        <int>               <int>            <num>
 1:                        0            0                   6         99.99484
 2:                        0            0                   4         99.99510
 3:                        0            0                  26        100.00000
 4:                        0            0                   6         99.99520
 5:                        0            0                  12        100.00000
 6:                        0            0                   6         99.99447
 7:                        0            0                   6         99.99807
 8:                        0            0                   4         99.99894
 9:                        0            0                  26        100.00000
10:                        0            0                   6         99.99893
11:                        0            0                  12        100.00000
12:                        0            0                   6         99.99872
13:                        0            0                   6         99.99960
14:                        0            0                   4         99.99976
15:                        0            0                  26        100.00000
16:                        0            0                   6         99.99976
17:                        0            0                  12        100.00000
18:                        0            0                   6         99.99972
    erro_max_pct
           <num>
 1:    100.00000
 2:     99.99526
 3:    100.00000
 4:    100.00000
 5:    100.00000
 6:    100.00000
 7:    100.00000
 8:     99.99898
 9:    100.00000
10:    100.00000
11:    100.00000
12:    100.00000
13:    100.00000
14:     99.99976
15:    100.00000
16:    100.00000
17:    100.00000
18:    100.00000
Conferindo integridade da exportacao de 1960
RECUSOU:  intervalo nacional 
Validating the 1960 compilation against the Serie Nacional
      amostra tabela celulas observadas sem_observacoes nao_reconstruidas
       <char>  <int>   <int>      <int>           <int>             <int>
 1:     1,27%      7       6          4               2                 0
 2:     1,27%     32       4          4               0                 0
 3:     1,27%     33      26          4              22                 0
 4:     1,27%     34       6          4               2                 0
 5:     1,27%     37      12          4               8                 0
 6:     1,27%     40       6          4               2                 0
 7:       25%      7       6          4               2                 0
 8:       25%     32       4          4               0                 0
 9:       25%     33      26          4              22                 0
10:       25%     34       6          4               2                 0
11:       25%     37      12          4               8                 0
12:       25%     40       6          4               2                 0
13: compilado      7       6          4               2                 0
14: compilado     32       4          4               0                 0
15: compilado     33      26          4              22                 0
16: compilado     34       6          4               2                 0
17: compilado     37      12          4               8                 0
18: compilado     40       6          4               2                 0
    classificacao_incompleta peso_ausente percentuais_validos erro_mediano_pct
                       <int>        <int>               <int>            <num>
 1:                        0            0                   6         99.99484
 2:                        0            0                   4         99.99510
 3:                        0            0                  26        100.00000
 4:                        0            0                   6         99.99520
 5:                        0            0                  12        100.00000
 6:                        0            0                   6         99.99447
 7:                        0            0                   6         99.99807
 8:                        0            0                   4         99.99894
 9:                        0            0                  26        100.00000
10:                        0            0                   6         99.99893
11:                        0            0                  12        100.00000
12:                        0            0                   6         99.99872
13:                        0            0                   6         99.99960
14:                        0            0                   4         99.99976
15:                        0            0                  26        100.00000
16:                        0            0                   6         99.99976
17:                        0            0                  12        100.00000
18:                        0            0                   6         99.99972
    erro_max_pct
           <num>
 1:    100.00000
 2:     99.99526
 3:    100.00000
 4:    100.00000
 5:    100.00000
 6:    100.00000
 7:    100.00000
 8:     99.99898
 9:    100.00000
10:    100.00000
11:    100.00000
12:    100.00000
13:    100.00000
14:     99.99976
15:    100.00000
16:    100.00000
17:    100.00000
18:    100.00000
Validating the 1960 compilation against the Serie Nacional
      amostra tabela celulas observadas sem_observacoes nao_reconstruidas
       <char>  <int>   <int>      <int>           <int>             <int>
 1:     1,27%      7       6          4               2                 0
 2:     1,27%     32       4          4               0                 0
 3:     1,27%     33      26          4              22                 0
 4:     1,27%     34       6          4               2                 0
 5:     1,27%     37      12          4               8                 0
 6:     1,27%     40       6          4               2                 0
 7:       25%      7       6          4               2                 0
 8:       25%     32       4          4               0                 0
 9:       25%     33      26          4              22                 0
10:       25%     34       6          4               2                 0
11:       25%     37      12          4               8                 0
12:       25%     40       6          4               2                 0
13: compilado      7       6          4               2                 0
14: compilado     32       4          4               0                 0
15: compilado     33      26          4              22                 0
16: compilado     34       6          4               2                 0
17: compilado     37      12          4               8                 0
18: compilado     40       6          4               2                 0
    classificacao_incompleta peso_ausente percentuais_validos erro_mediano_pct
                       <int>        <int>               <int>            <num>
 1:                        0            0                   6         99.99484
 2:                        0            0                   4         99.99510
 3:                        0            0                  26        100.00000
 4:                        0            0                   6         99.99520
 5:                        0            0                  12        100.00000
 6:                        0            0                   6         99.99447
 7:                        0            0                   6         99.99807
 8:                        0            0                   4         99.99894
 9:                        0            0                  26        100.00000
10:                        0            0                   6         99.99893
11:                        0            0                  12        100.00000
12:                        0            0                   6         99.99872
13:                        0            0                   6         99.99960
14:                        0            0                   4         99.99976
15:                        0            0                  26        100.00000
16:                        0            0                   6         99.99976
17:                        0            0                  12        100.00000
18:                        0            0                   6         99.99972
    erro_max_pct
           <num>
 1:    100.00000
 2:     99.99526
 3:    100.00000
 4:    100.00000
 5:    100.00000
 6:    100.00000
 7:    100.00000
 8:     99.99898
 9:    100.00000
10:    100.00000
11:    100.00000
12:    100.00000
13:    100.00000
14:     99.99976
15:    100.00000
16:    100.00000
17:    100.00000
18:    100.00000
Conferindo integridade da exportacao de 1960
RECUSOU:  familia aparece 
Validating the 1960 compilation against the Serie Nacional
      amostra tabela celulas observadas sem_observacoes nao_reconstruidas
       <char>  <int>   <int>      <int>           <int>             <int>
 1:     1,27%      7       6          4               2                 0
 2:     1,27%     32       4          4               0                 0
 3:     1,27%     33      26          4              22                 0
 4:     1,27%     34       6          4               2                 0
 5:     1,27%     37      12          4               8                 0
 6:     1,27%     40       6          4               2                 0
 7:       25%      7       6          4               2                 0
 8:       25%     32       4          4               0                 0
 9:       25%     33      26          4              22                 0
10:       25%     34       6          4               2                 0
11:       25%     37      12          4               8                 0
12:       25%     40       6          4               2                 0
13: compilado      7       6          4               2                 0
14: compilado     32       4          4               0                 0
15: compilado     33      26          4              22                 0
16: compilado     34       6          4               2                 0
17: compilado     37      12          4               8                 0
18: compilado     40       6          4               2                 0
    classificacao_incompleta peso_ausente percentuais_validos erro_mediano_pct
                       <int>        <int>               <int>            <num>
 1:                        0            0                   6         99.99484
 2:                        0            0                   4         99.99510
 3:                        0            0                  26        100.00000
 4:                        0            0                   6         99.99520
 5:                        0            0                  12        100.00000
 6:                        0            0                   6         99.99447
 7:                        0            0                   6         99.99807
 8:                        0            0                   4         99.99894
 9:                        0            0                  26        100.00000
10:                        0            0                   6         99.99893
11:                        0            0                  12        100.00000
12:                        0            0                   6         99.99872
13:                        0            0                   6         99.99960
14:                        0            0                   4         99.99976
15:                        0            0                  26        100.00000
16:                        0            0                   6         99.99976
17:                        0            0                  12        100.00000
18:                        0            0                   6         99.99972
    erro_max_pct
           <num>
 1:    100.00000
 2:     99.99526
 3:    100.00000
 4:    100.00000
 5:    100.00000
 6:    100.00000
 7:    100.00000
 8:     99.99898
 9:    100.00000
10:    100.00000
11:    100.00000
12:    100.00000
13:    100.00000
14:     99.99976
15:    100.00000
16:    100.00000
17:    100.00000
18:    100.00000
Validating the 1960 compilation against the Serie Nacional
      amostra tabela celulas observadas sem_observacoes nao_reconstruidas
       <char>  <int>   <int>      <int>           <int>             <int>
 1:     1,27%      7       6          0               0                 0
 2:     1,27%     32       4          4               0                 0
 3:     1,27%     33      26          4              22                 0
 4:     1,27%     34       6          4               2                 0
 5:     1,27%     37      12          4               8                 0
 6:     1,27%     40       6          4               2                 0
 7:       25%      7       6          4               2                 0
 8:       25%     32       4          4               0                 0
 9:       25%     33      26          4              22                 0
10:       25%     34       6          4               2                 0
11:       25%     37      12          4               8                 0
12:       25%     40       6          4               2                 0
13: compilado      7       6          0               0                 0
14: compilado     32       4          4               0                 0
15: compilado     33      26          4              22                 0
16: compilado     34       6          4               2                 0
17: compilado     37      12          4               8                 0
18: compilado     40       6          4               2                 0
    classificacao_incompleta peso_ausente percentuais_validos erro_mediano_pct
                       <int>        <int>               <int>            <num>
 1:                        6            0                   0               NA
 2:                        0            0                   4         99.99510
 3:                        0            0                  26        100.00000
 4:                        0            0                   6         99.99520
 5:                        0            0                  12        100.00000
 6:                        0            0                   6         99.99447
 7:                        0            0                   6         99.99807
 8:                        0            0                   4         99.99894
 9:                        0            0                  26        100.00000
10:                        0            0                   6         99.99893
11:                        0            0                  12        100.00000
12:                        0            0                   6         99.99872
13:                        6            0                   0               NA
14:                        0            0                   4         99.99976
15:                        0            0                  26        100.00000
16:                        0            0                   6         99.99976
17:                        0            0                  12        100.00000
18:                        0            0                   6         99.99972
    erro_max_pct
           <num>
 1:           NA
 2:     99.99526
 3:    100.00000
 4:    100.00000
 5:    100.00000
 6:    100.00000
 7:    100.00000
 8:     99.99898
 9:    100.00000
10:    100.00000
11:    100.00000
12:    100.00000
13:           NA
14:     99.99976
15:    100.00000
16:    100.00000
17:    100.00000
18:    100.00000
Conferindo integridade da exportacao de 1960
RECUSOU:  comparacoes nao calculadas 
Validating the 1960 compilation against the Serie Nacional
      amostra tabela celulas observadas sem_observacoes nao_reconstruidas
       <char>  <int>   <int>      <int>           <int>             <int>
 1:     1,27%      7       6          4               2                 0
 2:     1,27%     32       4          4               0                 0
 3:     1,27%     33      26          4              22                 0
 4:     1,27%     34       6          4               2                 0
 5:     1,27%     37      12          4               8                 0
 6:     1,27%     40       6          4               2                 0
 7:       25%      7       6          4               2                 0
 8:       25%     32       4          4               0                 0
 9:       25%     33      26          4              22                 0
10:       25%     34       6          4               2                 0
11:       25%     37      12          4               8                 0
12:       25%     40       6          4               2                 0
13: compilado      7       6          4               2                 0
14: compilado     32       4          4               0                 0
15: compilado     33      26          4              22                 0
16: compilado     34       6          4               2                 0
17: compilado     37      12          4               8                 0
18: compilado     40       6          4               2                 0
    classificacao_incompleta peso_ausente percentuais_validos erro_mediano_pct
                       <int>        <int>               <int>            <num>
 1:                        0            0                   6         99.99484
 2:                        0            0                   4         99.99510
 3:                        0            0                  26        100.00000
 4:                        0            0                   6         99.99520
 5:                        0            0                  12        100.00000
 6:                        0            0                   6         99.99447
 7:                        0            0                   6         99.99807
 8:                        0            0                   4         99.99894
 9:                        0            0                  26        100.00000
10:                        0            0                   6         99.99893
11:                        0            0                  12        100.00000
12:                        0            0                   6         99.99872
13:                        0            0                   6         99.99960
14:                        0            0                   4         99.99976
15:                        0            0                  26        100.00000
16:                        0            0                   6         99.99976
17:                        0            0                  12        100.00000
18:                        0            0                   6         99.99972
    erro_max_pct
           <num>
 1:    100.00000
 2:     99.99526
 3:    100.00000
 4:    100.00000
 5:    100.00000
 6:    100.00000
 7:    100.00000
 8:     99.99898
 9:    100.00000
10:    100.00000
11:    100.00000
12:    100.00000
13:    100.00000
14:     99.99976
15:    100.00000
16:    100.00000
17:    100.00000
18:    100.00000
Validating the 1960 compilation against the Serie Nacional
      amostra tabela celulas observadas sem_observacoes nao_reconstruidas
       <char>  <int>   <int>      <int>           <int>             <int>
 1:     1,27%      7       6          4               2                 0
 2:     1,27%     32       4          4               0                 0
 3:     1,27%     33      26          4              22                 0
 4:     1,27%     34       6          4               2                 0
 5:     1,27%     37      12          4               8                 0
 6:     1,27%     40       6          4               2                 0
 7:       25%      7       6          4               2                 0
 8:       25%     32       4          4               0                 0
 9:       25%     33      26          4              22                 0
10:       25%     34       6          4               2                 0
11:       25%     37      12          4               8                 0
12:       25%     40       6          4               2                 0
13: compilado      7       6          4               2                 0
14: compilado     32       4          4               0                 0
15: compilado     33      26          4              22                 0
16: compilado     34       6          4               2                 0
17: compilado     37      12          4               8                 0
18: compilado     40       6          4               2                 0
    classificacao_incompleta peso_ausente percentuais_validos erro_mediano_pct
                       <int>        <int>               <int>            <num>
 1:                        0            0                   6         99.99484
 2:                        0            0                   4         99.99510
 3:                        0            0                  26        100.00000
 4:                        0            0                   6         99.99520
 5:                        0            0                  12        100.00000
 6:                        0            0                   6         99.99447
 7:                        0            0                   6         99.99807
 8:                        0            0                   4         99.99894
 9:                        0            0                  26        100.00000
10:                        0            0                   6         99.99893
11:                        0            0                  12        100.00000
12:                        0            0                   6         99.99872
13:                        0            0                   6         99.99960
14:                        0            0                   4         99.99976
15:                        0            0                  26        100.00000
16:                        0            0                   6         99.99976
17:                        0            0                  12        100.00000
18:                        0            0                   6         99.99972
    erro_max_pct
           <num>
 1:    100.00000
 2:     99.99526
 3:    100.00000
 4:    100.00000
 5:    100.00000
 6:    100.00000
 7:    100.00000
 8:     99.99898
 9:    100.00000
10:    100.00000
11:    100.00000
12:    100.00000
13:    100.00000
14:     99.99976
15:    100.00000
16:    100.00000
17:    100.00000
18:    100.00000
Conferindo integridade da exportacao de 1960
RECUSOU:  dano ou vinculo 
Validating the 1960 compilation against the Serie Nacional
      amostra tabela celulas observadas sem_observacoes nao_reconstruidas
       <char>  <int>   <int>      <int>           <int>             <int>
 1:     1,27%      7       6          4               2                 0
 2:     1,27%     32       4          4               0                 0
 3:     1,27%     33      26          4              22                 0
 4:     1,27%     34       6          4               2                 0
 5:     1,27%     37      12          4               8                 0
 6:     1,27%     40       6          4               2                 0
 7:       25%      7       6          4               2                 0
 8:       25%     32       4          4               0                 0
 9:       25%     33      26          4              22                 0
10:       25%     34       6          4               2                 0
11:       25%     37      12          4               8                 0
12:       25%     40       6          4               2                 0
13: compilado      7       6          4               2                 0
14: compilado     32       4          4               0                 0
15: compilado     33      26          4              22                 0
16: compilado     34       6          4               2                 0
17: compilado     37      12          4               8                 0
18: compilado     40       6          4               2                 0
    classificacao_incompleta peso_ausente percentuais_validos erro_mediano_pct
                       <int>        <int>               <int>            <num>
 1:                        0            0                   6         99.99484
 2:                        0            0                   4         99.99510
 3:                        0            0                  26        100.00000
 4:                        0            0                   6         99.99520
 5:                        0            0                  12        100.00000
 6:                        0            0                   6         99.99447
 7:                        0            0                   6         99.99807
 8:                        0            0                   4         99.99894
 9:                        0            0                  26        100.00000
10:                        0            0                   6         99.99893
11:                        0            0                  12        100.00000
12:                        0            0                   6         99.99872
13:                        0            0                   6         99.99960
14:                        0            0                   4         99.99976
15:                        0            0                  26        100.00000
16:                        0            0                   6         99.99976
17:                        0            0                  12        100.00000
18:                        0            0                   6         99.99972
    erro_max_pct
           <num>
 1:    100.00000
 2:     99.99526
 3:    100.00000
 4:    100.00000
 5:    100.00000
 6:    100.00000
 7:    100.00000
 8:     99.99898
 9:    100.00000
10:    100.00000
11:    100.00000
12:    100.00000
13:    100.00000
14:     99.99976
15:    100.00000
16:    100.00000
17:    100.00000
18:    100.00000
Validating the 1960 compilation against the Serie Nacional
      amostra tabela celulas observadas sem_observacoes nao_reconstruidas
       <char>  <int>   <int>      <int>           <int>             <int>
 1:     1,27%      7       6          4               2                 0
 2:     1,27%     32       4          4               0                 0
 3:     1,27%     33      26          4              22                 0
 4:     1,27%     34       6          4               2                 0
 5:     1,27%     37      12          4               8                 0
 6:     1,27%     40       6          4               2                 0
 7:       25%      7       6          4               2                 0
 8:       25%     32       4          4               0                 0
 9:       25%     33      26          4              22                 0
10:       25%     34       6          4               2                 0
11:       25%     37      12          4               8                 0
12:       25%     40       6          4               2                 0
13: compilado      7       6          4               2                 0
14: compilado     32       4          4               0                 0
15: compilado     33      26          4              22                 0
16: compilado     34       6          4               2                 0
17: compilado     37      12          4               8                 0
18: compilado     40       6          4               2                 0
    classificacao_incompleta peso_ausente percentuais_validos erro_mediano_pct
                       <int>        <int>               <int>            <num>
 1:                        0            0                   6         99.99484
 2:                        0            0                   4         99.99510
 3:                        0            0                  26        100.00000
 4:                        0            0                   6         99.99520
 5:                        0            0                  12        100.00000
 6:                        0            0                   6         99.99447
 7:                        0            0                   6         99.99807
 8:                        0            0                   4         99.99894
 9:                        0            0                  26        100.00000
10:                        0            0                   6         99.99893
11:                        0            0                  12        100.00000
12:                        0            0                   6         99.99872
13:                        0            0                   6         99.99960
14:                        0            0                   4         99.99976
15:                        0            0                  26        100.00000
16:                        0            0                   6         99.99976
17:                        0            0                  12        100.00000
18:                        0            0                   6         99.99972
    erro_max_pct
           <num>
 1:    100.00000
 2:     99.99526
 3:    100.00000
 4:    100.00000
 5:    100.00000
 6:    100.00000
 7:    100.00000
 8:     99.99898
 9:    100.00000
10:    100.00000
11:    100.00000
12:    100.00000
13:    100.00000
14:     99.99976
15:    100.00000
16:    100.00000
17:    100.00000
18:    100.00000
Conferindo integridade da exportacao de 1960
RECUSOU:  dano ou vinculo 
Validating the 1960 compilation against the Serie Nacional
      amostra tabela celulas observadas sem_observacoes nao_reconstruidas
       <char>  <int>   <int>      <int>           <int>             <int>
 1:     1,27%      7       6          4               2                 0
 2:     1,27%     32       4          4               0                 0
 3:     1,27%     33      26          4              22                 0
 4:     1,27%     34       6          4               2                 0
 5:     1,27%     37      12          4               8                 0
 6:     1,27%     40       6          4               2                 0
 7:       25%      7       6          4               2                 0
 8:       25%     32       4          4               0                 0
 9:       25%     33      26          4              22                 0
10:       25%     34       6          4               2                 0
11:       25%     37      12          4               8                 0
12:       25%     40       6          4               2                 0
13: compilado      7       6          4               2                 0
14: compilado     32       4          4               0                 0
15: compilado     33      26          4              22                 0
16: compilado     34       6          4               2                 0
17: compilado     37      12          4               8                 0
18: compilado     40       6          4               2                 0
    classificacao_incompleta peso_ausente percentuais_validos erro_mediano_pct
                       <int>        <int>               <int>            <num>
 1:                        0            0                   6         99.99484
 2:                        0            0                   4         99.99510
 3:                        0            0                  26        100.00000
 4:                        0            0                   6         99.99520
 5:                        0            0                  12        100.00000
 6:                        0            0                   6         99.99447
 7:                        0            0                   6         99.99807
 8:                        0            0                   4         99.99894
 9:                        0            0                  26        100.00000
10:                        0            0                   6         99.99893
11:                        0            0                  12        100.00000
12:                        0            0                   6         99.99872
13:                        0            0                   6         99.99960
14:                        0            0                   4         99.99976
15:                        0            0                  26        100.00000
16:                        0            0                   6         99.99976
17:                        0            0                  12        100.00000
18:                        0            0                   6         99.99972
    erro_max_pct
           <num>
 1:    100.00000
 2:     99.99526
 3:    100.00000
 4:    100.00000
 5:    100.00000
 6:    100.00000
 7:    100.00000
 8:     99.99898
 9:    100.00000
10:    100.00000
11:    100.00000
12:    100.00000
13:    100.00000
14:     99.99976
15:    100.00000
16:    100.00000
17:    100.00000
18:    100.00000
Validating the 1960 compilation against the Serie Nacional
      amostra tabela celulas observadas sem_observacoes nao_reconstruidas
       <char>  <int>   <int>      <int>           <int>             <int>
 1:     1,27%      7       6          4               2                 0
 2:     1,27%     32       4          4               0                 0
 3:     1,27%     33      26          4              22                 0
 4:     1,27%     34       6          4               2                 0
 5:     1,27%     37      12          4               8                 0
 6:     1,27%     40       6          4               2                 0
 7:       25%      7       6          4               2                 0
 8:       25%     32       4          4               0                 0
 9:       25%     33      26          4              22                 0
10:       25%     34       6          4               2                 0
11:       25%     37      12          4               8                 0
12:       25%     40       6          4               2                 0
13: compilado      7       6          4               2                 0
14: compilado     32       4          4               0                 0
15: compilado     33      26          4              22                 0
16: compilado     34       6          4               2                 0
17: compilado     37      12          4               8                 0
18: compilado     40       6          4               2                 0
    classificacao_incompleta peso_ausente percentuais_validos erro_mediano_pct
                       <int>        <int>               <int>            <num>
 1:                        0            0                   6         99.99484
 2:                        0            0                   4         99.99510
 3:                        0            0                  26        100.00000
 4:                        0            0                   6         99.99520
 5:                        0            0                  12        100.00000
 6:                        0            0                   6         99.99447
 7:                        0            0                   6         99.99807
 8:                        0            0                   4         99.99894
 9:                        0            0                  26        100.00000
10:                        0            0                   6         99.99893
11:                        0            0                  12        100.00000
12:                        0            0                   6         99.99872
13:                        0            0                   6         99.99960
14:                        0            0                   4         99.99976
15:                        0            0                  26        100.00000
16:                        0            0                   6         99.99976
17:                        0            0                  12        100.00000
18:                        0            0                   6         99.99972
    erro_max_pct
           <num>
 1:    100.00000
 2:     99.99526
 3:    100.00000
 4:    100.00000
 5:    100.00000
 6:    100.00000
 7:    100.00000
 8:     99.99898
 9:    100.00000
10:    100.00000
11:    100.00000
12:    100.00000
13:    100.00000
14:     99.99976
15:    100.00000
16:    100.00000
17:    100.00000
18:    100.00000
Conferindo integridade da exportacao de 1960
RECUSOU:  dano ou vinculo 
Validating the 1960 compilation against the Serie Nacional
      amostra tabela celulas observadas sem_observacoes nao_reconstruidas
       <char>  <int>   <int>      <int>           <int>             <int>
 1:     1,27%      7       6          4               2                 0
 2:     1,27%     32       4          4               0                 0
 3:     1,27%     33      26          4              22                 0
 4:     1,27%     34       6          4               2                 0
 5:     1,27%     37      12          4               8                 0
 6:     1,27%     40       6          4               2                 0
 7:       25%      7       6          4               2                 0
 8:       25%     32       4          4               0                 0
 9:       25%     33      26          4              22                 0
10:       25%     34       6          4               2                 0
11:       25%     37      12          4               8                 0
12:       25%     40       6          4               2                 0
13: compilado      7       6          4               2                 0
14: compilado     32       4          4               0                 0
15: compilado     33      26          4              22                 0
16: compilado     34       6          4               2                 0
17: compilado     37      12          4               8                 0
18: compilado     40       6          4               2                 0
    classificacao_incompleta peso_ausente percentuais_validos erro_mediano_pct
                       <int>        <int>               <int>            <num>
 1:                        0            0                   6         99.99484
 2:                        0            0                   4         99.99510
 3:                        0            0                  26        100.00000
 4:                        0            0                   6         99.99520
 5:                        0            0                  12        100.00000
 6:                        0            0                   6         99.99447
 7:                        0            0                   6         99.99807
 8:                        0            0                   4         99.99894
 9:                        0            0                  26        100.00000
10:                        0            0                   6         99.99893
11:                        0            0                  12        100.00000
12:                        0            0                   6         99.99872
13:                        0            0                   6         99.99960
14:                        0            0                   4         99.99976
15:                        0            0                  26        100.00000
16:                        0            0                   6         99.99976
17:                        0            0                  12        100.00000
18:                        0            0                   6         99.99972
    erro_max_pct
           <num>
 1:    100.00000
 2:     99.99526
 3:    100.00000
 4:    100.00000
 5:    100.00000
 6:    100.00000
 7:    100.00000
 8:     99.99898
 9:    100.00000
10:    100.00000
11:    100.00000
12:    100.00000
13:    100.00000
14:     99.99976
15:    100.00000
16:    100.00000
17:    100.00000
18:    100.00000
Validating the 1960 compilation against the Serie Nacional
      amostra tabela celulas observadas sem_observacoes nao_reconstruidas
       <char>  <int>   <int>      <int>           <int>             <int>
 1:     1,27%      7       6          4               2                 0
 2:     1,27%     32       4          4               0                 0
 3:     1,27%     33      26          4              22                 0
 4:     1,27%     34       6          4               2                 0
 5:     1,27%     37      12          4               8                 0
 6:     1,27%     40       6          4               2                 0
 7:       25%      7       6          4               2                 0
 8:       25%     32       4          4               0                 0
 9:       25%     33      26          4              22                 0
10:       25%     34       6          4               2                 0
11:       25%     37      12          4               8                 0
12:       25%     40       6          4               2                 0
13: compilado      7       6          4               2                 0
14: compilado     32       4          4               0                 0
15: compilado     33      26          4              22                 0
16: compilado     34       6          4               2                 0
17: compilado     37      12          4               8                 0
18: compilado     40       6          4               2                 0
    classificacao_incompleta peso_ausente percentuais_validos erro_mediano_pct
                       <int>        <int>               <int>            <num>
 1:                        0            0                   6         99.99484
 2:                        0            0                   4         99.99510
 3:                        0            0                  26        100.00000
 4:                        0            0                   6         99.99520
 5:                        0            0                  12        100.00000
 6:                        0            0                   6         99.99447
 7:                        0            0                   6         99.99807
 8:                        0            0                   4         99.99894
 9:                        0            0                  26        100.00000
10:                        0            0                   6         99.99893
11:                        0            0                  12        100.00000
12:                        0            0                   6         99.99872
13:                        0            0                   6         99.99960
14:                        0            0                   4         99.99976
15:                        0            0                  26        100.00000
16:                        0            0                   6         99.99976
17:                        0            0                  12        100.00000
18:                        0            0                   6         99.99972
    erro_max_pct
           <num>
 1:    100.00000
 2:     99.99526
 3:    100.00000
 4:    100.00000
 5:    100.00000
 6:    100.00000
 7:    100.00000
 8:     99.99898
 9:    100.00000
10:    100.00000
11:    100.00000
12:    100.00000
13:    100.00000
14:     99.99976
15:    100.00000
16:    100.00000
17:    100.00000
18:    100.00000
Conferindo integridade da exportacao de 1960
RECUSOU:  Colunas compiladas 
Validating the 1960 compilation against the Serie Nacional
      amostra tabela celulas observadas sem_observacoes nao_reconstruidas
       <char>  <int>   <int>      <int>           <int>             <int>
 1:     1,27%      7       6          4               2                 0
 2:     1,27%     32       4          4               0                 0
 3:     1,27%     33      26          4              22                 0
 4:     1,27%     34       6          4               2                 0
 5:     1,27%     37      12          4               8                 0
 6:     1,27%     40       6          4               2                 0
 7:       25%      7       6          4               2                 0
 8:       25%     32       4          4               0                 0
 9:       25%     33      26          4              22                 0
10:       25%     34       6          4               2                 0
11:       25%     37      12          4               8                 0
12:       25%     40       6          4               2                 0
13: compilado      7       6          4               2                 0
14: compilado     32       4          4               0                 0
15: compilado     33      26          4              22                 0
16: compilado     34       6          4               2                 0
17: compilado     37      12          4               8                 0
18: compilado     40       6          4               2                 0
    classificacao_incompleta peso_ausente percentuais_validos erro_mediano_pct
                       <int>        <int>               <int>            <num>
 1:                        0            0                   6         99.99484
 2:                        0            0                   4         99.99510
 3:                        0            0                  26        100.00000
 4:                        0            0                   6         99.99520
 5:                        0            0                  12        100.00000
 6:                        0            0                   6         99.99447
 7:                        0            0                   6         99.99807
 8:                        0            0                   4         99.99894
 9:                        0            0                  26        100.00000
10:                        0            0                   6         99.99893
11:                        0            0                  12        100.00000
12:                        0            0                   6         99.99872
13:                        0            0                   6         99.99960
14:                        0            0                   4         99.99976
15:                        0            0                  26        100.00000
16:                        0            0                   6         99.99976
17:                        0            0                  12        100.00000
18:                        0            0                   6         99.99972
    erro_max_pct
           <num>
 1:    100.00000
 2:     99.99526
 3:    100.00000
 4:    100.00000
 5:    100.00000
 6:    100.00000
 7:    100.00000
 8:     99.99898
 9:    100.00000
10:    100.00000
11:    100.00000
12:    100.00000
13:    100.00000
14:     99.99976
15:    100.00000
16:    100.00000
17:    100.00000
18:    100.00000
PASSOU: exportacao, releitura, grade completa, dependencias e  30  recusas tecnicas.

Exit code: 0 hex: 0x0
