uf60,nome_uf60,cod60,nome,code_state_2010,code_muni_2010,zona_fisiografica,pop_total,pop_urbana,pop_rural,fonte_pop
0,Território de Rondônia,10,Guajará-Mirim,11,1100106,1,19734,8018,11716,AEB
0,Território de Rondônia,11,Porto Velho,11,1100205,1,51049,22824,28225,AEB
1,Estado do Acre,110,Brasiléia,12,1200104,11,10535,1852,8683,AEB
1,Estado do Acre,111,Rio Branco,12,1200401,11,47882,18147,29735,AEB
1,Estado do Acre,112,Sena Madureira,12,1200500,11,22486,2196,20290,AEB
1,Estado do Acre,113,Xapuri,12,1200708,11,13382,2000,11382,AEB
1,Estado do Acre,120,Cruzeiro do Sul,12,1200203,12,31639,5766,25873,AEB
1,Estado do Acre,121,Feijó,12,1200302,12,14091,1628,12463,AEB
1,Estado do Acre,122,Tarauacá,12,1200609,12,20193,2409,17784,AEB
2,Estado do Amazonas,210,Barreirinha,13,1300508,21,10632,1454,9178,AEB
2,Estado do Amazonas,211,Itacoatiara,13,1301902,21,25899,9013,16886,AEB
2,Estado do Amazonas,212,Itapiranga,13,1302009,21,2247,477,1770,AEB
2,Estado do Amazonas,213,Maués,13,1302900,21,20021,4161,15860,AEB
2,Estado do Amazonas,214,Nhamundá,13,1303007,21,10184,287,9897,AEB
2,Estado do Amazonas,215,Nova Olinda do Norte,13,1303106,21,8868,2701,6167,AEB
2,Estado do Amazonas,216,Parintins,13,1303403,21,28080,9068,19012,AEB
2,Estado do Amazonas,217,Silves,13,1304005,21,3329,537,2792,AEB
2,Estado do Amazonas,218,Urucará,13,1304302,21,5151,1203,3948,AEB
2,Estado do Amazonas,219,Urucurituba,13,1304401,21,9098,520,8578,AEB
2,Estado do Amazonas,230,Autazes,13,1300300,23,14458,1912,12546,AEB
2,Estado do Amazonas,231,Borba,13,1300805,23,19819,1963,17856,AEB
2,Estado do Amazonas,232,Humaitá,13,1301704,23,14721,1192,13529,AEB
2,Estado do Amazonas,233,Manicoré,13,1302702,23,18969,2268,16701,AEB
2,Estado do Amazonas,234,Novo Aripuanã,13,1303304,23,6360,1329,5031,AEB
2,Estado do Amazonas,240,Airão,13,1303205,24,5021,266,4755,AEB
2,Estado do Amazonas,241,Barcelos,13,1300409,24,12250,1626,10624,AEB
2,Estado do Amazonas,242,Careiro,13,1301100,24,33585,212,33373,AEB
2,Estado do Amazonas,243,Ilha Grande,13,1303601,24,4111,675,3436,AEB
2,Estado do Amazonas,244,Manaus,13,1302603,24,175343,154040,21303,AEB
2,Estado do Amazonas,245,Uaupés,13,1303809,24,13709,1381,12328,AEB
2,Estado do Amazonas,250,Anori,13,1300102,25,9021,3984,5037,AEB
2,Estado do Amazonas,251,Coari,13,1301209,25,23376,5908,17468,AEB
2,Estado do Amazonas,252,Codajás,13,1301308,25,9811,1505,8306,AEB
2,Estado do Amazonas,253,Japurá,13,1302108,25,3011,70,2941,AEB
2,Estado do Amazonas,254,Manacapuru,13,1302504,25,41981,5053,36928,AEB
2,Estado do Amazonas,255,Maraã,13,1302801,25,7206,717,6489,AEB
2,Estado do Amazonas,256,Tefé,13,1304203,25,15830,5308,10522,AEB
2,Estado do Amazonas,260,Boca do Acre,13,1300706,26,18356,3337,15019,AEB
2,Estado do Amazonas,261,Canutama,13,1300904,26,6651,977,5674,AEB
2,Estado do Amazonas,262,Lábrea,13,1302405,26,16556,2173,14383,AEB
2,Estado do Amazonas,263,Pauini,13,1303502,26,10284,469,9815,AEB
2,Estado do Amazonas,264,Tapauá,13,1304104,26,8024,271,7753,AEB
2,Estado do Amazonas,270,Carauari,13,1301001,27,14180,1345,12835,AEB
2,Estado do Amazonas,271,Eirunepé,13,1301407,27,9008,3023,5985,AEB
2,Estado do Amazonas,272,Envira,13,1301506,27,11046,24,11022,AEB
2,Estado do Amazonas,273,Ipixuna,13,1301803,27,10192,311,9881,AEB
2,Estado do Amazonas,274,Juruá,13,1302207,27,7732,186,7546,AEB
2,Estado do Amazonas,280,Atalaia do Norte,13,1300201,28,5100,530,4570,AEB
2,Estado do Amazonas,281,Benjamin Constant,13,1300607,28,11209,3224,7985,AEB
2,Estado do Amazonas,282,Fonte Boa,13,1301605,28,14743,1154,13589,AEB
2,Estado do Amazonas,283,Jutaí,13,1302306,28,1496,60,1436,AEB
2,Estado do Amazonas,284,Santo Antônio do Içá,13,1303700,28,8412,1346,7066,AEB
2,Estado do Amazonas,285,São Paulo de Olivença,13,1303908,28,16135,2399,13736,AEB
3,Território de Roraima,310,Boa Vista,14,1400100,31,26168,11785,14383,AEB
3,Território de Roraima,320,Caracaraí,14,1400209,32,3321,932,2389,AEB
4,Estado do Pará,410,Curuçá,15,1502905,41,20366,5549,14817,AEB
4,Estado do Pará,411,Maracanã,15,1504307,41,19110,5029,14081,AEB
4,Estado do Pará,412,Marapanim,15,1504406,41,20381,6094,14287,AEB
4,Estado do Pará,413,Salinópolis,15,1506203,41,18505,5873,12632,AEB
4,Estado do Pará,414,São Caetano de Odivelas,15,1507102,41,11425,2919,8506,AEB
4,Estado do Pará,415,Vigia,15,1508209,41,28920,9587,19333,AEB
4,Estado do Pará,420,Viseu,15,1508308,42,27975,6060,21915,AEB
4,Estado do Pará,430,Afuá,15,1500305,43,15197,659,14538,AEB
4,Estado do Pará,431,Anajás,15,1500701,43,8906,182,8724,AEB
4,Estado do Pará,432,Breves,15,1501808,43,32613,2710,29903,AEB
4,Estado do Pará,433,Cachoeira do Arari,15,1502004,43,9705,2532,7173,AEB
4,Estado do Pará,434,Chaves,15,1502509,43,16978,478,16500,AEB
4,Estado do Pará,435,Curralinho,15,1502806,43,8754,849,7905,AEB
4,Estado do Pará,436,Gurupá,15,1503101,43,13962,1031,12931,AEB
4,Estado do Pará,437,Muaná,15,1504901,43,12775,810,11965,AEB
4,Estado do Pará,438,Ponta de Pedras,15,1505700,43,15757,2344,13413,AEB
4,Estado do Pará,439,São Sebastião da Boa Vista,15,1507706,43,9112,922,8190,AEB
4,Estado do Pará,440,Soure,15,1507904,44,20700,9154,11546,AEB
4,Estado do Pará,450,Itupiranga,15,1503705,45,4365,1556,2809,AEB
4,Estado do Pará,451,Marabá,15,1504208,45,20332,8963,11369,AEB
4,Estado do Pará,460,Conceição do Araguaia,15,1502707,46,11451,2887,8564,AEB
4,Estado do Pará,470,Altamira,15,1500602,47,12090,3118,8972,AEB
4,Estado do Pará,480,Alenquer,15,1500404,48,28549,7724,20825,AEB
4,Estado do Pará,481,Almeirim,15,1500503,48,7379,2426,4953,AEB
4,Estado do Pará,482,Faro,15,1503002,48,7162,2472,4690,AEB
4,Estado do Pará,483,Juruti,15,1503903,48,16110,1868,14242,AEB
4,Estado do Pará,484,Monte Alegre,15,1504802,48,19033,3911,15122,AEB
4,Estado do Pará,485,Óbidos,15,1505106,48,20593,5901,14692,AEB
4,Estado do Pará,486,Oriximiná,15,1505304,48,15152,3974,11178,AEB
4,Estado do Pará,487,Porto de Moz,15,1505908,48,6859,971,5888,AEB
4,Estado do Pará,488,Prainha,15,1506005,48,8725,865,7860,AEB
4,Estado do Pará,489,Santarém,15,1506807,48,93151,32615,60536,AEB
4,Estado do Pará,510,Itaituba,15,1503606,51,13793,1493,12300,AEB
4,Estado do Pará,520,Baião,15,1501204,52,7784,2548,5236,AEB
4,Estado do Pará,521,Cametá,15,1502103,52,56250,7863,48387,AEB
4,Estado do Pará,522,Mocajuba,15,1504604,52,7767,1391,6376,AEB
4,Estado do Pará,523,Tucuruí,15,1508100,52,5788,3558,2230,AEB
4,Estado do Pará,530,Oeiras do Pará,15,1505205,53,10544,627,9917,AEB
4,Estado do Pará,531,Portel,15,1505809,53,16083,2002,14081,AEB
4,Estado do Pará,540,Ananindeua,15,1500800,54,20478,3381,17097,AEB
4,Estado do Pará,541,Anhanga,15,1507409,54,7478,1362,6116,AEB
4,Estado do Pará,542,Belém,15,1501402,54,402170,380667,21503,AEB
4,Estado do Pará,543,Bragança,15,1501709,54,69005,17920,51085,AEB
4,Estado do Pará,544,Capanema,15,1502202,54,36109,14617,21492,AEB
4,Estado do Pará,545,Castanhal,15,1502400,54,21618,10224,11394,AEB
4,Estado do Pará,546,Igarapé-Açu,15,1503200,54,21315,5176,16139,AEB
4,Estado do Pará,547,Inhangapi,15,1503408,54,5879,244,5635,AEB
4,Estado do Pará,548,Santa Isabel do Pará,15,1506500,54,14880,4857,10023,AEB
4,Estado do Pará,549,Nova Timboteua,15,1505007,54,17630,3235,14395,AEB
4,Estado do Pará,560,Abaetetuba,15,1500107,56,45080,11703,33377,AEB
4,Estado do Pará,561,Acará,15,1500206,56,18664,1739,16925,AEB
4,Estado do Pará,562,Barcarena,15,1501303,56,14795,551,14244,AEB
4,Estado do Pará,563,Bujaru,15,1501907,56,13473,1010,12463,AEB
4,Estado do Pará,564,Capim,15,1507201,56,16008,428,15580,AEB
4,Estado do Pará,565,Guamá,15,1507607,56,23082,3586,19496,AEB
4,Estado do Pará,566,Igarapé-Miri,15,1503309,56,24875,3706,21169,AEB
4,Estado do Pará,567,Tomé-Açu,15,1508001,56,7808,1130,6678,AEB
4,Estado do Pará,568,Irituia,15,1503507,56,20038,853,19185,AEB
4,Estado do Pará,569,Moju,15,1504703,56,15150,636,14514,AEB
4,Estado do Pará,570,Ourém,15,1505403,57,35299,2132,33167,AEB
6,Território do Amapá,610,Mazagão,16,1600402,61,7658,1485,6173,AEB
6,Território do Amapá,620,Amapá,16,1600105,62,8004,2180,5824,AEB
6,Território do Amapá,621,Calçoene,16,1600204,62,2353,953,1400,AEB
6,Território do Amapá,622,Macapá,16,1600303,62,46905,28845,18060,AEB
6,Território do Amapá,630,Oiapoque,16,1600501,63,3969,1927,2042,AEB
10,Estado do Maranhão,1010,Alcântara,21,2100204,101,16177,1830,14347,AEB
10,Estado do Maranhão,1011,Bequimão,21,2101905,101,13272,958,12314,AEB
10,Estado do Maranhão,1012,Cururupu,21,2103703,101,46904,4822,42082,AEB
10,Estado do Maranhão,1013,Guimarães,21,2104909,101,29110,3013,26097,AEB
10,Estado do Maranhão,1014,Ribamar,21,2111201,101,21119,7616,13503,AEB
10,Estado do Maranhão,1015,São Luís,21,2111300,101,159628,139075,20553,AEB
10,Estado do Maranhão,1020,Anajatuba,21,2100709,102,18892,2005,16887,AEB
10,Estado do Maranhão,1021,Cajapió,21,2102408,102,9756,2181,7575,AEB
10,Estado do Maranhão,1022,Cajari,21,2102507,102,11030,1431,9599,AEB
10,Estado do Maranhão,1023,Matinha,21,2106508,102,13456,1971,11485,AEB
10,Estado do Maranhão,1024,Penalva,21,2108306,102,18743,5339,13404,AEB
10,Estado do Maranhão,1025,Peri Mirim,21,2108405,102,12749,1883,10866,AEB
10,Estado do Maranhão,1026,Pinheiro,21,2108603,102,49013,6634,42379,AEB
10,Estado do Maranhão,1027,Rosário,21,2109601,102,31825,6999,24826,AEB
10,Estado do Maranhão,1028,Santa Helena,21,2109809,102,9977,1025,8952,AEB
10,Estado do Maranhão,1029,São Bento,21,2110500,102,36304,7094,29210,AEB
10,Estado do Maranhão,1030,São João Batista,21,2111003,103,20356,1974,18382,AEB
10,Estado do Maranhão,1031,São Vicente Ferrer,21,2111706,103,13350,1095,12255,AEB
10,Estado do Maranhão,1032,Viana,21,2112803,103,31429,5385,26044,AEB
10,Estado do Maranhão,1040,Arari,21,2101004,104,16340,4429,11911,AEB
10,Estado do Maranhão,1041,Bacabal,21,2101202,104,108509,15531,92978,AEB
10,Estado do Maranhão,1042,Ipixuna,21,2111409,104,54928,2256,52672,AEB
10,Estado do Maranhão,1043,Lago da Pedra,21,2105708,104,35172,1723,33449,AEB
10,Estado do Maranhão,1044,Pedreiras,21,2108207,104,99459,13934,85525,AEB
10,Estado do Maranhão,1045,Pio XII,21,2108702,104,36926,2118,34808,AEB
10,Estado do Maranhão,1046,Vitória do Mearim,21,2112902,104,28081,1782,26299,AEB
10,Estado do Maranhão,1047,Vitorino Freire,21,2113009,104,79106,4823,74283,AEB
10,Estado do Maranhão,1050,Cândido Mendes,21,2102606,105,10329,3601,6728,AEB
10,Estado do Maranhão,1051,Carutapera,21,2102903,105,13320,4538,8782,AEB
10,Estado do Maranhão,1052,Turiaçu,21,2112407,105,17658,1826,15832,AEB
10,Estado do Maranhão,1060,Monção,21,2106904,106,36479,1132,35347,AEB
10,Estado do Maranhão,1061,Pindaré-Mirim,21,2108504,106,84863,8952,75911,AEB
10,Estado do Maranhão,1070,Araioses,21,2100907,107,31115,2173,28942,AEB
10,Estado do Maranhão,1071,Axixá,21,2101103,107,12872,844,12028,AEB
10,Estado do Maranhão,1072,Barreirinhas,21,2101707,107,20239,2184,18055,AEB
10,Estado do Maranhão,1073,Humberto de Campos,21,2105005,107,13002,1510,11492,AEB
10,Estado do Maranhão,1074,Icatu,21,2105104,107,14691,1967,12724,AEB
10,Estado do Maranhão,1075,Morros,21,2107100,107,14639,1887,12752,AEB
10,Estado do Maranhão,1076,Primeira Cruz,21,2109403,107,15047,3751,11296,AEB
10,Estado do Maranhão,1077,Tutóia,21,2112506,107,25865,5436,20429,AEB
10,Estado do Maranhão,1080,Brejo,21,2102101,108,23810,3371,20439,AEB
10,Estado do Maranhão,1081,Buriti,21,2102200,108,19048,1951,17097,AEB
10,Estado do Maranhão,1082,Chapadinha,21,2103208,108,39742,3698,36044,AEB
10,Estado do Maranhão,1083,Coelho Neto,21,2103406,108,25920,1065,24855,AEB
10,Estado do Maranhão,1084,Duque Bacelar,21,2103901,108,14588,1393,13195,AEB
10,Estado do Maranhão,1085,Magalhães de Almeida,21,2106300,108,8575,2577,5998,AEB
10,Estado do Maranhão,1086,Santa Quitéria do Maranhão,21,2110104,108,13239,1306,11933,AEB
10,Estado do Maranhão,1087,São Bernardo,21,2110609,108,17487,1154,16333,AEB
10,Estado do Maranhão,1088,Urbano Santos,21,2112605,108,12910,1100,11810,AEB
10,Estado do Maranhão,1090,Barão de Grajaú,21,2101509,109,9221,1946,7275,AEB
10,Estado do Maranhão,1091,Matões,21,2106607,109,16448,903,15545,AEB
10,Estado do Maranhão,1092,Parnarama,21,2107803,109,19390,1876,17514,AEB
10,Estado do Maranhão,1093,São Francisco do Maranhão,21,2110906,109,11279,844,10435,AEB
10,Estado do Maranhão,1094,São João dos Patos,21,2111102,109,13229,2590,10639,AEB
10,Estado do Maranhão,1095,Timon,21,2112209,109,29407,7547,21860,AEB
10,Estado do Maranhão,1110,Alto Parnaíba,21,2100501,111,11749,1411,10338,AEB
10,Estado do Maranhão,1111,Balsas,21,2101400,111,16845,4690,12155,AEB
10,Estado do Maranhão,1112,Benedito Leite,21,2101806,111,8917,345,8572,AEB
10,Estado do Maranhão,1113,Loreto,21,2106102,111,12273,980,11293,AEB
10,Estado do Maranhão,1114,Nova Iorque,21,2107308,111,4346,797,3549,AEB
10,Estado do Maranhão,1115,Paraibano,21,2107704,111,8550,1818,6732,AEB
10,Estado do Maranhão,1116,Pastos Bons,21,2108009,111,11419,1606,9813,AEB
10,Estado do Maranhão,1117,Riachão,21,2109502,111,22222,2237,19985,AEB
10,Estado do Maranhão,1118,Sambaíba,21,2109700,111,5320,533,4787,AEB
10,Estado do Maranhão,1119,São Raimundo das Mangabeiras,21,2111607,111,10826,1736,9090,AEB
10,Estado do Maranhão,1130,Buriti Bravo,21,2102309,113,12215,2459,9756,AEB
10,Estado do Maranhão,1131,Cantanhede,21,2102705,113,14121,1707,12414,AEB
10,Estado do Maranhão,1132,Caxias,21,2103000,113,129271,19092,110179,AEB
10,Estado do Maranhão,1133,Codó,21,2103307,113,71781,11468,60313,AEB
10,Estado do Maranhão,1134,Colinas,21,2103505,113,25633,2972,22661,AEB
10,Estado do Maranhão,1135,Coroatá,21,2103604,113,64865,8342,56523,AEB
10,Estado do Maranhão,1136,Dom Pedro,21,2103802,113,19810,2822,16988,AEB
10,Estado do Maranhão,1137,Gonçalves Dias,21,2104404,113,14265,2499,11766,AEB
10,Estado do Maranhão,1138,Itapecuru Mirim,21,2105401,113,32920,3385,29535,AEB
10,Estado do Maranhão,1139,Passagem Franca,21,2107902,113,19540,1703,17837,AEB
10,Estado do Maranhão,1140,Pirapemas,21,2108801,114,11124,2689,8435,AEB
10,Estado do Maranhão,1141,São Benedito do Rio Preto,21,2110401,114,9806,1341,8465,AEB
10,Estado do Maranhão,1142,São Domingos do Maranhão,21,2110708,114,27573,3966,23607,AEB
10,Estado do Maranhão,1143,Timbiras,21,2112100,114,17650,1462,16188,AEB
10,Estado do Maranhão,1144,Vargem Grande,21,2112704,114,35114,2843,32271,AEB
10,Estado do Maranhão,1150,Amarante do Maranhão,21,2100600,115,9373,1662,7711,AEB
10,Estado do Maranhão,1151,Barra do Corda,21,2101608,115,45490,5034,40456,AEB
10,Estado do Maranhão,1152,Esperantinópolis,21,2104008,115,21355,1215,20140,AEB
10,Estado do Maranhão,1153,Grajaú,21,2104800,115,25668,3379,22289,AEB
10,Estado do Maranhão,1154,Mirador,21,2106706,115,21703,1386,20317,AEB
10,Estado do Maranhão,1155,Presidente Dutra,21,2109106,115,29901,3349,26552,AEB
10,Estado do Maranhão,1156,Tuntum,21,2112308,115,27250,4215,23035,AEB
10,Estado do Maranhão,1160,Imperatriz,21,2105302,116,39331,9004,30327,AEB
10,Estado do Maranhão,1161,Montes Altos,21,2107001,116,8731,682,8049,AEB
10,Estado do Maranhão,1170,Carolina,21,2102804,117,27223,9882,17341,AEB
10,Estado do Maranhão,1171,Porto Franco,21,2109007,117,11936,1750,10186,AEB
12,Estado do Piauí,1210,Corrente,22,2202901,121,12430,2214,10216,AEB
12,Estado do Piauí,1211,Curimatá,22,2203206,121,10529,397,10132,AEB
12,Estado do Piauí,1212,Gilbués,22,2204402,121,9334,588,8746,AEB
12,Estado do Piauí,1213,Monte Alegre do Piauí,22,2206605,121,7550,2574,4976,AEB
12,Estado do Piauí,1214,Parnaguá,22,2207603,121,5537,508,5029,AEB
12,Estado do Piauí,1220,Bertolínia,22,2201705,122,8034,714,7320,AEB
12,Estado do Piauí,1221,Bom Jesus,22,2201903,122,14173,1431,12742,AEB
12,Estado do Piauí,1222,Cristino Castro,22,2203107,122,7514,782,6732,AEB
12,Estado do Piauí,1223,Eliseu Martins,22,2203602,122,3419,459,2960,AEB
12,Estado do Piauí,1224,Guadalupe,22,2204501,122,7598,596,7002,AEB
12,Estado do Piauí,1225,Jerumenha,22,2205300,122,6241,1473,4768,AEB
12,Estado do Piauí,1226,Landri Sales,22,2205607,122,3751,849,2902,AEB
12,Estado do Piauí,1227,Ribeiro Gonçalves,22,2208908,122,8100,808,7292,AEB
12,Estado do Piauí,1228,Santa Filomena,22,2209203,122,5030,652,4378,AEB
12,Estado do Piauí,1229,Uruçuí,22,2211209,122,11153,2253,8900,AEB
12,Estado do Piauí,1230,Canto do Buriti,22,2202307,123,14388,1636,12752,AEB
12,Estado do Piauí,1231,Caracol,22,2202505,123,10709,1381,9328,AEB
12,Estado do Piauí,1232,Conceição do Canindé,22,2202802,123,8169,426,7743,AEB
12,Estado do Piauí,1233,Fronteiras,22,2204303,123,13327,1320,12007,AEB
12,Estado do Piauí,1234,Itainópolis,22,2205003,123,8931,694,8237,AEB
12,Estado do Piauí,1235,Jaicós,22,2205201,123,22332,1308,21024,AEB
12,Estado do Piauí,1236,Monsenhor Hipólito,22,2206506,123,2953,661,2292,AEB
12,Estado do Piauí,1237,Oeiras,22,2207009,123,40306,6098,34208,AEB
12,Estado do Piauí,1238,Paulistana,22,2207801,123,15121,1105,14016,AEB
12,Estado do Piauí,1239,Picos,22,2208007,123,50102,8176,41926,AEB
12,Estado do Piauí,1240,Pio IX,22,2208205,124,11430,987,10443,AEB
12,Estado do Piauí,1241,Santa Cruz do Piauí,22,2209104,124,6215,794,5421,AEB
12,Estado do Piauí,1242,São Francisco do Piauí,22,2209708,124,5077,495,4582,AEB
12,Estado do Piauí,1243,São João do Piauí,22,2210003,124,27453,2688,24765,AEB
12,Estado do Piauí,1244,São José do Peixe,22,2210102,124,3929,636,3293,AEB
12,Estado do Piauí,1245,São Raimundo Nonato,22,2210607,124,33149,3873,29276,AEB
12,Estado do Piauí,1246,Simões,22,2210706,124,9888,720,9168,AEB
12,Estado do Piauí,1247,Simplício Mendes,22,2210805,124,18053,1682,16371,AEB
12,Estado do Piauí,1250,Buriti dos Lopes,22,2202000,125,31104,1812,29292,AEB
12,Estado do Piauí,1251,Luís Correia,22,2205706,125,14808,1523,13285,AEB
12,Estado do Piauí,1252,Parnaíba,22,2207702,125,63496,39951,23545,AEB
12,Estado do Piauí,1260,Castelo do Piauí,22,2202604,126,23711,1185,22526,AEB
12,Estado do Piauí,1261,Cocal,22,2202703,126,13889,1846,12043,AEB
12,Estado do Piauí,1262,Elesbão Veloso,22,2203503,126,11857,2284,9573,AEB
12,Estado do Piauí,1263,Inhuma,22,2204709,126,8121,1323,6798,AEB
12,Estado do Piauí,1264,Pedro II,22,2207900,126,25922,3160,22762,AEB
12,Estado do Piauí,1265,Pimenteiras,22,2208106,126,6634,698,5936,AEB
12,Estado do Piauí,1266,Piracuruca,22,2208304,126,19621,4320,15301,AEB
12,Estado do Piauí,1267,São Félix do Piauí,22,2209609,126,5933,456,5477,AEB
12,Estado do Piauí,1268,São Miguel do Tapuio,22,2210409,126,15749,776,14973,AEB
12,Estado do Piauí,1269,Valença do Piauí,22,2211308,126,32852,3046,29806,AEB
12,Estado do Piauí,1270,Alto Longá,22,2200301,127,13360,784,12576,AEB
12,Estado do Piauí,1271,Barras,22,2201200,127,31735,3388,28347,AEB
12,Estado do Piauí,1272,Batalha,22,2201507,127,16442,1559,14883,AEB
12,Estado do Piauí,1273,Campo Maior,22,2202208,127,56627,13939,42688,AEB
12,Estado do Piauí,1274,Capitão de Campos,22,2202406,127,6843,1565,5278,AEB
12,Estado do Piauí,1275,Piripiri,22,2208403,127,29525,9635,19890,AEB
12,Estado do Piauí,1280,Esperantina,22,2203701,128,17207,3727,13480,AEB
12,Estado do Piauí,1281,Luzilândia,22,2205805,128,20273,3434,16839,AEB
12,Estado do Piauí,1282,Matias Olímpio,22,2206100,128,6435,967,5468,AEB
12,Estado do Piauí,1283,Miguel Alves,22,2206209,128,20002,1537,18465,AEB
12,Estado do Piauí,1284,Porto,22,2208502,128,11512,1234,10278,AEB
12,Estado do Piauí,1290,Água Branca,22,2200202,129,11199,2902,8297,AEB
12,Estado do Piauí,1291,Altos,22,2200400,129,22046,5056,16990,AEB
12,Estado do Piauí,1292,Amarante,22,2200509,129,17677,3199,14478,AEB
12,Estado do Piauí,1293,Angical do Piauí,22,2200608,129,4257,1149,3108,AEB
12,Estado do Piauí,1294,Beneditinos,22,2201606,129,9938,828,9110,AEB
12,Estado do Piauí,1295,Floriano,22,2203909,129,24065,16063,8002,AEB
12,Estado do Piauí,1296,Itaueira,22,2205102,129,14134,692,13442,AEB
12,Estado do Piauí,1297,José de Freitas,22,2205508,129,17744,3341,14403,AEB
12,Estado do Piauí,1298,Nazaré do Piauí,22,2206704,129,5188,883,4305,AEB
12,Estado do Piauí,1299,Palmeirais,22,2207504,129,10503,799,9704,AEB
12,Estado do Piauí,1300,Regeneração,22,2208809,130,14845,1672,13173,AEB
12,Estado do Piauí,1301,São Pedro do Piauí,22,2210508,130,12266,2139,10127,AEB
12,Estado do Piauí,1302,Teresina,22,2211001,130,144799,100006,44793,AEB
12,Estado do Piauí,1303,União,22,2211100,130,29124,4296,24828,AEB
14,Estado do Ceará,1410,Alcântaras,23,2300507,141,7578,843,6735,AEB
14,Estado do Ceará,1411,Apuiarés,23,2300903,141,7869,1057,6812,AEB
14,Estado do Ceará,1412,Batoque,23,2305209,141,12493,1629,10864,AEB
14,Estado do Ceará,1413,Canindé,23,2302800,141,37672,6713,30959,AEB
14,Estado do Ceará,1414,Caridade,23,2303006,141,8589,1125,7464,AEB
14,Estado do Ceará,1415,Cariré,23,2303105,141,17560,1814,15746,AEB
14,Estado do Ceará,1416,Coreaú,23,2304004,141,12250,2796,9454,AEB
14,Estado do Ceará,1417,Frecheirinha,23,2304509,141,6497,1500,4997,AEB
14,Estado do Ceará,1418,General Sampaio,23,2304608,141,4341,757,3584,AEB
14,Estado do Ceará,1419,Groaíras,23,2304905,141,5127,927,4200,AEB
14,Estado do Ceará,1420,Irauçuba,23,2306108,142,10498,1113,9385,AEB
14,Estado do Ceará,1421,Itapagé,23,2306306,142,29814,6097,23717,AEB
14,Estado do Ceará,1423,Massapê,23,2308005,142,18235,5882,12353,AEB
14,Estado do Ceará,1424,Meruoca,23,2308203,142,10551,1072,9479,AEB
14,Estado do Ceará,1425,Monsenhor Tabosa,23,2308609,142,9891,1666,8225,AEB
14,Estado do Ceará,1426,Moraújo,23,2308807,142,4354,1173,3181,AEB
14,Estado do Ceará,1427,Nova Russas,23,2309300,142,32509,6039,26470,AEB
14,Estado do Ceará,1428,Paramoti,23,2310407,142,8471,836,7635,AEB
14,Estado do Ceará,1429,Pentecoste,23,2310704,142,27891,5639,22252,AEB
14,Estado do Ceará,1430,Reriutaba,23,2311702,143,21629,4833,16796,AEB
14,Estado do Ceará,1431,Santa Quitéria,23,2312205,143,28684,3702,24982,AEB
14,Estado do Ceará,1432,Senador Sá,23,2312809,143,3713,1621,2092,AEB
14,Estado do Ceará,1433,Sobral,23,2312908,143,73716,37706,36010,AEB
14,Estado do Ceará,1434,Tamboril,23,2313203,143,16469,2387,14082,AEB
14,Estado do Ceará,1440,Acopiara,23,2300309,144,32413,4469,27944,AEB
14,Estado do Ceará,1441,Altaneira,23,2300606,144,2607,731,1876,AEB
14,Estado do Ceará,1442,Assaré,23,2301604,144,23219,3286,19933,AEB
14,Estado do Ceará,1443,Aurora,23,2301703,144,20859,4506,16353,AEB
14,Estado do Ceará,1444,Baixio,23,2301802,144,4335,1076,3259,AEB
14,Estado do Ceará,1445,Cariús,23,2303303,144,16672,2641,14031,AEB
14,Estado do Ceará,1446,Cedro,23,2303808,144,20061,7016,13045,AEB
14,Estado do Ceará,1447,Farias Brito,23,2304301,144,14961,3242,11719,AEB
14,Estado do Ceará,1448,Icó,23,2305407,144,34976,7652,27324,AEB
14,Estado do Ceará,1449,Iguatu,23,2305506,144,51570,18634,32936,AEB
14,Estado do Ceará,1450,Ipaumirim,23,2305704,145,9342,2493,6849,AEB
14,Estado do Ceará,1451,Jucás,23,2307403,145,17223,2357,14866,AEB
14,Estado do Ceará,1452,Lavras da Mangabeira,23,2307502,145,29366,7015,22351,AEB
14,Estado do Ceará,1453,Orós,23,2309508,145,12708,5435,7273,AEB
14,Estado do Ceará,1454,Umari,23,2313708,145,6458,994,5464,AEB
14,Estado do Ceará,1455,Várzea Alegre,23,2314003,145,26694,5370,21324,AEB
14,Estado do Ceará,1460,Aracoiaba,23,2301208,146,26758,4934,21824,AEB
14,Estado do Ceará,1461,Aratuba,23,2301406,146,9894,689,9205,AEB
14,Estado do Ceará,1462,Baturité,23,2302107,146,20585,7198,13387,AEB
14,Estado do Ceará,1463,Capistrano,23,2302909,146,12464,1933,10531,AEB
14,Estado do Ceará,1465,Guaramiranga,23,2305100,146,6701,911,5790,AEB
14,Estado do Ceará,1466,Itapiúna,23,2306504,146,12873,2552,10321,AEB
14,Estado do Ceará,1468,Maranguape,23,2307700,146,46205,17598,28607,AEB
14,Estado do Ceará,1469,Mulungu,23,2309102,146,7977,1210,6767,AEB
14,Estado do Ceará,1470,Pacatuba,23,2309706,147,24458,6951,17507,AEB
14,Estado do Ceará,1471,Pacoti,23,2309805,147,11348,1567,9781,AEB
14,Estado do Ceará,1472,Palmácia,23,2310100,147,11272,3475,7797,AEB
14,Estado do Ceará,1473,Redenção,23,2311603,147,33873,7241,26632,AEB
14,Estado do Ceará,1480,Carnaubal,23,2303402,148,7174,1782,5392,AEB
14,Estado do Ceará,1481,Guaraciaba do Norte,23,2305001,148,29679,3278,26401,AEB
14,Estado do Ceará,1482,Ibiapina,23,2305308,148,13475,1768,11707,AEB
14,Estado do Ceará,1483,Ipu,23,2305803,148,37144,8903,28241,AEB
14,Estado do Ceará,1484,Ipueiras,23,2305902,148,24153,4995,19158,AEB
14,Estado do Ceará,1485,Mucambo,23,2309003,148,9486,2690,6796,AEB
14,Estado do Ceará,1486,Pacujá,23,2309904,148,2894,803,2091,AEB
14,Estado do Ceará,1487,Poranga,23,2311009,148,5843,1978,3865,AEB
14,Estado do Ceará,1488,São Benedito,23,2312304,148,35760,6642,29118,AEB
14,Estado do Ceará,1489,Tianguá,23,2313401,148,21885,5514,16371,AEB
14,Estado do Ceará,1490,Ubajara,23,2313609,149,17546,4003,13543,AEB
14,Estado do Ceará,1491,Viçosa do Ceará,23,2314102,149,26749,4182,22567,AEB
14,Estado do Ceará,1510,Acaraú,23,2300200,151,55385,6126,49259,AEB
14,Estado do Ceará,1511,Aquiraz,23,2301000,151,26592,3442,23150,AEB
14,Estado do Ceará,1512,Aracati,23,2301109,151,41370,13424,27946,AEB
14,Estado do Ceará,1513,Beberibe,23,2302206,151,25782,2697,23085,AEB
14,Estado do Ceará,1514,Bela Cruz,23,2302305,151,12730,2682,10048,AEB
14,Estado do Ceará,1515,Camocim,23,2302602,151,28963,14366,14597,AEB
14,Estado do Ceará,1516,Cascavel,23,2303501,151,32942,7609,25333,AEB
14,Estado do Ceará,1517,Caucaia,23,2303709,151,42572,6544,36028,AEB
14,Estado do Ceará,1518,Chaval,23,2303907,151,4765,2472,2293,AEB
14,Estado do Ceará,1519,Fortaleza,23,2304400,151,514818,470778,44040,AEB
14,Estado do Ceará,1520,Granja,23,2304707,152,27313,7156,20157,AEB
14,Estado do Ceará,1522,Itapipoca,23,2306405,152,79663,11939,67724,AEB
14,Estado do Ceará,1523,Marco,23,2307809,152,12145,4612,7533,AEB
14,Estado do Ceará,1524,Martinópole,23,2307908,152,5083,2074,3009,AEB
14,Estado do Ceará,1525,Morrinhos,23,2308906,152,7871,1762,6109,AEB
14,Estado do Ceará,1526,Pacajus,23,2309607,152,24143,4136,20007,AEB
14,Estado do Ceará,1527,Paracuru,23,2310209,152,20270,3782,16488,AEB
14,Estado do Ceará,1528,Santana do Acaraú,23,2312007,152,20145,4281,15864,AEB
14,Estado do Ceará,1529,São Gonçalo do Amarante,23,2312403,152,20474,3446,17028,AEB
14,Estado do Ceará,1530,São Luís do Curu,23,2312601,153,6901,3257,3644,AEB
14,Estado do Ceará,1531,Trairi,23,2313500,153,23058,2338,20720,AEB
14,Estado do Ceará,1532,Uruoca,23,2313906,153,8492,1772,6720,AEB
14,Estado do Ceará,1533,Uruburetama,23,2313807,153,26166,7103,19063,AEB
14,Estado do Ceará,1540,Boa Viagem,23,2302404,154,31804,2778,29026,AEB
14,Estado do Ceará,1542,Itatira,23,2306603,154,10232,509,9723,AEB
14,Estado do Ceará,1544,Mombaça,23,2308500,154,32961,3905,29056,AEB
14,Estado do Ceará,1545,Pedra Branca,23,2310506,154,24142,2896,21246,AEB
14,Estado do Ceará,1546,Piquet Carneiro,23,2310902,154,11575,2461,9114,AEB
14,Estado do Ceará,1547,Quixadá,23,2311306,154,81682,11887,69795,AEB
14,Estado do Ceará,1548,Quixeramobim,23,2311405,154,52341,8757,43584,AEB
14,Estado do Ceará,1549,Senador Pompeu,23,2312700,154,21594,8632,12962,AEB
14,Estado do Ceará,1550,Solonópole,23,2313005,155,26450,2460,23990,AEB
14,Estado do Ceará,1560,Alto Santo,23,2300705,156,10240,1625,8615,AEB
14,Estado do Ceará,1561,Itaiçaba,23,2306207,156,5114,2434,2680,AEB
14,Estado do Ceará,1562,Jaguaruana,23,2307007,156,18247,3915,14332,AEB
14,Estado do Ceará,1563,Limoeiro do Norte,23,2307601,156,18663,5861,12802,AEB
14,Estado do Ceará,1564,Morada Nova,23,2308708,156,38616,3808,34808,AEB
14,Estado do Ceará,1565,Palhano,23,2310001,156,3949,484,3465,AEB
14,Estado do Ceará,1566,Quixeré,23,2311504,156,8615,1285,7330,AEB
14,Estado do Ceará,1567,Russas,23,2311801,156,26588,8209,18379,AEB
14,Estado do Ceará,1568,São João do Jaguaribe,23,2312502,156,6131,1049,5082,AEB
14,Estado do Ceará,1569,Tabuleiro do Norte,23,2313104,156,12580,2913,9667,AEB
14,Estado do Ceará,1580,Jaguaretama,23,2306702,158,14682,1002,13680,AEB
14,Estado do Ceará,1581,Jaguaribara,23,2306801,158,6963,809,6154,AEB
14,Estado do Ceará,1582,Jaguaribe,23,2306900,158,21357,5211,16146,AEB
14,Estado do Ceará,1590,Iracema,23,2306009,159,17904,1737,16167,AEB
14,Estado do Ceará,1591,Pereiro,23,2310803,159,18205,2695,15510,AEB
14,Estado do Ceará,1610,Aiuaba,23,2300408,161,9593,1047,8546,AEB
14,Estado do Ceará,1611,Antonina do Norte,23,2300804,161,2598,810,1788,AEB
14,Estado do Ceará,1612,Arneiroz,23,2301505,161,4237,447,3790,AEB
14,Estado do Ceará,1613,Catarina,23,2303600,161,5430,846,4584,AEB
14,Estado do Ceará,1614,Cococi,23,2399903,161,4084,165,3919,AEB
14,Estado do Ceará,1615,Crateús,23,2304103,161,41491,16811,24680,AEB
14,Estado do Ceará,1616,Independência,23,2305605,161,28932,4097,24835,AEB
14,Estado do Ceará,1617,Novo Oriente,23,2309409,161,14644,732,13912,AEB
14,Estado do Ceará,1618,Parambu,23,2310308,161,13913,1747,12166,AEB
14,Estado do Ceará,1619,Saboeiro,23,2311900,161,12102,1789,10313,AEB
14,Estado do Ceará,1620,Tauá,23,2313302,162,33920,5957,27963,AEB
14,Estado do Ceará,1630,Araripe,23,2301307,163,10949,1769,9180,AEB
14,Estado do Ceará,1631,Campos Sales,23,2302701,163,23683,6095,17588,AEB
14,Estado do Ceará,1632,Nova Olinda,23,2309201,163,8385,1838,6547,AEB
14,Estado do Ceará,1633,Potengi,23,2311207,163,4376,1174,3202,AEB
14,Estado do Ceará,1634,Santana do Cariri,23,2312106,163,14552,3487,11065,AEB
14,Estado do Ceará,1640,Abaiara,23,2300101,164,5783,411,5372,AEB
14,Estado do Ceará,1641,Barbalha,23,2301901,164,23575,7098,16477,AEB
14,Estado do Ceará,1642,Barro,23,2302008,164,13289,1951,11338,AEB
14,Estado do Ceará,1643,Brejo Santo,23,2302503,164,18844,4149,14695,AEB
14,Estado do Ceará,1644,Caririaçu,23,2303204,164,20185,2564,17621,AEB
14,Estado do Ceará,1645,Crato,23,2304202,164,59464,29308,30156,AEB
14,Estado do Ceará,1646,Granjeiro,23,2304806,164,3941,732,3209,AEB
14,Estado do Ceará,1647,Jardim,23,2307106,164,17201,3221,13980,AEB
14,Estado do Ceará,1648,Jati,23,2307205,164,4533,1004,3529,AEB
14,Estado do Ceará,1649,Juazeiro do Norte,23,2307304,164,68494,54170,14324,AEB
14,Estado do Ceará,1650,Mauriti,23,2308104,165,25712,4532,21180,AEB
14,Estado do Ceará,1651,Milagres,23,2308302,165,15487,3567,11920,AEB
14,Estado do Ceará,1652,Missão Velha,23,2308401,165,29787,7434,22353,AEB
14,Estado do Ceará,1653,Penaforte,23,2310605,165,4512,869,3643,AEB
14,Estado do Ceará,1654,Porteiras,23,2311108,165,9821,1247,8574,AEB
17,Estado do Rio Grande do Norte,1710,Apodi,24,2401008,171,17607,2512,15095,AEB
17,Estado do Rio Grande do Norte,1711,Augusto Severo,24,2401305,171,14538,1888,12650,AEB
17,Estado do Rio Grande do Norte,1712,Caraúbas,24,2402303,171,16872,3936,12936,AEB
17,Estado do Rio Grande do Norte,1713,Itaú,24,2404903,171,7235,841,6394,AEB
17,Estado do Rio Grande do Norte,1714,Mossoró,24,2408003,171,57690,41476,16214,AEB
17,Estado do Rio Grande do Norte,1715,Upanema,24,2414605,171,4981,889,4092,AEB
17,Estado do Rio Grande do Norte,1720,Arês,24,2401206,172,9229,2246,6983,AEB
17,Estado do Rio Grande do Norte,1721,Baía Formosa,24,2401404,172,2869,1580,1289,AEB
17,Estado do Rio Grande do Norte,1722,Caiada,24,2413102,172,5080,578,4502,AEB
17,Estado do Rio Grande do Norte,1723,Canguaretama,24,2402204,172,14617,4981,9636,AEB
17,Estado do Rio Grande do Norte,1724,Ceará-Mirim,24,2402600,172,34959,8290,26669,AEB
17,Estado do Rio Grande do Norte,1725,Goianinha,24,2404200,172,13622,3232,10390,AEB
17,Estado do Rio Grande do Norte,1726,Januário Cicco,24,2405306,172,7843,1504,6339,AEB
17,Estado do Rio Grande do Norte,1727,Macaíba,24,2407104,172,22104,7472,14632,AEB
17,Estado do Rio Grande do Norte,1728,Maxaranguape,24,2407500,172,6311,882,5429,AEB
17,Estado do Rio Grande do Norte,1729,Monte Alegre,24,2407807,172,10868,1647,9221,AEB
17,Estado do Rio Grande do Norte,1730,Natal,24,2408102,173,162537,155860,6677,AEB
17,Estado do Rio Grande do Norte,1731,Nísia Floresta,24,2408201,173,9676,1263,8413,AEB
17,Estado do Rio Grande do Norte,1732,Parnamirim,24,2403251,173,8918,5644,3274,AEB
17,Estado do Rio Grande do Norte,1733,São Gonçalo do Amarante,24,2412005,173,16785,1327,15458,AEB
17,Estado do Rio Grande do Norte,1734,São José de Mipibu,24,2412203,173,18140,6186,11954,AEB
17,Estado do Rio Grande do Norte,1735,Serra Caiada,24,2410306,173,4455,1151,3304,AEB
17,Estado do Rio Grande do Norte,1736,Touros,24,2414407,173,17947,2408,15539,AEB
17,Estado do Rio Grande do Norte,1737,Várzea,24,2414704,173,10379,3098,7281,AEB
17,Estado do Rio Grande do Norte,1740,Acari,24,2400109,174,7984,2878,5106,AEB
17,Estado do Rio Grande do Norte,1741,Caicó,24,2402006,174,27447,16233,11214,AEB
17,Estado do Rio Grande do Norte,1742,Carnaúba dos Dantas,24,2402402,174,4223,1453,2770,AEB
17,Estado do Rio Grande do Norte,1743,Cerro Corá,24,2402709,174,6679,1152,5527,AEB
17,Estado do Rio Grande do Norte,1744,Cruzeta,24,2403004,174,5207,1991,3216,AEB
17,Estado do Rio Grande do Norte,1745,Currais Novos,24,2403103,174,21300,8522,12778,AEB
17,Estado do Rio Grande do Norte,1746,Florânia,24,2403806,174,8439,1346,7093,AEB
17,Estado do Rio Grande do Norte,1747,Jardim de Piranhas,24,2405603,174,6283,1265,5018,AEB
17,Estado do Rio Grande do Norte,1748,Jardim do Seridó,24,2405702,174,11901,3344,8557,AEB
17,Estado do Rio Grande do Norte,1749,Jucurutu,24,2406106,174,10803,1925,8878,AEB
17,Estado do Rio Grande do Norte,1750,Ouro Branco,24,2408508,175,4406,980,3426,AEB
17,Estado do Rio Grande do Norte,1751,Parelhas,24,2408904,175,13044,4569,8475,AEB
17,Estado do Rio Grande do Norte,1752,São Fernando,24,2411809,175,3554,345,3209,AEB
17,Estado do Rio Grande do Norte,1753,São João do Sabugi,24,2412104,175,4681,1306,3375,AEB
17,Estado do Rio Grande do Norte,1754,São Vicente,24,2413003,175,3252,831,2421,AEB
17,Estado do Rio Grande do Norte,1755,Serra Negra do Norte,24,2413409,175,7090,1401,5689,AEB
17,Estado do Rio Grande do Norte,1760,Alexandria,24,2400505,176,19466,3351,16115,AEB
17,Estado do Rio Grande do Norte,1761,Almino Afonso,24,2400604,176,10519,2141,8378,AEB
17,Estado do Rio Grande do Norte,1762,José da Penha,24,2406007,176,4374,1053,3321,AEB
17,Estado do Rio Grande do Norte,1763,Luís Gomes,24,2407005,176,8884,1480,7404,AEB
17,Estado do Rio Grande do Norte,1764,Marcelino Vieira,24,2407302,176,6586,1294,5292,AEB
17,Estado do Rio Grande do Norte,1765,Martins,24,2407401,176,20728,4527,16201,AEB
17,Estado do Rio Grande do Norte,1766,Patu,24,2409308,176,10410,2367,8043,AEB
17,Estado do Rio Grande do Norte,1767,Pau dos Ferros,24,2409407,176,16678,5370,11308,AEB
17,Estado do Rio Grande do Norte,1768,Portalegre,24,2410207,176,13986,1970,12016,AEB
17,Estado do Rio Grande do Norte,1769,São Miguel,24,2412500,176,19083,2935,16148,AEB
17,Estado do Rio Grande do Norte,1770,Umarizal,24,2414506,177,5273,1121,4152,AEB
17,Estado do Rio Grande do Norte,1780,Açu,24,2400208,178,26432,9371,17061,AEB
17,Estado do Rio Grande do Norte,1781,Areia Branca,24,2401107,178,13249,8904,4345,AEB
17,Estado do Rio Grande do Norte,1782,Grossos,24,2404408,178,5229,2573,2656,AEB
17,Estado do Rio Grande do Norte,1783,João Câmara,24,2405801,178,13928,4325,9603,AEB
17,Estado do Rio Grande do Norte,1784,Macau,24,2407203,178,18147,11876,6271,AEB
17,Estado do Rio Grande do Norte,1785,Pendências,24,2409902,178,9016,3198,5818,AEB
17,Estado do Rio Grande do Norte,1786,São Bento do Norte,24,2411601,178,9664,4810,4854,AEB
17,Estado do Rio Grande do Norte,1790,Barcelona,24,2401503,179,7808,845,6963,AEB
17,Estado do Rio Grande do Norte,1791,Barreto,24,2401602,179,6531,530,6001,AEB
17,Estado do Rio Grande do Norte,1792,Campo Redondo,24,2402105,179,9443,1947,7496,AEB
17,Estado do Rio Grande do Norte,1793,Coronel Ezequiel,24,2402808,179,9338,1141,8197,AEB
17,Estado do Rio Grande do Norte,1794,Japi,24,2405405,179,3220,414,2806,AEB
17,Estado do Rio Grande do Norte,1795,Lajes Pintadas,24,2406809,179,3042,539,2503,AEB
17,Estado do Rio Grande do Norte,1796,Nova Cruz,24,2408300,179,22644,6780,15864,AEB
17,Estado do Rio Grande do Norte,1797,Pedro Velho,24,2409803,179,16928,3594,13334,AEB
17,Estado do Rio Grande do Norte,1798,Santa Cruz,24,2411205,179,16680,5286,11394,AEB
17,Estado do Rio Grande do Norte,1799,Santo Antônio,24,2411502,179,36170,2978,33192,AEB
17,Estado do Rio Grande do Norte,1800,São Bento do Trairí,24,2411700,180,2954,349,2605,AEB
17,Estado do Rio Grande do Norte,1801,São José do Campestre,24,2412302,180,9582,3288,6294,AEB
17,Estado do Rio Grande do Norte,1802,São Paulo do Potengi,24,2412609,180,30106,2197,27909,AEB
17,Estado do Rio Grande do Norte,1803,São Tomé,24,2412906,180,11106,2406,8700,AEB
17,Estado do Rio Grande do Norte,1804,Serra de São Bento,24,2413300,180,4229,600,3629,AEB
17,Estado do Rio Grande do Norte,1805,Sítio Novo,24,2413706,180,6249,666,5583,AEB
17,Estado do Rio Grande do Norte,1806,Taipu,24,2413904,180,11173,2243,8930,AEB
17,Estado do Rio Grande do Norte,1807,Tangará,24,2414001,180,4970,1441,3529,AEB
17,Estado do Rio Grande do Norte,1820,Afonso Bezerra,24,2400307,182,6669,2057,4612,AEB
17,Estado do Rio Grande do Norte,1821,Angicos,24,2400802,182,9542,2341,7201,AEB
17,Estado do Rio Grande do Norte,1822,Ipanguaçu,24,2404705,182,9968,759,9209,AEB
17,Estado do Rio Grande do Norte,1823,Lajes,24,2406700,182,14082,3376,10706,AEB
17,Estado do Rio Grande do Norte,1824,Pedro Avelino,24,2409704,182,8561,1399,7162,AEB
17,Estado do Rio Grande do Norte,1825,Santana do Matos,24,2411403,182,15251,2909,12342,AEB
17,Estado do Rio Grande do Norte,1826,São Rafael,24,2412807,182,7805,2006,5799,AEB
19,Estado da Paraíba,1910,Santa Luzia,25,2513406,191,16596,4737,11859,AEB
19,Estado da Paraíba,1911,São Mamede,25,2514909,191,12022,2137,9885,AEB
19,Estado da Paraíba,1920,Alhandra,25,2500601,192,12898,2396,10502,AEB
19,Estado da Paraíba,1921,Bayeux,25,2501807,192,17338,16737,601,AEB
19,Estado da Paraíba,1922,Cabedelo,25,2503209,192,12657,10738,1919,AEB
19,Estado da Paraíba,1923,Cruz do Espírito Santo,25,2504900,192,14491,1889,12602,AEB
19,Estado da Paraíba,1924,João Pessoa,25,2507507,192,155117,137788,17329,AEB
19,Estado da Paraíba,1925,Mamanguape,25,2508901,192,66994,14365,52629,AEB
19,Estado da Paraíba,1926,Pedras de Fogo,25,2511202,192,20639,4443,16196,AEB
19,Estado da Paraíba,1927,Rio Tinto,25,2512903,192,27058,16811,10247,AEB
19,Estado da Paraíba,1928,Santa Rita,25,2513703,192,47325,22285,25040,AEB
19,Estado da Paraíba,1930,Alagoa Nova,25,2500403,193,31309,5018,26291,AEB
19,Estado da Paraíba,1931,Areia,25,2501104,193,32474,5934,26540,AEB
19,Estado da Paraíba,1932,Bananeiras,25,2501500,193,26232,3376,22856,AEB
19,Estado da Paraíba,1933,Borborema,25,2502706,193,4123,1554,2569,AEB
19,Estado da Paraíba,1934,Dona Inês,25,2505709,193,8019,1158,6861,AEB
19,Estado da Paraíba,1935,Esperança,25,2506004,193,25574,10042,15532,AEB
19,Estado da Paraíba,1936,Pilões,25,2511608,193,8397,1028,7369,AEB
19,Estado da Paraíba,1937,Remígio,25,2512705,193,13734,2067,11667,AEB
19,Estado da Paraíba,1938,Serraria,25,2515906,193,18071,3581,14490,AEB
19,Estado da Paraíba,1939,Solânea,25,2516003,193,23161,5707,17454,AEB
19,Estado da Paraíba,1950,Cabaceiras,25,2503100,195,8039,1026,7013,AEB
19,Estado da Paraíba,1951,Carnoió,25,2502508,195,19600,3433,16167,AEB
19,Estado da Paraíba,1952,Congo,25,2504702,195,4060,667,3393,AEB
19,Estado da Paraíba,1953,Cubati,25,2505006,195,3804,970,2834,AEB
19,Estado da Paraíba,1954,Juazeirinho,25,2507705,195,9812,2441,7371,AEB
19,Estado da Paraíba,1955,Monteiro,25,2509701,195,25339,6405,18934,AEB
19,Estado da Paraíba,1956,Pedra Lavrada,25,2511103,195,6607,929,5678,AEB
19,Estado da Paraíba,1957,Picuí,25,2511400,195,14141,3455,10686,AEB
19,Estado da Paraíba,1958,Prata,25,2512200,195,6625,1347,5278,AEB
19,Estado da Paraíba,1959,São João do Cariri,25,2514008,195,17633,2084,15549,AEB
19,Estado da Paraíba,1960,São Sebastião do Umbuzeiro,25,2515203,196,9383,814,8569,AEB
19,Estado da Paraíba,1961,Serra Branca,25,2515500,196,10923,2348,8575,AEB
19,Estado da Paraíba,1962,Soledade,25,2516102,196,11807,1917,9890,AEB
19,Estado da Paraíba,1963,Sumé,25,2516300,196,11764,3281,8483,AEB
19,Estado da Paraíba,1964,Taperoá,25,2516508,196,18648,4031,14617,AEB
19,Estado da Paraíba,1970,Brejo do Cruz,25,2502805,197,17084,2983,14101,AEB
19,Estado da Paraíba,1971,Catingueira,25,2504207,197,7613,1096,6517,AEB
19,Estado da Paraíba,1972,Catolé do Rocha,25,2504306,197,29511,6558,22953,AEB
19,Estado da Paraíba,1973,Coremas,25,2504801,197,12247,4523,7724,AEB
19,Estado da Paraíba,1974,Jericó,25,2507408,197,11011,973,10038,AEB
19,Estado da Paraíba,1975,Malta,25,2508802,197,11621,1790,9831,AEB
19,Estado da Paraíba,1976,Patos,25,2510808,197,61178,28922,32256,AEB
19,Estado da Paraíba,1977,Piancó,25,2511301,197,39349,8994,30355,AEB
19,Estado da Paraíba,1978,Pombal,25,2512101,197,45569,9012,36557,AEB
19,Estado da Paraíba,1979,São Bento,25,2513901,197,7239,1387,5852,AEB
19,Estado da Paraíba,1980,São José da Lagoa Tapada,25,2514206,198,6981,1054,5927,AEB
19,Estado da Paraíba,1981,Sousa,25,2516201,198,62948,13832,49116,AEB
19,Estado da Paraíba,1990,Água Branca,25,2500106,199,4391,830,3561,AEB
19,Estado da Paraíba,1991,Desterro,25,2505402,199,6818,826,5992,AEB
19,Estado da Paraíba,1992,Princesa Isabel,25,2512309,199,20888,4762,16126,AEB
19,Estado da Paraíba,1993,Tavares,25,2516607,199,12448,2716,9732,AEB
19,Estado da Paraíba,1994,Teixeira,25,2516706,199,24357,3792,20565,AEB
19,Estado da Paraíba,2010,Antenor Navarro,25,2500700,201,26906,4664,22242,AEB
19,Estado da Paraíba,2011,Bonito de Santa Fé,25,2502409,201,8781,2331,6450,AEB
19,Estado da Paraíba,2012,Cajazeiras,25,2503704,201,39104,17055,22049,AEB
19,Estado da Paraíba,2013,Conceição,25,2504405,201,14795,2988,11807,AEB
19,Estado da Paraíba,2014,Ibiara,25,2506608,201,13511,1047,12464,AEB
19,Estado da Paraíba,2015,Itaporanga,25,2507002,201,33700,11551,22149,AEB
19,Estado da Paraíba,2016,São José de Piranhas,25,2514503,201,16394,2773,13621,AEB
19,Estado da Paraíba,2017,Uiraúna,25,2516904,201,15081,3907,11174,AEB
19,Estado da Paraíba,2020,Alagoa Grande,25,2500304,202,33219,12115,21104,AEB
19,Estado da Paraíba,2021,Alagoinha,25,2500502,202,10840,2834,8006,AEB
19,Estado da Paraíba,2022,Araçagi,25,2500809,202,18854,1822,17032,AEB
19,Estado da Paraíba,2023,Aroeiras,25,2501302,202,19409,2107,17302,AEB
19,Estado da Paraíba,2024,Belém,25,2501906,202,9949,3738,6211,AEB
19,Estado da Paraíba,2025,Caiçara,25,2503605,202,17759,3051,14708,AEB
19,Estado da Paraíba,2026,Guarabira,25,2506301,202,38547,17962,20585,AEB
19,Estado da Paraíba,2027,Gurinhém,25,2506400,202,13220,1763,11457,AEB
19,Estado da Paraíba,2028,Ingá,25,2506806,202,27877,10966,16911,AEB
19,Estado da Paraíba,2029,Itabaiana,25,2506905,202,43365,15131,28234,AEB
19,Estado da Paraíba,2030,Juarez Távora,25,2507606,203,3678,1630,2048,AEB
19,Estado da Paraíba,2031,Mari,25,2509107,203,12687,8242,4445,AEB
19,Estado da Paraíba,2032,Mulungu,25,2509800,203,13199,3458,9741,AEB
19,Estado da Paraíba,2033,Pilar,25,2511509,203,29441,7281,22160,AEB
19,Estado da Paraíba,2034,Pirpirituba,25,2511806,203,12152,4980,7172,AEB
19,Estado da Paraíba,2035,Sapé,25,2515302,203,48596,10602,37994,AEB
19,Estado da Paraíba,2036,Serra da Raiz,25,2515609,203,10292,2770,7522,AEB
19,Estado da Paraíba,2037,Serra Redonda,25,2515807,203,8299,1610,6689,AEB
19,Estado da Paraíba,2038,Umbuzeiro,25,2517001,203,25363,2286,23077,AEB
19,Estado da Paraíba,2040,Araruna,25,2501005,204,18265,2930,15335,AEB
19,Estado da Paraíba,2041,Barra de Santa Rosa,25,2501609,204,11927,2094,9833,AEB
19,Estado da Paraíba,2042,Cacimba de Dentro,25,2503506,204,12893,1473,11420,AEB
19,Estado da Paraíba,2043,Campina Grande,25,2504009,204,207445,126274,81171,AEB
19,Estado da Paraíba,2044,Cuité,25,2505105,204,14345,4164,10181,AEB
19,Estado da Paraíba,2045,Nova Floresta,25,2510105,204,3422,1825,1597,AEB
19,Estado da Paraíba,2046,Pocinhos,25,2512002,204,20018,3616,16402,AEB
19,Estado da Paraíba,2047,Tacima,25,2516409,204,11023,2022,9001,AEB
21,Estado de Pernambuco,2110,Água Preta,26,2600401,211,34416,6026,28390,AEB
21,Estado de Pernambuco,2111,Aliança,26,2600708,211,31578,6039,25539,AEB
21,Estado de Pernambuco,2112,Amaraji,26,2600906,211,25824,6481,19343,AEB
21,Estado de Pernambuco,2113,Barreiros,26,2601409,211,35421,13379,22042,AEB
21,Estado de Pernambuco,2114,Bonito,26,2602308,211,43038,9488,33550,AEB
21,Estado de Pernambuco,2115,Cabo,26,2602902,211,51883,15930,35953,AEB
21,Estado de Pernambuco,2116,Carpina,26,2604007,211,41340,19819,21521,AEB
21,Estado de Pernambuco,2117,Catende,26,2604205,211,30312,12893,17419,AEB
21,Estado de Pernambuco,2118,Cortês,26,2604809,211,7340,2213,5127,AEB
21,Estado de Pernambuco,2119,Escada,26,2605202,211,39001,14766,24235,AEB
21,Estado de Pernambuco,2120,Gameleira,26,2605905,212,15211,5278,9933,AEB
21,Estado de Pernambuco,2121,Goiana,26,2606200,212,59122,31778,27344,AEB
21,Estado de Pernambuco,2122,Igarassu,26,2606804,212,43438,18428,25010,AEB
21,Estado de Pernambuco,2123,Ipojuca,26,2607208,212,34642,7546,27096,AEB
21,Estado de Pernambuco,2124,Jaboatão,26,2607901,212,105261,84689,20572,AEB
21,Estado de Pernambuco,2125,Joaquim Nabuco,26,2608206,212,10421,2903,7518,AEB
21,Estado de Pernambuco,2126,Macaparana,26,2609006,212,14754,2382,12372,AEB
21,Estado de Pernambuco,2127,Maraial,26,2609204,212,18568,4632,13936,AEB
21,Estado de Pernambuco,2128,Moreno,26,2609402,212,29709,15198,14511,AEB
21,Estado de Pernambuco,2129,Nazaré da Mata,26,2609501,212,44943,11440,33503,AEB
21,Estado de Pernambuco,2130,Olinda,26,2609600,213,109953,100545,9408,AEB
21,Estado de Pernambuco,2131,Palmares,26,2610004,213,40023,17849,22174,AEB
21,Estado de Pernambuco,2132,Paudalho,26,2610608,213,41293,8665,32628,AEB
21,Estado de Pernambuco,2133,Paulista,26,2610707,213,51897,36435,15462,AEB
21,Estado de Pernambuco,2134,Quipapá,26,2611507,213,31231,5519,25712,AEB
21,Estado de Pernambuco,2135,Recife,26,2611606,213,797234,788569,8665,AEB
21,Estado de Pernambuco,2136,Ribeirão,26,2611804,213,25358,12033,13325,AEB
21,Estado de Pernambuco,2137,Rio Formoso,26,2611903,213,26844,8112,18732,AEB
21,Estado de Pernambuco,2138,São Lourenço da Mata,26,2613701,213,51108,22710,28398,AEB
21,Estado de Pernambuco,2139,São Vicente Ferrer,26,2613800,213,12283,2098,10185,AEB
21,Estado de Pernambuco,2140,Sirinhaém,26,2614204,214,20885,4024,16861,AEB
21,Estado de Pernambuco,2141,També,26,2607653,214,39203,10071,29132,AEB
21,Estado de Pernambuco,2142,Timbaúba,26,2615300,214,49754,21677,28077,AEB
21,Estado de Pernambuco,2143,Vicência,26,2616308,214,25921,2872,23049,AEB
21,Estado de Pernambuco,2144,Vitória de Santo Antão,26,2616407,214,88993,29099,59894,AEB
21,Estado de Pernambuco,2150,Agrestina,26,2600302,215,15531,3066,12465,AEB
21,Estado de Pernambuco,2151,Alagoinha,26,2600609,215,9101,2470,6631,AEB
21,Estado de Pernambuco,2152,Altinho,26,2600807,215,37673,4493,33180,AEB
21,Estado de Pernambuco,2153,Angelim,26,2601003,215,27551,3539,24012,AEB
21,Estado de Pernambuco,2154,Belo Jardim,26,2601706,215,36629,12740,23889,AEB
21,Estado de Pernambuco,2155,Bezerros,26,2601904,215,53900,13694,40206,AEB
21,Estado de Pernambuco,2156,Bom Conselho,26,2602100,215,61900,11775,50125,AEB
21,Estado de Pernambuco,2157,Bom Jardim,26,2602209,215,42738,5302,37436,AEB
21,Estado de Pernambuco,2158,Brejo da Madre de Deus,26,2602605,215,34741,4821,29920,AEB
21,Estado de Pernambuco,2159,Camocim de São Félix,26,2603504,215,10643,3143,7500,AEB
21,Estado de Pernambuco,2160,Canhotinho,26,2603702,216,34804,6046,28758,AEB
21,Estado de Pernambuco,2161,Caruaru,26,2604106,216,106231,65031,41200,AEB
21,Estado de Pernambuco,2162,Correntes,26,2604700,216,38933,7769,31164,AEB
21,Estado de Pernambuco,2163,Cupira,26,2605004,216,13051,3570,9481,AEB
21,Estado de Pernambuco,2164,Garanhuns,26,2606002,216,113392,40096,73296,AEB
21,Estado de Pernambuco,2165,Glória do Goitá,26,2606101,216,47521,8503,39018,AEB
21,Estado de Pernambuco,2166,Gravatá,26,2606408,216,52894,18400,34494,AEB
21,Estado de Pernambuco,2167,João Alfredo,26,2608107,216,27369,3612,23757,AEB
21,Estado de Pernambuco,2168,Jurema,26,2608404,216,12528,1902,10626,AEB
21,Estado de Pernambuco,2169,Lagoa dos Gatos,26,2608701,216,22950,3669,19281,AEB
21,Estado de Pernambuco,2170,Lajedo,26,2608800,217,18728,3302,15426,AEB
21,Estado de Pernambuco,2171,Limoeiro,26,2608909,217,95596,25190,70406,AEB
21,Estado de Pernambuco,2172,Orobó,26,2609709,217,21646,2061,19585,AEB
21,Estado de Pernambuco,2173,Palmeirina,26,2610103,217,11753,2099,9654,AEB
21,Estado de Pernambuco,2174,Panelas,26,2610202,217,28082,2503,25579,AEB
21,Estado de Pernambuco,2175,Pesqueira,26,2610905,217,44561,22904,21657,AEB
21,Estado de Pernambuco,2176,Poção,26,2611200,217,7343,1889,5454,AEB
21,Estado de Pernambuco,2177,Riacho das Almas,26,2611705,217,13731,1388,12343,AEB
21,Estado de Pernambuco,2178,Sanharó,26,2612406,217,12483,2380,10103,AEB
21,Estado de Pernambuco,2179,Santa Cruz do Capibaribe,26,2612505,217,7591,5162,2429,AEB
21,Estado de Pernambuco,2180,São Bento do Una,26,2613008,218,57338,9693,47645,AEB
21,Estado de Pernambuco,2181,São Caitano,26,2613107,218,31049,8229,22820,AEB
21,Estado de Pernambuco,2182,São Joaquim do Monte,26,2613305,218,26314,3882,22432,AEB
21,Estado de Pernambuco,2183,Surubim,26,2614501,218,44795,7803,36992,AEB
21,Estado de Pernambuco,2184,Taquaritinga do Norte,26,2615003,218,13447,2266,11181,AEB
21,Estado de Pernambuco,2185,Toritama,26,2615409,218,4948,3578,1370,AEB
21,Estado de Pernambuco,2186,Vertentes,26,2616209,218,33584,4016,29568,AEB
21,Estado de Pernambuco,2190,Belém de São Francisco,26,2601607,219,14958,3430,11528,AEB
21,Estado de Pernambuco,2191,Cabrobó,26,2603009,219,18451,3709,14742,AEB
21,Estado de Pernambuco,2192,Floresta,26,2605707,219,20402,3721,16681,AEB
21,Estado de Pernambuco,2193,Petrolândia,26,2611002,219,9948,3094,6854,AEB
21,Estado de Pernambuco,2194,Petrolina,26,2611101,219,35517,15643,19874,AEB
21,Estado de Pernambuco,2195,Santa Maria da Boa Vista,26,2612604,219,11790,1637,10153,AEB
21,Estado de Pernambuco,2196,Tacaratu,26,2614808,219,11739,3934,7805,AEB
21,Estado de Pernambuco,2210,Afogados da Ingazeira,26,2600104,221,23005,7325,15680,AEB
21,Estado de Pernambuco,2211,Carnaíba,26,2603900,221,15928,2058,13870,AEB
21,Estado de Pernambuco,2212,Flores,26,2605608,221,22236,3915,18321,AEB
21,Estado de Pernambuco,2213,Itapetim,26,2607703,221,17379,1357,16022,AEB
21,Estado de Pernambuco,2214,São José do Egito,26,2613602,221,25563,3973,21590,AEB
21,Estado de Pernambuco,2215,Serra Talhada,26,2613909,221,41761,13632,28129,AEB
21,Estado de Pernambuco,2216,Tabira,26,2614600,221,24650,6261,18389,AEB
21,Estado de Pernambuco,2220,Triunfo,26,2615706,222,22738,4650,18088,AEB
21,Estado de Pernambuco,2230,Águas Belas,26,2600500,223,47141,4613,42528,AEB
21,Estado de Pernambuco,2231,Buíque,26,2602803,223,41263,4604,36659,AEB
21,Estado de Pernambuco,2232,Inajá,26,2607000,223,22078,2956,19122,AEB
21,Estado de Pernambuco,2233,Pedra,26,2610806,223,21278,4991,16287,AEB
21,Estado de Pernambuco,2240,Arcoverde,26,2601201,224,24087,18008,6079,AEB
21,Estado de Pernambuco,2241,Custódia,26,2605103,224,27862,3417,24445,AEB
21,Estado de Pernambuco,2242,Sertânia,26,2614105,224,27241,9692,17549,AEB
21,Estado de Pernambuco,2250,Araripina,26,2601102,225,34750,5398,29352,AEB
21,Estado de Pernambuco,2251,Bodocó,26,2602001,225,20399,3028,17371,AEB
21,Estado de Pernambuco,2252,Exu,26,2605301,225,23821,3587,20234,AEB
21,Estado de Pernambuco,2253,Ouricuri,26,2609907,225,43003,6868,36135,AEB
21,Estado de Pernambuco,2254,Serrita,26,2614006,225,22413,1356,21057,AEB
21,Estado de Pernambuco,2260,Parnamirim,26,2610400,226,12679,2663,10016,AEB
21,Estado de Pernambuco,2261,Salgueiro,26,2612208,226,26000,9891,16109,AEB
21,Estado de Pernambuco,2262,São José do Belmonte,26,2613503,226,25549,3706,21843,AEB
24,Território de Fernando de Noronha,2401,Fernando de Noronha,20,2000107,240,1319,1319,,AEB
25,Estado de Alagoas,2300,Barra de Santo Antônio,27,2700508,230,4891,1949,2942,AEB
25,Estado de Alagoas,2301,Boca da Mata,27,2701001,230,9338,1285,8053,AEB
25,Estado de Alagoas,2302,Campo Alegre,27,2701407,230,6908,1637,5271,AEB
25,Estado de Alagoas,2303,Coruripe,27,2702306,230,20499,4091,16408,AEB
25,Estado de Alagoas,2304,Feliz Deserto,27,2702702,230,2004,759,1245,AEB
25,Estado de Alagoas,2305,Flexeiras,27,2702801,230,14355,2905,11450,AEB
25,Estado de Alagoas,2306,Maceió,27,2704302,230,170134,161863,8271,AEB
25,Estado de Alagoas,2307,Maragogi,27,2704500,230,14462,2396,12066,AEB
25,Estado de Alagoas,2308,Japaratinga,27,2703601,230,2888,634,2254,AEB
25,Estado de Alagoas,2309,Marechal Deodoro,27,2704708,230,13820,5269,8551,AEB
25,Estado de Alagoas,2310,Matriz de Camaragibe,27,2705101,231,9987,4556,5431,AEB
25,Estado de Alagoas,2311,Passo de Camaragibe,27,2706505,231,18760,3338,15422,AEB
25,Estado de Alagoas,2312,Piaçabuçu,27,2706802,231,9677,4864,4813,AEB
25,Estado de Alagoas,2313,Pilar,27,2706901,231,13546,7201,6345,AEB
25,Estado de Alagoas,2314,Porto de Pedras,27,2707404,231,8871,2398,6473,AEB
25,Estado de Alagoas,2315,Rio Largo,27,2707701,231,30704,16749,13955,AEB
25,Estado de Alagoas,2316,Satuba,27,2708907,231,7638,4601,3037,AEB
25,Estado de Alagoas,2317,São Luís do Quitunde,27,2708501,231,13372,3359,10013,AEB
25,Estado de Alagoas,2318,São Miguel dos Campos,27,2708600,231,24270,7475,16795,AEB
25,Estado de Alagoas,2319,São Miguel dos Milagres,27,2708709,231,3901,1088,2813,AEB
25,Estado de Alagoas,2320,Atalaia,27,2700409,232,34370,3397,30973,AEB
25,Estado de Alagoas,2321,Cajueiro,27,2701308,232,6603,1636,4967,AEB
25,Estado de Alagoas,2322,Capela,27,2701704,232,20662,4021,16641,AEB
25,Estado de Alagoas,2323,Colônia Leopoldina,27,2702108,232,18181,3295,14886,AEB
25,Estado de Alagoas,2324,Ibateguara,27,2703007,232,10037,1803,8234,AEB
25,Estado de Alagoas,2325,Jacuípe,27,2703502,232,7890,2015,5875,AEB
25,Estado de Alagoas,2326,Jundiá,27,2703908,232,9529,800,8729,AEB
25,Estado de Alagoas,2327,Murici,27,2705507,232,37008,7113,29895,AEB
25,Estado de Alagoas,2328,Paulo Jacinto,27,2706604,232,8918,3464,5454,AEB
25,Estado de Alagoas,2329,Pindoba,27,2707008,232,9504,1155,8349,AEB
25,Estado de Alagoas,2330,Porto Calvo,27,2707305,233,16037,3876,12161,AEB
25,Estado de Alagoas,2331,Quebrangulo,27,2707602,233,17523,4227,13296,AEB
25,Estado de Alagoas,2332,Santana do Mundaú,27,2708105,233,15853,1601,14252,AEB
25,Estado de Alagoas,2333,São José da Laje,27,2708303,233,24174,5822,18352,AEB
25,Estado de Alagoas,2334,União dos Palmares,27,2709301,233,46844,11386,35458,AEB
25,Estado de Alagoas,2335,Viçosa,27,2709400,233,43095,8204,34891,AEB
25,Estado de Alagoas,2340,Igreja Nova,27,2703205,234,18813,3184,15629,AEB
25,Estado de Alagoas,2341,Penedo,27,2706703,234,25379,17084,8295,AEB
25,Estado de Alagoas,2342,Porto Real do Colégio,27,2707503,234,15526,3656,11870,AEB
25,Estado de Alagoas,2343,São Sebastião,27,2708808,234,5785,569,5216,AEB
25,Estado de Alagoas,2350,Batalha,27,2700706,235,7537,2173,5364,AEB
25,Estado de Alagoas,2351,Belo Monte,27,2700904,235,3666,722,2944,AEB
25,Estado de Alagoas,2352,Campo Grande,27,2701506,235,4135,935,3200,AEB
25,Estado de Alagoas,2353,Feira Grande,27,2702603,235,12680,1480,11200,AEB
25,Estado de Alagoas,2354,Girau do Ponciano,27,2702900,235,11124,814,10310,AEB
25,Estado de Alagoas,2355,Jacaré dos Homens,27,2703403,235,4899,848,4051,AEB
25,Estado de Alagoas,2356,Monteirópolis,27,2705408,235,4443,1011,3432,AEB
25,Estado de Alagoas,2357,Pão de Açúcar,27,2706406,235,13769,5250,8519,AEB
25,Estado de Alagoas,2358,Piranhas,27,2707107,235,5082,2635,2447,AEB
25,Estado de Alagoas,2359,São Brás,27,2708204,235,9021,2009,7012,AEB
25,Estado de Alagoas,2360,São José da Tapera,27,2708402,236,18168,895,17273,AEB
25,Estado de Alagoas,2361,Traipu,27,2709202,236,15297,2393,12904,AEB
25,Estado de Alagoas,2370,Anadia,27,2700201,237,40296,5118,35178,AEB
25,Estado de Alagoas,2371,Arapiraca,27,2700300,237,56872,21952,34920,AEB
25,Estado de Alagoas,2372,Cacimbinhas,27,2701209,237,8137,1334,6803,AEB
25,Estado de Alagoas,2373,Dois Riachos,27,2702504,237,4832,1218,3614,AEB
25,Estado de Alagoas,2374,Igaci,27,2703106,237,18084,2198,15886,AEB
25,Estado de Alagoas,2375,Junqueiro,27,2704005,237,12907,1409,11498,AEB
25,Estado de Alagoas,2376,Limoeiro de Anadia,27,2704203,237,28942,2736,26206,AEB
25,Estado de Alagoas,2377,Major Isidoro,27,2704401,237,12741,2436,10305,AEB
25,Estado de Alagoas,2378,Maravilha,27,2704609,237,4015,714,3301,AEB
25,Estado de Alagoas,2379,Olho d'Água das Flores,27,2705705,237,9070,2341,6729,AEB
25,Estado de Alagoas,2380,Olivença,27,2706000,238,9110,746,8364,AEB
25,Estado de Alagoas,2381,Palmeira dos Índios,27,2706307,238,54540,17353,37187,AEB
25,Estado de Alagoas,2382,Poço das Trincheiras,27,2707206,238,8147,570,7577,AEB
25,Estado de Alagoas,2383,Santana do Ipanema,27,2708006,238,34853,10203,24650,AEB
25,Estado de Alagoas,2390,Água Branca,27,2700102,239,20194,1407,18787,AEB
25,Estado de Alagoas,2391,Delmiro Gouveia,27,2702405,239,11226,6147,5079,AEB
25,Estado de Alagoas,2392,Mata Grande,27,2705002,239,35519,2456,33063,AEB
30,Estado de Sergipe,3010,Aracaju,28,2800308,301,115713,112516,3197,AEB
30,Estado de Sergipe,3011,Arauá,28,2800407,301,6362,1755,4607,AEB
30,Estado de Sergipe,3012,Barra dos Coqueiros,28,2800605,301,4577,2551,2026,AEB
30,Estado de Sergipe,3013,Brejo Grande,28,2800704,301,8085,2014,6071,AEB
30,Estado de Sergipe,3014,Buquim,28,2800670,301,10962,4006,6956,AEB
30,Estado de Sergipe,3015,Cristinápolis,28,2801702,301,5619,1714,3905,AEB
30,Estado de Sergipe,3016,Estância,28,2802106,301,24251,16106,8145,AEB
30,Estado de Sergipe,3017,Ilha das Flores,28,2802700,301,5630,2556,3074,AEB
30,Estado de Sergipe,3018,Indiaroba,28,2802809,301,7118,1332,5786,AEB
30,Estado de Sergipe,3019,Itaporanga d'Ajuda,28,2803203,301,14469,2884,11585,AEB
30,Estado de Sergipe,3020,Japaratuba,28,2803302,302,11899,2557,9342,AEB
30,Estado de Sergipe,3021,Japoatã,28,2803401,302,8295,1930,6365,AEB
30,Estado de Sergipe,3022,Nossa Senhora do Socorro,28,2804805,302,7800,1270,6530,AEB
30,Estado de Sergipe,3023,Pacatuba,28,2804904,302,9305,555,8750,AEB
30,Estado de Sergipe,3024,Pedrinhas,28,2805109,302,3391,1454,1937,AEB
30,Estado de Sergipe,3025,Salgado,28,2806206,302,7412,1793,5619,AEB
30,Estado de Sergipe,3026,Santa Luzia do Itanhy,28,2806305,302,9104,1112,7992,AEB
30,Estado de Sergipe,3027,Santo Amaro das Brotas,28,2806602,302,6011,2183,3828,AEB
30,Estado de Sergipe,3028,São Cristóvão,28,2806701,302,20332,7624,12708,AEB
30,Estado de Sergipe,3029,Umbaúba,28,2807600,302,4095,1282,2813,AEB
30,Estado de Sergipe,3040,Amparo de São Francisco,28,2800100,304,1622,824,798,AEB
30,Estado de Sergipe,3041,Cedro de São João,28,2801603,304,7674,5306,2368,AEB
30,Estado de Sergipe,3042,Neópolis,28,2804409,304,15693,7356,8337,AEB
30,Estado de Sergipe,3043,Propriá,28,2805703,304,20716,15947,4769,AEB
30,Estado de Sergipe,3050,Aquidabã,28,2800209,305,15240,3554,11686,AEB
30,Estado de Sergipe,3051,Canhoba,28,2801108,305,7831,1588,6243,AEB
30,Estado de Sergipe,3052,Canindé de São Francisco,28,2801207,305,1661,279,1382,AEB
30,Estado de Sergipe,3053,Gararu,28,2802403,305,7380,1334,6046,AEB
30,Estado de Sergipe,3054,Gracho Cardoso,28,2802601,305,4241,848,3393,AEB
30,Estado de Sergipe,3055,Itabi,28,2803104,305,4041,1621,2420,AEB
30,Estado de Sergipe,3056,Poço Redondo,28,2805406,305,4474,721,3753,AEB
30,Estado de Sergipe,3057,Porto da Folha,28,2805604,305,11697,3046,8651,AEB
30,Estado de Sergipe,3060,Capela,28,2801306,306,19038,6681,12357,AEB
30,Estado de Sergipe,3061,Carmópolis,28,2801504,306,3483,1579,1904,AEB
30,Estado de Sergipe,3062,Divina Pastora,28,2802007,306,2546,1023,1523,AEB
30,Estado de Sergipe,3063,Itabaiana,28,2802908,306,45174,11050,34124,AEB
30,Estado de Sergipe,3064,Laranjeiras,28,2803609,306,12330,4296,8034,AEB
30,Estado de Sergipe,3065,Malhada dos Bois,28,2803807,306,2654,1180,1474,AEB
30,Estado de Sergipe,3066,Malhador,28,2803906,306,5075,1492,3583,AEB
30,Estado de Sergipe,3067,Maruim,28,2804003,306,8178,5170,3008,AEB
30,Estado de Sergipe,3068,Muribeca,28,2804300,306,4861,1687,3174,AEB
30,Estado de Sergipe,3069,Riachuelo,28,2805901,306,7442,2802,4640,AEB
30,Estado de Sergipe,3070,Rosário do Catete,28,2806107,307,5357,1799,3558,AEB
30,Estado de Sergipe,3071,Santa Rosa de Lima,28,2806503,307,3068,1290,1778,AEB
30,Estado de Sergipe,3072,Siriri,28,2807204,307,5119,1142,3977,AEB
30,Estado de Sergipe,3080,Campo do Brito,28,2801009,308,16012,2540,13472,AEB
30,Estado de Sergipe,3081,Carira,28,2801405,308,10313,1964,8349,AEB
30,Estado de Sergipe,3082,Cumbe,28,2801900,308,4049,1579,2470,AEB
30,Estado de Sergipe,3083,Frei Paulo,28,2802304,308,8416,1520,6896,AEB
30,Estado de Sergipe,3084,Itabaianinha,28,2803005,308,20043,2907,17136,AEB
30,Estado de Sergipe,3085,Lagarto,28,2803500,308,47340,7092,40248,AEB
30,Estado de Sergipe,3086,Macambira,28,2803708,308,4159,1143,3016,AEB
30,Estado de Sergipe,3087,Monte Alegre de Sergipe,28,2804201,308,3704,781,2923,AEB
30,Estado de Sergipe,3088,Nossa Senhora da Glória,28,2804508,308,8254,1958,6296,AEB
30,Estado de Sergipe,3089,Nossa Senhora das Dores,28,2804607,308,22013,4740,17273,AEB
30,Estado de Sergipe,3090,Pinhão,28,2805208,309,4831,800,4031,AEB
30,Estado de Sergipe,3091,Poço Verde,28,2805505,309,7839,953,6886,AEB
30,Estado de Sergipe,3092,Riachão do Dantas,28,2805802,309,16659,2093,14566,AEB
30,Estado de Sergipe,3093,Ribeirópolis,28,2806008,309,13371,2254,11117,AEB
30,Estado de Sergipe,3094,Simão Dias,28,2807105,309,27701,5334,22367,AEB
30,Estado de Sergipe,3095,Tobias Barreto,28,2807402,309,20203,4760,15443,AEB
30,Estado de Sergipe,3096,Tomar do Geru,28,2807501,309,8341,702,7639,AEB
31,Estado da Bahia,3110,Acajutiba,29,2900306,311,9456,3889,5567,AEB
31,Estado da Bahia,3111,Alagoinhas,29,2900702,311,75422,42571,32851,AEB
31,Estado da Bahia,3112,Aporá,29,2901908,311,12914,1430,11484,AEB
31,Estado da Bahia,3113,Conde,29,2908606,311,17290,4190,13100,AEB
31,Estado da Bahia,3114,Entre Rios,29,2910503,311,21772,3092,18680,AEB
31,Estado da Bahia,3115,Esplanada,29,2910602,311,14165,4547,9618,AEB
31,Estado da Bahia,3116,Inhambupe,29,2913705,311,18421,3811,14610,AEB
31,Estado da Bahia,3117,Jandaíra,29,2917904,311,6097,2140,3957,AEB
31,Estado da Bahia,3118,Rio Real,29,2927002,311,13803,3171,10632,AEB
31,Estado da Bahia,3119,Sátiro Dias,29,2929701,311,11280,1216,10064,AEB
31,Estado da Bahia,3130,Belmonte,29,2903409,313,29717,8867,20850,AEB
31,Estado da Bahia,3131,Cairu,29,2905404,313,7648,4733,2915,AEB
31,Estado da Bahia,3132,Camamu,29,2905800,313,37424,5950,31474,AEB
31,Estado da Bahia,3133,Canavieiras,29,2906303,313,63016,19954,43062,AEB
31,Estado da Bahia,3134,Coaraci,29,2908002,313,26401,12496,13905,AEB
31,Estado da Bahia,3135,Gandu,29,2911204,313,21840,6444,15396,AEB
31,Estado da Bahia,3136,Ibicaraí,29,2912103,313,60393,23809,36584,AEB
31,Estado da Bahia,3137,Ilhéus,29,2913606,313,104429,56936,47493,AEB
31,Estado da Bahia,3138,Ipiaú,29,2913903,313,47720,19276,28444,AEB
31,Estado da Bahia,3139,Itabuna,29,2914802,313,118417,67687,50730,AEB
31,Estado da Bahia,3140,Itacaré,29,2914901,314,29278,7185,22093,AEB
31,Estado da Bahia,3141,Itajuípe,29,2915502,314,22890,9515,13375,AEB
31,Estado da Bahia,3142,Itapebi,29,2916302,314,23919,5339,18580,AEB
31,Estado da Bahia,3143,Itororó,29,2917102,314,17139,4312,12827,AEB
31,Estado da Bahia,3144,Ituberá,29,2917300,314,14246,5209,9037,AEB
31,Estado da Bahia,3145,Maraú,29,2920700,314,9763,1901,7862,AEB
31,Estado da Bahia,3146,Nilo Peçanha,29,2922607,314,20586,2358,18228,AEB
31,Estado da Bahia,3147,Potiraguá,29,2925402,314,11592,3113,8479,AEB
31,Estado da Bahia,3148,Taperoá,29,2931202,314,12952,3287,9665,AEB
31,Estado da Bahia,3149,Ubaitaba,29,2932200,314,20553,6866,13687,AEB
31,Estado da Bahia,3150,Ubatã,29,2932309,315,12322,7808,4514,AEB
31,Estado da Bahia,3151,Una,29,2932507,315,18009,2545,15464,AEB
31,Estado da Bahia,3152,Uruçuca,29,2932705,315,13109,4356,8753,AEB
31,Estado da Bahia,3153,Valença,29,2932903,315,40186,17862,22324,AEB
31,Estado da Bahia,3160,Alcobaça,29,2900801,316,21930,3408,18522,AEB
31,Estado da Bahia,3161,Caravelas,29,2906907,316,46744,11215,35529,AEB
31,Estado da Bahia,3162,Itanhém,29,2916005,316,29581,7544,22037,AEB
31,Estado da Bahia,3163,Medeiros Neto,29,2921104,316,24969,8270,16699,AEB
31,Estado da Bahia,3164,Mucuri,29,2922003,316,25757,3553,22204,AEB
31,Estado da Bahia,3165,Porto Seguro,29,2925303,316,47017,5439,41578,AEB
31,Estado da Bahia,3166,Prado,29,2925501,316,61854,6341,55513,AEB
31,Estado da Bahia,3167,Santa Cruz Cabrália,29,2927705,316,10903,1474,9429,AEB
31,Estado da Bahia,3170,Antas,29,2901601,317,12926,2067,10859,AEB
31,Estado da Bahia,3171,Araci,29,2902104,317,17580,2147,15433,AEB
31,Estado da Bahia,3172,Cansanção,29,2906808,317,12893,1432,11461,AEB
31,Estado da Bahia,3173,Cícero Dantas,29,2907806,317,29642,4055,25587,AEB
31,Estado da Bahia,3174,Cipó,29,2907905,317,5911,2522,3389,AEB
31,Estado da Bahia,3175,Conceição do Coité,29,2908408,317,32359,5119,27240,AEB
31,Estado da Bahia,3176,Euclides da Cunha,29,2910701,317,31983,5213,26770,AEB
31,Estado da Bahia,3177,Itapicuru,29,2916500,317,28084,2690,25394,AEB
31,Estado da Bahia,3178,Itiúba,29,2917003,317,19474,2869,16605,AEB
31,Estado da Bahia,3179,Jeremoabo,29,2918100,317,39818,6447,33371,AEB
31,Estado da Bahia,3180,Monte Santo,29,2921500,318,27127,1607,25520,AEB
31,Estado da Bahia,3181,Nova Soure,29,2922904,318,15231,1760,13471,AEB
31,Estado da Bahia,3182,Olindina,29,2923100,318,7872,2841,5031,AEB
31,Estado da Bahia,3183,Paripiranga,29,2923803,318,28081,4375,23706,AEB
31,Estado da Bahia,3184,Queimadas,29,2925808,318,17648,3851,13797,AEB
31,Estado da Bahia,3185,Ribeira do Pombal,29,2926608,318,30586,4802,25784,AEB
31,Estado da Bahia,3186,Ribeira do Amparo,29,2926509,318,16168,1007,15161,AEB
31,Estado da Bahia,3187,Santaluz,29,2928000,318,10412,2932,7480,AEB
31,Estado da Bahia,3188,Serrinha,29,2930501,318,56750,12658,44092,AEB
31,Estado da Bahia,3189,Tucano,29,2931905,318,34099,4234,29865,AEB
31,Estado da Bahia,3190,Uauá,29,2932002,319,13101,2203,10898,AEB
31,Estado da Bahia,3191,Valente,29,2933000,319,12664,2220,10444,AEB
31,Estado da Bahia,3210,Amargosa,29,2901007,321,31372,9298,22074,AEB
31,Estado da Bahia,3211,Brejões,29,2904308,321,16670,1933,14737,AEB
31,Estado da Bahia,3212,Itaquara,29,2916708,321,8110,1725,6385,AEB
31,Estado da Bahia,3213,Itiruçu,29,2916906,321,8001,2666,5335,AEB
31,Estado da Bahia,3214,Jaguaquara,29,2917607,321,24336,6167,18169,AEB
31,Estado da Bahia,3215,Jequié,29,2918001,321,112940,50484,62456,AEB
31,Estado da Bahia,3216,Jiquiriçá,29,2918209,321,9063,1403,7660,AEB
31,Estado da Bahia,3217,Laje,29,2918803,321,15043,2108,12935,AEB
31,Estado da Bahia,3218,Maracás,29,2920502,321,43083,5665,37418,AEB
31,Estado da Bahia,3219,Mutuípe,29,2922409,321,14008,1834,12174,AEB
31,Estado da Bahia,3220,Santa Inês,29,2927903,322,22144,6241,15903,AEB
31,Estado da Bahia,3221,São Miguel das Matas,29,2929404,322,10952,1327,9625,AEB
31,Estado da Bahia,3222,Ubaíra,29,2932101,322,20843,4059,16784,AEB
31,Estado da Bahia,3230,Boa Nova,29,2903706,323,42136,3832,38304,AEB
31,Estado da Bahia,3231,Encruzilhada,29,2910404,323,21953,1740,20213,AEB
31,Estado da Bahia,3232,Ibicuí,29,2912301,323,19690,4026,15664,AEB
31,Estado da Bahia,3233,Iguaí,29,2913507,323,24665,3159,21506,AEB
31,Estado da Bahia,3234,Itagibá,29,2915205,323,18221,1629,16592,AEB
31,Estado da Bahia,3235,Itambé,29,2915809,323,27124,8715,18409,AEB
31,Estado da Bahia,3236,Itapetinga,29,2916401,323,39091,19671,19420,AEB
31,Estado da Bahia,3237,Macarani,29,2919702,323,46097,10426,35671,AEB
31,Estado da Bahia,3238,Poções,29,2925105,323,71765,11966,59799,AEB
31,Estado da Bahia,3239,Vitória da Conquista,29,2933307,323,143486,53429,90057,AEB
31,Estado da Bahia,3250,Aratuípe,29,2902302,325,6985,2646,4339,AEB
31,Estado da Bahia,3251,Cachoeira,29,2904902,325,28869,13916,14953,AEB
31,Estado da Bahia,3252,Camaçari,29,2905701,325,21849,10031,11818,AEB
31,Estado da Bahia,3253,Candeias,29,2906501,325,18484,12500,5984,AEB
31,Estado da Bahia,3254,Catu,29,2907509,325,21721,9686,12035,AEB
31,Estado da Bahia,3255,Conceição da Feira,29,2908200,325,11418,3057,8361,AEB
31,Estado da Bahia,3256,Conceição do Almeida,29,2908309,325,24368,4566,19802,AEB
31,Estado da Bahia,3257,Cruz das Almas,29,2909802,325,24196,12190,12006,AEB
31,Estado da Bahia,3258,Itaparica,29,2916104,325,25276,11629,13647,AEB
31,Estado da Bahia,3259,Jaguaripe,29,2917805,325,11858,3410,8448,AEB
31,Estado da Bahia,3260,Maragogipe,29,2920601,326,39742,19322,20420,AEB
31,Estado da Bahia,3261,Mata de São João,29,2921005,326,23393,10921,12472,AEB
31,Estado da Bahia,3262,Muritiba,29,2922300,326,38046,13589,24457,AEB
31,Estado da Bahia,3263,Nazaré,29,2922508,326,28258,15977,12281,AEB
31,Estado da Bahia,3264,Pojuca,29,2925204,326,8575,4217,4358,AEB
31,Estado da Bahia,3265,Salvador,29,2927408,326,655735,638592,17143,AEB
31,Estado da Bahia,3266,Santo Amaro,29,2928604,326,100221,46563,53658,AEB
31,Estado da Bahia,3267,Santo Antônio de Jesus,29,2928703,326,34018,15486,18532,AEB
31,Estado da Bahia,3268,São Félix,29,2929008,326,14866,6059,8807,AEB
31,Estado da Bahia,3269,São Felipe,29,2929107,326,24681,2336,22345,AEB
31,Estado da Bahia,3270,São Francisco do Conde,29,2929206,327,18455,3930,14525,AEB
31,Estado da Bahia,3271,São Gonçalo dos Campos,29,2929305,327,33434,7343,26091,AEB
31,Estado da Bahia,3272,São Sebastião do Passé,29,2929503,327,23963,8300,15663,AEB
31,Estado da Bahia,3273,Sapeaçu,29,2929602,327,13163,2924,10239,AEB
31,Estado da Bahia,3280,Castro Alves,29,2907301,328,40998,9749,31249,AEB
31,Estado da Bahia,3281,Coração de Maria,29,2908903,328,18134,1597,16537,AEB
31,Estado da Bahia,3282,Feira de Santana,29,2910800,328,141757,69884,71873,AEB
31,Estado da Bahia,3283,Iaçu,29,2911907,328,13693,4717,8976,AEB
31,Estado da Bahia,3284,Ipirá,29,2914000,328,48422,4207,44215,AEB
31,Estado da Bahia,3285,Irará,29,2914505,328,45575,5258,40317,AEB
31,Estado da Bahia,3286,Riachão do Jacuípe,29,2926301,328,49400,4587,44813,AEB
31,Estado da Bahia,3287,Santa Teresinha,29,2928505,328,24398,1729,22669,AEB
31,Estado da Bahia,3288,Santo Estêvão,29,2928802,328,36377,3699,32678,AEB
31,Estado da Bahia,3289,Serra Preta,29,2930402,328,17164,438,16726,AEB
31,Estado da Bahia,3290,Tanquinho,29,2931103,329,4947,2089,2858,AEB
31,Estado da Bahia,3300,Andaraí,29,2901304,330,31259,5132,26127,AEB
31,Estado da Bahia,3301,Barra da Estiva,29,2902807,330,23744,4743,19001,AEB
31,Estado da Bahia,3302,Brotas de Macaúbas,29,2904506,330,14161,3337,10824,AEB
31,Estado da Bahia,3303,Barra do Mendes,29,2903003,330,9367,2349,7018,AEB
31,Estado da Bahia,3304,Gentio do Ouro,29,2911303,330,15232,4175,11057,AEB
31,Estado da Bahia,3305,Ibitiara,29,2913002,330,24010,2022,21988,AEB
31,Estado da Bahia,3306,Ipupiara,29,2914109,330,5274,2208,3066,AEB
31,Estado da Bahia,3307,Irecê,29,2914604,330,43686,10748,32938,AEB
31,Estado da Bahia,3308,Ituaçu,29,2917201,330,32661,4658,28003,AEB
31,Estado da Bahia,3309,Lençóis,29,2919306,330,8453,4278,4175,AEB
31,Estado da Bahia,3310,Morro do Chapéu,29,2921708,331,46038,8805,37233,AEB
31,Estado da Bahia,3311,Mucugê,29,2921906,331,14872,1666,13206,AEB
31,Estado da Bahia,3312,Palmeiras,29,2923506,331,6085,2286,3799,AEB
31,Estado da Bahia,3313,Piatã,29,2924306,331,34058,5257,28801,AEB
31,Estado da Bahia,3314,Rio de Contas,29,2926707,331,15866,3315,12551,AEB
31,Estado da Bahia,3315,Seabra,29,2929909,331,35808,4281,31527,AEB
31,Estado da Bahia,3316,Utinga,29,2932804,331,8258,2075,6183,AEB
31,Estado da Bahia,3320,Brumado,29,2904605,332,43331,8483,34848,AEB
31,Estado da Bahia,3321,Caculé,29,2905008,332,25921,6265,19656,AEB
31,Estado da Bahia,3322,Caetité,29,2905206,332,31497,6031,25466,AEB
31,Estado da Bahia,3323,Condeúba,29,2908705,332,43536,4590,38946,AEB
31,Estado da Bahia,3324,Guanambi,29,2911709,332,28628,6591,22037,AEB
31,Estado da Bahia,3325,Igaporã,29,2913408,332,9812,1927,7885,AEB
31,Estado da Bahia,3326,Jacaraci,29,2917409,332,22952,3243,19709,AEB
31,Estado da Bahia,3327,Livramento do Brumado,29,2919504,332,27295,5671,21624,AEB
31,Estado da Bahia,3328,Macaúbas,29,2919801,332,42212,6135,36077,AEB
31,Estado da Bahia,3329,Oliveira dos Brejinhos,29,2923209,332,16186,2515,13671,AEB
31,Estado da Bahia,3330,Paramirim,29,2923605,333,27938,3661,24277,AEB
31,Estado da Bahia,3331,Tremedal,29,2931806,333,30445,1227,29218,AEB
31,Estado da Bahia,3332,Urandi,29,2932606,333,26274,2697,23577,AEB
31,Estado da Bahia,3340,Chorrochó,29,2907707,334,12323,948,11375,AEB
31,Estado da Bahia,3341,Curaçá,29,2909901,334,16720,2365,14355,AEB
31,Estado da Bahia,3342,Glória,29,2911402,334,15907,3045,12862,AEB
31,Estado da Bahia,3343,Paulo Afonso,29,2924009,334,25259,19499,5760,AEB
31,Estado da Bahia,3350,Barra,29,2902708,335,36514,8897,27617,AEB
31,Estado da Bahia,3351,Casa Nova,29,2907202,335,31612,4689,26923,AEB
31,Estado da Bahia,3352,Central,29,2907608,335,25144,5358,19786,AEB
31,Estado da Bahia,3353,Ibotirama,29,2913200,335,7255,2902,4353,AEB
31,Estado da Bahia,3354,Juazeiro,29,2918407,335,40742,23855,16887,AEB
31,Estado da Bahia,3355,Paratinga,29,2923704,335,16716,2625,14091,AEB
31,Estado da Bahia,3356,Pilão Arcado,29,2924405,335,16683,2923,13760,AEB
31,Estado da Bahia,3357,Remanso,29,2926004,335,28343,6159,22184,AEB
31,Estado da Bahia,3358,Sento Sé,29,2930204,335,18443,5753,12690,AEB
31,Estado da Bahia,3359,Xique-Xique,29,2933604,335,22589,7409,15180,AEB
31,Estado da Bahia,3360,Bom Jesus da Lapa,29,2903904,336,23234,8338,14896,AEB
31,Estado da Bahia,3361,Carinhanha,29,2907103,336,21482,3931,17551,AEB
31,Estado da Bahia,3362,Cocos,29,2908101,336,11281,1427,9854,AEB
31,Estado da Bahia,3363,Coribe,29,2909109,336,12809,739,12070,AEB
31,Estado da Bahia,3364,Palmas de Monte Alto,29,2923407,336,13141,2057,11084,AEB
31,Estado da Bahia,3365,Riacho de Santana,29,2926400,336,24042,2513,21529,AEB
31,Estado da Bahia,3366,Santana,29,2928208,336,31110,6915,24195,AEB
31,Estado da Bahia,3367,Santa Maria da Vitória,29,2928109,336,20715,3957,16758,AEB
31,Estado da Bahia,3370,Angical,29,2901403,337,28364,2530,25834,AEB
31,Estado da Bahia,3371,Barreiras,29,2903201,337,37378,10174,27204,AEB
31,Estado da Bahia,3372,Correntina,29,2909307,337,24086,2636,21450,AEB
31,Estado da Bahia,3373,Cotegipe,29,2909406,337,23340,4363,18977,AEB
31,Estado da Bahia,3374,Ibipetuba,29,2928406,337,23780,4307,19473,AEB
31,Estado da Bahia,3380,Campo Formoso,29,2906006,338,35926,5833,30093,AEB
31,Estado da Bahia,3381,Jaguarari,29,2917706,338,15155,3165,11990,AEB
31,Estado da Bahia,3382,Pindobaçu,29,2924603,338,15573,1508,14065,AEB
31,Estado da Bahia,3383,Saúde,29,2929800,338,24287,5858,18429,AEB
31,Estado da Bahia,3384,Senhor do Bonfim,29,2930105,338,34498,17522,16976,AEB
31,Estado da Bahia,3390,Baixa Grande,29,2902609,339,13928,1540,12388,AEB
31,Estado da Bahia,3391,Ibiquera,29,2912608,339,6759,1347,5412,AEB
31,Estado da Bahia,3392,Itaberaba,29,2914703,339,39160,9982,29178,AEB
31,Estado da Bahia,3393,Jacobina,29,2917508,339,75214,19992,55222,AEB
31,Estado da Bahia,3394,Macajuba,29,2919603,339,7578,1245,6333,AEB
31,Estado da Bahia,3395,Mairi,29,2920106,339,26736,2692,24044,AEB
31,Estado da Bahia,3396,Miguel Calmon,29,2921203,339,28456,8165,20291,AEB
31,Estado da Bahia,3397,Mundo Novo,29,2922102,339,28237,6748,21489,AEB
31,Estado da Bahia,3398,Piritiba,29,2924801,339,16603,4380,12223,AEB
31,Estado da Bahia,3399,Ruy Barbosa,29,2927200,339,32059,8247,23812,AEB
40,Estado de Minas Gerais,4010,João Pinheiro,31,3136306,401,28407,4291,24116,AEB
40,Estado de Minas Gerais,4011,Paracatu,31,3147006,401,25784,10677,15107,AEB
40,Estado de Minas Gerais,4012,Presidente Olegário,31,3153400,401,34905,3985,30920,AEB
40,Estado de Minas Gerais,4013,Unaí,31,3170404,401,46306,6308,39998,AEB
40,Estado de Minas Gerais,4014,Vazante,31,3171006,401,11156,2258,8898,AEB
40,Estado de Minas Gerais,4020,Espinosa,31,3124302,402,22358,3218,19140,AEB
40,Estado de Minas Gerais,4021,Grão Mogol,31,3127800,402,38577,2865,35712,AEB
40,Estado de Minas Gerais,4022,Mato Verde,31,3141009,402,9540,2453,7087,AEB
40,Estado de Minas Gerais,4023,Monte Azul,31,3142908,402,19640,4997,14643,AEB
40,Estado de Minas Gerais,4024,Porteirinha,31,3152204,402,41614,4256,37358,AEB
40,Estado de Minas Gerais,4025,Rio Pardo de Minas,31,3155603,402,37993,1740,36253,AEB
40,Estado de Minas Gerais,4026,Salinas,31,3157005,402,59195,7499,51696,AEB
40,Estado de Minas Gerais,4027,São João do Paraíso,31,3162708,402,19301,995,18306,AEB
40,Estado de Minas Gerais,4028,Taiobeiras,31,3168002,402,12026,2724,9302,AEB
40,Estado de Minas Gerais,4030,Aiuruoca,31,3101201,403,7624,1591,6033,AEB
40,Estado de Minas Gerais,4031,Alfenas,31,3101607,403,26188,16874,9314,AEB
40,Estado de Minas Gerais,4032,Alpinópolis,31,3101904,403,19740,4445,15295,Sinopse1960_QuadroII_p37
40,Estado de Minas Gerais,4033,Alterosa,31,3102001,403,7980,1682,6298,AEB
40,Estado de Minas Gerais,4034,Andradas,31,3102605,403,19105,5783,13322,AEB
40,Estado de Minas Gerais,4035,Andrelândia,31,3102803,403,12025,4617,7408,AEB
40,Estado de Minas Gerais,4036,Arceburgo,31,3104106,403,8693,2676,6017,AEB
40,Estado de Minas Gerais,4037,Areado,31,3104304,403,8154,2923,5231,AEB
40,Estado de Minas Gerais,4038,Baependi,31,3104908,403,21467,5614,15853,AEB
40,Estado de Minas Gerais,4039,Boa Esperança,31,3107109,403,21941,9263,12678,AEB
40,Estado de Minas Gerais,4040,Bocaina de Minas,31,3107208,404,5948,1090,4858,AEB
40,Estado de Minas Gerais,4041,Bom Jardim de Minas,31,3107505,404,7897,3620,4277,AEB
40,Estado de Minas Gerais,4042,Bom Repouso,31,3107901,404,4740,433,4307,AEB
40,Estado de Minas Gerais,4043,Borda da Mata,31,3108305,404,12367,4075,8292,AEB
40,Estado de Minas Gerais,4044,Botelhos,31,3108404,404,12887,4131,8756,AEB
40,Estado de Minas Gerais,4045,Brasópolis,31,3108909,404,22922,6192,16730,AEB
40,Estado de Minas Gerais,4046,Bueno Brandão,31,3109105,404,9978,1616,8362,AEB
40,Estado de Minas Gerais,4047,Cabo Verde,31,3109501,404,11576,2693,8883,AEB
40,Estado de Minas Gerais,4048,Cachoeira de Minas,31,3109709,404,9797,1801,7996,AEB
40,Estado de Minas Gerais,4049,Caldas,31,3110301,404,20061,5805,14256,AEB
40,Estado de Minas Gerais,4050,Camanducaia,31,3110509,405,14607,3130,11477,AEB
40,Estado de Minas Gerais,4051,Cambuí,31,3110608,405,13748,3794,9954,AEB
40,Estado de Minas Gerais,4052,Cambuquira,31,3110707,405,9899,5640,4259,AEB
40,Estado de Minas Gerais,4053,Campanha,31,3110905,405,9966,6178,3788,AEB
40,Estado de Minas Gerais,4054,Campestre,31,3111002,405,17678,4451,13227,AEB
40,Estado de Minas Gerais,4055,Campo do Meio,31,3111309,405,8061,2879,5182,AEB
40,Estado de Minas Gerais,4056,Campos Gerais,31,3111606,405,20721,5542,15179,AEB
40,Estado de Minas Gerais,4057,Cana do Reino,31,3114709,405,2118,676,1442,AEB
40,Estado de Minas Gerais,4058,Capetinga,31,3112406,405,7381,2175,5206,AEB
40,Estado de Minas Gerais,4059,Careaçu,31,3113602,405,4728,1504,3224,AEB
40,Estado de Minas Gerais,4060,Carmo da Cachoeira,31,3113909,406,10092,2690,7402,AEB
40,Estado de Minas Gerais,4061,Carmo de Minas,31,3114105,406,10038,2921,7117,AEB
40,Estado de Minas Gerais,4062,Carmo do Rio Claro,31,3114402,406,16035,6083,9952,AEB
40,Estado de Minas Gerais,4063,Carrancas,31,3114600,406,4918,907,4011,AEB
40,Estado de Minas Gerais,4064,Carvalhos,31,3114808,406,5631,1035,4596,AEB
40,Estado de Minas Gerais,4065,Cássia,31,3115102,406,15916,7034,8882,AEB
40,Estado de Minas Gerais,4066,Caxambu,31,3115508,406,11843,10491,1352,AEB
40,Estado de Minas Gerais,4067,Claraval,31,3116407,406,6000,964,5036,AEB
40,Estado de Minas Gerais,4068,Conceição da Aparecida,31,3117108,406,8597,2662,5935,AEB
40,Estado de Minas Gerais,4069,Conceição do Rio Verde,31,3117702,406,9239,4641,4598,AEB
40,Estado de Minas Gerais,4070,Conceição dos Ouros,31,3117801,407,6260,1698,4562,AEB
40,Estado de Minas Gerais,4071,Congonhal,31,3117900,407,7492,1484,6008,AEB
40,Estado de Minas Gerais,4072,Coqueiral,31,3118700,407,7916,2205,5711,AEB
40,Estado de Minas Gerais,4073,Córrego do Bom Jesus,31,3119906,407,4639,720,3919,AEB
40,Estado de Minas Gerais,4074,Cristina,31,3120508,407,12494,3413,9081,AEB
40,Estado de Minas Gerais,4075,Cruzília,31,3120805,407,7403,3047,4356,AEB
40,Estado de Minas Gerais,4076,Delfim Moreira,31,3121100,407,12103,2613,9490,AEB
40,Estado de Minas Gerais,4077,Delfinópolis,31,3121209,407,8141,3128,5013,AEB
40,Estado de Minas Gerais,4078,Divisa Nova,31,3122405,407,3906,1050,2856,AEB
40,Estado de Minas Gerais,4079,Dom Viçoso,31,3122801,407,3142,856,2286,AEB
40,Estado de Minas Gerais,4080,Elói Mendes,31,3123601,408,15331,5010,10321,AEB
40,Estado de Minas Gerais,4081,Estiva,31,3124500,408,8038,1669,6369,AEB
40,Estado de Minas Gerais,4082,Extrema,31,3125101,408,8958,1685,7273,AEB
40,Estado de Minas Gerais,4083,Fama,31,3125200,408,2782,923,1859,AEB
40,Estado de Minas Gerais,4084,Guapé,31,3128105,408,13845,2868,10977,AEB
40,Estado de Minas Gerais,4085,Guaranésia,31,3128303,408,13501,5222,8279,AEB
40,Estado de Minas Gerais,4086,Guaxupé,31,3128709,408,21936,14168,7768,AEB
40,Estado de Minas Gerais,4087,Heliodora,31,3129202,408,5603,1543,4060,AEB
40,Estado de Minas Gerais,4088,Ibiraci,31,3129707,408,10031,2506,7525,AEB
40,Estado de Minas Gerais,4089,Ilicínea,31,3130507,408,8572,2564,6008,AEB
40,Estado de Minas Gerais,4090,Ipuiúna,31,3131505,409,5567,1545,4022,AEB
40,Estado de Minas Gerais,4091,Itajubá,31,3132404,409,51245,32806,18439,AEB
40,Estado de Minas Gerais,4092,Itamogi,31,3132909,409,7346,2439,4907,AEB
40,Estado de Minas Gerais,4093,Itamonte,31,3133006,409,9619,2163,7456,AEB
40,Estado de Minas Gerais,4094,Itanhandu,31,3133105,409,8364,4736,3628,AEB
40,Estado de Minas Gerais,4095,Itumirim,31,3134301,409,7395,2043,5352,Sinopse1960_QuadroII_p43
40,Estado de Minas Gerais,4096,Itutinga,31,3134509,409,4318,1042,3276,AEB
40,Estado de Minas Gerais,4097,Jacuí,31,3134806,409,11603,2086,9517,AEB
40,Estado de Minas Gerais,4098,Jacutinga,31,3134905,409,13788,4780,9008,AEB
40,Estado de Minas Gerais,4099,Jesuânia,31,3135902,409,4738,1400,3338,AEB
40,Estado de Minas Gerais,4100,Juruaia,31,3136900,410,5866,890,4976,AEB
40,Estado de Minas Gerais,4101,Lambari,31,3137809,410,10975,6825,4150,AEB
40,Estado de Minas Gerais,4102,Lavras,31,3138203,410,37644,24517,13127,AEB
40,Estado de Minas Gerais,4103,Liberdade,31,3138500,410,6622,1106,5516,AEB
40,Estado de Minas Gerais,4104,Luminárias,31,3138708,410,5264,1192,4072,AEB
40,Estado de Minas Gerais,4105,Machado,31,3139003,410,21389,8723,12666,AEB
40,Estado de Minas Gerais,4106,Madre de Deus de Minas,31,3139102,410,3762,1224,2538,AEB
40,Estado de Minas Gerais,4107,Maria da Fé,31,3139904,410,9120,2980,6140,AEB
40,Estado de Minas Gerais,4108,Minduri,31,3141900,410,3218,1644,1574,AEB
40,Estado de Minas Gerais,4109,Monsenhor Paulo,31,3142601,410,5861,1372,4489,AEB
40,Estado de Minas Gerais,4110,Monte Belo,31,3143005,411,12221,3199,9022,AEB
40,Estado de Minas Gerais,4111,Monte Santo de Minas,31,3143203,411,17164,6032,11132,AEB
40,Estado de Minas Gerais,4112,Monte Sião,31,3143401,411,9133,1794,7339,AEB
40,Estado de Minas Gerais,4113,Munhoz,31,3143807,411,3172,844,2328,AEB
40,Estado de Minas Gerais,4114,Muzambinho,31,3144102,411,16900,6731,10169,AEB
40,Estado de Minas Gerais,4115,Natércia,31,3144409,411,8505,1849,6656,AEB
40,Estado de Minas Gerais,4116,Nepomuceno,31,3144607,411,24296,5598,18698,AEB
40,Estado de Minas Gerais,4117,Nova Resende,31,3145109,411,12745,2876,9869,AEB
40,Estado de Minas Gerais,4118,Ouro Fino,31,3146008,411,27036,9702,17334,AEB
40,Estado de Minas Gerais,4119,Paraguaçu,31,3147204,411,12726,6133,6593,AEB
40,Estado de Minas Gerais,4120,Paraisópolis,31,3147303,412,20782,8017,12765,AEB
40,Estado de Minas Gerais,4121,Passa Quatro,31,3147600,412,11371,6383,4988,AEB
40,Estado de Minas Gerais,4122,Passa-Vinte,31,3147808,412,3733,1058,2675,AEB
40,Estado de Minas Gerais,4123,Passos,31,3147907,412,47587,28555,19032,AEB
40,Estado de Minas Gerais,4124,Pedralva,31,3149101,412,10005,2036,7969,AEB
40,Estado de Minas Gerais,4125,Piedade do Rio Grande,31,3150307,412,7063,1201,5862,AEB
40,Estado de Minas Gerais,4126,Poço Fundo,31,3151701,412,13328,3248,10080,AEB
40,Estado de Minas Gerais,4127,Poços de Caldas,31,3151800,412,38743,32191,6552,AEB
40,Estado de Minas Gerais,4128,Pouso Alegre,31,3152501,412,27763,18852,8911,AEB
40,Estado de Minas Gerais,4129,Pouso Alto,31,3152600,412,8057,2342,5715,AEB
40,Estado de Minas Gerais,4130,Pratápolis,31,3152907,413,12085,7515,4570,AEB
40,Estado de Minas Gerais,4131,Ribeirão Vermelho,31,3154705,413,4334,2960,1374,AEB
40,Estado de Minas Gerais,4132,Santa Rita de Caldas,31,3159209,413,8603,2320,6283,AEB
40,Estado de Minas Gerais,4133,Santa Rita de Jacutinga,31,3159308,413,7016,2345,4671,AEB
40,Estado de Minas Gerais,4134,Santa Rita do Sapucaí,31,3159605,413,21622,9309,12313,AEB
40,Estado de Minas Gerais,4135,São Gonçalo do Sapucaí,31,3162005,413,21059,9008,12051,AEB
40,Estado de Minas Gerais,4136,São João Batista do Glória,31,3162203,413,5625,2226,3399,AEB
40,Estado de Minas Gerais,4137,São José do Alegre,31,3163201,413,3177,896,2281,AEB
40,Estado de Minas Gerais,4138,São Lourenço,31,3163706,413,15905,14680,1225,AEB
40,Estado de Minas Gerais,4139,São Pedro da União,31,3163904,413,5244,1024,4220,AEB
40,Estado de Minas Gerais,4140,São Sebastião do Paraíso,31,3164704,414,25298,15268,10030,AEB
40,Estado de Minas Gerais,4141,São Tomás de Aquino,31,3165107,414,7395,2437,4958,AEB
40,Estado de Minas Gerais,4142,São Vicente de Minas,31,3165305,414,5401,2441,2960,AEB
40,Estado de Minas Gerais,4143,Sapucaí-Mirim,31,3165404,414,4170,1069,3101,AEB
40,Estado de Minas Gerais,4144,Serrania,31,3166907,414,4462,1788,2674,AEB
40,Estado de Minas Gerais,4145,Serranos,31,3167004,414,3492,1294,2198,AEB
40,Estado de Minas Gerais,4146,Silvianópolis,31,3167400,414,12436,3052,9384,AEB
40,Estado de Minas Gerais,4147,Soledade de Minas,31,3167806,414,6448,2804,3644,AEB
40,Estado de Minas Gerais,4148,Toledo,31,3169109,414,4395,871,3524,AEB
40,Estado de Minas Gerais,4149,Três Corações,31,3169307,414,30505,17498,13007,AEB
40,Estado de Minas Gerais,4150,Três Pontas,31,3169406,415,35105,12886,22219,AEB
40,Estado de Minas Gerais,4151,Varginha,31,3170701,415,33579,24944,8635,AEB
40,Estado de Minas Gerais,4152,Virgínia,31,3171709,415,8314,1384,6930,AEB
40,Estado de Minas Gerais,4200,Januária,31,3135209,420,60599,14428,46171,AEB
40,Estado de Minas Gerais,4201,Manga,31,3139300,420,35040,4007,31033,AEB
40,Estado de Minas Gerais,4202,São Francisco,31,3161106,420,45883,5161,40722,AEB
40,Estado de Minas Gerais,4203,São Romão,31,3164209,420,23829,2715,21114,AEB
40,Estado de Minas Gerais,4210,Bocaiúva,31,3107307,421,40124,10259,29865,AEB
40,Estado de Minas Gerais,4211,Brasília,31,3108602,421,42200,4810,37390,AEB
40,Estado de Minas Gerais,4212,Coração de Jesus,31,3118809,421,32286,5437,26849,AEB
40,Estado de Minas Gerais,4213,Francisco Sá,31,3126703,421,32094,3633,28461,AEB
40,Estado de Minas Gerais,4214,Janaúba,31,3135100,421,23004,5055,17949,AEB
40,Estado de Minas Gerais,4215,Jequitaí,31,3135605,421,13557,1693,11864,AEB
40,Estado de Minas Gerais,4216,Juramento,31,3136801,421,6650,589,6061,AEB
40,Estado de Minas Gerais,4217,Montes Claros,31,3143302,421,132502,46531,85971,AEB
40,Estado de Minas Gerais,4218,São João da Ponte,31,3162401,421,47357,6374,40983,AEB
40,Estado de Minas Gerais,4220,Buenópolis,31,3109204,422,15388,5118,10270,AEB
40,Estado de Minas Gerais,4221,Corinto,31,3119104,422,36604,14840,21764,AEB
40,Estado de Minas Gerais,4222,Curvelo,31,3120904,422,53052,25938,27114,AEB
40,Estado de Minas Gerais,4223,Felixlândia,31,3125705,422,11092,2751,8341,AEB
40,Estado de Minas Gerais,4224,Lassance,31,3138104,422,5809,1290,4519,AEB
40,Estado de Minas Gerais,4225,Morada Nova de Minas,31,3143500,422,15602,3733,11869,AEB
40,Estado de Minas Gerais,4226,Pirapora,31,3151206,422,23834,16297,7537,AEB
40,Estado de Minas Gerais,4227,São Gonçalo do Abaeté,31,3161700,422,12271,2013,10258,AEB
40,Estado de Minas Gerais,4228,Várzea da Palma,31,3170800,422,7779,3497,4282,AEB
40,Estado de Minas Gerais,4230,Águas Formosas,31,3100906,423,30216,5937,24279,AEB
40,Estado de Minas Gerais,4231,Ataléia,31,3104700,423,19148,692,18456,AEB
40,Estado de Minas Gerais,4232,Carlos Chagas,31,3113701,423,32977,7399,25578,AEB
40,Estado de Minas Gerais,4233,Itambacuri,31,3132701,423,95739,14623,81116,AEB
40,Estado de Minas Gerais,4234,Ladainha,31,3137007,423,18852,3633,15219,AEB
40,Estado de Minas Gerais,4235,Machacalis,31,3138906,423,15373,3384,11989,AEB
40,Estado de Minas Gerais,4236,Malacacheta,31,3139201,423,43571,5548,38023,AEB
40,Estado de Minas Gerais,4239,Nanuque,31,3144300,423,51303,25743,25560,AEB
40,Estado de Minas Gerais,4240,Novo Cruzeiro,31,3145307,424,36778,4292,32486,AEB
40,Estado de Minas Gerais,4241,Poté,31,3152402,424,17831,3670,14161,AEB
40,Estado de Minas Gerais,4242,Teófilo Otoni,31,3168606,424,129111,45862,83249,AEB
40,Estado de Minas Gerais,4250,Almenara,31,3101706,425,41540,12145,29395,AEB
40,Estado de Minas Gerais,4251,Jacinto,31,3134707,425,24368,3667,20701,AEB
40,Estado de Minas Gerais,4252,Jordânia,31,3136504,425,10395,3674,6721,AEB
40,Estado de Minas Gerais,4253,Rio do Prado,31,3155108,425,14644,2797,11847,AEB
40,Estado de Minas Gerais,4254,Rubim,31,3156601,425,11668,4541,7127,AEB
40,Estado de Minas Gerais,4255,Salto da Divisa,31,3157104,425,10671,2817,7854,AEB
40,Estado de Minas Gerais,4260,Caraí,31,3113008,426,22903,4867,18036,AEB
40,Estado de Minas Gerais,4261,Comercinho,31,3117009,426,9784,1312,8472,AEB
40,Estado de Minas Gerais,4262,Itinga,31,3134004,426,21575,2773,18802,AEB
40,Estado de Minas Gerais,4263,Jequitinhonha,31,3135803,426,18833,5970,12863,AEB
40,Estado de Minas Gerais,4264,Joaíma,31,3136009,426,21697,5186,16511,AEB
40,Estado de Minas Gerais,4265,Medina,31,3141405,426,28325,8122,20203,AEB
40,Estado de Minas Gerais,4266,Pedra Azul,31,3148707,426,25062,9882,15180,AEB
40,Estado de Minas Gerais,4300,Açucena,31,3100500,430,32718,4810,27908,AEB
40,Estado de Minas Gerais,4301,Água Boa,31,3100609,430,32351,1619,30732,AEB
40,Estado de Minas Gerais,4302,Aimorés,31,3101102,430,41443,13897,27546,AEB
40,Estado de Minas Gerais,4303,Antônio Dias,31,3103009,430,11042,1544,9498,AEB
40,Estado de Minas Gerais,4304,Bom Jesus do Galho,31,3107802,430,30221,4313,25908,AEB
40,Estado de Minas Gerais,4305,Braúnas,31,3108800,430,9870,967,8903,AEB
40,Estado de Minas Gerais,4306,Caratinga,31,3113404,430,107654,34742,72912,AEB
40,Estado de Minas Gerais,4307,Coluna,31,3116803,430,9599,1400,8199,AEB
40,Estado de Minas Gerais,4308,Conselheiro Pena,31,3118403,430,54432,16922,37510,AEB
40,Estado de Minas Gerais,4309,Coroaci,31,3119203,430,13579,2791,10788,AEB
40,Estado de Minas Gerais,4310,Coronel Fabriciano,31,3119401,431,49001,38603,10398,AEB
40,Estado de Minas Gerais,4311,Dionísio,31,3121803,431,11201,2322,8879,AEB
40,Estado de Minas Gerais,4312,Dom Joaquim,31,3122603,431,12337,2900,9437,AEB
40,Estado de Minas Gerais,4313,Ferros,31,3125903,431,23066,4336,18730,AEB
40,Estado de Minas Gerais,4314,Galiléia,31,3127305,431,33272,5836,27436,AEB
40,Estado de Minas Gerais,4315,Governador Valadares,31,3127701,431,122209,76380,45829,AEB
40,Estado de Minas Gerais,4316,Guanhães,31,3128006,431,27164,8078,19086,AEB
40,Estado de Minas Gerais,4317,Iapu,31,3129301,431,26781,4142,22639,AEB
40,Estado de Minas Gerais,4318,Inhapim,31,3130903,431,46087,6767,39320,AEB
40,Estado de Minas Gerais,4319,Itanhomi,31,3133204,431,28230,2891,25339,AEB
40,Estado de Minas Gerais,4320,Itueta,31,3134103,432,3632,1374,2258,AEB
40,Estado de Minas Gerais,4321,Jaguaraçu,31,3135001,432,2686,625,2061,AEB
40,Estado de Minas Gerais,4322,Joanésia,31,3136108,432,7249,1491,5758,AEB
40,Estado de Minas Gerais,4323,Marliéria,31,3140308,432,5693,857,4836,AEB
40,Estado de Minas Gerais,4324,Mesquita,31,3141702,432,20112,4000,16112,AEB
40,Estado de Minas Gerais,4325,Nova Era,31,3144706,432,18130,7326,10804,AEB
40,Estado de Minas Gerais,4326,Paulistas,31,3148400,432,6302,1331,4971,AEB
40,Estado de Minas Gerais,4327,Peçanha,31,3148608,432,35714,6608,29106,AEB
40,Estado de Minas Gerais,4328,Resplendor,31,3154309,432,52035,10361,41674,AEB
40,Estado de Minas Gerais,4329,Rio Vermelho,31,3156007,432,20556,2864,17692,AEB
40,Estado de Minas Gerais,4330,Sabinópolis,31,3156809,433,14765,3676,11089,AEB
40,Estado de Minas Gerais,4331,Santa Maria do Suaçuí,31,3158201,433,32755,6920,25835,AEB
40,Estado de Minas Gerais,4332,São Domingos do Prata,31,3161007,433,21702,4774,16928,AEB
40,Estado de Minas Gerais,4333,São João Evangelista,31,3162807,433,13321,3376,9945,AEB
40,Estado de Minas Gerais,4334,São José do Goiabal,31,3163409,433,10817,1793,9024,AEB
40,Estado de Minas Gerais,4335,São José do Jacuri,31,3163508,433,10913,1020,9893,AEB
40,Estado de Minas Gerais,4336,São Sebastião do Maranhão,31,3164506,433,15857,2441,13416,AEB
40,Estado de Minas Gerais,4337,Senhora do Porto,31,3166105,433,6637,1178,5459,AEB
40,Estado de Minas Gerais,4338,Tarumirim,31,3168408,433,63461,10788,52673,AEB
40,Estado de Minas Gerais,4339,Tumiritinga,31,3169505,433,9699,3123,6576,AEB
40,Estado de Minas Gerais,4340,Virginópolis,31,3171808,434,35434,11384,24050,AEB
40,Estado de Minas Gerais,4341,Virgolândia,31,3171907,434,24158,5493,18665,AEB
40,Estado de Minas Gerais,4400,Abre Campo,31,3100302,440,26701,4736,21965,AEB
40,Estado de Minas Gerais,4401,Além Paraíba,31,3101508,440,31902,19360,12542,AEB
40,Estado de Minas Gerais,4402,Alto Rio Doce,31,3102100,440,15288,2209,13079,AEB
40,Estado de Minas Gerais,4403,Astolfo Dutra,31,3104601,440,14601,4480,10121,AEB
40,Estado de Minas Gerais,4405,Barra Longa,31,3105707,440,12485,1488,10997,AEB
40,Estado de Minas Gerais,4406,Bias Fortes,31,3106804,440,11115,2012,9103,AEB
40,Estado de Minas Gerais,4407,Bicas,31,3106903,440,10102,7469,2633,AEB
40,Estado de Minas Gerais,4408,Brás Pires,31,3108701,440,5046,509,4537,AEB
40,Estado de Minas Gerais,4409,Carangola,31,3113305,440,34943,13021,21922,AEB
40,Estado de Minas Gerais,4410,Cataguases,31,3115300,441,42088,24867,17221,AEB
40,Estado de Minas Gerais,4411,Chiador,31,3116209,441,6617,1020,5597,AEB
40,Estado de Minas Gerais,4412,Cipotânea,31,3116308,441,5887,975,4912,AEB
40,Estado de Minas Gerais,4413,Coimbra,31,3116704,441,5801,2090,3711,AEB
40,Estado de Minas Gerais,4414,Conceição de Ipanema,31,3117405,441,9878,1502,8376,AEB
40,Estado de Minas Gerais,4415,Descoberto,31,3121308,441,4851,1082,3769,AEB
40,Estado de Minas Gerais,4416,Divino,31,3122009,441,21768,3148,18620,AEB
40,Estado de Minas Gerais,4417,Dom Silvério,31,3122702,441,12755,3582,9173,AEB
40,Estado de Minas Gerais,4418,Dores do Turvo,31,3123304,441,5366,967,4399,AEB
40,Estado de Minas Gerais,4419,Ervália,31,3124005,441,20995,4297,16698,AEB
40,Estado de Minas Gerais,4420,Espera Feliz,31,3124203,442,22793,4273,18520,AEB
40,Estado de Minas Gerais,4421,Estrela Dalva,31,3124609,442,4032,1307,2725,AEB
40,Estado de Minas Gerais,4422,Eugenópolis,31,3124906,442,15712,2658,13054,AEB
40,Estado de Minas Gerais,4423,Faria Lemos,31,3125309,442,6458,1821,4637,AEB
40,Estado de Minas Gerais,4424,Guaraciaba,31,3128204,442,12180,1561,10619,AEB
40,Estado de Minas Gerais,4425,Guarani,31,3128402,442,8522,2708,5814,AEB
40,Estado de Minas Gerais,4426,Guarará,31,3128501,442,5455,1379,4076,AEB
40,Estado de Minas Gerais,4427,Guidoval,31,3128808,442,11198,2137,9061,AEB
40,Estado de Minas Gerais,4428,Guiricema,31,3129004,442,15454,2327,13127,AEB
40,Estado de Minas Gerais,4429,Ipanema,31,3131208,442,22158,5343,16815,AEB
40,Estado de Minas Gerais,4430,Jequeri,31,3135506,443,22315,2919,19396,AEB
40,Estado de Minas Gerais,4431,Juiz de Fora,31,3136702,443,182481,128364,54117,AEB
40,Estado de Minas Gerais,4432,Lajinha,31,3137700,443,29336,4876,24460,AEB
40,Estado de Minas Gerais,4433,Laranjal,31,3138005,443,6138,1336,4802,AEB
40,Estado de Minas Gerais,4434,Leopoldina,31,3138401,443,46335,21552,24783,AEB
40,Estado de Minas Gerais,4435,Lima Duarte,31,3138609,443,19369,5329,14040,AEB
40,Estado de Minas Gerais,4436,Manhuaçu,31,3139409,443,45674,13275,32399,AEB
40,Estado de Minas Gerais,4437,Manhumirim,31,3139508,443,29042,10664,18378,AEB
40,Estado de Minas Gerais,4438,Mar de Espanha,31,3139805,443,12207,4656,7551,AEB
40,Estado de Minas Gerais,4439,Matias Barbosa,31,3140803,443,10010,4672,5338,AEB
40,Estado de Minas Gerais,4440,Matipó,31,3140902,444,19313,5242,14071,AEB
40,Estado de Minas Gerais,4441,Mercês,31,3141603,444,10271,2897,7374,AEB
40,Estado de Minas Gerais,4442,Miradouro,31,3142106,444,11704,2475,9229,AEB
40,Estado de Minas Gerais,4443,Miraí,31,3142205,444,14643,4477,10166,AEB
40,Estado de Minas Gerais,4444,Muriaé,31,3143906,444,52681,25684,26997,AEB
40,Estado de Minas Gerais,4445,Mutum,31,3144003,444,36802,5259,31543,AEB
40,Estado de Minas Gerais,4446,Oliveira Fortes,31,3145703,444,3330,996,2334,AEB
40,Estado de Minas Gerais,4447,Paiva,31,3146602,444,2218,935,1283,AEB
40,Estado de Minas Gerais,4448,Palma,31,3146701,444,18488,5925,12563,AEB
40,Estado de Minas Gerais,4449,Patrocínio do Muriaé,31,3148202,444,5353,2373,2980,AEB
40,Estado de Minas Gerais,4450,Paula Cândido,31,3148301,445,8691,1258,7433,AEB
40,Estado de Minas Gerais,4451,Pequeri,31,3149507,445,2332,1233,1099,AEB
40,Estado de Minas Gerais,4452,Piau,31,3150109,445,4619,1288,3331,AEB
40,Estado de Minas Gerais,4453,Piranga,31,3150802,445,17693,2792,14901,AEB
40,Estado de Minas Gerais,4454,Pirapetinga,31,3151107,445,6610,2529,4081,AEB
40,Estado de Minas Gerais,4455,Piraúba,31,3151305,445,8649,2098,6551,AEB
40,Estado de Minas Gerais,4456,Pocrane,31,3151909,445,19329,3328,16001,AEB
40,Estado de Minas Gerais,4457,Ponte Nova,31,3152105,445,65524,28491,37033,AEB
40,Estado de Minas Gerais,4458,Porto Firme,31,3152303,445,10948,1706,9242,AEB
40,Estado de Minas Gerais,4459,Presidente Bernardes,31,3153103,445,8457,817,7640,AEB
40,Estado de Minas Gerais,4460,Presidente Soares,31,3153509,446,9233,3205,6028,AEB
40,Estado de Minas Gerais,4461,Raul Soares,31,3154002,446,47812,10144,37668,AEB
40,Estado de Minas Gerais,4462,Recreio,31,3154101,446,12081,6512,5569,AEB
40,Estado de Minas Gerais,4463,Rio Casca,31,3154903,446,19214,5033,14181,AEB
40,Estado de Minas Gerais,4464,Rio Espera,31,3155207,446,12781,2339,10442,AEB
40,Estado de Minas Gerais,4465,Rio Novo,31,3155405,446,11645,4778,6867,AEB
40,Estado de Minas Gerais,4466,Rio Pomba,31,3155801,446,16627,6561,10066,AEB
40,Estado de Minas Gerais,4467,Rio Preto,31,3155900,446,9424,3040,6384,AEB
40,Estado de Minas Gerais,4468,Santa Cruz do Escalvado,31,3157401,446,11407,1600,9807,AEB
40,Estado de Minas Gerais,4469,Santa Margarida,31,3157906,446,10317,2114,8203,AEB
40,Estado de Minas Gerais,4470,Santana do Deserto,31,3158607,447,3938,372,3566,AEB
40,Estado de Minas Gerais,4471,Santo Antônio do Grama,31,3160108,447,5967,1776,4191,AEB
40,Estado de Minas Gerais,4472,Santos Dumont,31,3160702,447,40627,24150,16477,AEB
40,Estado de Minas Gerais,4473,São Francisco do Glória,31,3161403,447,6575,1247,5328,AEB
40,Estado de Minas Gerais,4474,São Geraldo,31,3161502,447,10355,3453,6902,AEB
40,Estado de Minas Gerais,4475,São João Nepomuceno,31,3162906,447,19094,11265,7829,AEB
40,Estado de Minas Gerais,4476,São Miguel do Anta,31,3163805,447,13595,2554,11041,AEB
40,Estado de Minas Gerais,4477,São Pedro dos Ferros,31,3164001,447,23050,4276,18774,AEB
40,Estado de Minas Gerais,4478,Senador Firmino,31,3165701,447,6745,2073,4672,AEB
40,Estado de Minas Gerais,4479,Senhora de Oliveira,31,3166006,447,4678,907,3771,AEB
40,Estado de Minas Gerais,4480,Simonésia,31,3167608,448,28861,3160,25701,AEB
40,Estado de Minas Gerais,4481,Tabuleiro,31,3167905,448,5919,1201,4718,AEB
40,Estado de Minas Gerais,4482,Teixeiras,31,3168507,448,15563,3707,11856,AEB
40,Estado de Minas Gerais,4483,Tocantins,31,3169000,448,13561,2986,10575,AEB
40,Estado de Minas Gerais,4484,Tombos,31,3169208,448,13042,4427,8615,AEB
40,Estado de Minas Gerais,4485,Ubá,31,3169901,448,50244,25407,24837,AEB
40,Estado de Minas Gerais,4486,Viçosa,31,3171303,448,26027,10263,15764,AEB
40,Estado de Minas Gerais,4487,Vieiras,31,3171402,448,5018,685,4333,AEB
40,Estado de Minas Gerais,4488,Visconde do Rio Branco,31,3172004,448,24900,12363,12537,AEB
40,Estado de Minas Gerais,4489,Volta Grande,31,3172103,448,5602,2239,3363,AEB
40,Estado de Minas Gerais,4500,Araçuaí,31,3103405,450,27773,7461,20312,AEB
40,Estado de Minas Gerais,4501,Capelinha,31,3112307,450,18646,3262,15384,AEB
40,Estado de Minas Gerais,4502,Coronel Murta,31,3119500,450,6867,1721,5146,AEB
40,Estado de Minas Gerais,4503,Diamantina,31,3121605,450,52777,24570,28207,AEB
40,Estado de Minas Gerais,4504,Gouveia,31,3127602,450,8125,3055,5070,AEB
40,Estado de Minas Gerais,4505,Itamarandiba,31,3132503,450,33724,4600,29124,AEB
40,Estado de Minas Gerais,4506,Minas Novas,31,3141801,450,64362,3992,60370,AEB
40,Estado de Minas Gerais,4507,Serro,31,3167103,450,29028,7136,21892,AEB
40,Estado de Minas Gerais,4508,Turmalina,31,3169703,450,15655,1652,14003,AEB
40,Estado de Minas Gerais,4509,Virgem da Lapa,31,3171600,450,12878,1458,11420,AEB
40,Estado de Minas Gerais,4520,Alvinópolis,31,3102308,452,14545,4950,9595,AEB
40,Estado de Minas Gerais,4521,Baldim,31,3105004,452,10264,3191,7073,AEB
40,Estado de Minas Gerais,4522,Barão de Cocais,31,3105400,452,11143,7626,3517,AEB
40,Estado de Minas Gerais,4523,Belo Horizonte,31,3106200,452,693328,663215,30113,AEB
40,Estado de Minas Gerais,4524,Betim,31,3106705,452,26960,11324,15636,AEB
40,Estado de Minas Gerais,4525,Bom Jesus do Amparo,31,3107703,452,3853,977,2876,AEB
40,Estado de Minas Gerais,4526,Brumadinho,31,3109006,452,14313,3887,10426,AEB
40,Estado de Minas Gerais,4527,Caetanópolis,31,3109907,452,4756,3178,1578,AEB
40,Estado de Minas Gerais,4528,Caeté,31,3110004,452,28131,13044,15087,AEB
40,Estado de Minas Gerais,4529,Capim Branco,31,3112505,452,3134,1355,1779,AEB
40,Estado de Minas Gerais,4530,Conceição do Mato Dentro,31,3117504,453,36122,8018,28104,AEB
40,Estado de Minas Gerais,4531,Congonhas,31,3118007,453,14699,7681,7018,AEB
40,Estado de Minas Gerais,4532,Conselheiro Lafaiete,31,3118304,453,55567,33711,21856,AEB
40,Estado de Minas Gerais,4533,Contagem,31,3118601,453,28065,25215,2850,AEB
40,Estado de Minas Gerais,4534,Cordisburgo,31,3118908,453,7922,2519,5403,AEB
40,Estado de Minas Gerais,4535,Esmeraldas,31,3124104,453,15310,3874,11436,AEB
40,Estado de Minas Gerais,4536,Inhaúma,31,3131000,453,7513,1824,5689,AEB
40,Estado de Minas Gerais,4537,Itabira,31,3131703,453,37387,16591,20796,AEB
40,Estado de Minas Gerais,4538,Itabirito,31,3131901,453,17368,10910,6458,AEB
40,Estado de Minas Gerais,4539,Jaboticatubas,31,3134608,453,16536,2538,13998,AEB
40,Estado de Minas Gerais,4540,Jequitibá,31,3135704,454,8072,1210,6862,AEB
40,Estado de Minas Gerais,4541,Lagoa Santa,31,3137601,454,11559,7523,4036,AEB
40,Estado de Minas Gerais,4542,Mariana,31,3140001,454,32578,15730,16848,AEB
40,Estado de Minas Gerais,4543,Matozinhos,31,3141108,454,9109,5526,3583,AEB
40,Estado de Minas Gerais,4544,Moeda,31,3142304,454,4486,1275,3211,AEB
40,Estado de Minas Gerais,4545,Morro do Pilar,31,3143708,454,4807,1320,3487,AEB
40,Estado de Minas Gerais,4546,Nova Lima,31,3144805,454,28223,21135,7088,AEB
40,Estado de Minas Gerais,4547,Ouro Branco,31,3145901,454,6376,2010,4366,AEB
40,Estado de Minas Gerais,4548,Ouro Preto,31,3146107,454,33927,19906,14021,AEB
40,Estado de Minas Gerais,4549,Paraopeba,31,3147402,454,9258,4890,4368,AEB
40,Estado de Minas Gerais,4550,Pedro Leopoldo,31,3149309,455,16382,9932,6450,AEB
40,Estado de Minas Gerais,4551,Raposos,31,3153905,455,8402,7631,771,AEB
40,Estado de Minas Gerais,4552,Ribeirão das Neves,31,3154606,455,6391,4189,2202,AEB
40,Estado de Minas Gerais,4553,Rio Acima,31,3154804,455,5099,2955,2144,AEB
40,Estado de Minas Gerais,4554,Rio Piracicaba,31,3155702,455,39151,31392,7759,AEB
40,Estado de Minas Gerais,4555,Sabará,31,3156700,455,23098,13721,9377,AEB
40,Estado de Minas Gerais,4556,Santa Bárbara,31,3157203,455,21104,8230,12874,AEB
40,Estado de Minas Gerais,4557,Santa Luzia,31,3157807,455,12753,7530,5223,AEB
40,Estado de Minas Gerais,4558,Santa Maria de Itabira,31,3158003,455,17291,2811,14480,AEB
40,Estado de Minas Gerais,4559,Santana de Pirapama,31,3158508,455,9219,997,8222,AEB
40,Estado de Minas Gerais,4560,Sete Lagoas,31,3167202,456,41656,36482,5174,AEB
40,Estado de Minas Gerais,4561,Vespasiano,31,3171204,456,8335,3094,5241,AEB
40,Estado de Minas Gerais,4600,Antônio Carlos,31,3102902,460,9266,3065,6201,AEB
40,Estado de Minas Gerais,4601,Barbacena,31,3105608,460,66545,44938,21607,AEB
40,Estado de Minas Gerais,4602,Barroso,31,3105905,460,7116,5973,1143,AEB
40,Estado de Minas Gerais,4603,Belo Vale,31,3106408,460,9050,2223,6827,AEB
40,Estado de Minas Gerais,4604,Bonfim,31,3108107,460,18229,2373,15856,AEB
40,Estado de Minas Gerais,4605,Capela Nova,31,3112208,460,5345,1257,4088,AEB
40,Estado de Minas Gerais,4606,Carandaí,31,3113206,460,14750,3741,11009,AEB
40,Estado de Minas Gerais,4607,Crucilândia,31,3120607,460,5289,1544,3745,AEB
40,Estado de Minas Gerais,4608,Desterro de Entre Rios,31,3121407,460,6864,936,5928,AEB
40,Estado de Minas Gerais,4609,Dores de Campos,31,3123007,460,5014,3470,1544,AEB
40,Estado de Minas Gerais,4610,Entre Rios de Minas,31,3123908,461,9084,2644,6440,AEB
40,Estado de Minas Gerais,4611,Jeceaba,31,3135407,461,6643,1534,5109,AEB
40,Estado de Minas Gerais,4612,Lagoa Dourada,31,3137403,461,9118,2472,6646,AEB
40,Estado de Minas Gerais,4613,Nazareno,31,3144508,461,4671,1827,2844,AEB
40,Estado de Minas Gerais,4614,Prados,31,3152709,461,9232,2985,6247,AEB
40,Estado de Minas Gerais,4615,Resende Costa,31,3154200,461,8733,2549,6184,AEB
40,Estado de Minas Gerais,4616,Ressaquinha,31,3154408,461,7727,1269,6458,AEB
40,Estado de Minas Gerais,4617,São Brás do Suaçuí,31,3160900,461,2469,1390,1079,AEB
40,Estado de Minas Gerais,4618,São João del Rei,31,3162500,461,58290,39229,19061,AEB
40,Estado de Minas Gerais,4619,Senhora dos Remédios,31,3166204,461,8217,1028,7189,AEB
40,Estado de Minas Gerais,4620,Tiradentes,31,3168804,462,4663,1467,3196,AEB
40,Estado de Minas Gerais,4700,Abaeté,31,3100203,470,28034,9886,18148,AEB
40,Estado de Minas Gerais,4701,Araújos,31,3103900,470,4415,1929,2486,AEB
40,Estado de Minas Gerais,4702,Arcos,31,3104205,470,17213,6118,11095,AEB
40,Estado de Minas Gerais,4703,Bambuí,31,3105103,470,24004,8835,15169,AEB
40,Estado de Minas Gerais,4704,Bom Despacho,31,3107406,470,23910,14512,9398,AEB
40,Estado de Minas Gerais,4705,Bom Sucesso,31,3108008,470,19782,7643,12139,AEB
40,Estado de Minas Gerais,4706,Campo Belo,31,3111200,470,30720,16315,14405,AEB
40,Estado de Minas Gerais,4707,Campos Altos,31,3111507,470,9157,5458,3699,AEB
40,Estado de Minas Gerais,4708,Candeias,31,3112000,470,15779,3894,11885,AEB
40,Estado de Minas Gerais,4709,Capitólio,31,3112802,470,7821,1822,5999,AEB
40,Estado de Minas Gerais,4710,Carmo da Mata,31,3114006,471,10595,4335,6260,AEB
40,Estado de Minas Gerais,4711,Carmo do Cajuru,31,3114204,471,9694,3454,6240,AEB
40,Estado de Minas Gerais,4712,Carmópolis de Minas,31,3114501,471,10320,2647,7673,AEB
40,Estado de Minas Gerais,4713,Cláudio,31,3116605,471,11808,4145,7663,AEB
40,Estado de Minas Gerais,4714,Córrego Danta,31,3119807,471,9397,1919,7478,AEB
40,Estado de Minas Gerais,4715,Cristais,31,3120201,471,9247,2120,7127,AEB
40,Estado de Minas Gerais,4716,Divinópolis,31,3122306,471,53340,42195,11145,AEB
40,Estado de Minas Gerais,4717,Dores do Indaiá,31,3123205,471,17744,10927,6817,AEB
40,Estado de Minas Gerais,4718,Estrela do Indaiá,31,3124708,471,7691,2587,5104,AEB
40,Estado de Minas Gerais,4719,Formiga,31,3126109,471,40271,19594,20677,AEB
40,Estado de Minas Gerais,4720,Guia Lopes,31,3164308,472,7848,1549,6299,AEB
40,Estado de Minas Gerais,4721,Iguatama,31,3130309,472,8700,3067,5633,AEB
40,Estado de Minas Gerais,4722,Itaguara,31,3132206,472,8325,2466,5859,AEB
40,Estado de Minas Gerais,4723,Itapecerica,31,3133501,472,37075,11676,25399,AEB
40,Estado de Minas Gerais,4724,Itaúna,31,3133808,472,32459,23036,9423,AEB
40,Estado de Minas Gerais,4725,Lagoa da Prata,31,3137205,472,13958,6853,7105,AEB
40,Estado de Minas Gerais,4726,Luz,31,3138807,472,15571,6319,9252,AEB
40,Estado de Minas Gerais,4727,Maravilhas,31,3139706,472,4341,1532,2809,AEB
40,Estado de Minas Gerais,4728,Martinho Campos,31,3140506,472,11064,2408,8656,AEB
40,Estado de Minas Gerais,4729,Mateus Leme,31,3140704,472,13338,4971,8367,AEB
40,Estado de Minas Gerais,4730,Matutina,31,3141207,473,5413,2064,3349,AEB
40,Estado de Minas Gerais,4731,Moema,31,3142403,473,4169,1655,2514,AEB
40,Estado de Minas Gerais,4732,Nova Serrana,31,3145208,473,5426,1601,3825,AEB
40,Estado de Minas Gerais,4733,Oliveira,31,3145604,473,28696,15039,13657,AEB
40,Estado de Minas Gerais,4734,Pains,31,3146503,473,9476,3375,6101,AEB
40,Estado de Minas Gerais,4735,Papagaios,31,3146909,473,5993,2541,3452,AEB
40,Estado de Minas Gerais,4736,Pará de Minas,31,3147105,473,33295,18785,14510,AEB
40,Estado de Minas Gerais,4737,Passa Tempo,31,3147709,473,8035,2647,5388,AEB
40,Estado de Minas Gerais,4738,Pequi,31,3149606,473,5993,2117,3876,AEB
40,Estado de Minas Gerais,4739,Perdigão,31,3149705,473,4648,1419,3229,AEB
40,Estado de Minas Gerais,4740,Perdões,31,3149903,474,15696,5939,9757,AEB
40,Estado de Minas Gerais,4741,Pimenta,31,3150505,474,5874,2269,3605,AEB
40,Estado de Minas Gerais,4742,Piracema,31,3150604,474,5939,1054,4885,AEB
40,Estado de Minas Gerais,4743,Pitangui,31,3151404,474,21502,9009,12493,AEB
40,Estado de Minas Gerais,4744,Piui,31,3151503,474,17943,9827,8116,AEB
40,Estado de Minas Gerais,4745,Pompéu,31,3152006,474,17039,6033,11006,AEB
40,Estado de Minas Gerais,4746,Quartel Geral,31,3153707,474,4757,1024,3733,AEB
40,Estado de Minas Gerais,4747,Santana do Jacaré,31,3158805,474,3915,2261,1654,AEB
40,Estado de Minas Gerais,4748,Santo Antônio do Amparo,31,3159902,474,8858,2797,6061,AEB
40,Estado de Minas Gerais,4749,Santo Antônio do Monte,31,3160405,474,17558,5064,12494,AEB
40,Estado de Minas Gerais,4750,São Gonçalo do Pará,31,3161809,475,6024,3177,2847,AEB
40,Estado de Minas Gerais,4751,São Gotardo,31,3162104,475,25353,7971,17382,AEB
40,Estado de Minas Gerais,4752,São Tiago,31,3165008,475,9025,2505,6520,AEB
40,Estado de Minas Gerais,4753,Tapiraí,31,3168200,475,4816,1008,3808,AEB
40,Estado de Minas Gerais,4754,Tiros,31,3168903,475,15704,2529,13175,AEB
40,Estado de Minas Gerais,4755,Vargem Bonita,31,3170602,475,2936,783,2153,AEB
40,Estado de Minas Gerais,4800,Abadia dos Dourados,31,3100104,480,2486,1502,984,AEB
40,Estado de Minas Gerais,4801,Araxá,31,3104007,480,28626,24041,4585,AEB
40,Estado de Minas Gerais,4802,Carmo do Paranaíba,31,3114303,480,24534,7399,17135,AEB
40,Estado de Minas Gerais,4803,Cascalho Rico,31,3115003,480,4203,830,3373,AEB
40,Estado de Minas Gerais,4804,Coromandel,31,3119302,480,15979,5655,10324,AEB
40,Estado de Minas Gerais,4805,Estrela do Sul,31,3124807,480,10325,3172,7153,AEB
40,Estado de Minas Gerais,4806,Ibiá,31,3129509,480,14557,7554,7003,AEB
40,Estado de Minas Gerais,4807,Indianópolis,31,3130705,480,4656,1203,3453,AEB
40,Estado de Minas Gerais,4808,Monte Carmelo,31,3143104,480,27478,11847,15631,AEB
40,Estado de Minas Gerais,4809,Nova Ponte,31,3145000,480,6878,2031,4847,AEB
40,Estado de Minas Gerais,4810,Patos de Minas,31,3148004,481,97286,37203,60083,AEB
40,Estado de Minas Gerais,4811,Patrocínio,31,3148103,481,31872,15853,16019,AEB
40,Estado de Minas Gerais,4812,Perdizes,31,3149804,481,11365,1031,10334,AEB
40,Estado de Minas Gerais,4813,Pratinha,31,3153004,481,4048,1077,2971,AEB
40,Estado de Minas Gerais,4814,Rio Paranaíba,31,3155504,481,14386,2915,11471,AEB
40,Estado de Minas Gerais,4815,Sacramento,31,3156908,481,22308,6322,15986,AEB
40,Estado de Minas Gerais,4816,Santa Juliana,31,3157708,481,9388,2740,6648,AEB
40,Estado de Minas Gerais,4817,Serra do Salitre,31,3166808,481,6173,990,5183,AEB
40,Estado de Minas Gerais,4900,Água Comprida,31,3100708,490,3532,420,3112,AEB
40,Estado de Minas Gerais,4901,Araguari,31,3103504,490,52191,36653,15538,AEB
40,Estado de Minas Gerais,4902,Campina Verde,31,3111101,490,19193,4922,14271,AEB
40,Estado de Minas Gerais,4903,Campo Florido,31,3111408,490,6354,1307,5047,AEB
40,Estado de Minas Gerais,4904,Canápolis,31,3111804,490,11381,2362,9019,AEB
40,Estado de Minas Gerais,4905,Capinópolis,31,3112604,490,18610,3927,14683,AEB
40,Estado de Minas Gerais,4906,Centralina,31,3115805,490,6656,3133,3523,AEB
40,Estado de Minas Gerais,4907,Comendador Gomes,31,3116902,490,3520,548,2972,AEB
40,Estado de Minas Gerais,4908,Conceição das Alagoas,31,3117306,490,12422,3816,8606,AEB
40,Estado de Minas Gerais,4909,Conquista,31,3118205,490,9147,2947,6200,AEB
40,Estado de Minas Gerais,4910,Frutal,31,3127107,491,29034,9903,19131,AEB
40,Estado de Minas Gerais,4911,Itapagipe,31,3133402,491,10161,1390,8771,AEB
40,Estado de Minas Gerais,4912,Ituiutaba,31,3134202,491,71004,31516,39488,AEB
40,Estado de Minas Gerais,4913,Iturama,31,3134400,491,14981,1735,13246,AEB
40,Estado de Minas Gerais,4914,Monte Alegre de Minas,31,3142809,491,15630,4464,11166,AEB
40,Estado de Minas Gerais,4915,Pirajuba,31,3150703,491,2496,1344,1152,AEB
40,Estado de Minas Gerais,4916,Prata,31,3152808,491,16816,5841,10975,AEB
40,Estado de Minas Gerais,4917,Santa Vitória,31,3159803,491,15205,871,14334,AEB
40,Estado de Minas Gerais,4918,Tupaciguara,31,3169604,491,26199,11247,14952,AEB
40,Estado de Minas Gerais,4919,Uberaba,31,3170107,491,87833,72053,15780,AEB
40,Estado de Minas Gerais,4920,Uberlândia,31,3170206,492,88282,71717,16565,AEB
40,Estado de Minas Gerais,4921,Veríssimo,31,3171105,492,5214,822,4392,AEB
50,Serra dos Aimorés,5001,Região da Serra dos Aimorés (unidade adotada no Recenseamento de 1960; 99 = litígio MG/ES na malha de 1960 do geobr),99,99,,,,,
50,Serra dos Aimorés,5110,Barra de São Francisco,32,3200904,511,,,,
50,Serra dos Aimorés,5112,Ecoporanga,32,3202108,511,,,,
50,Serra dos Aimorés,5113,Mantenópolis,32,3203304,511,,,,
51,Estado do Espírito Santo,5111,Conceição da Barra,32,3201605,511,32059,2765,29294,AEB
51,Estado do Espírito Santo,5114,Mucurici,32,3203601,511,3916,,3916,AEB
51,Estado do Espírito Santo,5115,Nova Venécia,32,3203908,511,43901,6169,37732,AEB
51,Estado do Espírito Santo,5116,São Mateus,32,3204906,511,40786,7128,33658,AEB
51,Estado do Espírito Santo,5120,Anchieta,32,3200409,512,10347,1745,8602,AEB
51,Estado do Espírito Santo,5121,Iconha,32,3202603,512,10607,2730,7877,AEB
51,Estado do Espírito Santo,5122,Itapemirim,32,3202801,512,31960,4461,27499,AEB
51,Estado do Espírito Santo,5123,Rio Novo do Sul,32,3204401,512,8339,2147,6192,AEB
51,Estado do Espírito Santo,5130,Alegre,32,3200201,513,49985,11201,38784,AEB
51,Estado do Espírito Santo,5131,Alfredo Chaves,32,3200300,513,10408,1620,8788,AEB
51,Estado do Espírito Santo,5132,Apiacá,32,3200508,513,9178,2352,6826,AEB
51,Estado do Espírito Santo,5133,Cachoeiro de Itapemirim,32,3201209,513,91564,43496,48068,AEB
51,Estado do Espírito Santo,5134,Castelo,32,3201407,513,40003,7345,32658,AEB
51,Estado do Espírito Santo,5135,Guaçuí,32,3202306,513,32577,9102,23475,AEB
51,Estado do Espírito Santo,5136,Iúna,32,3203007,513,32210,4124,28086,AEB
51,Estado do Espírito Santo,5137,Jerônimo Monteiro,32,3203106,513,8307,2074,6233,AEB
51,Estado do Espírito Santo,5138,Mimoso do Sul,32,3203403,513,33042,6890,26152,AEB
51,Estado do Espírito Santo,5139,Muniz Freire,32,3203700,513,21848,2539,19309,AEB
51,Estado do Espírito Santo,5140,Muqui,32,3203809,514,15207,4381,10826,AEB
51,Estado do Espírito Santo,5141,São José do Calçado,32,3204807,514,16058,5522,10536,AEB
51,Estado do Espírito Santo,5150,Colatina,32,3201506,515,154966,35287,119679,AEB
51,Estado do Espírito Santo,5151,Linhares,32,3203205,515,65418,8791,56627,AEB
51,Estado do Espírito Santo,5160,Aracruz,32,3200607,516,25193,3707,21486,AEB
51,Estado do Espírito Santo,5161,Cariacica,32,3201308,516,40002,26099,13903,AEB
51,Estado do Espírito Santo,5162,Vila Velha,32,3205200,516,56445,55319,1126,AEB
51,Estado do Espírito Santo,5163,Fundão,32,3202207,516,7655,2443,5212,AEB
51,Estado do Espírito Santo,5164,Guarapari,32,3202405,516,15184,4412,10772,AEB
51,Estado do Espírito Santo,5165,Ibiraçu,32,3202504,516,16425,4651,11774,AEB
51,Estado do Espírito Santo,5166,Serra,32,3205002,516,9729,3670,6059,AEB
51,Estado do Espírito Santo,5167,Viana,32,3205101,516,6847,659,6188,AEB
51,Estado do Espírito Santo,5168,Vitória,32,3205309,516,85242,83900,1342,AEB
51,Estado do Espírito Santo,5170,Afonso Cláudio,32,3200102,517,47240,5572,41668,AEB
51,Estado do Espírito Santo,5171,Baixo Guandu,32,3200805,517,28689,8419,20270,AEB
51,Estado do Espírito Santo,5172,Domingos Martins,32,3201902,517,20801,1801,19000,AEB
51,Estado do Espírito Santo,5173,Itaguaçu,32,3202702,517,21893,3474,18419,AEB
51,Estado do Espírito Santo,5174,Santa Leopoldina,32,3204500,517,19498,1307,18191,AEB
51,Estado do Espírito Santo,5175,Santa Teresa,32,3204609,517,25136,2387,22749,AEB
52,Estado do Rio de Janeiro,5210,Campos,33,3301009,521,292292,131974,160318,AEB
52,Estado do Rio de Janeiro,5211,Conceição de Macabu,33,3301405,521,9730,3776,5954,AEB
52,Estado do Rio de Janeiro,5212,Macaé,33,3302403,521,58805,23620,35185,AEB
52,Estado do Rio de Janeiro,5213,São João da Barra,33,3305000,521,54833,8599,46234,AEB
52,Estado do Rio de Janeiro,5220,Bom Jesus do Itabapoana,33,3300605,522,38019,9331,28688,AEB
52,Estado do Rio de Janeiro,5221,Cambuci,33,3300902,522,30983,6929,24054,AEB
52,Estado do Rio de Janeiro,5222,Itaperuna,33,3302205,522,78130,22784,55346,AEB
52,Estado do Rio de Janeiro,5223,Miracema,33,3303005,522,21069,12001,9068,AEB
52,Estado do Rio de Janeiro,5224,Natividade de Carangola,33,3303104,522,24758,5565,19193,AEB
52,Estado do Rio de Janeiro,5225,Porciúncula,33,3304102,522,15299,5516,9783,AEB
52,Estado do Rio de Janeiro,5226,Santo Antônio de Pádua,33,3304706,522,32289,9274,23015,AEB
52,Estado do Rio de Janeiro,5230,Cantagalo,33,3301108,523,17363,4883,12480,AEB
52,Estado do Rio de Janeiro,5231,Carmo,33,3301207,523,11629,2910,8719,AEB
52,Estado do Rio de Janeiro,5232,Cordeiro,33,3301504,523,10047,6106,3941,AEB
52,Estado do Rio de Janeiro,5233,Duas Barras,33,3301603,523,9515,1375,8140,AEB
52,Estado do Rio de Janeiro,5234,Itaocara,33,3302106,523,22309,4233,18076,AEB
52,Estado do Rio de Janeiro,5235,Santa Maria Madalena,33,3304607,523,14754,2338,12416,AEB
52,Estado do Rio de Janeiro,5236,São Fidélis,33,3304805,523,38715,9469,29246,AEB
52,Estado do Rio de Janeiro,5237,São Sebastião do Alto,33,3305307,523,11753,1250,10503,AEB
52,Estado do Rio de Janeiro,5238,Sapucaia,33,3305406,523,16470,5955,10515,AEB
52,Estado do Rio de Janeiro,5239,Sumidouro,33,3305703,523,10653,1054,9599,AEB
52,Estado do Rio de Janeiro,5240,Trajano de Morais,33,3305901,524,15821,3318,12503,AEB
52,Estado do Rio de Janeiro,5250,Bom Jardim,33,3300506,525,18742,2534,16208,AEB
52,Estado do Rio de Janeiro,5251,Nova Friburgo,33,3303401,525,70145,55651,14494,AEB
52,Estado do Rio de Janeiro,5252,Petrópolis,33,3303906,525,150300,120113,30187,AEB
52,Estado do Rio de Janeiro,5253,Teresópolis,33,3305802,525,52318,29760,22558,AEB
52,Estado do Rio de Janeiro,5260,Barra do Piraí,33,3300308,526,45367,32346,13021,AEB
52,Estado do Rio de Janeiro,5261,Barra Mansa,33,3300407,526,63814,51536,12278,AEB
52,Estado do Rio de Janeiro,5262,Engenheiro Paulo de Frontin,33,3301801,526,11940,5207,6733,AEB
52,Estado do Rio de Janeiro,5263,Mendes,33,3302809,526,13143,7047,6096,AEB
52,Estado do Rio de Janeiro,5264,Miguel Pereira,33,3302908,526,14967,5802,9165,AEB
52,Estado do Rio de Janeiro,5265,Paraíba do Sul,33,3303708,526,25508,11241,14267,AEB
52,Estado do Rio de Janeiro,5266,Piraí,33,3304003,526,23050,8394,14656,AEB
52,Estado do Rio de Janeiro,5267,Resende,33,3304201,526,48797,29667,19130,AEB
52,Estado do Rio de Janeiro,5268,Rio Claro,33,3304409,526,15234,3629,11605,AEB
52,Estado do Rio de Janeiro,5269,Rio das Flores,33,3304508,526,8238,1794,6444,AEB
52,Estado do Rio de Janeiro,5270,Três Rios,33,3306008,527,44565,26514,18051,AEB
52,Estado do Rio de Janeiro,5271,Valença,33,3306107,527,42772,23682,19090,AEB
52,Estado do Rio de Janeiro,5272,Vassouras,33,3306206,527,46341,13146,33195,AEB
52,Estado do Rio de Janeiro,5273,Volta Redonda,33,3306305,527,88740,83973,4767,AEB
52,Estado do Rio de Janeiro,5280,Casimiro de Abreu,33,3301306,528,13123,3181,9942,AEB
52,Estado do Rio de Janeiro,5281,Silva Jardim,33,3305604,528,15226,2359,12867,AEB
52,Estado do Rio de Janeiro,5290,Araruama,33,3300209,529,30904,5916,24988,AEB
52,Estado do Rio de Janeiro,5291,Cabo Frio,33,3300704,529,27441,20151,7290,AEB
52,Estado do Rio de Janeiro,5292,Maricá,33,3302700,529,19468,2502,16966,AEB
52,Estado do Rio de Janeiro,5293,São Pedro da Aldeia,33,3305208,529,19396,3486,15910,AEB
52,Estado do Rio de Janeiro,5294,Saquarema,33,3305505,529,19865,3137,16728,AEB
52,Estado do Rio de Janeiro,5300,Cachoeiras de Macacu,33,3300803,530,27064,7736,19328,AEB
52,Estado do Rio de Janeiro,5301,Duque de Caxias,33,3301702,530,243619,176306,67313,AEB
52,Estado do Rio de Janeiro,5302,Itaboraí,33,3301900,530,41739,9451,32288,AEB
52,Estado do Rio de Janeiro,5303,Magé,33,3302502,530,59076,29686,29390,AEB
52,Estado do Rio de Janeiro,5304,Nilópolis,33,3303203,530,96553,96553,,AEB
52,Estado do Rio de Janeiro,5305,Niterói,33,3303302,530,245467,229025,16442,AEB
52,Estado do Rio de Janeiro,5306,Rio Bonito,33,3304300,530,27694,12642,15052,AEB
52,Estado do Rio de Janeiro,5307,São Gonçalo,33,3304904,530,247754,195872,51882,AEB
52,Estado do Rio de Janeiro,5308,São João de Meriti,33,3305109,530,191734,191734,,AEB
52,Estado do Rio de Janeiro,5310,Itaguaí,33,3302007,531,44511,10610,33901,AEB
52,Estado do Rio de Janeiro,5311,Nova Iguaçu,33,3303500,531,359364,257516,101848,AEB
52,Estado do Rio de Janeiro,5320,Angra dos Reis,33,3300100,532,28773,13380,15393,AEB
52,Estado do Rio de Janeiro,5321,Mangaratiba,33,3302601,532,12655,5404,7251,AEB
52,Estado do Rio de Janeiro,5322,Parati,33,3303807,532,12085,6278,5807,AEB
54,Guanabara,541,Rio de Janeiro,30,3099901,54,3307163,3223408,83755,AEB
60,Estado de São Paulo,6000,Caraguatatuba,35,3510500,600,9819,4655,5164,AEB
60,Estado de São Paulo,6001,Ilhabela,35,3520400,600,5119,1823,3296,AEB
60,Estado de São Paulo,6002,São Sebastião,35,3550704,600,7476,3940,3536,AEB
60,Estado de São Paulo,6003,Ubatuba,35,3555406,600,10294,4041,6253,AEB
60,Estado de São Paulo,6010,Aparecida,35,3502507,601,19696,15290,4406,AEB
60,Estado de São Paulo,6011,Areias,35,3503505,601,3880,1027,2853,AEB
60,Estado de São Paulo,6012,Arujá,35,3503901,601,5758,1178,4580,AEB
60,Estado de São Paulo,6013,Bananal,35,3504909,601,12810,3052,9758,AEB
60,Estado de São Paulo,6014,Caçapava,35,3508504,601,24199,7987,16212,AEB
60,Estado de São Paulo,6015,Cachoeira Paulista,35,3508603,601,15538,10366,5172,AEB
60,Estado de São Paulo,6016,Cruzeiro,35,3513405,601,31569,27005,4564,AEB
60,Estado de São Paulo,6017,Guararema,35,3518305,601,7688,2259,5429,AEB
60,Estado de São Paulo,6018,Guaratinguetá,35,3518404,601,52577,38293,14284,AEB
60,Estado de São Paulo,6019,Igaratá,35,3520202,601,2851,349,2502,AEB
60,Estado de São Paulo,6020,Jacareí,35,3524402,602,35390,28131,7259,AEB
60,Estado de São Paulo,6021,Lavrinhas,35,3526605,602,3248,1073,2175,AEB
60,Estado de São Paulo,6022,Lorena,35,3527207,602,33254,26068,7186,AEB
60,Estado de São Paulo,6023,Monteiro Lobato,35,3531704,602,3800,468,3332,AEB
60,Estado de São Paulo,6024,Pindamonhangaba,35,3538006,602,39628,20174,19454,AEB
60,Estado de São Paulo,6025,Piquete,35,3538501,602,12312,10543,1769,AEB
60,Estado de São Paulo,6026,Queluz,35,3541901,602,5477,2928,2549,AEB
60,Estado de São Paulo,6027,Roseira,35,3544301,602,3003,1298,1705,AEB
60,Estado de São Paulo,6028,Santa Isabel,35,3546801,602,11787,4631,7156,AEB
60,Estado de São Paulo,6029,São José do Barreiro,35,3549607,602,5753,1040,4713,AEB
60,Estado de São Paulo,6030,São José dos Campos,35,3549904,603,77533,56882,20651,AEB
60,Estado de São Paulo,6031,Silveiras,35,3552007,603,5129,1020,4109,AEB
60,Estado de São Paulo,6032,Taubaté,35,3554102,603,78744,65911,12833,AEB
60,Estado de São Paulo,6033,Tremembé,35,3554805,603,9033,4478,4555,AEB
60,Estado de São Paulo,6040,Cunha,35,3513603,604,21848,2953,18895,AEB
60,Estado de São Paulo,6041,Jambeiro,35,3524907,604,3207,736,2471,AEB
60,Estado de São Paulo,6042,Lagoinha,35,3526308,604,5175,862,4313,AEB
60,Estado de São Paulo,6043,Natividade da Serra,35,3532306,604,11335,1170,10165,AEB
60,Estado de São Paulo,6044,Paraibuna,35,3535606,604,15415,2384,13031,AEB
60,Estado de São Paulo,6045,Redenção da Serra,35,3542305,604,5400,1052,4348,AEB
60,Estado de São Paulo,6046,Santa Branca,35,3546009,604,6285,2532,3753,AEB
60,Estado de São Paulo,6047,São Luís do Paraitinga,35,3550001,604,10497,2493,8004,AEB
60,Estado de São Paulo,6050,Campos do Jordão,35,3509700,605,16665,10721,5944,AEB
60,Estado de São Paulo,6051,São Bento do Sapucaí,35,3548609,605,9869,2497,7372,AEB
60,Estado de São Paulo,6052,Santo Antônio do Pinhal,35,3548203,605,4652,660,3992,AEB
60,Estado de São Paulo,6060,Capão Bonito,35,3510203,606,24410,6829,17581,AEB
60,Estado de São Paulo,6061,Embu,35,3515004,606,5041,1133,3908,AEB
60,Estado de São Paulo,6062,Guapiara,35,3517604,606,10810,1179,9631,AEB
60,Estado de São Paulo,6063,Ibiúna,35,3519709,606,23671,3497,20174,AEB
60,Estado de São Paulo,6064,Itapecerica da Serra,35,3522208,606,24889,3577,21312,AEB
60,Estado de São Paulo,6065,Piedade,35,3537800,606,21855,4812,17043,AEB
60,Estado de São Paulo,6066,Pilar do Sul,35,3537909,606,8088,2068,6020,AEB
60,Estado de São Paulo,6067,Ribeirão Branco,35,3543006,606,7145,754,6391,AEB
60,Estado de São Paulo,6068,São Miguel Arcanjo,35,3550209,606,11604,3633,7971,AEB
60,Estado de São Paulo,6069,Tapiraí,35,3553500,606,3731,558,3173,AEB
60,Estado de São Paulo,6070,Taboão da Serra,35,3552809,607,7173,2809,4364,AEB
60,Estado de São Paulo,6080,Apiaí,35,3502705,608,16221,4226,11995,AEB
60,Estado de São Paulo,6081,Iporanga,35,3521200,608,8536,915,7621,AEB
60,Estado de São Paulo,6082,Ribeira,35,3542800,608,5819,820,4999,AEB
60,Estado de São Paulo,6090,Cubatão,35,3513504,609,25166,18885,6281,AEB
60,Estado de São Paulo,6091,Guarujá,35,3518701,609,40790,30526,10264,AEB
60,Estado de São Paulo,6092,Itanhaém,35,3522109,609,7365,5376,1989,AEB
60,Estado de São Paulo,6093,Mongaguá,35,3531100,609,2365,1636,729,AEB
60,Estado de São Paulo,6094,Peruíbe,35,3537602,609,3426,2226,1200,AEB
60,Estado de São Paulo,6095,Santos,35,3548500,609,265753,263054,2699,AEB
60,Estado de São Paulo,6096,São Vicente,35,3551009,609,77208,76445,763,AEB
60,Estado de São Paulo,6100,Cananéia,35,3509908,610,6973,2085,4888,AEB
60,Estado de São Paulo,6101,Eldorado,35,3514809,610,11005,2123,8882,AEB
60,Estado de São Paulo,6102,Iguape,35,3520301,610,15457,5465,9992,AEB
60,Estado de São Paulo,6103,Itariri,35,3523305,610,6692,2085,4607,AEB
60,Estado de São Paulo,6104,Jacupiranga,35,3524600,610,14162,2870,11292,AEB
60,Estado de São Paulo,6105,Juquiá,35,3526100,610,9598,2573,7025,AEB
60,Estado de São Paulo,6106,Miracatu,35,3529906,610,10962,1505,9457,AEB
60,Estado de São Paulo,6107,Pariquera-Açu,35,3536208,610,5452,1587,3865,AEB
60,Estado de São Paulo,6108,Pedro de Toledo,35,3537206,610,4508,1210,3298,AEB
60,Estado de São Paulo,6109,Registro,35,3542602,610,15244,4913,10331,AEB
60,Estado de São Paulo,6110,Sete Barras,35,3551801,611,5886,1293,4593,AEB
60,Estado de São Paulo,6120,Águas da Prata,35,3500402,612,6753,2294,4459,AEB
60,Estado de São Paulo,6121,Caconde,35,3508702,612,18158,6196,11962,AEB
60,Estado de São Paulo,6122,Divinolândia,35,3513900,612,11590,2755,8835,AEB
60,Estado de São Paulo,6123,Mococa,35,3530508,612,31851,15555,16296,AEB
60,Estado de São Paulo,6124,Pinhal,35,3515186,612,25720,14260,11460,AEB
60,Estado de São Paulo,6125,Santo Antônio do Jardim,35,3548104,612,5239,1117,4122,AEB
60,Estado de São Paulo,6126,São João da Boa Vista,35,3549102,612,39551,25226,14325,AEB
60,Estado de São Paulo,6127,São José do Rio Pardo,35,3549706,612,31381,14186,17195,AEB
60,Estado de São Paulo,6128,São Sebastião da Grama,35,3550803,612,11402,2464,8938,AEB
60,Estado de São Paulo,6129,Tapiratiba,35,3553609,612,9818,1602,8216,AEB
60,Estado de São Paulo,6130,Vargem Grande do Sul,35,3556404,613,11874,6879,4995,AEB
60,Estado de São Paulo,6140,Águas de Lindóia,35,3500501,614,6329,4207,2122,AEB
60,Estado de São Paulo,6141,Amparo,35,3501905,614,28636,15450,13186,AEB
60,Estado de São Paulo,6142,Atibaia,35,3504107,614,23380,8957,14423,AEB
60,Estado de São Paulo,6143,Bom Jesus dos Perdões,35,3507100,614,2605,1009,1596,AEB
60,Estado de São Paulo,6144,Bragança Paulista,35,3507605,614,69152,29452,39700,AEB
60,Estado de São Paulo,6145,Itapira,35,3522604,614,36357,17660,18697,AEB
60,Estado de São Paulo,6146,Itatiba,35,3523404,614,24000,13280,10720,AEB
60,Estado de São Paulo,6147,Jarinu,35,3525201,614,4391,542,3849,AEB
60,Estado de São Paulo,6148,Joanópolis,35,3525508,614,8844,1218,7626,AEB
60,Estado de São Paulo,6149,Monte Alegre do Sul,35,3531209,614,4807,1304,3503,AEB
60,Estado de São Paulo,6150,Nazaré Paulista,35,3532405,615,7572,659,6913,AEB
60,Estado de São Paulo,6151,Pedreira,35,3537107,615,10976,7286,3690,AEB
60,Estado de São Paulo,6152,Piracaia,35,3538600,615,12200,3092,9108,AEB
60,Estado de São Paulo,6153,Serra Negra,35,3551603,615,11946,5221,6725,AEB
60,Estado de São Paulo,6154,Socorro,35,3552106,615,21125,6402,14723,AEB
60,Estado de São Paulo,6200,Araçoiaba da Serra,35,3502903,620,12220,2743,9477,AEB
60,Estado de São Paulo,6201,Barueri,35,3505708,620,31562,28902,2660,AEB
60,Estado de São Paulo,6202,Boituva,35,3507001,620,10138,4905,5233,AEB
60,Estado de São Paulo,6203,Cabreúva,35,3508405,620,6512,822,5690,AEB
60,Estado de São Paulo,6204,Caieiras,35,3509007,620,9405,2959,6446,AEB
60,Estado de São Paulo,6205,Cajamar,35,3509205,620,6438,1822,4616,AEB
60,Estado de São Paulo,6206,Campinas,35,3509502,620,219303,184529,34774,AEB
60,Estado de São Paulo,6207,Cotia,35,3513009,620,17906,4368,13538,AEB
60,Estado de São Paulo,6208,Diadema,35,3513801,620,12308,1315,10993,AEB
60,Estado de São Paulo,6209,Elias Fausto,35,3514908,620,5681,1982,3699,AEB
60,Estado de São Paulo,6210,Ferraz de Vasconcelos,35,3515707,621,10167,9926,241,AEB
60,Estado de São Paulo,6211,Franco da Rocha,35,3516408,621,27930,12906,15024,AEB
60,Estado de São Paulo,6212,Guarulhos,35,3518800,621,101273,77980,23293,AEB
60,Estado de São Paulo,6213,Indaiatuba,35,3520509,621,19697,13507,6190,AEB
60,Estado de São Paulo,6214,Itapevi,35,3522505,621,10182,4630,5552,AEB
60,Estado de São Paulo,6215,Itaquaquecetuba,35,3523107,621,11456,6952,4504,AEB
60,Estado de São Paulo,6216,Itu,35,3523909,621,37242,23514,13728,AEB
60,Estado de São Paulo,6217,Jundiaí,35,3525904,621,118874,84010,34864,AEB
60,Estado de São Paulo,6218,Mairinque,35,3528403,621,11741,4004,7737,AEB
60,Estado de São Paulo,6219,Mairiporã,35,3528502,621,12842,2270,10572,AEB
60,Estado de São Paulo,6220,Mauá,35,3529401,622,28924,14128,14796,AEB
60,Estado de São Paulo,6221,Mogi das Cruzes,35,3530607,622,100194,71335,28859,AEB
60,Estado de São Paulo,6222,Monte Mor,35,3531803,622,6322,2277,4045,AEB
60,Estado de São Paulo,6223,Poá,35,3539806,622,16591,15419,1172,AEB
60,Estado de São Paulo,6224,Porto Feliz,35,3540606,622,21803,11786,10017,AEB
60,Estado de São Paulo,6225,Pirapora do Bom Jesus,35,3539103,622,2490,1042,1448,AEB
60,Estado de São Paulo,6226,Ribeirão Pires,35,3543303,622,21205,10779,10426,AEB
60,Estado de São Paulo,6227,Salesópolis,35,3545001,622,9130,1729,7401,AEB
60,Estado de São Paulo,6228,Salto,35,3545209,622,15412,12643,2769,AEB
60,Estado de São Paulo,6229,Salto de Pirapora,35,3545308,622,6188,2692,3496,AEB
60,Estado de São Paulo,6230,Santana de Parnaíba,35,3547304,623,5244,1467,3777,AEB
60,Estado de São Paulo,6231,Santo André,35,3547809,623,245147,231705,13442,AEB
60,Estado de São Paulo,6232,São Bernardo do Campo,35,3548708,623,82411,62218,20193,AEB
60,Estado de São Paulo,6233,São Caetano do Sul,35,3548807,623,114421,114039,382,AEB
60,Estado de São Paulo,6234,São Paulo,35,3550308,623,3825351,3300218,525133,AEB
60,Estado de São Paulo,6235,São Roque,35,3550605,623,29100,13899,15201,AEB
60,Estado de São Paulo,6236,Sorocaba,35,3552205,623,138323,119477,18846,AEB
60,Estado de São Paulo,6237,Sumaré,35,3552403,623,10663,5343,5320,AEB
60,Estado de São Paulo,6238,Suzano,35,3552502,623,26332,11935,14397,AEB
60,Estado de São Paulo,6239,Valinhos,35,3556206,623,18302,10104,8198,AEB
60,Estado de São Paulo,6240,Vinhedo,35,3556701,624,13174,6001,7173,AEB
60,Estado de São Paulo,6250,Aguaí,35,3500303,625,11120,7047,4073,AEB
60,Estado de São Paulo,6251,Artur Nogueira,35,3503802,625,8210,1447,6763,AEB
60,Estado de São Paulo,6252,Casa Branca,35,3510807,625,17401,9452,7949,AEB
60,Estado de São Paulo,6253,Conchal,35,3512209,625,5932,2561,3371,AEB
60,Estado de São Paulo,6254,Descalvado,35,3513702,625,15859,7220,8639,AEB
60,Estado de São Paulo,6255,Itobi,35,3523800,625,4776,1634,3142,AEB
60,Estado de São Paulo,6256,Jaguariúna,35,3524709,625,8545,2553,5992,AEB
60,Estado de São Paulo,6257,Leme,35,3526704,625,21518,11785,9733,AEB
60,Estado de São Paulo,6258,Mogi Guaçu,35,3530706,625,24643,13143,11500,AEB
60,Estado de São Paulo,6259,Moji Mirim,35,3530805,625,27783,18345,9438,AEB
60,Estado de São Paulo,6260,Pirassununga,35,3539301,626,27510,17299,10211,AEB
60,Estado de São Paulo,6261,Porto Ferreira,35,3540705,626,13375,10122,3253,AEB
60,Estado de São Paulo,6262,Santa Cruz da Conceição,35,3546207,626,2183,529,1654,AEB
60,Estado de São Paulo,6263,Santa Cruz das Palmeiras,35,3546306,626,10440,5216,5224,AEB
60,Estado de São Paulo,6264,Santo Antônio de Posse,35,3548005,626,5710,2210,3500,AEB
60,Estado de São Paulo,6265,Tambaú,35,3553302,626,11141,5877,5264,AEB
60,Estado de São Paulo,6270,Americana,35,3501608,627,37856,32000,5856,AEB
60,Estado de São Paulo,6271,Analândia,35,3502002,627,2870,903,1967,AEB
60,Estado de São Paulo,6272,Araras,35,3503307,627,39102,23898,15204,AEB
60,Estado de São Paulo,6273,Cordeirópolis,35,3512407,627,7637,2772,4865,AEB
60,Estado de São Paulo,6274,Corumbataí,35,3512704,627,3514,914,2600,AEB
60,Estado de São Paulo,6275,Cosmópolis,35,3512803,627,8798,3707,5091,AEB
60,Estado de São Paulo,6276,Iracemápolis,35,3521408,627,5836,3069,2767,AEB
60,Estado de São Paulo,6277,Itirapina,35,3523602,627,8086,3540,4546,AEB
60,Estado de São Paulo,6278,Limeira,35,3526902,627,60719,45256,15463,AEB
60,Estado de São Paulo,6279,Nova Odessa,35,3533403,627,5710,3098,2612,AEB
60,Estado de São Paulo,6280,Rio Claro,35,3543907,628,60681,49484,11197,AEB
60,Estado de São Paulo,6281,Santa Gertrudes,35,3546702,628,5130,2343,2787,AEB
60,Estado de São Paulo,6300,Águas de São Pedro,35,3500600,630,585,585,,AEB
60,Estado de São Paulo,6301,Anhembi,35,3502309,630,3135,1223,1912,AEB
60,Estado de São Paulo,6302,Bofete,35,3506904,630,5601,1240,4361,AEB
60,Estado de São Paulo,6303,Capivari,35,3510401,630,19725,11615,8110,AEB
60,Estado de São Paulo,6304,Cerquilho,35,3511508,630,5995,2498,3497,AEB
60,Estado de São Paulo,6305,Charqueada,35,3511706,630,6801,1395,5406,AEB
60,Estado de São Paulo,6306,Conchas,35,3512308,630,9727,4608,5119,AEB
60,Estado de São Paulo,6307,Laranjal Paulista,35,3526407,630,12881,6341,6540,AEB
60,Estado de São Paulo,6308,Pereiras,35,3537503,630,5778,1406,4372,AEB
60,Estado de São Paulo,6309,Piracicaba,35,3538709,630,116190,82303,33887,AEB
60,Estado de São Paulo,6310,Porangaba,35,3540507,631,8361,1670,6691,AEB
60,Estado de São Paulo,6312,Rio das Pedras,35,3544004,631,9121,2880,6241,AEB
60,Estado de São Paulo,6313,Santa Bárbara d'Oeste,35,3545803,631,22625,13571,9054,AEB
60,Estado de São Paulo,6314,Santa Maria da Serra,35,3547007,631,2232,807,1425,AEB
60,Estado de São Paulo,6315,São Pedro,35,3550407,631,9446,4474,4972,AEB
60,Estado de São Paulo,6316,Tietê,35,3554508,631,18157,9132,9025,AEB
60,Estado de São Paulo,6320,Angatuba,35,3502200,632,15055,3338,11717,AEB
60,Estado de São Paulo,6321,Buri,35,3508009,632,8848,2846,6002,AEB
60,Estado de São Paulo,6322,Cesário Lange,35,3511607,632,5117,974,4143,AEB
60,Estado de São Paulo,6323,Guareí,35,3518503,632,7019,1119,5900,AEB
60,Estado de São Paulo,6324,Itaberá,35,3521705,632,12099,2022,10077,AEB
60,Estado de São Paulo,6325,Itaí,35,3521804,632,12196,1601,10595,AEB
60,Estado de São Paulo,6326,Itapetininga,35,3522307,632,47800,30403,17397,AEB
60,Estado de São Paulo,6327,Itapeva,35,3522406,632,33860,14335,19525,AEB
60,Estado de São Paulo,6328,Itararé,35,3523206,632,23671,12812,10859,AEB
60,Estado de São Paulo,6329,Paranapanema,35,3535804,632,7196,1713,5483,AEB
60,Estado de São Paulo,6330,Sarapuí,35,3551108,633,4978,899,4079,AEB
60,Estado de São Paulo,6331,Tatuí,35,3554003,633,31702,22822,8880,AEB
60,Estado de São Paulo,6340,Fartura,35,3515400,634,13047,3874,9173,AEB
60,Estado de São Paulo,6341,Itaporanga,35,3522802,634,18127,2780,15347,AEB
60,Estado de São Paulo,6342,Ribeirão Vermelho do Sul,35,3543501,634,5620,894,4726,AEB
60,Estado de São Paulo,6343,Taquarituba,35,3553807,634,11958,3413,8545,AEB
60,Estado de São Paulo,6344,Taguaí,35,3553005,634,4815,738,4077,AEB
60,Estado de São Paulo,6350,Buritizal,35,3508207,635,3993,947,3046,AEB
60,Estado de São Paulo,6351,Franca,35,3516200,635,68027,49150,18877,AEB
60,Estado de São Paulo,6352,Guapuã,35,3513207,635,6672,793,5879,AEB
60,Estado de São Paulo,6353,Guará,35,3517703,635,11680,5965,5715,AEB
60,Estado de São Paulo,6354,Igarapava,35,3520103,635,27470,9955,17515,AEB
60,Estado de São Paulo,6355,Itirapuã,35,3523701,635,5208,1556,3652,AEB
60,Estado de São Paulo,6356,Ituverava,35,3524105,635,26388,12915,13473,AEB
60,Estado de São Paulo,6357,Patrocínio Paulista,35,3536307,635,9182,3039,6143,AEB
60,Estado de São Paulo,6358,Pedregulho,35,3537008,635,15418,4008,11410,AEB
60,Estado de São Paulo,6359,Rifaina,35,3543600,635,3970,1024,2946,AEB
60,Estado de São Paulo,6360,São José da Bela Vista,35,3549508,636,7036,1715,5321,AEB
60,Estado de São Paulo,6370,Altinópolis,35,3501004,637,10901,3812,7089,AEB
60,Estado de São Paulo,6371,Barrinha,35,3505609,637,6636,3548,3088,AEB
60,Estado de São Paulo,6372,Batatais,35,3505906,637,26812,15266,11546,AEB
60,Estado de São Paulo,6373,Brodowski,35,3507803,637,8752,3362,5390,AEB
60,Estado de São Paulo,6374,Cássia dos Coqueiros,35,3510906,637,2704,426,2278,AEB
60,Estado de São Paulo,6375,Cajuru,35,3509403,637,13737,5267,8470,AEB
60,Estado de São Paulo,6376,Cravinhos,35,3513108,637,13838,6294,7544,AEB
60,Estado de São Paulo,6377,Ipuã,35,3521309,637,10675,3049,7626,AEB
60,Estado de São Paulo,6378,Jardinópolis,35,3525102,637,16625,7533,9092,Sinopse1960_QuadroII_p26
60,Estado de São Paulo,6379,Luís Antônio,35,3527603,637,3977,484,3493,AEB
60,Estado de São Paulo,6380,Nuporanga,35,3533601,638,5681,1413,4268,AEB
60,Estado de São Paulo,6381,Orlândia,35,3534302,638,12244,6898,5346,AEB
60,Estado de São Paulo,6382,Ribeirão Preto,35,3543402,638,147361,119429,27932,AEB
60,Estado de São Paulo,6383,Sales Oliveira,35,3544905,638,7992,2307,5685,AEB
60,Estado de São Paulo,6384,Santa Rita do Passa Quatro,35,3547502,638,18326,7839,10487,AEB
60,Estado de São Paulo,6385,Santa Rosa de Viterbo,35,3547601,638,10727,4411,6316,AEB
60,Estado de São Paulo,6386,Santo Antônio da Alegria,35,3547908,638,4272,1330,2942,AEB
60,Estado de São Paulo,6387,São Joaquim da Barra,35,3549409,638,20189,13853,6336,AEB
60,Estado de São Paulo,6388,São Simão,35,3550902,638,13800,5742,8058,AEB
60,Estado de São Paulo,6389,Serra Azul,35,3551405,638,4610,1585,3025,AEB
60,Estado de São Paulo,6390,Serrana,35,3551504,639,7412,3210,4202,AEB
60,Estado de São Paulo,6391,Sertãozinho,35,3551702,639,26441,13758,12683,AEB
60,Estado de São Paulo,6400,Araraquara,35,3503208,640,82898,60591,22307,AEB
60,Estado de São Paulo,6401,Cândido Rodrigues,35,3510104,640,2081,578,1503,AEB
60,Estado de São Paulo,6402,Guariba,35,3518602,640,9081,4663,4418,AEB
60,Estado de São Paulo,6403,Jaboticabal,35,3524303,640,33772,20610,13162,AEB
60,Estado de São Paulo,6404,Matão,35,3529302,640,22251,8229,14022,AEB
60,Estado de São Paulo,6405,Monte Alto,35,3531308,640,16919,8567,8352,AEB
60,Estado de São Paulo,6406,Pradópolis,35,3540903,640,4632,1262,3370,AEB
60,Estado de São Paulo,6407,Rincão,35,3543709,640,6564,3152,3412,AEB
60,Estado de São Paulo,6408,Santa Lúcia,35,3546900,640,3378,1014,2364,AEB
60,Estado de São Paulo,6409,Taiaçu,35,3553104,640,2836,869,1967,AEB
60,Estado de São Paulo,6410,Taiúva,35,3553203,641,4358,1750,2608,AEB
60,Estado de São Paulo,6411,Taquaritinga,35,3553708,641,24417,12981,11436,AEB
60,Estado de São Paulo,6412,Vista Alegre do Alto,35,3556909,641,2560,574,1986,AEB
60,Estado de São Paulo,6420,Barra Bonita,35,3505302,642,14558,8404,6154,AEB
60,Estado de São Paulo,6421,Boracéia,35,3507308,642,4412,296,4116,AEB
60,Estado de São Paulo,6422,Brotas,35,3507902,642,13126,3958,9168,AEB
60,Estado de São Paulo,6423,Dois Córregos,35,3514106,642,14619,7567,7052,AEB
60,Estado de São Paulo,6424,Dourado,35,3514304,642,5640,2429,3211,AEB
60,Estado de São Paulo,6425,Ibaté,35,3519303,642,6322,1966,4356,AEB
60,Estado de São Paulo,6426,Igaraçu do Tietê,35,3520004,642,7333,3537,3796,AEB
60,Estado de São Paulo,6427,Itapuí,35,3522901,642,9931,3882,6049,AEB
60,Estado de São Paulo,6428,Jaú,35,3525300,642,54161,31885,22276,AEB
60,Estado de São Paulo,6429,Macatuba,35,3528007,642,9043,1205,7838,AEB
60,Estado de São Paulo,6430,Mineiros do Tietê,35,3529807,643,5379,2252,3127,AEB
60,Estado de São Paulo,6431,Pederneiras,35,3536703,643,19578,8748,10830,AEB
60,Estado de São Paulo,6432,Ribeirão Bonito,35,3542909,643,6855,2994,3861,AEB
60,Estado de São Paulo,6433,São Carlos,35,3548906,643,62045,50851,11194,AEB
60,Estado de São Paulo,6434,Torrinha,35,3554706,643,6568,2998,3570,AEB
60,Estado de São Paulo,6440,Agudos,35,3500709,644,17075,7493,9582,AEB
60,Estado de São Paulo,6441,Areiópolis,35,3503604,644,5368,928,4440,AEB
60,Estado de São Paulo,6442,Avaré,35,3504503,644,36689,21120,15569,AEB
60,Estado de São Paulo,6443,Botucatu,35,3507506,644,44767,34747,10020,AEB
60,Estado de São Paulo,6444,Cerqueira César,35,3511409,644,11595,4891,6704,AEB
60,Estado de São Paulo,6445,Itatinga,35,3523503,644,6843,1882,4961,AEB
60,Estado de São Paulo,6446,Lençóis Paulista,35,3526803,644,16602,7091,9511,AEB
60,Estado de São Paulo,6447,Pardinho,35,3536109,644,2579,560,2019,AEB
60,Estado de São Paulo,6448,Santa Bárbara do Rio Pardo,35,3500550,644,5078,1477,3601,AEB
60,Estado de São Paulo,6449,São Manuel,35,3550100,644,28941,10785,18156,AEB
60,Estado de São Paulo,6460,Bernardino de Campos,35,3506300,646,10865,5375,5490,AEB
60,Estado de São Paulo,6461,Chavantes,35,3557204,646,12651,4222,8429,AEB
60,Estado de São Paulo,6462,Ipaussu,35,3520905,646,11723,4103,7620,AEB
60,Estado de São Paulo,6463,Manduri,35,3528601,646,4667,1689,2978,AEB
60,Estado de São Paulo,6464,Óleo,35,3533809,646,6258,1115,5143,AEB
60,Estado de São Paulo,6465,Piraju,35,3538808,646,24202,11028,13174,AEB
60,Estado de São Paulo,6466,Sarutaiá,35,3551207,646,5602,806,4796,AEB
60,Estado de São Paulo,6467,Timburi,35,3554607,646,5760,858,4902,AEB
60,Estado de São Paulo,6470,Altair,35,3500907,647,2733,822,1911,AEB
60,Estado de São Paulo,6471,Barretos,35,3505500,647,59204,40511,18693,AEB
60,Estado de São Paulo,6472,Bebedouro,35,3506102,647,31961,18865,13096,AEB
60,Estado de São Paulo,6473,Cajobi,35,3509304,647,7999,2262,5737,AEB
60,Estado de São Paulo,6474,Colina,35,3512001,647,14308,5322,8986,AEB
60,Estado de São Paulo,6475,Colômbia,35,3512100,647,5149,713,4436,AEB
60,Estado de São Paulo,6476,Guaíra,35,3517406,647,21561,7487,14074,AEB
60,Estado de São Paulo,6477,Guaraci,35,3517901,647,7916,3494,4422,AEB
60,Estado de São Paulo,6478,Icém,35,3519808,647,4664,2249,2415,AEB
60,Estado de São Paulo,6479,Jaborandi,35,3524204,647,7511,2059,5452,AEB
60,Estado de São Paulo,6480,Miguelópolis,35,3529708,648,17129,4994,12135,AEB
60,Estado de São Paulo,6481,Monte Azul Paulista,35,3531506,648,10124,4859,5265,AEB
60,Estado de São Paulo,6482,Morro Agudo,35,3531902,648,18083,5628,12455,AEB
60,Estado de São Paulo,6483,Nova Granada,35,3533007,648,15910,6119,9791,AEB
60,Estado de São Paulo,6484,Olímpia,35,3533908,648,28549,15371,13178,AEB
60,Estado de São Paulo,6485,Palestina,35,3535002,648,14487,3579,10908,AEB
60,Estado de São Paulo,6486,Paraíso,35,3535705,648,4965,708,4257,AEB
60,Estado de São Paulo,6487,Paulo de Faria,35,3536604,648,13805,3370,10435,AEB
60,Estado de São Paulo,6488,Pirangi,35,3539004,648,6031,2051,3980,AEB
60,Estado de São Paulo,6489,Pitangueiras,35,3539509,648,14712,5981,8731,AEB
60,Estado de São Paulo,6490,Pontal,35,3540200,649,13334,4563,8771,AEB
60,Estado de São Paulo,6491,Riolândia,35,3544202,649,8416,2402,6014,AEB
60,Estado de São Paulo,6492,Severínia,35,3551900,649,7116,1442,5674,AEB
60,Estado de São Paulo,6493,Terra Roxa,35,3554409,649,7842,1984,5858,AEB
60,Estado de São Paulo,6494,Viradouro,35,3556800,649,8623,3953,4670,AEB
60,Estado de São Paulo,6500,Adolfo,35,3500204,650,3774,839,2935,AEB
60,Estado de São Paulo,6501,Álvares Florence,35,3501202,650,8972,1128,7844,AEB
60,Estado de São Paulo,6502,Américo de Campos,35,3501806,650,9034,1626,7408,AEB
60,Estado de São Paulo,6503,Auriflama,35,3504206,650,13437,2685,10752,AEB
60,Estado de São Paulo,6504,Bálsamo,35,3504800,650,6980,2308,4672,AEB
60,Estado de São Paulo,6505,Borboleta,35,3504602,650,3661,372,3289,AEB
60,Estado de São Paulo,6506,Buritama,35,3508108,650,6241,2140,4101,AEB
60,Estado de São Paulo,6507,Cardoso,35,3510708,650,13573,2622,10951,AEB
60,Estado de São Paulo,6508,Cedral,35,3511300,650,9162,1794,7368,AEB
60,Estado de São Paulo,6509,Cosmorama,35,3512902,650,10893,1568,9325,AEB
60,Estado de São Paulo,6510,Floreal,35,3515905,651,4194,770,3424,AEB
60,Estado de São Paulo,6511,Gastão Vidigal,35,3516804,651,5122,1199,3923,AEB
60,Estado de São Paulo,6512,General Salgado,35,3516903,651,11559,2140,9419,AEB
60,Estado de São Paulo,6513,Guapiaçu,35,3517505,651,6601,1090,5511,AEB
60,Estado de São Paulo,6514,Jaci,35,3524501,651,4742,642,4100,AEB
60,Estado de São Paulo,6515,José Bonifácio,35,3525706,651,20137,5597,14540,AEB
60,Estado de São Paulo,6516,Macaubal,35,3528106,651,9252,2625,6627,AEB
60,Estado de São Paulo,6517,Magda,35,3528304,651,3618,922,2696,AEB
60,Estado de São Paulo,6518,Mendonça,35,3529500,651,3654,743,2911,AEB
60,Estado de São Paulo,6519,Mirassol,35,3530300,651,20201,13797,6404,AEB
60,Estado de São Paulo,6520,Mirassolândia,35,3530409,652,3726,495,3231,AEB
60,Estado de São Paulo,6521,Monte Aprazível,35,3531407,652,21947,8611,13336,AEB
60,Estado de São Paulo,6522,Neves Paulista,35,3532504,652,12019,4059,7960,AEB
60,Estado de São Paulo,6523,Nhandeara,35,3532603,652,11309,3019,8290,AEB
60,Estado de São Paulo,6524,Nipoã,35,3532702,652,3306,817,2489,AEB
60,Estado de São Paulo,6525,Nova Aliança,35,3532801,652,5627,1701,3926,AEB
60,Estado de São Paulo,6526,Planalto,35,3539608,652,6814,1150,5664,AEB
60,Estado de São Paulo,6527,Poloni,35,3539905,652,5784,2587,3197,AEB
60,Estado de São Paulo,6528,Potirendaba,35,3540804,652,11950,3335,8615,AEB
60,Estado de São Paulo,6529,São José do Rio Preto,35,3549805,652,84039,67921,16118,AEB
60,Estado de São Paulo,6530,Tanabi,35,3553401,653,21161,7016,14145,AEB
60,Estado de São Paulo,6531,Turiúba,35,3555208,653,5056,816,4240,AEB
60,Estado de São Paulo,6532,Valentim Gentil,35,3556107,653,6394,2040,4354,AEB
60,Estado de São Paulo,6533,Votuporanga,35,3557105,653,32945,19809,13136,AEB
60,Estado de São Paulo,6540,Ariranha,35,3503703,654,8892,2250,6642,AEB
60,Estado de São Paulo,6541,Bariri,35,3505203,654,18439,8403,10036,AEB
60,Estado de São Paulo,6542,Boa Esperança do Sul,35,3506706,654,6977,2076,4901,AEB
60,Estado de São Paulo,6543,Bocaina,35,3506805,654,8179,2927,5252,AEB
60,Estado de São Paulo,6544,Borborema,35,3507407,654,10115,2496,7619,AEB
60,Estado de São Paulo,6545,Catanduva,35,3511102,654,49513,38127,11386,AEB
60,Estado de São Paulo,6546,Catiguá,35,3511201,654,6125,1189,4936,AEB
60,Estado de São Paulo,6547,Fernando Prestes,35,3515608,654,4921,1249,3672,AEB
60,Estado de São Paulo,6548,Ibirá,35,3519402,654,9383,3262,6121,AEB
60,Estado de São Paulo,6549,Ibitinga,35,3519600,654,20763,9210,11553,AEB
60,Estado de São Paulo,6550,Irapuã,35,3521507,655,5828,1201,4627,AEB
60,Estado de São Paulo,6551,Itajobi,35,3521903,655,13036,2328,10708,AEB
60,Estado de São Paulo,6552,Itaju,35,3522000,655,4907,456,4451,AEB
60,Estado de São Paulo,6553,Itápolis,35,3522703,655,21611,7680,13931,AEB
60,Estado de São Paulo,6554,Nova Europa,35,3532900,655,5801,954,4847,AEB
60,Estado de São Paulo,6555,Novo Horizonte,35,3533502,655,23093,8778,14315,AEB
60,Estado de São Paulo,6556,Pindorama,35,3538105,655,10189,3688,6501,AEB
60,Estado de São Paulo,6557,Sales,35,3544806,655,3778,653,3125,AEB
60,Estado de São Paulo,6558,Santa Adélia,35,3545605,655,8605,3135,5470,AEB
60,Estado de São Paulo,6559,Tabapuã,35,3552601,655,15320,3066,12254,AEB
60,Estado de São Paulo,6560,Tabatinga,35,3552700,656,7427,2434,4993,AEB
60,Estado de São Paulo,6561,Uchoa,35,3555604,656,9551,2923,6628,AEB
60,Estado de São Paulo,6562,Urupês,35,3556008,656,13642,4375,9267,AEB
60,Estado de São Paulo,6570,Araçatuba,35,3502804,657,81263,53759,27504,AEB
60,Estado de São Paulo,6571,Bento de Abreu,35,3506201,657,5989,871,5118,AEB
60,Estado de São Paulo,6572,Bilac,35,3506409,657,9857,2535,7322,AEB
60,Estado de São Paulo,6573,Birigui,35,3506508,657,31315,18721,12594,AEB
60,Estado de São Paulo,6574,Braúna,35,3507704,657,8704,1640,7064,AEB
60,Estado de São Paulo,6575,Clementina,35,3511904,657,10103,1435,8668,AEB
60,Estado de São Paulo,6576,Coroados,35,3512506,657,7526,1454,6072,AEB
60,Estado de São Paulo,6577,Gabriel Monteiro,35,3516507,657,4558,578,3980,AEB
60,Estado de São Paulo,6578,Glicério,35,3517109,657,5336,1419,3917,AEB
60,Estado de São Paulo,6579,Guaraçaí,35,3517802,657,15197,2682,12515,AEB
60,Estado de São Paulo,6580,Guararapes,35,3518206,658,27829,9764,18065,AEB
60,Estado de São Paulo,6581,Lavínia,35,3526506,658,13692,3438,10254,AEB
60,Estado de São Paulo,6582,Luiziânia,35,3527702,658,7168,1358,5810,AEB
60,Estado de São Paulo,6583,Mirandópolis,35,3530102,658,25830,8554,17276,AEB
60,Estado de São Paulo,6584,Piacatu,35,3537701,658,8808,1649,7159,AEB
60,Estado de São Paulo,6585,Rubiácea,35,3544400,658,7492,808,6684,AEB
60,Estado de São Paulo,6586,Santópolis do Aguapeí,35,3548401,658,7688,1592,6096,AEB
60,Estado de São Paulo,6587,Valparaíso,35,3556305,658,19802,7974,11828,AEB
60,Estado de São Paulo,6600,Alto Alegre,35,3501103,660,10304,1855,8449,AEB
60,Estado de São Paulo,6601,Arealva,35,3503406,660,7681,2164,5517,AEB
60,Estado de São Paulo,6602,Avaí,35,3504305,660,6704,1737,4967,AEB
60,Estado de São Paulo,6603,Avanhandava,35,3504404,660,6752,2363,4389,AEB
60,Estado de São Paulo,6604,Balbinos,35,3504701,660,2617,348,2269,AEB
60,Estado de São Paulo,6605,Barbosa,35,3505104,660,3472,1780,1692,AEB
60,Estado de São Paulo,6606,Bauru,35,3506003,660,93980,85881,8099,AEB
60,Estado de São Paulo,6607,Cabrália Paulista,35,3508306,660,4409,1385,3024,AEB
60,Estado de São Paulo,6608,Cafelândia,35,3508801,660,26253,7397,18856,AEB
60,Estado de São Paulo,6609,Duartina,35,3514502,660,13031,5549,7482,AEB
60,Estado de São Paulo,6610,Guaiçara,35,3517208,661,7963,1459,6504,AEB
60,Estado de São Paulo,6611,Guarantã,35,3518107,661,12795,1947,10848,AEB
60,Estado de São Paulo,6612,Iacanga,35,3519105,661,8836,2602,6234,AEB
60,Estado de São Paulo,6613,Lins,35,3527108,661,47939,32384,15555,AEB
60,Estado de São Paulo,6614,Lucianópolis,35,3527504,661,3019,532,2487,AEB
60,Estado de São Paulo,6615,Penápolis,35,3537305,661,28941,14400,14541,AEB
60,Estado de São Paulo,6616,Pirajuí,35,3538907,661,28125,7234,20891,AEB
60,Estado de São Paulo,6617,Piratininga,35,3539400,661,11406,4018,7388,AEB
60,Estado de São Paulo,6618,Pongaí,35,3540101,661,4977,1251,3726,AEB
60,Estado de São Paulo,6619,Presidente Alves,35,3541109,661,9927,1947,7980,AEB
60,Estado de São Paulo,6620,Promissão,35,3541604,662,20174,10026,10148,AEB
60,Estado de São Paulo,6621,Reginópolis,35,3542503,662,6028,1518,4510,AEB
60,Estado de São Paulo,6622,Sabino,35,3544608,662,5842,1612,4230,AEB
60,Estado de São Paulo,6623,Uru,35,3555901,662,3256,404,2852,AEB
60,Estado de São Paulo,6630,Adamantina,35,3500105,663,34206,18164,16042,AEB
60,Estado de São Paulo,6631,Álvaro de Carvalho,35,3501400,663,5372,974,4398,AEB
60,Estado de São Paulo,6632,Bastos,35,3505807,663,6291,3810,2481,AEB
60,Estado de São Paulo,6633,Flora Rica,35,3515806,663,7032,571,6461,AEB
60,Estado de São Paulo,6634,Flórida Paulista,35,3516002,663,25114,5880,19234,AEB
60,Estado de São Paulo,6635,Gália,35,3516606,663,16359,4578,11781,AEB
60,Estado de São Paulo,6636,Garça,35,3516705,663,38274,18849,19425,AEB
60,Estado de São Paulo,6637,Getulina,35,3517000,663,20731,4941,15790,AEB
60,Estado de São Paulo,6638,Guaimbê,35,3517307,663,8254,1616,6638,AEB
60,Estado de São Paulo,6639,Herculândia,35,3519006,663,10717,2212,8505,AEB
60,Estado de São Paulo,6640,Inúbia Paulista,35,3520806,664,6133,1407,4726,AEB
60,Estado de São Paulo,6641,Irapuru,35,3521606,664,16908,4150,12758,AEB
60,Estado de São Paulo,6642,Júlio Mesquita,35,3525805,664,5380,933,4447,AEB
60,Estado de São Paulo,6643,Junqueirópolis,35,3526001,664,27059,5652,21407,AEB
60,Estado de São Paulo,6644,Lucélia,35,3527405,664,23834,10386,13448,AEB
60,Estado de São Paulo,6645,Lupércio,35,3527801,664,3910,582,3328,AEB
60,Estado de São Paulo,6646,Mariápolis,35,3528908,664,11397,1587,9810,AEB
60,Estado de São Paulo,6647,Marília,35,3529005,664,90884,54178,36706,AEB
60,Estado de São Paulo,6648,Ocauçu,35,3533700,664,7053,1054,5999,AEB
60,Estado de São Paulo,6649,Oriente,35,3534104,664,11615,1693,9922,AEB
60,Estado de São Paulo,6650,Osvaldo Cruz,35,3534609,665,26675,15861,10814,AEB
60,Estado de São Paulo,6651,Pacaembu,35,3534906,665,19924,5706,14218,AEB
60,Estado de São Paulo,6652,Parapuã,35,3536000,665,13524,3803,9721,AEB
60,Estado de São Paulo,6653,Pompéia,35,3540002,665,37826,9531,28295,AEB
60,Estado de São Paulo,6654,Quintana,35,3542008,665,11729,2897,8832,AEB
60,Estado de São Paulo,6655,Rinópolis,35,3543808,665,24340,3921,20419,AEB
60,Estado de São Paulo,6656,Salmourão,35,3545100,665,5718,715,5003,AEB
60,Estado de São Paulo,6657,Tupã,35,3555000,665,56468,30321,26147,AEB
60,Estado de São Paulo,6658,Vera Cruz,35,3556602,665,14555,5535,9020,AEB
60,Estado de São Paulo,6659,Alvinlândia,35,3501509,665,4226,1198,3028,AEB
60,Estado de São Paulo,6660,Iacri,35,3519204,666,13117,1128,11989,AEB
60,Estado de São Paulo,6670,Assis,35,3504008,667,43198,30488,12710,AEB
60,Estado de São Paulo,6671,Campos Novos Paulista,35,3509809,667,4130,953,3177,AEB
60,Estado de São Paulo,6672,Cândido Mota,35,3510005,667,21930,6085,15845,AEB
60,Estado de São Paulo,6673,Echaporã,35,3514700,667,8504,1857,6647,AEB
60,Estado de São Paulo,6674,Florínia,35,3516101,667,5752,918,4834,AEB
60,Estado de São Paulo,6676,Ibirarema,35,3519501,667,6543,1839,4704,AEB
60,Estado de São Paulo,6677,Iepê,35,3519907,667,15551,3309,12242,AEB
60,Estado de São Paulo,6678,João Ramalho,35,3525607,667,3731,587,3144,AEB
60,Estado de São Paulo,6679,Lutécia,35,3527900,667,7978,957,7021,AEB
60,Estado de São Paulo,6680,Maracaí,35,3528809,668,20336,2358,17978,AEB
60,Estado de São Paulo,6681,Oscar Bressane,35,3534500,668,6871,709,6162,AEB
60,Estado de São Paulo,6682,Ourinhos,35,3534708,668,34293,25717,8576,AEB
60,Estado de São Paulo,6683,Palmital,35,3535309,668,19887,6732,13155,AEB
60,Estado de São Paulo,6684,Paraguaçu Paulista,35,3535507,668,24078,12252,11826,AEB
60,Estado de São Paulo,6685,Platina,35,3539707,668,2871,484,2387,AEB
60,Estado de São Paulo,6686,Quatá,35,3541703,668,12098,2927,9171,AEB
60,Estado de São Paulo,6687,Rancharia,35,3542206,668,21843,11572,10271,AEB
60,Estado de São Paulo,6688,Sagres,35,3544707,668,8259,323,7936,AEB
60,Estado de São Paulo,6689,Salto Grande,35,3545407,668,10929,3598,7331,AEB
60,Estado de São Paulo,6690,Santa Cruz do Rio Pardo,35,3546405,669,38391,14582,23809,AEB
60,Estado de São Paulo,6691,São Pedro do Turvo,35,3550506,669,10087,1257,8830,AEB
60,Estado de São Paulo,6692,Ubirajara,35,3555505,669,5545,876,4669,AEB
60,Estado de São Paulo,6700,Alfredo Marcondes,35,3500808,670,7679,1412,6267,AEB
60,Estado de São Paulo,6701,Álvares Machado,35,3501301,670,19387,5405,13982,AEB
60,Estado de São Paulo,6702,Anhumas,35,3502408,670,6668,810,5858,AEB
60,Estado de São Paulo,6703,Caiabu,35,3508900,670,8678,1097,7581,AEB
60,Estado de São Paulo,6704,Indiana,35,3520608,670,6043,1888,4155,AEB
60,Estado de São Paulo,6705,Martinópolis,35,3529203,670,25996,6959,19037,AEB
60,Estado de São Paulo,6706,Mirante do Paranapanema,35,3530201,670,22628,4794,17834,AEB
60,Estado de São Paulo,6707,Piquerobi,35,3538303,670,6607,1010,5597,AEB
60,Estado de São Paulo,6708,Pirapozinho,35,3539202,670,28073,7655,20418,AEB
60,Estado de São Paulo,6709,Presidente Bernardes,35,3541208,670,31069,7029,24040,AEB
60,Estado de São Paulo,6710,Presidente Prudente,35,3541406,671,72782,54980,17802,AEB
60,Estado de São Paulo,6711,Regente Feijó,35,3542404,671,11777,5208,6569,AEB
60,Estado de São Paulo,6712,Sandovalina,35,3545506,671,4650,1185,3465,AEB
60,Estado de São Paulo,6713,Santo Anastácio,35,3547700,671,21577,11637,9940,AEB
60,Estado de São Paulo,6714,Santo Expedito,35,3548302,671,5393,823,4570,AEB
60,Estado de São Paulo,6715,Taciba,35,3552908,671,7039,683,6356,AEB
60,Estado de São Paulo,6716,Tarabai,35,3553906,671,5201,1367,3834,AEB
60,Estado de São Paulo,6720,Dolcinópolis,35,3514205,672,12449,1163,11286,AEB
60,Estado de São Paulo,6721,Estrela d'Oeste,35,3515202,672,20740,3464,17276,AEB
60,Estado de São Paulo,6722,Fernandópolis,35,3515509,672,40240,16083,24157,AEB
60,Estado de São Paulo,6723,Guarani d'Oeste,35,3518008,672,8241,409,7832,AEB
60,Estado de São Paulo,6724,Indiaporã,35,3520707,672,5701,1457,4244,AEB
60,Estado de São Paulo,6725,Jales,35,3524808,672,36457,11451,25006,AEB
60,Estado de São Paulo,6726,Meridiano,35,3529609,672,5946,980,4966,AEB
60,Estado de São Paulo,6727,Palmeira d'Oeste,35,3535200,672,19863,2829,17034,AEB
60,Estado de São Paulo,6728,Pereira Barreto,35,3537404,672,33543,10079,23464,AEB
60,Estado de São Paulo,6729,Populina,35,3540408,672,9119,1373,7746,AEB
60,Estado de São Paulo,6730,Santa Fé do Sul,35,3546603,673,46551,12838,33713,AEB
60,Estado de São Paulo,6731,Santa Albertina,35,3545704,673,12402,3193,9209,AEB
60,Estado de São Paulo,6732,Sud Mennucci,35,3552304,673,6923,633,6290,AEB
60,Estado de São Paulo,6733,Três Fronteiras,35,3554904,673,11884,2291,9593,AEB
60,Estado de São Paulo,6734,Urânia,35,3555802,673,17129,1708,15421,AEB
60,Estado de São Paulo,6740,Andradina,35,3502101,674,38430,21188,17242,AEB
60,Estado de São Paulo,6741,Castilho,35,3511003,674,13139,3008,10131,AEB
60,Estado de São Paulo,6742,Dracena,35,3514403,674,32911,17134,15777,AEB
60,Estado de São Paulo,6743,Monte Castelo,35,3531605,674,9539,1457,8082,AEB
60,Estado de São Paulo,6744,Murutinga do Sul,35,3532108,674,7502,1839,5663,AEB
60,Estado de São Paulo,6745,Nova Guataporanga,35,3533106,674,4515,1249,3266,AEB
60,Estado de São Paulo,6746,Ouro Verde,35,3534807,674,9343,1805,7538,AEB
60,Estado de São Paulo,6747,Panorama,35,3535408,674,6037,1501,4536,AEB
60,Estado de São Paulo,6748,Paulicéia,35,3536406,674,3494,1140,2354,AEB
60,Estado de São Paulo,6749,Santa Mercedes,35,3547106,674,6394,1515,4879,AEB
60,Estado de São Paulo,6750,São João do Pau d'Alho,35,3549300,675,4426,594,3832,AEB
60,Estado de São Paulo,6751,Tupi Paulista,35,3555109,675,18261,7041,11220,AEB
60,Estado de São Paulo,6760,Caiuá,35,3509106,676,4267,1058,3209,AEB
60,Estado de São Paulo,6761,Marabá Paulista,35,3528700,676,13490,2262,11228,AEB
60,Estado de São Paulo,6762,Presidente Epitácio,35,3541307,676,18966,10425,8541,AEB
60,Estado de São Paulo,6763,Presidente Venceslau,35,3541505,676,21551,13140,8411,AEB
71,Estado do Paraná,7100,Antonina,41,4101200,710,12367,8933,3434,AEB
71,Estado do Paraná,7101,Guaraqueçaba,41,4109500,710,7713,1134,6579,AEB
71,Estado do Paraná,7102,Guaratuba,41,4109609,710,6694,2541,4153,AEB
71,Estado do Paraná,7103,Morretes,41,4116208,710,11654,3430,8224,AEB
71,Estado do Paraná,7104,Paranaguá,41,4118204,710,38825,28755,10070,AEB
71,Estado do Paraná,7110,Bocaiúva do Sul,41,4103107,711,18346,2101,16245,"Sinopse Preliminar do Parana (IBGE, 1962), Quadro II, folha 3"
71,Estado do Paraná,7111,Cerro Azul,41,4105201,711,17304,2058,15246,AEB
71,Estado do Paraná,7112,Rio Branco do Sul,41,4122206,711,20429,2037,18392,AEB
71,Estado do Paraná,7120,Bituruna,41,4102901,712,7484,706,6778,Sinopse1960_QuadroII_p23
71,Estado do Paraná,7121,Guarapuava,41,4109401,712,96947,16362,80585,AEB
71,Estado do Paraná,7122,Palmas,41,4117602,712,19919,6120,13799,AEB
71,Estado do Paraná,7130,Castro,41,4104907,713,32724,9598,23126,AEB
71,Estado do Paraná,7131,Piraí do Sul,41,4119400,713,11474,4842,6632,AEB
71,Estado do Paraná,7140,Arapoti,41,4101606,714,9228,1088,8140,AEB
71,Estado do Paraná,7141,Contenda,41,4106209,714,8361,1157,7204,AEB
71,Estado do Paraná,7142,Jaguariaíva,41,4112009,714,14051,6616,7435,AEB
71,Estado do Paraná,7143,Lapa,41,4113205,714,36556,8536,28020,AEB
71,Estado do Paraná,7144,Palmeira,41,4117701,714,17116,6120,10996,AEB
71,Estado do Paraná,7145,Ponta Grossa,41,4119905,714,90889,78557,12332,AEB
71,Estado do Paraná,7146,Porto Amazonas,41,4120101,714,3203,1958,1245,AEB
71,Estado do Paraná,7147,Sengés,41,4126306,714,9008,1164,7844,AEB
71,Estado do Paraná,7148,Tibagi,41,4127502,714,40389,2289,38100,AEB
71,Estado do Paraná,7150,Almirante Tamandaré,41,4100400,715,10220,1611,8609,AEB
71,Estado do Paraná,7151,Araucária,41,4101804,715,16553,4796,11757,AEB
71,Estado do Paraná,7152,Campina Grande do Sul,41,4104006,715,7982,301,7681,AEB
71,Estado do Paraná,7153,Campo Largo,41,4104204,715,32272,9150,23122,AEB
71,Estado do Paraná,7154,Colombo,41,4105805,715,8719,1365,7354,AEB
71,Estado do Paraná,7155,Curitiba,41,4106902,715,361309,351259,10050,AEB
71,Estado do Paraná,7156,Piraquara,41,4119509,715,11578,2244,9334,AEB
71,Estado do Paraná,7157,Rio Negro,41,4122305,715,30263,11590,18673,AEB
71,Estado do Paraná,7158,São José dos Pinhais,41,4125506,715,28888,8231,20657,AEB
71,Estado do Paraná,7159,Tijucas do Sul,41,4127601,715,12751,1040,11711,AEB
71,Estado do Paraná,7170,Abatiá,41,4100103,717,17384,1793,15591,AEB
71,Estado do Paraná,7171,Carlópolis,41,4104709,717,12472,2655,9817,AEB
71,Estado do Paraná,7172,Curiúva,41,4107009,717,16075,1408,14667,AEB
71,Estado do Paraná,7173,Ibaiti,41,4109708,717,20753,4692,16061,AEB
71,Estado do Paraná,7174,Jaboti,41,4111704,717,6371,1044,5327,AEB
71,Estado do Paraná,7175,Japira,41,4112306,717,6498,867,5631,AEB
71,Estado do Paraná,7176,Joaquim Távora,41,4112801,717,15021,4239,10782,AEB
71,Estado do Paraná,7177,Jundiaí do Sul,41,4112900,717,8376,2188,6188,AEB
71,Estado do Paraná,7178,Pinhalão,41,4119202,717,9176,1260,7916,AEB
71,Estado do Paraná,7179,Quatiguá,41,4120705,717,5461,1959,3502,AEB
71,Estado do Paraná,7180,Ribeirão do Pinhal,41,4121901,718,16625,3942,12683,AEB
71,Estado do Paraná,7181,Siqueira Campos,41,4126603,718,18424,5258,13166,AEB
71,Estado do Paraná,7182,Tomazina,41,4127809,718,14894,1722,13172,AEB
71,Estado do Paraná,7183,Wenceslau Braz,41,4128500,718,21511,5495,16016,AEB
71,Estado do Paraná,7190,Cândido de Abreu,41,4104402,719,16408,651,15757,AEB
71,Estado do Paraná,7191,Imbituva,41,4110102,719,18742,4223,14519,AEB
71,Estado do Paraná,7192,Ipiranga,41,4110508,719,17877,2622,15255,AEB
71,Estado do Paraná,7193,Ortigueira,41,4117305,719,17678,2144,15534,AEB
71,Estado do Paraná,7194,Prudentópolis,41,4120606,719,30182,4721,25461,AEB
71,Estado do Paraná,7195,Reserva,41,4121703,719,13828,1042,12786,"Sinopse Preliminar do Parana (IBGE, 1962), Quadro II, folha 9"
71,Estado do Paraná,7200,Cruz Machado,41,4106803,720,13712,428,13284,AEB
71,Estado do Paraná,7201,Irati,41,4110706,720,30817,14115,16702,AEB
71,Estado do Paraná,7202,Mallet,41,4113908,720,10342,2584,7758,AEB
71,Estado do Paraná,7203,Paulo Frontin,41,4118709,720,6531,742,5789,AEB
71,Estado do Paraná,7204,Rebouças,41,4121505,720,9885,2423,7462,AEB
71,Estado do Paraná,7205,Rio Azul,41,4122008,720,10059,1967,8092,"Sinopse Preliminar do Parana (IBGE, 1962), Quadro II, folha 10"
71,Estado do Paraná,7206,São João do Triunfo,41,4125100,720,9399,1339,8060,AEB
71,Estado do Paraná,7207,São Mateus do Sul,41,4125605,720,19097,3848,15249,AEB
71,Estado do Paraná,7208,Teixeira Soares,41,4127007,720,11624,2721,8903,AEB
71,Estado do Paraná,7209,União da Vitória,41,4128203,720,30592,16887,13705,AEB
71,Estado do Paraná,7220,Alto Paraná,41,4100608,722,30566,5167,25399,AEB
71,Estado do Paraná,7221,Araruna,41,4101705,722,17009,2871,14138,"Sinopse Preliminar do Parana (IBGE, 1962), Quadro II, folha 11"
71,Estado do Paraná,7222,Barracão,41,4102604,722,14954,1423,13531,AEB
71,Estado do Paraná,7223,Campo Mourão,41,4104303,722,141157,19489,121668,"Sinopse Preliminar do Parana (IBGE, 1962), Quadro II, folha 11"
71,Estado do Paraná,7224,Capanema,41,4104501,722,29306,4053,25253,AEB
71,Estado do Paraná,7225,Cascavel,41,4104808,722,39598,5274,34324,AEB
71,Estado do Paraná,7226,Chopinzinho,41,4105409,722,21797,1303,20494,AEB
71,Estado do Paraná,7227,Cianorte,41,4105508,722,53658,8480,45178,Sinopse1960_QuadroII_p12
71,Estado do Paraná,7228,Clevelândia,41,4105706,722,23634,6130,17504,AEB
71,Estado do Paraná,7229,Coronel Vivida,41,4106506,722,14552,1280,13272,AEB
71,Estado do Paraná,7230,Cruzeiro do Oeste,41,4106605,723,135816,20289,115527,"Sinopse Preliminar do Parana (IBGE, 1962), Quadro II, folha 12"
71,Estado do Paraná,7231,Cruzeiro do Sul,41,4106704,723,10159,1218,8941,"Sinopse Preliminar do Parana (IBGE, 1962), Quadro II, folha 12"
71,Estado do Paraná,7232,Engenheiro Beltrão,41,4107504,723,14314,779,13535,"Sinopse Preliminar do Parana (IBGE, 1962), Quadro II, folha 12"
71,Estado do Paraná,7233,Floraí,41,4107801,723,13566,1755,11811,AEB
71,Estado do Paraná,7234,Foz do Iguaçu,41,4108304,723,28212,9753,18459,AEB
71,Estado do Paraná,7235,Francisco Beltrão,41,4108403,723,55496,4989,50507,AEB
71,Estado do Paraná,7236,Goio-Erê,41,4108601,723,23732,4491,19241,"Sinopse Preliminar do Parana (IBGE, 1962), Quadro II, folha 13"
71,Estado do Paraná,7237,Guaíra,41,4108809,723,21486,8890,12596,AEB
71,Estado do Paraná,7238,Guaraniaçu,41,4109302,723,21422,1580,19842,AEB
71,Estado do Paraná,7239,Jussara,41,4113007,723,8471,999,7472,AEB
71,Estado do Paraná,7240,Laranjeiras do Sul,41,4113304,724,36087,5918,30169,AEB
71,Estado do Paraná,7241,Loanda,41,4113502,724,20612,8175,12437,AEB
71,Estado do Paraná,7242,Mandaguaçu,41,4114104,724,26721,3316,23405,"Sinopse Preliminar do Parana (IBGE, 1962), Quadro II, folha 14"
71,Estado do Paraná,7243,Mandaguari,41,4114203,724,24630,8210,16420,AEB
71,Estado do Paraná,7244,Mangueirinha,41,4114401,724,11659,1088,10571,AEB
71,Estado do Paraná,7245,Manoel Ribas,41,4114500,724,54994,5520,49474,AEB
71,Estado do Paraná,7246,Marialva,41,4114807,724,35866,5533,30333,AEB
71,Estado do Paraná,7247,Maringá,41,4115200,724,104131,47592,56539,AEB
71,Estado do Paraná,7248,Nova Esperança,41,4116901,724,43095,9975,33120,AEB
71,Estado do Paraná,7249,Nova Londrina,41,4117107,724,18366,6068,12298,"Sinopse Preliminar do Parana (IBGE, 1962), Quadro II, folha 15"
71,Estado do Paraná,7250,Paraíso do Norte,41,4118006,725,21218,6209,15009,"Sinopse Preliminar do Parana (IBGE, 1962), Quadro II, folha 15"
71,Estado do Paraná,7251,Paranacity,41,4118105,725,23729,3816,19913,"Sinopse Preliminar do Parana (IBGE, 1962), Quadro II, folha 15"
71,Estado do Paraná,7252,Paranavaí,41,4118402,725,63189,25028,38161,Sinopse1960_QuadroII_p15
71,Estado do Paraná,7253,Pato Branco,41,4118501,725,51581,10333,41248,AEB
71,Estado do Paraná,7254,Peabiru,41,4118808,725,19180,5368,13812,AEB
71,Estado do Paraná,7255,Pitanga,41,4119608,725,56006,4362,51644,AEB
71,Estado do Paraná,7256,Querência do Norte,41,4121000,725,7517,1423,6094,AEB
71,Estado do Paraná,7257,Rondon,41,4122602,725,38063,3168,34895,"Sinopse Preliminar do Parana (IBGE, 1962), Quadro II, folha 16"
71,Estado do Paraná,7258,Santa Cruz de Monte Castelo,41,4123303,725,7199,1297,5902,AEB
71,Estado do Paraná,7259,Santa Isabel do Ivaí,41,4123709,725,12635,955,11680,AEB
71,Estado do Paraná,7260,Santo Antônio,41,4124400,726,26263,2399,23864,AEB
71,Estado do Paraná,7261,São Carlos do Ivaí,41,4124608,726,10108,1509,8599,AEB
71,Estado do Paraná,7262,São João do Caiuá,41,4124905,726,18542,2305,16237,AEB
71,Estado do Paraná,7263,São Jorge,41,4125308,726,22361,2559,19802,"Sinopse Preliminar do Parana (IBGE, 1962), Quadro II, folha 17"
71,Estado do Paraná,7264,São Pedro do Ivaí,41,4125803,726,11606,3078,8528,AEB
71,Estado do Paraná,7265,Tamboara,41,4126702,726,11831,1529,10302,AEB
71,Estado do Paraná,7266,Terra Boa,41,4127205,726,17143,2485,14658,Sinopse1960_QuadroII_p17
71,Estado do Paraná,7267,Terra Rica,41,4127304,726,18619,3129,15490,AEB
71,Estado do Paraná,7268,Toledo,41,4127700,726,24959,5926,19033,AEB
71,Estado do Paraná,7300,Alvorada do Sul,41,4100806,730,12803,1260,11543,AEB
71,Estado do Paraná,7301,Amoreira,41,4126009,730,17315,3117,14198,"Sinopse Preliminar do Parana (IBGE, 1962), Quadro II, folha 18"
71,Estado do Paraná,7302,Andirá,41,4101101,730,14930,4431,10499,AEB
71,Estado do Paraná,7303,Apucarana,41,4101408,730,66091,22506,43585,AEB
71,Estado do Paraná,7304,Arapongas,41,4101507,730,38067,21210,16857,AEB
71,Estado do Paraná,7305,Araruva,41,4114906,730,20883,2217,18666,AEB
71,Estado do Paraná,7306,Assaí,41,4101903,730,31884,6967,24917,AEB
71,Estado do Paraná,7307,Astorga,41,4102109,730,25445,7970,17475,AEB
71,Estado do Paraná,7308,Bandeirantes,41,4102406,730,30220,6995,23225,AEB
71,Estado do Paraná,7309,Bela Vista do Paraíso,41,4102802,730,17372,8192,9180,AEB
71,Estado do Paraná,7310,Bom Sucesso,41,4103206,731,22624,2494,20130,"Sinopse Preliminar do Parana (IBGE, 1962), Quadro II, folha 19"
71,Estado do Paraná,7311,Borrazópolis,41,4103305,731,17945,2375,15570,AEB
71,Estado do Paraná,7312,Cafeara,41,4103404,731,7754,1241,6513,AEB
71,Estado do Paraná,7313,Califórnia,41,4103503,731,9004,1416,7588,AEB
71,Estado do Paraná,7314,Cambará,41,4103602,731,22781,8445,14336,AEB
71,Estado do Paraná,7315,Cambé,41,4103701,731,29151,8881,20270,AEB
71,Estado do Paraná,7316,Centenário do Sul,41,4105102,731,23485,6135,17350,AEB
71,Estado do Paraná,7317,Colorado,41,4105904,731,21702,2794,18908,AEB
71,Estado do Paraná,7318,Congonhinhas,41,4106001,731,17806,2386,15420,AEB
71,Estado do Paraná,7319,Cornélio Procópio,41,4106407,731,45341,18198,27143,AEB
71,Estado do Paraná,7320,Faxinal,41,4107603,732,22830,2764,20066,AEB
71,Estado do Paraná,7321,Florestópolis,41,4108007,732,16274,2556,13718,AEB
71,Estado do Paraná,7322,Guaraci,41,4109203,732,17437,4274,13163,"Sinopse Preliminar do Parana (IBGE, 1962), Quadro II, folha 20"
71,Estado do Paraná,7323,Ibiporã,41,4109807,732,25956,6560,19396,AEB
71,Estado do Paraná,7324,Iguaraçu,41,4110003,732,15631,2566,13065,AEB
71,Estado do Paraná,7325,Itaguajé,41,4110904,732,17735,3539,14196,AEB
71,Estado do Paraná,7326,Itambaracá,41,4111001,732,11079,1432,9647,AEB
71,Estado do Paraná,7327,Jacarezinho,41,4111803,732,42863,15054,27809,"Sinopse Preliminar do Parana (IBGE, 1962), Quadro II, folha 20"
71,Estado do Paraná,7328,Jaguapitã,41,4111902,732,21873,5047,16826,AEB
71,Estado do Paraná,7329,Jandaia do Sul,41,4112108,732,31448,7767,23681,AEB
71,Estado do Paraná,7330,Jataizinho,41,4112702,733,18194,2544,15650,AEB
71,Estado do Paraná,7331,Leópolis,41,4113403,733,11113,638,10475,AEB
71,Estado do Paraná,7332,Lobato,41,4113601,733,10174,1159,9015,AEB
71,Estado do Paraná,7333,Londrina,41,4113700,733,134821,77382,57439,AEB
71,Estado do Paraná,7334,Lupionópolis,41,4113809,733,8482,2073,6409,AEB
71,Estado do Paraná,7335,Munhoz de Melo,41,4116307,733,6931,1021,5910,AEB
71,Estado do Paraná,7336,Nova Fátima,41,4117008,733,12829,2463,10366,Sinopse1960_QuadroII_p21
71,Estado do Paraná,7337,Porecatu,41,4120002,733,20776,5160,15616,AEB
71,Estado do Paraná,7338,Primeiro de Maio,41,4120507,733,25185,3681,21504,AEB
71,Estado do Paraná,7339,Ribeirão Claro,41,4121802,733,15511,3532,11979,AEB
71,Estado do Paraná,7340,Rolândia,41,4122404,734,44461,11065,33396,AEB
71,Estado do Paraná,7341,Sabáudia,41,4122701,734,10145,1490,8655,AEB
71,Estado do Paraná,7342,Santa Amélia,41,4123105,734,6552,1098,5454,AEB
71,Estado do Paraná,7343,Santa Fé,41,4123402,734,12797,1756,11041,AEB
71,Estado do Paraná,7344,Santa Mariana,41,4123907,734,20400,5556,14844,"Sinopse Preliminar do Parana (IBGE, 1962), Quadro II, folha 22"
71,Estado do Paraná,7345,Santo Antônio da Platina,41,4124103,734,31460,9777,21683,AEB
71,Estado do Paraná,7346,Santo Inácio,41,4124509,734,11420,1609,9811,AEB
71,Estado do Paraná,7347,São Jerônimo da Serra,41,4124707,734,31453,2488,28965,AEB
71,Estado do Paraná,7348,Sertaneja,41,4126405,734,17337,2114,15223,Sinopse1960_QuadroII_p22
71,Estado do Paraná,7349,Sertanópolis,41,4126504,734,23498,6469,17029,AEB
71,Estado do Paraná,7350,Uraí,41,4128401,735,24650,6964,17686,Sinopse1960_QuadroII_p23
74,Estado de Santa Catarina,7400,Biguaçu,42,4202305,740,22487,5661,16826,AEB
74,Estado de Santa Catarina,7401,Camboriú,42,4203204,740,12549,3131,9418,AEB
74,Estado de Santa Catarina,7402,Florianópolis,42,4205407,740,98520,78068,20452,AEB
74,Estado de Santa Catarina,7403,Nova Trento,42,4211504,740,13219,2942,10277,AEB
74,Estado de Santa Catarina,7404,Palhoça,42,4211900,740,27946,4186,23760,AEB
74,Estado de Santa Catarina,7405,Porto Belo,42,4213500,740,9427,3426,6001,AEB
74,Estado de Santa Catarina,7406,Santo Amaro da Imperatriz,42,4215703,740,17022,2500,14522,AEB
74,Estado de Santa Catarina,7407,São João Batista,42,4216305,740,12261,3121,9140,AEB
74,Estado de Santa Catarina,7408,São José,42,4216602,740,31696,4418,27278,AEB
74,Estado de Santa Catarina,7409,Tijucas,42,4218004,740,17272,5520,11752,AEB
74,Estado de Santa Catarina,7420,Araranguá,42,4201406,742,24541,8578,15963,AEB
74,Estado de Santa Catarina,7421,Armazém,42,4201505,742,6227,547,5680,AEB
74,Estado de Santa Catarina,7422,Braço do Norte,42,4202800,742,9844,2872,6972,AEB
74,Estado de Santa Catarina,7423,Criciúma,42,4204608,742,62650,28198,34452,AEB
74,Estado de Santa Catarina,7424,Grão Pará,42,4206108,742,6196,966,5230,AEB
74,Estado de Santa Catarina,7425,Imbituba,42,4207304,742,16047,6936,9111,AEB
74,Estado de Santa Catarina,7426,Imaruí,42,4207205,742,21363,1639,19724,AEB
74,Estado de Santa Catarina,7427,Jacinto Machado,42,4208708,742,9476,690,8786,AEB
74,Estado de Santa Catarina,7428,Jaguaruna,42,4208807,742,11873,2490,9383,AEB
74,Estado de Santa Catarina,7429,Laguna,42,4209409,742,29620,18181,11439,AEB
74,Estado de Santa Catarina,7430,Lauro Muller,42,4209607,743,15003,3599,11404,AEB
74,Estado de Santa Catarina,7431,Nova Veneza,42,4211603,743,9412,923,8489,AEB
74,Estado de Santa Catarina,7432,Orleães,42,4211702,743,15639,3462,12177,AEB
74,Estado de Santa Catarina,7433,Praia Grande,42,4213807,743,6934,752,6182,AEB
74,Estado de Santa Catarina,7434,Rio Fortuna,42,4214904,743,5473,299,5174,AEB
74,Estado de Santa Catarina,7435,Siderópolis,42,4217600,743,12414,2947,9467,AEB
74,Estado de Santa Catarina,7436,Sombrio,42,4217709,743,22731,1997,20734,AEB
74,Estado de Santa Catarina,7437,Tubarão,42,4218707,743,63268,30914,32354,AEB
74,Estado de Santa Catarina,7438,Turvo,42,4218806,743,24193,2592,21601,AEB
74,Estado de Santa Catarina,7439,Urussanga,42,4219002,743,18170,4301,13869,AEB
74,Estado de Santa Catarina,7450,Campo Alegre,42,4203303,745,6453,876,5577,AEB
74,Estado de Santa Catarina,7451,Canoinhas,42,4203808,745,39232,12372,26860,AEB
74,Estado de Santa Catarina,7452,Itaiópolis,42,4208104,745,21566,1562,20004,AEB
74,Estado de Santa Catarina,7453,Mafra,42,4210100,745,29923,13541,16382,AEB
74,Estado de Santa Catarina,7454,Papanduva,42,4212205,745,15545,1680,13865,AEB
74,Estado de Santa Catarina,7455,Porto União,42,4213609,745,32848,12300,20548,AEB
74,Estado de Santa Catarina,7456,Rio Negrinho,42,4215000,745,8483,5897,2586,AEB
74,Estado de Santa Catarina,7457,São Bento do Sul,42,4215802,745,12814,6470,6344,Sinopse1960_QuadroII_p11
74,Estado de Santa Catarina,7460,Bom Retiro,42,4202602,746,15788,3205,12583,AEB
74,Estado de Santa Catarina,7461,Campos Novos,42,4203600,746,40067,6266,33801,AEB
74,Estado de Santa Catarina,7462,Curitibanos,42,4204806,746,33677,9954,23723,AEB
74,Estado de Santa Catarina,7463,Lages,42,4209300,746,121027,40460,80567,AEB
74,Estado de Santa Catarina,7464,Lebon Régis,42,4209706,746,6868,1295,5573,AEB
74,Estado de Santa Catarina,7465,Santa Cecília,42,4215505,746,11600,996,10604,AEB
74,Estado de Santa Catarina,7466,São Joaquim,42,4216503,746,24718,5233,19485,AEB
74,Estado de Santa Catarina,7467,Urubici,42,4218905,746,10666,3473,7193,AEB
74,Estado de Santa Catarina,7470,Água Doce,42,4200408,747,7187,739,6448,AEB
74,Estado de Santa Catarina,7471,Caçador,42,4203006,747,22790,10987,11803,AEB
74,Estado de Santa Catarina,7472,Capinzal,42,4203907,747,16787,3681,13106,AEB
74,Estado de Santa Catarina,7473,Concórdia,42,4204301,747,45533,7204,38329,AEB
74,Estado de Santa Catarina,7474,Herval d'Oeste,42,4206702,747,11517,4146,7371,AEB
74,Estado de Santa Catarina,7475,Itá,42,4208005,747,5849,500,5349,AEB
74,Estado de Santa Catarina,7476,Joaçaba,42,4209003,747,34501,11662,22839,AEB
74,Estado de Santa Catarina,7477,Piratuba,42,4213104,747,13132,2579,10553,AEB
74,Estado de Santa Catarina,7478,Ponte Serrada,42,4213401,747,6599,1092,5507,AEB
74,Estado de Santa Catarina,7479,Rio das Antas,42,4214409,747,5125,1500,3625,AEB
74,Estado de Santa Catarina,7480,Seara,42,4217501,748,13839,1173,12666,AEB
74,Estado de Santa Catarina,7481,Tangará,42,4217907,748,14247,2912,11335,AEB
74,Estado de Santa Catarina,7482,Videira,42,4219309,748,26640,8729,17911,AEB
74,Estado de Santa Catarina,7500,Abelardo Luz,42,4200101,750,12002,925,11077,AEB
74,Estado de Santa Catarina,7501,Campo Erê,42,4203501,750,5708,378,5330,AEB
74,Estado de Santa Catarina,7502,Chapecó,42,4204202,750,51981,10898,41083,AEB
74,Estado de Santa Catarina,7503,Cunha Porã,42,4204707,750,7783,759,7024,AEB
74,Estado de Santa Catarina,7504,Descanso,42,4204905,750,6065,387,5678,AEB
74,Estado de Santa Catarina,7505,Dionísio Cerqueira,42,4205001,750,10457,2569,7888,AEB
74,Estado de Santa Catarina,7506,Faxinal dos Guedes,42,4205308,750,7012,709,6303,AEB
74,Estado de Santa Catarina,7507,Itapiranga,42,4208401,750,15119,1270,13849,AEB
74,Estado de Santa Catarina,7508,Maravilha,42,4210506,750,7352,1230,6122,AEB
74,Estado de Santa Catarina,7509,Mondaí,42,4211009,750,11861,2027,9834,AEB
74,Estado de Santa Catarina,7510,Palmitos,42,4212106,751,12668,2456,10212,AEB
74,Estado de Santa Catarina,7511,São Carlos,42,4216008,751,25678,2980,22698,AEB
74,Estado de Santa Catarina,7512,São José do Cedro,42,4216701,751,5396,1283,4113,AEB
74,Estado de Santa Catarina,7513,São Lourenço do Oeste,42,4216909,751,7889,1229,6660,AEB
74,Estado de Santa Catarina,7514,São Miguel do Oeste,42,4217204,751,18817,3522,15295,AEB
74,Estado de Santa Catarina,7515,Xanxerê,42,4219507,751,16140,4172,11968,AEB
74,Estado de Santa Catarina,7516,Xaxim,42,4219705,751,20730,2027,18703,AEB
74,Estado de Santa Catarina,7520,Araquari,42,4201307,752,17124,2069,15055,AEB
74,Estado de Santa Catarina,7521,Corupá,42,4204509,752,8632,3382,5250,AEB
74,Estado de Santa Catarina,7522,Guaramirim,42,4206504,752,24279,2301,21978,AEB
74,Estado de Santa Catarina,7523,Jaraguá do Sul,42,4208906,752,23358,4382,18976,AEB
74,Estado de Santa Catarina,7524,Joinville,42,4209102,752,70687,55553,15134,AEB
74,Estado de Santa Catarina,7525,São Francisco do Sul,42,4216206,752,23291,12844,10447,AEB
74,Estado de Santa Catarina,7530,Blumenau,42,4202404,753,67092,48014,19078,AEB
74,Estado de Santa Catarina,7531,Brusque,42,4202909,753,35763,16328,19435,AEB
74,Estado de Santa Catarina,7532,Gaspar,42,4205902,753,14933,3056,11877,AEB
74,Estado de Santa Catarina,7533,Ibirama,42,4206900,753,18082,2356,15726,AEB
74,Estado de Santa Catarina,7534,Ilhota,42,4207106,753,8734,1965,6769,AEB
74,Estado de Santa Catarina,7535,Indaial,42,4207502,753,21658,3449,18209,AEB
74,Estado de Santa Catarina,7536,Itajaí,42,4208203,753,55515,38889,16626,AEB
74,Estado de Santa Catarina,7537,Ituporanga,42,4208500,753,23529,3876,19653,AEB
74,Estado de Santa Catarina,7538,Luiz Alves,42,4210001,753,6775,432,6343,AEB
74,Estado de Santa Catarina,7539,Penha,42,4212502,753,9400,3853,5547,AEB
74,Estado de Santa Catarina,7540,Pomerode,42,4213203,754,10618,3143,7475,AEB
74,Estado de Santa Catarina,7541,Pouso Redondo,42,4213708,754,9852,816,9036,AEB
74,Estado de Santa Catarina,7542,Presidente Getúlio,42,4214003,754,15975,2167,13808,AEB
74,Estado de Santa Catarina,7543,Rio do Oeste,42,4214607,754,7532,1259,6273,AEB
74,Estado de Santa Catarina,7544,Rio do Sul,42,4214805,754,40291,15205,25086,AEB
74,Estado de Santa Catarina,7545,Rodeio,42,4215109,754,16805,2971,13834,AEB
74,Estado de Santa Catarina,7546,Taió,42,4217808,754,23891,1933,21958,AEB
74,Estado de Santa Catarina,7547,Timbó,42,4218202,754,17518,5195,12323,AEB
74,Estado de Santa Catarina,7548,Trombudo Central,42,4218608,754,12345,2292,10053,AEB
74,Estado de Santa Catarina,7549,Vidal Ramos,42,4219200,754,12078,456,11622,AEB
81,Estado do Rio Grande do Sul,8100,Cerro Largo,43,4305207,810,38213,5917,32296,AEB
81,Estado do Rio Grande do Sul,8101,Itaqui,43,4310603,810,23311,13499,9812,AEB
81,Estado do Rio Grande do Sul,8102,Jaguari,43,4311106,810,18282,4367,13915,AEB
81,Estado do Rio Grande do Sul,8103,Santiago,43,4317400,810,34420,15833,18587,AEB
81,Estado do Rio Grande do Sul,8104,Santo Ângelo,43,4317509,810,76255,29580,46675,AEB
81,Estado do Rio Grande do Sul,8105,São Borja,43,4318002,810,50009,21047,28962,AEB
81,Estado do Rio Grande do Sul,8106,São Francisco de Assis,43,4318101,810,25672,6515,19157,AEB
81,Estado do Rio Grande do Sul,8107,São Luiz Gonzaga,43,4318903,810,55537,16127,39410,AEB
81,Estado do Rio Grande do Sul,8108,Guarani das Missões,43,4309506,810,8505,1267,7238,AEB
81,Estado do Rio Grande do Sul,8110,Caçapava do Sul,43,4302808,811,40971,7826,33145,AEB
81,Estado do Rio Grande do Sul,8111,Canguçu,43,4304507,811,57538,3257,54281,AEB
81,Estado do Rio Grande do Sul,8112,Encruzilhada do Sul,43,4306908,811,43003,6636,36367,AEB
81,Estado do Rio Grande do Sul,8113,Erval,43,4307104,811,8568,1709,6859,AEB
81,Estado do Rio Grande do Sul,8114,Lavras do Sul,43,4311502,811,12441,3746,8695,AEB
81,Estado do Rio Grande do Sul,8115,Pinheiro Machado,43,4314506,811,12760,3186,9574,AEB
81,Estado do Rio Grande do Sul,8116,Piratini,43,4314605,811,23916,1884,22032,AEB
81,Estado do Rio Grande do Sul,8130,Bom Jesus,43,4302303,813,23580,4658,18922,AEB
81,Estado do Rio Grande do Sul,8131,Lagoa Vermelha,43,4311304,813,37811,10540,27271,AEB
81,Estado do Rio Grande do Sul,8132,Machadinho,43,4311700,813,22087,3192,18895,AEB
81,Estado do Rio Grande do Sul,8133,Sananduva,43,4316600,813,21819,4907,16912,AEB
81,Estado do Rio Grande do Sul,8134,São Francisco de Paula,43,4318200,813,41012,9059,31953,AEB
81,Estado do Rio Grande do Sul,8135,São José do Ouro,43,4318606,813,17354,1646,15708,AEB
81,Estado do Rio Grande do Sul,8136,Vacaria,43,4322509,813,57360,18645,38715,AEB
81,Estado do Rio Grande do Sul,8200,Antônio Prado,43,4300802,820,13559,3524,10035,AEB
81,Estado do Rio Grande do Sul,8201,Bento Gonçalves,43,4302105,820,33956,15141,18815,AEB
81,Estado do Rio Grande do Sul,8202,Carlos Barbosa,43,4304804,820,10479,2632,7847,AEB
81,Estado do Rio Grande do Sul,8203,Casca,43,4304903,820,15511,1587,13924,AEB
81,Estado do Rio Grande do Sul,8204,Caxias do Sul,43,4305108,820,102702,69269,33433,AEB
81,Estado do Rio Grande do Sul,8205,Farroupilha,43,4307906,820,16106,5123,10983,AEB
81,Estado do Rio Grande do Sul,8206,Flores da Cunha,43,4308201,820,12985,2877,10108,AEB
81,Estado do Rio Grande do Sul,8207,Garibaldi,43,4308607,820,19328,7003,12325,AEB
81,Estado do Rio Grande do Sul,8208,Guaporé,43,4309407,820,33278,9108,24170,AEB
81,Estado do Rio Grande do Sul,8209,Muçum,43,4312609,820,7724,2021,5703,AEB
81,Estado do Rio Grande do Sul,8210,Nova Prata,43,4313300,821,32579,7189,25390,AEB
81,Estado do Rio Grande do Sul,8211,Veranópolis,43,4322806,821,23098,6684,16414,AEB
81,Estado do Rio Grande do Sul,8250,Agudo,43,4300109,825,12636,1126,11510,AEB
81,Estado do Rio Grande do Sul,8251,Barra do Ribeiro,43,4301909,825,9811,3717,6094,AEB
81,Estado do Rio Grande do Sul,8252,Bom Retiro do Sul,43,4302402,825,7381,2000,5381,AEB
81,Estado do Rio Grande do Sul,8253,Cacequi,43,4302907,825,17294,10078,7216,AEB
81,Estado do Rio Grande do Sul,8254,Cachoeira do Sul,43,4303004,825,84512,40234,44278,AEB
81,Estado do Rio Grande do Sul,8255,Canoas,43,4304606,825,104257,95577,8680,AEB
81,Estado do Rio Grande do Sul,8256,Esteio,43,4307708,825,22217,21632,585,AEB
81,Estado do Rio Grande do Sul,8257,Faxinal do Soturno,43,4308003,825,10467,2199,8268,AEB
81,Estado do Rio Grande do Sul,8258,General Câmara,43,4308805,825,12165,4241,7924,AEB
81,Estado do Rio Grande do Sul,8259,General Vargas,43,4319802,825,14991,3668,11323,AEB
81,Estado do Rio Grande do Sul,8260,Gravataí,43,4309209,826,46271,16991,29280,AEB
81,Estado do Rio Grande do Sul,8261,Guaíba,43,4309308,826,21900,8692,13208,AEB
81,Estado do Rio Grande do Sul,8262,Porto Alegre,43,4314902,826,641173,625957,15216,AEB
81,Estado do Rio Grande do Sul,8263,Restinga Seca,43,4315503,826,15095,1572,13523,AEB
81,Estado do Rio Grande do Sul,8264,Rio Pardo,43,4315701,826,47908,16905,31003,AEB
81,Estado do Rio Grande do Sul,8265,Santa Maria,43,4316907,826,120975,84014,36961,AEB
81,Estado do Rio Grande do Sul,8266,São Jerônimo,43,4318408,826,57584,21468,36116,AEB
81,Estado do Rio Grande do Sul,8267,São Pedro do Sul,43,4319406,826,15976,4260,11716,AEB
81,Estado do Rio Grande do Sul,8268,São Sepé,43,4319604,826,32774,5666,27108,AEB
81,Estado do Rio Grande do Sul,8269,Taquari,43,4321303,826,22453,6535,15918,AEB
81,Estado do Rio Grande do Sul,8270,Triunfo,43,4322004,827,12904,4336,8568,AEB
81,Estado do Rio Grande do Sul,8271,Viamão,43,4323002,827,50803,9850,40953,AEB
81,Estado do Rio Grande do Sul,8290,Alegrete,43,4300406,829,54627,34571,20056,AEB
81,Estado do Rio Grande do Sul,8291,Bagé,43,4301602,829,77392,50170,27222,AEB
81,Estado do Rio Grande do Sul,8292,Dom Pedrito,43,4306601,829,28266,17148,11118,AEB
81,Estado do Rio Grande do Sul,8293,Quaraí,43,4315305,829,17759,10575,7184,AEB
81,Estado do Rio Grande do Sul,8294,Rosário do Sul,43,4316402,829,29296,15786,13510,AEB
81,Estado do Rio Grande do Sul,8295,Santana do Livramento,43,4317103,829,55974,38303,17671,AEB
81,Estado do Rio Grande do Sul,8296,São Gabriel,43,4318309,829,46304,23693,22611,AEB
81,Estado do Rio Grande do Sul,8297,Uruguaiana,43,4322400,829,63713,51368,12345,AEB
81,Estado do Rio Grande do Sul,8300,Aratiba,43,4300901,830,15028,1194,13834,AEB
81,Estado do Rio Grande do Sul,8301,Campinas do Sul,43,4303806,830,13947,1894,12053,AEB
81,Estado do Rio Grande do Sul,8302,Campo Novo,43,4304002,830,21052,2145,18907,AEB
81,Estado do Rio Grande do Sul,8303,Chapada,43,4305306,830,9331,856,8475,AEB
81,Estado do Rio Grande do Sul,8304,Constantina,43,4305801,830,18320,970,17350,AEB
81,Estado do Rio Grande do Sul,8305,Crissiumal,43,4306007,830,22648,2738,19910,AEB
81,Estado do Rio Grande do Sul,8306,Erechim,43,4307005,830,65972,29590,36382,AEB
81,Estado do Rio Grande do Sul,8307,Erval Grande,43,4307203,830,10446,652,9794,AEB
81,Estado do Rio Grande do Sul,8308,Frederico Westphalen,43,4308508,830,42529,6682,35847,AEB
81,Estado do Rio Grande do Sul,8309,Gaurama,43,4308706,830,14905,3434,11471,AEB
81,Estado do Rio Grande do Sul,8310,Getúlio Vargas,43,4308904,831,25733,7242,18491,AEB
81,Estado do Rio Grande do Sul,8311,Giruá,43,4309001,831,24237,3565,20672,AEB
81,Estado do Rio Grande do Sul,8312,Horizontina,43,4309605,831,19588,2818,16770,AEB
81,Estado do Rio Grande do Sul,8313,Humaitá,43,4309704,831,11454,1815,9639,AEB
81,Estado do Rio Grande do Sul,8314,Iraí,43,4310504,831,36047,9416,26631,AEB
81,Estado do Rio Grande do Sul,8315,Marcelino Ramos,43,4311908,831,18229,5013,13216,AEB
81,Estado do Rio Grande do Sul,8316,Nonoai,43,4312708,831,29829,2040,27789,AEB
81,Estado do Rio Grande do Sul,8317,Palmeira das Missões,43,4313706,831,56693,9406,47287,AEB
81,Estado do Rio Grande do Sul,8318,Porto Lucena,43,4315008,831,11016,1518,9498,AEB
81,Estado do Rio Grande do Sul,8319,Santa Rosa,43,4317202,831,45871,14714,31157,AEB
81,Estado do Rio Grande do Sul,8320,Santo Augusto,43,4317806,832,21886,2827,19059,AEB
81,Estado do Rio Grande do Sul,8321,Santo Cristo,43,4317905,832,28088,1599,26489,AEB
81,Estado do Rio Grande do Sul,8322,São Valentim,43,4319703,832,13341,909,12432,AEB
81,Estado do Rio Grande do Sul,8323,Sarandi,43,4320107,832,28689,5244,23445,AEB
81,Estado do Rio Grande do Sul,8324,Seberi,43,4320206,832,20560,2542,18018,AEB
81,Estado do Rio Grande do Sul,8325,Tenente Portela,43,4321402,832,39261,5216,34045,AEB
81,Estado do Rio Grande do Sul,8326,Tucunduva,43,4322103,832,14020,1674,12346,AEB
81,Estado do Rio Grande do Sul,8327,Tuparendi,43,4322301,832,13273,1676,11597,AEB
81,Estado do Rio Grande do Sul,8328,Três de Maio,43,4321808,832,38555,5943,32612,AEB
81,Estado do Rio Grande do Sul,8329,Três Passos,43,4321907,832,38366,6550,31816,AEB
81,Estado do Rio Grande do Sul,8330,Viadutos,43,4322905,833,10203,1481,8722,AEB
81,Estado do Rio Grande do Sul,8350,Carazinho,43,4304705,835,35717,19829,15888,AEB
81,Estado do Rio Grande do Sul,8351,Cruz Alta,43,4306106,835,49441,34236,15205,AEB
81,Estado do Rio Grande do Sul,8352,Espumoso,43,4307500,835,31609,3065,28544,AEB
81,Estado do Rio Grande do Sul,8353,Ibirubá,43,4310009,835,17179,3756,13423,AEB
81,Estado do Rio Grande do Sul,8354,Ijuí,43,4310207,835,63350,21399,41951,AEB
81,Estado do Rio Grande do Sul,8355,Júlio de Castilhos,43,4311205,835,29174,8493,20681,AEB
81,Estado do Rio Grande do Sul,8356,Marau,43,4311809,835,25688,3990,21698,AEB
81,Estado do Rio Grande do Sul,8357,Não-Me-Toque,43,4312658,835,14163,3153,11010,AEB
81,Estado do Rio Grande do Sul,8358,Panambi,43,4313904,835,17874,4940,12934,AEB
81,Estado do Rio Grande do Sul,8359,Passo Fundo,43,4314100,835,93179,50559,42620,AEB
81,Estado do Rio Grande do Sul,8360,Santa Bárbara do Sul,43,4316709,836,10003,2067,7936,AEB
81,Estado do Rio Grande do Sul,8361,Soledade,43,4320800,836,71550,9531,62019,AEB
81,Estado do Rio Grande do Sul,8362,Tapejara,43,4320909,836,19978,3719,16259,AEB
81,Estado do Rio Grande do Sul,8363,Tapera,43,4321006,836,13328,3881,9447,AEB
81,Estado do Rio Grande do Sul,8364,Tupanciretã,43,4322202,836,28453,9567,18886,AEB
81,Estado do Rio Grande do Sul,8400,Arroio do Meio,43,4301008,840,25894,3500,22394,AEB
81,Estado do Rio Grande do Sul,8401,Arvorezinha,43,4301404,840,13869,1720,12149,AEB
81,Estado do Rio Grande do Sul,8402,Campo Bom,43,4303905,840,8541,7364,1177,AEB
81,Estado do Rio Grande do Sul,8403,Candelária,43,4304200,840,24589,3098,21491,AEB
81,Estado do Rio Grande do Sul,8404,Canela,43,4304408,840,12355,7058,5297,AEB
81,Estado do Rio Grande do Sul,8405,Dois Irmãos,43,4306403,840,11719,2524,9195,AEB
81,Estado do Rio Grande do Sul,8406,Encantado,43,4306809,840,35193,6746,28447,AEB
81,Estado do Rio Grande do Sul,8407,Estância Velha,43,4307609,840,11493,6644,4849,AEB
81,Estado do Rio Grande do Sul,8408,Estrela,43,4307807,840,27753,8350,19403,AEB
81,Estado do Rio Grande do Sul,8409,Feliz,43,4308102,840,11381,1041,10340,AEB
81,Estado do Rio Grande do Sul,8410,Gramado,43,4309100,841,11144,3182,7962,AEB
81,Estado do Rio Grande do Sul,8411,Lajeado,43,4311403,841,56170,12737,43433,AEB
81,Estado do Rio Grande do Sul,8412,Montenegro,43,4312401,841,56953,17882,39071,AEB
81,Estado do Rio Grande do Sul,8413,Nova Petrópolis,43,4313201,841,12261,1167,11094,AEB
81,Estado do Rio Grande do Sul,8414,Novo Hamburgo,43,4313409,841,53916,45344,8572,AEB
81,Estado do Rio Grande do Sul,8415,Roca Sales,43,4315800,841,9786,1434,8352,AEB
81,Estado do Rio Grande do Sul,8416,Rolante,43,4316006,841,16381,2311,14070,AEB
81,Estado do Rio Grande do Sul,8417,Santa Cruz do Sul,43,4316808,841,76854,22026,54828,AEB
81,Estado do Rio Grande do Sul,8418,Sapiranga,43,4319901,841,11984,6497,5487,AEB
81,Estado do Rio Grande do Sul,8419,Santo Antônio,43,4317608,841,54738,12879,41859,AEB
81,Estado do Rio Grande do Sul,8420,São Leopoldo,43,4318705,842,63938,45723,18215,AEB
81,Estado do Rio Grande do Sul,8421,São Sebastião do Caí,43,4319505,842,27768,8544,19224,AEB
81,Estado do Rio Grande do Sul,8422,Sobradinho,43,4320701,842,33524,4682,28842,AEB
81,Estado do Rio Grande do Sul,8423,Taquara,43,4321204,842,33010,14199,18811,AEB
81,Estado do Rio Grande do Sul,8424,Três Coroas,43,4321709,842,6041,1604,4437,AEB
81,Estado do Rio Grande do Sul,8425,Venâncio Aires,43,4322608,842,39931,8260,31671,AEB
81,Estado do Rio Grande do Sul,8426,Vera Cruz,43,4322707,842,10264,1437,8827,AEB
81,Estado do Rio Grande do Sul,8500,Osório,43,4313508,850,53268,15063,38205,AEB
81,Estado do Rio Grande do Sul,8501,Rio Grande,43,4315602,850,100378,87528,12850,AEB
81,Estado do Rio Grande do Sul,8502,Santa Vitória do Palmar,43,4317301,850,17726,8687,9039,AEB
81,Estado do Rio Grande do Sul,8503,São José do Norte,43,4318507,850,27868,4815,23053,AEB
81,Estado do Rio Grande do Sul,8504,Torres,43,4321501,850,35389,7537,27852,AEB
81,Estado do Rio Grande do Sul,8550,Arroio Grande,43,4301305,855,16252,5979,10273,AEB
81,Estado do Rio Grande do Sul,8551,Camaquã,43,4303509,855,42577,11153,31424,AEB
81,Estado do Rio Grande do Sul,8552,Jaguarão,43,4311007,855,18376,12336,6040,AEB
81,Estado do Rio Grande do Sul,8553,Pedro Osório,43,4314209,855,16582,6913,9669,AEB
81,Estado do Rio Grande do Sul,8554,Pelotas,43,4314407,855,178265,129517,48748,AEB
81,Estado do Rio Grande do Sul,8555,São Lourenço do Sul,43,4318804,855,33447,7436,26011,AEB
81,Estado do Rio Grande do Sul,8556,Tapes,43,4321105,855,24835,5776,19059,AEB
91,Estado do Mato Grosso,9100,Aripuanã,51,5101407,910,5139,178,4961,AEB
91,Estado do Mato Grosso,9110,Alto Araguaia,51,5100300,911,4192,2220,1972,AEB
91,Estado do Mato Grosso,9111,Alto Garças,51,5100409,911,4630,2261,2369,AEB
91,Estado do Mato Grosso,9112,Guiratinga,51,5104203,911,10573,5169,5404,AEB
91,Estado do Mato Grosso,9113,Itiquira,51,5104609,911,2853,861,1992,AEB
91,Estado do Mato Grosso,9114,Mutum,51,5103601,911,9315,3761,5554,AEB
91,Estado do Mato Grosso,9115,Ponte Branca,51,5106703,911,4674,1970,2704,AEB
91,Estado do Mato Grosso,9116,Poxoréo,51,5107008,911,16968,4692,12276,AEB
91,Estado do Mato Grosso,9117,Rondonópolis,51,5107602,911,22554,4482,18072,AEB
91,Estado do Mato Grosso,9118,Tesouro,51,5108105,911,6463,3053,3410,AEB
91,Estado do Mato Grosso,9119,Torixoréu,51,5108204,911,5381,716,4665,AEB
91,Estado do Mato Grosso,9130,Arenápolis,51,5101308,913,5159,1500,3659,AEB
91,Estado do Mato Grosso,9131,Barra do Bugres,51,5101704,913,4332,911,3421,AEB
91,Estado do Mato Grosso,9132,Mato Grosso,51,5105507,913,2760,520,2240,AEB
91,Estado do Mato Grosso,9140,Acorizal,51,5100102,914,5944,1598,4346,AEB
91,Estado do Mato Grosso,9141,Alto Paraguai,51,5100508,914,8173,2933,5240,AEB
91,Estado do Mato Grosso,9142,Barra do Garças,51,5101803,914,15151,3184,11967,AEB
91,Estado do Mato Grosso,9143,Chapada dos Guimarães,51,5103007,914,11061,1068,9993,AEB
91,Estado do Mato Grosso,9144,Cuiabá,51,5103403,914,57860,45875,11985,AEB
91,Estado do Mato Grosso,9145,Diamantino,51,5103502,914,4148,839,3309,AEB
91,Estado do Mato Grosso,9146,Jaciara,51,5104807,914,5664,1292,4372,AEB
91,Estado do Mato Grosso,9147,Nortelândia,51,5106000,914,4067,3134,933,AEB
91,Estado do Mato Grosso,9148,Rosário Oeste,51,5107701,914,27365,3656,23709,AEB
91,Estado do Mato Grosso,9150,Aquidauana,51,5101101,915,33034,16859,16175,AEB
91,Estado do Mato Grosso,9151,Bela Vista,51,5102103,915,18411,10556,7855,AEB
91,Estado do Mato Grosso,9152,Bonito,51,5102202,915,5842,863,4979,AEB
91,Estado do Mato Grosso,9153,Guia Lopes da Laguna,51,5104109,915,4455,1368,3087,AEB
91,Estado do Mato Grosso,9154,Jardim,51,5105007,915,6414,3824,2590,AEB
91,Estado do Mato Grosso,9155,Nioaque,51,5105809,915,5363,2578,2785,AEB
91,Estado do Mato Grosso,9160,Barão de Melgaço,51,5101605,916,5314,1143,4171,AEB
91,Estado do Mato Grosso,9161,Cáceres,51,5102504,916,28078,8785,19293,AEB
91,Estado do Mato Grosso,9162,Nossa Senhora do Livramento,51,5106109,916,14186,1141,13045,AEB
91,Estado do Mato Grosso,9163,Poconé,51,5106505,916,14649,5386,9263,AEB
91,Estado do Mato Grosso,9164,Santo Antônio do Leverger,51,5107800,916,12913,2513,10400,AEB
91,Estado do Mato Grosso,9165,Várzea Grande,51,5108402,916,11044,7075,3969,AEB
91,Estado do Mato Grosso,9170,Corumbá,51,5103206,917,59556,38841,20715,AEB
91,Estado do Mato Grosso,9171,Ladário,51,5105201,917,4489,4420,69,AEB
91,Estado do Mato Grosso,9172,Miranda,51,5105607,917,12949,2075,10874,AEB
91,Estado do Mato Grosso,9173,Porto Murtinho,51,5106902,917,9151,4476,4675,AEB
91,Estado do Mato Grosso,9180,Amambai,51,5100606,918,24370,5377,18993,AEB
91,Estado do Mato Grosso,9181,Bataguaçu,51,5101901,918,11273,1100,10173,AEB
91,Estado do Mato Grosso,9182,Caarapó,51,5102404,918,13758,3015,10743,AEB
91,Estado do Mato Grosso,9183,Campo Grande,51,5102705,918,74249,64934,9315,AEB
91,Estado do Mato Grosso,9184,Corguinho,51,5103109,918,7139,751,6388,AEB
91,Estado do Mato Grosso,9185,Dourados,51,5103709,918,84955,16468,68487,AEB
91,Estado do Mato Grosso,9186,Itaporã,51,5104509,918,12019,2592,9427,AEB
91,Estado do Mato Grosso,9187,Jaraguari,51,5104909,918,6867,844,6023,AEB
91,Estado do Mato Grosso,9188,Maracaju,51,5105401,918,6176,2119,4057,AEB
91,Estado do Mato Grosso,9189,Nova Andradina,51,5106207,918,6472,1324,5148,AEB
91,Estado do Mato Grosso,9190,Ponta Porã,51,5106603,919,30262,12107,18155,AEB
91,Estado do Mato Grosso,9191,Rio Brilhante,51,5107209,919,5626,1093,4533,AEB
91,Estado do Mato Grosso,9192,Rochedo,51,5107506,919,5634,462,5172,AEB
91,Estado do Mato Grosso,9193,Sidrolândia,51,5107902,919,7905,1510,6395,AEB
91,Estado do Mato Grosso,9194,Terenos,51,5108009,919,7271,1257,6014,AEB
91,Estado do Mato Grosso,9200,Água Clara,51,5100202,920,2070,521,1549,AEB
91,Estado do Mato Grosso,9201,Aparecida do Taboado,51,5101008,920,11852,2966,8886,AEB
91,Estado do Mato Grosso,9202,Camapuã,51,5102602,920,11645,1584,10061,AEB
91,Estado do Mato Grosso,9203,Cassilândia,51,5102907,920,9221,2489,6732,AEB
91,Estado do Mato Grosso,9204,Coxim,51,5103303,920,12997,2798,10199,Sinopse1960_QuadroII_p8
91,Estado do Mato Grosso,9205,Inocência,51,5104408,920,3517,379,3138,AEB
91,Estado do Mato Grosso,9206,Paranaíba,51,5106304,920,18290,4082,14208,AEB
91,Estado do Mato Grosso,9207,Ribas do Rio Pardo,51,5107100,920,4065,1345,2720,AEB
91,Estado do Mato Grosso,9208,Rio Verde de Mato Grosso,51,5107403,920,10332,9535,797,AEB
91,Estado do Mato Grosso,9209,Três Lagoas,51,5108304,920,32023,15576,16447,AEB
94,Estado de Goiás,9400,Arraias,52,5202403,940,8590,1446,7144,AEB
94,Estado de Goiás,9401,Campos Belos,52,5204904,940,4303,1210,3093,AEB
94,Estado de Goiás,9402,Damianópolis,52,5206701,940,3232,579,2653,AEB
94,Estado de Goiás,9403,Galheiros,52,5208301,940,2931,809,2122,AEB
94,Estado de Goiás,9404,Iaciara,52,5209903,940,2655,555,2100,AEB
94,Estado de Goiás,9405,Mambaí,52,5212709,940,3532,515,3017,AEB
94,Estado de Goiás,9406,Monte Alegre de Goiás,52,5213509,940,4275,678,3597,AEB
94,Estado de Goiás,9407,Paranã,52,5216205,940,8949,970,7979,AEB
94,Estado de Goiás,9408,Posse,52,5218300,940,10787,1953,8834,AEB
94,Estado de Goiás,9409,São Domingos,52,5219803,940,9495,1231,8264,AEB
94,Estado de Goiás,9410,Sítio d'Abadia,52,5220702,941,5471,729,4742,AEB
94,Estado de Goiás,9420,Almas,52,5200407,942,4880,623,4257,AEB
94,Estado de Goiás,9421,Dianópolis,52,5207006,942,9680,2613,7067,AEB
94,Estado de Goiás,9422,Natividade,52,5214200,942,11214,1666,9548,AEB
94,Estado de Goiás,9423,Ponte Alta do Bom Jesus,52,5217807,942,3909,469,3440,AEB
94,Estado de Goiás,9424,Taguatinga,52,5220900,942,9934,2050,7884,AEB
94,Estado de Goiás,9430,Araguatins,52,5202205,943,14983,2131,12852,AEB
94,Estado de Goiás,9431,Itaguatins,52,5210703,943,16156,1596,14560,AEB
94,Estado de Goiás,9432,Xambioá,52,5222104,943,4769,2426,2343,AEB
94,Estado de Goiás,9440,Araguacema,52,5201900,944,18273,3566,14707,AEB
94,Estado de Goiás,9441,Araguaína,52,5202106,944,10826,2382,8444,AEB
94,Estado de Goiás,9442,Babaçulândia,52,5203005,944,11568,1725,9843,AEB
94,Estado de Goiás,9443,Brejinho de Nazaré,52,5203708,944,4382,550,3832,AEB
94,Estado de Goiás,9444,Cristalândia,52,5206107,944,11217,2345,8872,AEB
94,Estado de Goiás,9445,Dueré,52,5207303,944,3481,714,2767,AEB
94,Estado de Goiás,9446,Filadélfia,52,5207709,944,11709,1303,10406,AEB
94,Estado de Goiás,9447,Gurupi,52,5209507,944,11982,4148,7834,AEB
94,Estado de Goiás,9448,Itacajá,52,5210505,944,10886,910,9976,AEB
94,Estado de Goiás,9449,Lizarda,52,5212402,944,7649,320,7329,AEB
94,Estado de Goiás,9450,Miracema do Norte,52,5213202,945,15376,3270,12106,AEB
94,Estado de Goiás,9451,Nazaré,52,5214309,945,10101,1186,8915,AEB
94,Estado de Goiás,9452,Novo Acordo,52,5215108,945,4648,680,3968,AEB
94,Estado de Goiás,9453,Pedro Afonso,52,5216502,945,10033,3175,6858,AEB
94,Estado de Goiás,9454,Piacá,52,5209002,945,13721,908,12813,AEB
94,Estado de Goiás,9455,Pium,52,5217500,945,7954,1166,6788,AEB
94,Estado de Goiás,9456,Ponte Alta do Norte,52,5217906,945,6074,567,5507,AEB
94,Estado de Goiás,9457,Porto Nacional,52,5218201,945,23005,5360,17645,AEB
94,Estado de Goiás,9458,Tocantínia,52,5221106,945,5336,1414,3922,AEB
94,Estado de Goiás,9459,Tocantinópolis,52,5221205,945,18012,4927,13085,AEB
94,Estado de Goiás,9460,Tupirama,52,5209309,946,8447,732,7715,AEB
94,Estado de Goiás,9461,Tupiratins,52,5218409,946,4173,955,3218,AEB
94,Estado de Goiás,9470,Amorinópolis,52,5200902,947,7052,1869,5183,AEB
94,Estado de Goiás,9471,Aragarças,52,5201702,947,3110,2311,799,AEB
94,Estado de Goiás,9472,Aurilândia,52,5202601,947,5549,1989,3560,AEB
94,Estado de Goiás,9473,Baliza,52,5203104,947,1957,808,1149,AEB
94,Estado de Goiás,9474,Bom Jardim de Goiás,52,5203401,947,2850,1036,1814,AEB
94,Estado de Goiás,9475,Cachoeira de Goiás,52,5204201,947,719,294,425,AEB
94,Estado de Goiás,9476,Caiapônia,52,5204409,947,12388,2476,9912,AEB
94,Estado de Goiás,9477,Iporá,52,5210208,947,11090,4120,6970,AEB
94,Estado de Goiás,9478,Israelândia,52,5210307,947,3827,471,3356,AEB
94,Estado de Goiás,9479,Ivolândia,52,5211602,947,5481,812,4669,AEB
94,Estado de Goiás,9480,Jaupaci,52,5212006,948,2433,808,1625,AEB
94,Estado de Goiás,9481,Mineiros,52,5213103,948,11502,5105,6397,AEB
94,Estado de Goiás,9482,Moiporá,52,5213400,948,2903,572,2331,AEB
94,Estado de Goiás,9483,Piranhas,52,5217203,948,6367,1526,4841,AEB
94,Estado de Goiás,9484,Santa Rita do Araguaia,52,5219407,948,1764,860,904,AEB
94,Estado de Goiás,9490,Aloândia,52,5200506,949,2270,1420,850,AEB
94,Estado de Goiás,9491,Aragoiânia,52,5201801,949,1594,785,809,AEB
94,Estado de Goiás,9492,Buriti Alegre,52,5203906,949,9873,5042,4831,AEB
94,Estado de Goiás,9493,Cromínia,52,5206503,949,3265,947,2318,AEB
94,Estado de Goiás,9494,Edéia,52,5207402,949,5285,812,4473,AEB
94,Estado de Goiás,9495,Goiatuba,52,5209101,949,18739,4213,14526,AEB
94,Estado de Goiás,9496,Guapó,52,5209200,949,5319,1761,3558,AEB
94,Estado de Goiás,9497,Hidrolândia,52,5209705,949,6576,1636,4940,AEB
94,Estado de Goiás,9498,Itumbiara,52,5211503,949,48979,12575,36404,AEB
94,Estado de Goiás,9499,Jandaia,52,5211701,949,7113,5814,1299,AEB
94,Estado de Goiás,9500,Joviânia,52,5212105,950,4977,1111,3866,AEB
94,Estado de Goiás,9501,Mairipotaba,52,5212600,950,1904,330,1574,AEB
94,Estado de Goiás,9502,Morrinhos,52,5213806,950,23237,9879,13358,AEB
94,Estado de Goiás,9503,Palmeiras de Goiás,52,5215702,950,17905,3188,14717,AEB
94,Estado de Goiás,9504,Panamá,52,5216007,950,4355,1094,3261,AEB
94,Estado de Goiás,9505,Piracanjuba,52,5217104,950,15874,3869,12005,AEB
94,Estado de Goiás,9506,Pontalina,52,5217708,950,11640,3173,8467,AEB
94,Estado de Goiás,9507,Varjão,52,5221908,950,2274,1072,1202,AEB
94,Estado de Goiás,9510,Água Limpa,52,5200209,951,2444,412,2032,AEB
94,Estado de Goiás,9511,Anhanguera,52,5201207,951,1333,1179,154,AEB
94,Estado de Goiás,9512,Bela Vista de Goiás,52,5203302,951,11710,2935,8775,AEB
94,Estado de Goiás,9513,Caldas Novas,52,5204508,951,6315,1377,4938,AEB
94,Estado de Goiás,9514,Campo Alegre de Goiás,52,5204805,951,5046,492,4554,AEB
94,Estado de Goiás,9515,Catalão,52,5205109,951,26098,11634,14464,AEB
94,Estado de Goiás,9516,Corumbaíba,52,5205901,951,7499,1587,5912,AEB
94,Estado de Goiás,9517,Cristianópolis,52,5206305,951,1696,1014,682,AEB
94,Estado de Goiás,9518,Cumari,52,5206602,951,4868,2009,2859,AEB
94,Estado de Goiás,9519,Goiandira,52,5208509,951,6964,3169,3795,AEB
94,Estado de Goiás,9520,Ipameri,52,5210109,952,18503,9583,8920,AEB
94,Estado de Goiás,9521,Leopoldo de Bulhões,52,5212303,952,7474,3163,4311,AEB
94,Estado de Goiás,9522,Marzagão,52,5212907,952,1103,587,516,AEB
94,Estado de Goiás,9523,Nova Aurora,52,5214804,952,2242,954,1288,AEB
94,Estado de Goiás,9524,Orizona,52,5215306,952,12163,1973,10190,AEB
94,Estado de Goiás,9525,Ouvidor,52,5215504,952,3001,535,2466,AEB
94,Estado de Goiás,9526,Palmelo,52,5215801,952,1688,1430,258,AEB
94,Estado de Goiás,9527,Pires do Rio,52,5217401,952,13531,8390,5141,AEB
94,Estado de Goiás,9528,Santa Cruz de Goiás,52,5219209,952,3411,559,2852,AEB
94,Estado de Goiás,9529,Silvânia,52,5220603,952,18525,2920,15605,AEB
94,Estado de Goiás,9530,Três Ranchos,52,5221304,953,3069,955,2114,AEB
94,Estado de Goiás,9531,Urutaí,52,5221809,953,4177,1667,2510,AEB
94,Estado de Goiás,9532,Vianópolis,52,5222005,953,6170,2090,4080,AEB
94,Estado de Goiás,9540,Abadiânia,52,5200100,954,8436,1755,6681,AEB
94,Estado de Goiás,9541,Barro Alto,52,5203203,954,10963,504,10459,AEB
94,Estado de Goiás,9542,Cabeceiras,52,5204003,954,3148,579,2569,AEB
94,Estado de Goiás,9543,Cavalcante,52,5205307,954,6492,991,5501,AEB
94,Estado de Goiás,9544,Corumbá de Goiás,52,5205802,954,13909,1704,12205,AEB
94,Estado de Goiás,9545,Cristalina,52,5206206,954,9172,3810,5362,AEB
94,Estado de Goiás,9546,Formosa,52,5208004,954,22196,11036,11160,AEB
94,Estado de Goiás,9547,Luziânia,52,5212501,954,27884,5068,22816,AEB
94,Estado de Goiás,9548,Nova Roma,52,5214903,954,3198,300,2898,AEB
94,Estado de Goiás,9549,Olho d'Água,52,5200308,954,8113,463,7650,AEB
94,Estado de Goiás,9550,Pirenópolis,52,5217302,955,26735,3380,23355,AEB
94,Estado de Goiás,9551,Planaltina,52,5217609,955,6339,512,5827,AEB
94,Estado de Goiás,9552,São João d'Aliança,52,5220009,955,3025,574,2451,AEB
94,Estado de Goiás,9553,Veadeiros,52,5200605,955,2201,414,1787,AEB
94,Estado de Goiás,9560,Amaro Leite,52,5212808,956,16636,406,16230,AEB
94,Estado de Goiás,9561,Araguaçu,52,5202007,956,5240,486,4754,AEB
94,Estado de Goiás,9562,Crixás,52,5206404,956,14357,696,13661,AEB
94,Estado de Goiás,9563,Estrela do Norte,52,5207501,956,2451,1359,1092,AEB
94,Estado de Goiás,9564,Hidrolina,52,5209804,956,4121,920,3201,AEB
94,Estado de Goiás,9565,Itapaci,52,5210901,956,14393,2928,11465,AEB
94,Estado de Goiás,9566,Mutunópolis,52,5214101,956,3219,845,2374,AEB
94,Estado de Goiás,9567,Niquelândia,52,5214606,956,15716,1833,13883,AEB
94,Estado de Goiás,9568,Nova América,52,5214705,956,4514,632,3882,AEB
94,Estado de Goiás,9569,Peixe,52,5216601,956,12543,822,11721,AEB
94,Estado de Goiás,9570,Pilar de Goiás,52,5216908,957,8436,429,8007,AEB
94,Estado de Goiás,9571,Porangatu,52,5218003,957,19408,3862,15546,AEB
94,Estado de Goiás,9572,São Miguel do Araguaia,52,5220207,957,7236,1875,5361,AEB
94,Estado de Goiás,9573,Uruaçu,52,5221601,957,19677,4392,15285,AEB
94,Estado de Goiás,9600,Aporé,52,5201504,960,2791,260,2531,AEB
94,Estado de Goiás,9601,Cachoeira Alta,52,5204102,960,6906,1041,5865,AEB
94,Estado de Goiás,9602,Caçu,52,5204300,960,6720,746,5974,AEB
94,Estado de Goiás,9603,Itajá,52,5210802,960,4302,512,3790,AEB
94,Estado de Goiás,9604,Itarumã,52,5211305,960,5642,298,5344,AEB
94,Estado de Goiás,9605,Jataí,52,5211909,960,27985,14022,13963,AEB
94,Estado de Goiás,9606,Mateira,52,5216304,960,7201,2358,4843,AEB
94,Estado de Goiás,9607,Paraúna,52,5216403,960,9718,1454,8264,AEB
94,Estado de Goiás,9608,Quirinópolis,52,5218508,960,25644,3239,22405,AEB
94,Estado de Goiás,9609,Rio Verde,52,5218805,960,40390,11684,28706,AEB
94,Estado de Goiás,9610,Santa Helena de Goiás,52,5219308,961,16058,4068,11990,AEB
94,Estado de Goiás,9611,São Simão,52,5220405,961,5492,1552,3940,AEB
94,Estado de Goiás,9612,Serranópolis,52,5220504,961,4675,623,4052,AEB
94,Estado de Goiás,9620,Anápolis,52,5201108,962,68732,51169,17563,AEB
94,Estado de Goiás,9621,Anicuns,52,5201306,962,18547,4841,13706,AEB
94,Estado de Goiás,9622,Araçu,52,5201603,962,4404,1228,3176,AEB
94,Estado de Goiás,9623,Aruanã,52,5202502,962,6274,2405,3869,AEB
94,Estado de Goiás,9624,Brazabrantes,52,5203609,962,2677,732,1945,AEB
94,Estado de Goiás,9625,Brasilânia,52,5219506,962,3586,856,2730,AEB
94,Estado de Goiás,9626,Carmo do Rio Verde,52,5205000,962,13357,1583,11774,AEB
94,Estado de Goiás,9627,Caturaí,52,5205208,962,4568,773,3795,AEB
94,Estado de Goiás,9628,Ceres,52,5205406,962,42803,6895,35908,AEB
94,Estado de Goiás,9629,Córrego do Ouro,52,5205703,962,4703,721,3982,AEB
94,Estado de Goiás,9630,Damolândia,52,5206800,963,2556,1008,1548,AEB
94,Estado de Goiás,9631,Diorama,52,5207105,963,6532,1591,4941,AEB
94,Estado de Goiás,9632,Fazenda Nova,52,5207600,963,9233,1971,7262,AEB
94,Estado de Goiás,9633,Firminópolis,52,5207808,963,7257,3239,4018,AEB
94,Estado de Goiás,9634,Goianápolis,52,5208400,963,6130,1731,4399,AEB
94,Estado de Goiás,9635,Goianésia,52,5208608,963,23042,3535,19507,AEB
94,Estado de Goiás,9636,Goiânia,52,5208707,963,153505,133462,20043,AEB
94,Estado de Goiás,9637,Goianira,52,5208806,963,5060,670,4390,AEB
94,Estado de Goiás,9638,Goiás,52,5208905,963,33962,10204,23758,AEB
94,Estado de Goiás,9639,Inhumas,52,5210000,963,21985,8298,13687,AEB
94,Estado de Goiás,9640,Itaberaí,52,5210406,964,27304,5598,21706,AEB
94,Estado de Goiás,9641,Itaguaru,52,5210604,964,2563,1228,1335,AEB
94,Estado de Goiás,9642,Itapirapuã,52,5211008,964,9665,1573,8092,AEB
94,Estado de Goiás,9643,Itapuranga,52,5211206,964,20428,4514,15914,AEB
94,Estado de Goiás,9644,Itauçu,52,5211404,964,9722,2816,6906,AEB
94,Estado de Goiás,9645,Jaraguá,52,5211800,964,27240,4227,23013,AEB
94,Estado de Goiás,9646,Juçara,52,5212204,964,18227,4164,14063,AEB
94,Estado de Goiás,9647,Mossâmedes,52,5213905,964,14804,1167,13637,AEB
94,Estado de Goiás,9648,Nazário,52,5214408,964,4242,2138,2104,AEB
94,Estado de Goiás,9649,Nerópolis,52,5214507,964,6596,2969,3627,AEB
94,Estado de Goiás,9650,Nova Veneza,52,5215009,965,4092,1371,2721,AEB
94,Estado de Goiás,9651,Novo Brasil,52,5215207,965,6725,750,5975,AEB
94,Estado de Goiás,9652,Petrolina de Goiás,52,5216809,965,9776,1672,8104,AEB
94,Estado de Goiás,9653,Rialma,52,5218607,965,6072,3083,2989,AEB
94,Estado de Goiás,9654,Rianápolis,52,5218706,965,1639,764,875,AEB
94,Estado de Goiás,9655,Rubiataba,52,5218904,965,25051,4644,20407,AEB
94,Estado de Goiás,9656,São Francisco de Goiás,52,5219902,965,4199,815,3384,AEB
94,Estado de Goiás,9657,São Luís de Montes Belos,52,5220108,965,13779,2158,11621,AEB
94,Estado de Goiás,9658,Trindade,52,5221403,965,17135,7015,10120,AEB
94,Estado de Goiás,9659,Turvânia,52,5221502,965,5248,1070,4178,AEB
94,Estado de Goiás,9660,Uruana,52,5221700,966,10361,4380,5981,AEB
97,Distrito Federal,9700,Brasília,53,5300108,970,141742,89698,52044,AEB
