"linha","linha_familia","texto_original","texto_corrigido","texto_familia_original","texto_familia_corrigido","fonte_25","linha_pessoa_25","linha_familia_25","justificativa"
"302261","302453","31313801316060313129105570592000311-                  \0048054","31313801316060313129105570592000311-                  \0048054","3131380731606031111578289680207003                    \0048082","3131380731606031111578289680207003                    \0048082","data/release_legacy/Censo.1960.amostra.25porcento.ba.gz","399500","399494","Correspondencia pessoal exata; vincular ao cartao existente preservando distrito e campos brutos divergentes."
"315134","315732","3131750331962118312813754059200031100845050534-       \0050196","3131750331962118312813754059200031100845050534-       \0050196","3131750531962118111478389680205002                    \0050305","3131750531962118111478389680205002                    \0050305","data/release_legacy/Censo.1960.amostra.25porcento.ba.gz","645854","645852","Correspondencia pessoal exata; vincular ao cartao existente preservando distrito e campos brutos divergentes."
"315135","315732","31317503319621183119108540592000200-                  \0050196","31317503319621183119108540592000200-                  \0050196","3131750531962118111478389680205002                    \0050305","3131750531962118111478389680205002                    \0050305","data/release_legacy/Censo.1960.amostra.25porcento.ba.gz","645858","645852","Correspondencia pessoal exata; vincular ao cartao existente preservando distrito e campos brutos divergentes."
"315136","315732","3131750331962118311911454059200006200000000035-       \0050196","3131750331962118311911454059200006200000000035-       \0050196","3131750531962118111478389680205002                    \0050305","3131750531962118111478389680205002                    \0050305","data/release_legacy/Censo.1960.amostra.25porcento.ba.gz","645855","645852","Correspondencia pessoal exata; vincular ao cartao existente preservando distrito e campos brutos divergentes."
"315137","315732","3131750331962118312911254059200005200000000035-       \0050196","3131750331962118312911254059200005200000000035-       \0050196","3131750531962118111478389680205002                    \0050305","3131750531962118111478389680205002                    \0050305","data/release_legacy/Censo.1960.amostra.25porcento.ba.gz","645856","645852","Correspondencia pessoal exata; vincular ao cartao existente preservando distrito e campos brutos divergentes."
"315138","315732","31317503319621183119104540592000-                     \0050196","31317503319621183119104540592000-                     \0050196","3131750531962118111478389680205002                    \0050305","3131750531962118111478389680205002                    \0050305","data/release_legacy/Censo.1960.amostra.25porcento.ba.gz","645859","645852","Correspondencia pessoal exata; vincular ao cartao existente preservando distrito e campos brutos divergentes."
"315139","315732","3131750331962118311911054059200020000000000035-       \0050196","3131750331962118311911054059200020000000000035-       \0050196","3131750531962118111478389680205002                    \0050305","3131750531962118111478389680205002                    \0050305","data/release_legacy/Censo.1960.amostra.25porcento.ba.gz","645857","645852","Correspondencia pessoal exata; vincular ao cartao existente preservando distrito e campos brutos divergentes."
"315736","315168","3131750531962124312911354059200005200000000035-       \0050305","3131750531962124312911354059200005200000000035-       \0050305","3131750331962124111478389680208003                    \0050202","3131750331962124111478389680208003                    \0050202","data/release_legacy/Censo.1960.amostra.25porcento.ba.gz","645897","645891","Correspondencia pessoal exata; vincular ao cartao existente preservando distrito e campos brutos divergentes."
"101866","102976","14143305141502033529101570792000-                     \0015402","14143305141502033529101570792000-                     \0015402","1414330714150203151498389680204002                    \0015568","1414330714150203151498389680204002                    \0015568","data/release_legacy/Censo.1960.amostra.25porcento.ce.gz","109002","108997","Pessoa unica com 25 quesitos exatos; cartoes unicos com 15 campos e distrito exatos; composicao integral e UF/municipio/situacao de todas as pessoas conferidos. Corrige somente vinculo; distrito e campos pessoais brutos permanecem."
"102085","101863","14143307141500703519101540792000-                     \0015435","14143307141500703519101540792000-                     \0015435","1414330514150070151598389680204001                    \0015402","1414330514150070151598389680204001                    \0015402","data/release_legacy/Censo.1960.amostra.25porcento.ce.gz","108104","108099","Pessoa unica com 25 quesitos exatos; cartoes unicos com 15 campos e distrito exatos; composicao integral e UF/municipio/situacao de todas as pessoas conferidos. Corrige somente vinculo; distrito e campos pessoais brutos permanecem."
"102086","101863","14143307141500703529103540792000-                     \0015435","14143307141500703529103540792000-                     \0015435","1414330514150070151598389680204001                    \0015402","1414330514150070151598389680204001                    \0015402","data/release_legacy/Censo.1960.amostra.25porcento.ce.gz","108103","108099","Pessoa unica com 25 quesitos exatos; cartoes unicos com 15 campos e distrito exatos; composicao integral e UF/municipio/situacao de todas as pessoas conferidos. Corrige somente vinculo; distrito e campos pessoais brutos permanecem."
"102087","101863","14143307141500703529105540792000311-                  \0015435","14143307141500703529105540792000311-                  \0015435","1414330514150070151598389680204001                    \0015402","1414330514150070151598389680204001                    \0015402","data/release_legacy/Censo.1960.amostra.25porcento.ce.gz","108102","108099","Pessoa unica com 25 quesitos exatos; cartoes unicos com 15 campos e distrito exatos; composicao integral e UF/municipio/situacao de todas as pessoas conferidos. Corrige somente vinculo; distrito e campos pessoais brutos permanecem."
"209262","216197","21213505212381193329105552092000311-                  \0032404","21213505212381193329105552092000311-                  \0032404","2121352521238119131498380580203002                    \0033549","2121352521238119131498380580203002                    \0033549","data/release_legacy/Censo.1960.amostra.25porcento.pe.gz","305673","305668","Pessoa unica com 25 quesitos exatos; cartoes unicos com 15 campos e distrito exatos; composicao integral e UF/municipio/situacao de todas as pessoas conferidos. Corrige somente vinculo; distrito e campos pessoais brutos permanecem."
"209263","216197","21213505212381193319102552092000-                     \0032404","21213505212381193319102552092000-                     \0032404","2121352521238119131498380580203002                    \0033549","2121352521238119131498380580203002                    \0033549","data/release_legacy/Censo.1960.amostra.25porcento.pe.gz","305674","305668","Pessoa unica com 25 quesitos exatos; cartoes unicos com 15 campos e distrito exatos; composicao integral e UF/municipio/situacao de todas as pessoas conferidos. Corrige somente vinculo; distrito e campos pessoais brutos permanecem."
"209264","216197","21213505212381193319107552092000311-                  \0032404","21213505212381193319107552092000311-                  \0032404","2121352521238119131498380580203002                    \0033549","2121352521238119131498380580203002                    \0033549","data/release_legacy/Censo.1960.amostra.25porcento.pe.gz","305671","305668","Pessoa unica com 25 quesitos exatos; cartoes unicos com 15 campos e distrito exatos; composicao integral e UF/municipio/situacao de todas as pessoas conferidos. Corrige somente vinculo; distrito e campos pessoais brutos permanecem."
"209265","216197","2121350521238119332813655209092031100752050534-       \0032404","2121350521238119332813655209092031100752050534-       \0032404","2121352521238119131498380580203002                    \0033549","2121352521238119131498380580203002                    \0033549","data/release_legacy/Censo.1960.amostra.25porcento.pe.gz","305670","305668","Pessoa unica com 25 quesitos exatos; cartoes unicos com 15 campos e distrito exatos; composicao integral e UF/municipio/situacao de todas as pessoas conferidos. Corrige somente vinculo; distrito e campos pessoais brutos permanecem."
"209266","216201","2121350521238120332911057209200007210000000035-       \0032404","2121350521238120332911057209200007210000000035-       \0032404","2121352521238120131478942579106003                    \0033550","2121352521238120131478942579106003                    \0033550","data/release_legacy/Censo.1960.amostra.25porcento.pe.gz","305679","305676","Pessoa unica com 25 quesitos exatos; cartoes unicos com 15 campos e distrito exatos; composicao integral e UF/municipio/situacao de todas as pessoas conferidos. Corrige somente vinculo; distrito e campos pessoais brutos permanecem."
"209267","216201","2121350521238120332813757189091818210648010134-       \0032404","2121350521238120332813757189091818210648010134-       \0032404","2121352521238120131478942579106003                    \0033550","2121352521238120131478942579106003                    \0033550","data/release_legacy/Censo.1960.amostra.25porcento.pe.gz","305678","305676","Pessoa unica com 25 quesitos exatos; cartoes unicos com 15 campos e distrito exatos; composicao integral e UF/municipio/situacao de todas as pessoas conferidos. Corrige somente vinculo; distrito e campos pessoais brutos permanecem."
"209268","216201","2121350521238120332214057189131831100000000034-       \0032404","2121350521238120332214057189131831100000000034-       \0032404","2121352521238120131478942579106003                    \0033550","2121352521238120131478942579106003                    \0033550","data/release_legacy/Censo.1960.amostra.25porcento.pe.gz","305681","305676","Pessoa unica com 25 quesitos exatos; cartoes unicos com 15 campos e distrito exatos; composicao integral e UF/municipio/situacao de todas as pessoas conferidos. Corrige somente vinculo; distrito e campos pessoais brutos permanecem."
"209269","216201","2121350521238120332116057189121831100400070639-       \0032404","2121350521238120332116057189121831100400070639-       \0032404","2121352521238120131478942579106003                    \0033550","2121352521238120131478942579106003                    \0033550","data/release_legacy/Censo.1960.amostra.25porcento.pe.gz","305680","305676","Pessoa unica com 25 quesitos exatos; cartoes unicos com 15 campos e distrito exatos; composicao integral e UF/municipio/situacao de todas as pessoas conferidos. Corrige somente vinculo; distrito e campos pessoais brutos permanecem."
"209383","216215","2121350521238140332812957209200017320654050534-       \0032420","2121350521238140332812957209200017320654050534-       \0032420","2121352521238140131483940570205003                    \0033554","2121352521238140131483940570205003                    \0033554","data/release_legacy/Censo.1960.amostra.25porcento.pe.gz","305809","305807","Pessoa unica com 25 quesitos exatos; cartoes unicos com 15 campos e distrito exatos; composicao integral e UF/municipio/situacao de todas as pessoas conferidos. Corrige somente vinculo; distrito e campos pessoais brutos permanecem."
"209384","216215","21213505212381403319104572092000-                     \0032420","21213505212381403319104572092000-                     \0032420","2121352521238140131483940570205003                    \0033554","2121352521238140131483940570205003                    \0033554","data/release_legacy/Censo.1960.amostra.25porcento.pe.gz","305811","305807","Pessoa unica com 25 quesitos exatos; cartoes unicos com 15 campos e distrito exatos; composicao integral e UF/municipio/situacao de todas as pessoas conferidos. Corrige somente vinculo; distrito e campos pessoais brutos permanecem."
"209385","216215","21213505212381403329101572092000-                     \0032420","21213505212381403329101572092000-                     \0032420","2121352521238140131483940570205003                    \0033554","2121352521238140131483940570205003                    \0033554","data/release_legacy/Censo.1960.amostra.25porcento.pe.gz","305813","305807","Pessoa unica com 25 quesitos exatos; cartoes unicos com 15 campos e distrito exatos; composicao integral e UF/municipio/situacao de todas as pessoas conferidos. Corrige somente vinculo; distrito e campos pessoais brutos permanecem."
"209386","216215","21213505212381403329105572092000311-                  \0032420","21213505212381403329105572092000311-                  \0032420","2121352521238140131483940570205003                    \0033554","2121352521238140131483940570205003                    \0033554","data/release_legacy/Censo.1960.amostra.25porcento.pe.gz","305810","305807","Pessoa unica com 25 quesitos exatos; cartoes unicos com 15 campos e distrito exatos; composicao integral e UF/municipio/situacao de todas as pessoas conferidos. Corrige somente vinculo; distrito e campos pessoais brutos permanecem."
"209387","216215","21213505212381403319103572092000-                     \0032420","21213505212381403319103572092000-                     \0032420","2121352521238140131483940570205003                    \0033554","2121352521238140131483940570205003                    \0033554","data/release_legacy/Censo.1960.amostra.25porcento.pe.gz","305812","305807","Pessoa unica com 25 quesitos exatos; cartoes unicos com 15 campos e distrito exatos; composicao integral e UF/municipio/situacao de todas as pessoas conferidos. Corrige somente vinculo; distrito e campos pessoais brutos permanecem."
"209388","216215","21213505212381403319002572092000-                     \0032420","21213505212381403319002572092000-                     \0032420","2121352521238140131483940570205003                    \0033554","2121352521238140131483940570205003                    \0033554","data/release_legacy/Censo.1960.amostra.25porcento.pe.gz","305814","305807","Pessoa unica com 25 quesitos exatos; cartoes unicos com 15 campos e distrito exatos; composicao integral e UF/municipio/situacao de todas as pessoas conferidos. Corrige somente vinculo; distrito e campos pessoais brutos permanecem."
"209612","216241","2121350521238188332812554209192011100758000034-       \0032459","2121350521238188332812554209192011100758000034-       \0032459","2121352521238188131581360570203001                    \0033563","2121352521238188131581360570203001                    \0033563","data/release_legacy/Censo.1960.amostra.25porcento.pe.gz","306064","306062","Pessoa unica com 25 quesitos exatos; cartoes unicos com 15 campos e distrito exatos; composicao integral e UF/municipio/situacao de todas as pessoas conferidos. Corrige somente vinculo; distrito e campos pessoais brutos permanecem."
"209663","216249","21213505212382013329108572092000311-                  \0032469","21213505212382013329108572092000311-                  \0032469","2121352521238201131481360570206003                    \0033566","2121352521238201131481360570206003                    \0033566","data/release_legacy/Censo.1960.amostra.25porcento.pe.gz","306125","306121","Pessoa unica com 25 quesitos exatos; cartoes unicos com 15 campos e distrito exatos; composicao integral e UF/municipio/situacao de todas as pessoas conferidos. Corrige somente vinculo; distrito e campos pessoais brutos permanecem."
"209664","216249","21213505212382013329105542092000311-                  \0032469","21213505212382013329105542092000311-                  \0032469","2121352521238201131481360570206003                    \0033566","2121352521238201131481360570206003                    \0033566","data/release_legacy/Censo.1960.amostra.25porcento.pe.gz","306126","306121","Pessoa unica com 25 quesitos exatos; cartoes unicos com 15 campos e distrito exatos; composicao integral e UF/municipio/situacao de todas as pessoas conferidos. Corrige somente vinculo; distrito e campos pessoais brutos permanecem."
"209665","216249","21213505212382013329102542092000-                     \0032469","21213505212382013329102542092000-                     \0032469","2121352521238201131481360570206003                    \0033566","2121352521238201131481360570206003                    \0033566","data/release_legacy/Censo.1960.amostra.25porcento.pe.gz","306128","306121","Pessoa unica com 25 quesitos exatos; cartoes unicos com 15 campos e distrito exatos; composicao integral e UF/municipio/situacao de todas as pessoas conferidos. Corrige somente vinculo; distrito e campos pessoais brutos permanecem."
"209666","216254","21213505212382023329103542092000-                     \0032469","21213505212382023329103542092000-                     \0032469","2121352521238202131478360670203001                    \0033567","2121352521238202131478360670203001                    \0033567","data/release_legacy/Censo.1960.amostra.25porcento.pe.gz","306132","306129","Pessoa unica com 25 quesitos exatos; cartoes unicos com 15 campos e distrito exatos; composicao integral e UF/municipio/situacao de todas as pessoas conferidos. Corrige somente vinculo; distrito e campos pessoais brutos permanecem."
"209667","216254","2121350521238202332813254209192031100650020134-       \0032469","2121350521238202332813254209192031100650020134-       \0032469","2121352521238202131478360670203001                    \0033567","2121352521238202131478360670203001                    \0033567","data/release_legacy/Censo.1960.amostra.25porcento.pe.gz","306131","306129","Pessoa unica com 25 quesitos exatos; cartoes unicos com 15 campos e distrito exatos; composicao integral e UF/municipio/situacao de todas as pessoas conferidos. Corrige somente vinculo; distrito e campos pessoais brutos permanecem."
"315181","315737","3131750331962125312812257059200015200655030334-       \0050202","3131750331962125312812257059200015200655030334-       \0050202","3131750531962125111498389570207004                    \0050306","3131750531962125111498389570207004                    \0050306","data/release_legacy/Censo.1960.amostra.25porcento.ba.gz","645907","645905","Pessoa unica com 25 quesitos exatos; cartoes unicos com 15 campos e distrito exatos; composicao integral e UF/municipio/situacao de todas as pessoas conferidos. Corrige somente vinculo; distrito e campos pessoais brutos permanecem."
"315182","315737","31317503319621253129102570592000-                     \0050202","31317503319621253129102570592000-                     \0050202","3131750531962125111498389570207004                    \0050306","3131750531962125111498389570207004                    \0050306","data/release_legacy/Censo.1960.amostra.25porcento.ba.gz","645910","645905","Pessoa unica com 25 quesitos exatos; cartoes unicos com 15 campos e distrito exatos; composicao integral e UF/municipio/situacao de todas as pessoas conferidos. Corrige somente vinculo; distrito e campos pessoais brutos permanecem."
"315183","315737","31317503319621253119104570592000-                     \0050202","31317503319621253119104570592000-                     \0050202","3131750531962125111498389570207004                    \0050306","3131750531962125111498389570207004                    \0050306","data/release_legacy/Censo.1960.amostra.25porcento.ba.gz","645908","645905","Pessoa unica com 25 quesitos exatos; cartoes unicos com 15 campos e distrito exatos; composicao integral e UF/municipio/situacao de todas as pessoas conferidos. Corrige somente vinculo; distrito e campos pessoais brutos permanecem."
"315184","315737","31317503319621253129103570592000-                     \0050202","31317503319621253129103570592000-                     \0050202","3131750531962125111498389570207004                    \0050306","3131750531962125111498389570207004                    \0050306","data/release_legacy/Censo.1960.amostra.25porcento.ba.gz","645909","645905","Pessoa unica com 25 quesitos exatos; cartoes unicos com 15 campos e distrito exatos; composicao integral e UF/municipio/situacao de todas as pessoas conferidos. Corrige somente vinculo; distrito e campos pessoais brutos permanecem."
"315535","315759","3131750331962195352812054059200031100851050334-       \0050267","3131750331962195352812054059200031100851050334-       \0050267","3131750531962195151478384680205003                    \0050311","3131750531962195151478384680205003                    \0050311","data/release_legacy/Censo.1960.amostra.25porcento.ba.gz","646286","646284","Pessoa unica com 25 quesitos exatos; cartoes unicos com 15 campos e distrito exatos; composicao integral e UF/municipio/situacao de todas as pessoas conferidos. Corrige somente vinculo; distrito e campos pessoais brutos permanecem."
"315536","315759","31317503319621953529105540592000311-                  \0050267","31317503319621953529105540592000311-                  \0050267","3131750531962195151478384680205003                    \0050311","3131750531962195151478384680205003                    \0050311","data/release_legacy/Censo.1960.amostra.25porcento.ba.gz","646288","646284","Pessoa unica com 25 quesitos exatos; cartoes unicos com 15 campos e distrito exatos; composicao integral e UF/municipio/situacao de todas as pessoas conferidos. Corrige somente vinculo; distrito e campos pessoais brutos permanecem."
"315537","315759","31317503319621953519106540592000311-                  \0050267","31317503319621953519106540592000311-                  \0050267","3131750531962195151478384680205003                    \0050311","3131750531962195151478384680205003                    \0050311","data/release_legacy/Censo.1960.amostra.25porcento.ba.gz","646287","646284","Pessoa unica com 25 quesitos exatos; cartoes unicos com 15 campos e distrito exatos; composicao integral e UF/municipio/situacao de todas as pessoas conferidos. Corrige somente vinculo; distrito e campos pessoais brutos permanecem."
"315538","315759","31317503319621953519102540592000-                     \0050267","31317503319621953519102540592000-                     \0050267","3131750531962195151478384680205003                    \0050311","3131750531962195151478384680205003                    \0050311","data/release_legacy/Censo.1960.amostra.25porcento.ba.gz","646289","646284","Pessoa unica com 25 quesitos exatos; cartoes unicos com 15 campos e distrito exatos; composicao integral e UF/municipio/situacao de todas as pessoas conferidos. Corrige somente vinculo; distrito e campos pessoais brutos permanecem."
"315629","315762","3131750331962212352812454059200031100857020234-       \0050283","3131750331962212352812454059200031100857020234-       \0050283","3131750531962212151478389680203002                    \0050312","3131750531962212151478389680203002                    \0050312","data/release_legacy/Censo.1960.amostra.25porcento.ba.gz","646383","646381","Pessoa unica com 25 quesitos exatos; cartoes unicos com 15 campos e distrito exatos; composicao integral e UF/municipio/situacao de todas as pessoas conferidos. Corrige somente vinculo; distrito e campos pessoais brutos permanecem."
"315630","315762","3131750331962212351911254059200031100000000031-       \0050283","3131750331962212351911254059200031100000000031-       \0050283","3131750531962212151478389680203002                    \0050312","3131750531962212151478389680203002                    \0050312","data/release_legacy/Censo.1960.amostra.25porcento.ba.gz","646384","646381","Pessoa unica com 25 quesitos exatos; cartoes unicos com 15 campos e distrito exatos; composicao integral e UF/municipio/situacao de todas as pessoas conferidos. Corrige somente vinculo; distrito e campos pessoais brutos permanecem."
"315631","315762","31317503319622123519106540592000311-                  \0050283","31317503319622123519106540592000311-                  \0050283","3131750531962212151478389680203002                    \0050312","3131750531962212151478389680203002                    \0050312","data/release_legacy/Censo.1960.amostra.25porcento.ba.gz","646386","646381","Pessoa unica com 25 quesitos exatos; cartoes unicos com 15 campos e distrito exatos; composicao integral e UF/municipio/situacao de todas as pessoas conferidos. Corrige somente vinculo; distrito e campos pessoais brutos permanecem."
"315632","315762","31317503319622123529101540592000-                     \0050283","31317503319622123529101540592000-                     \0050283","3131750531962212151478389680203002                    \0050312","3131750531962212151478389680203002                    \0050312","data/release_legacy/Censo.1960.amostra.25porcento.ba.gz","646387","646381","Pessoa unica com 25 quesitos exatos; cartoes unicos com 15 campos e distrito exatos; composicao integral e UF/municipio/situacao de todas as pessoas conferidos. Corrige somente vinculo; distrito e campos pessoais brutos permanecem."
"315633","315762","31317503319622123519004540592000-                     \0050283","31317503319622123519004540592000-                     \0050283","3131750531962212151478389680203002                    \0050312","3131750531962212151478389680203002                    \0050312","data/release_legacy/Censo.1960.amostra.25porcento.ba.gz","646388","646381","Pessoa unica com 25 quesitos exatos; cartoes unicos com 15 campos e distrito exatos; composicao integral e UF/municipio/situacao de todas as pessoas conferidos. Corrige somente vinculo; distrito e campos pessoais brutos permanecem."
"315634","315762","3131750331962212352911154059200031100000000034-       \0050283","3131750331962212352911154059200031100000000034-       \0050283","3131750531962212151478389680203002                    \0050312","3131750531962212151478389680203002                    \0050312","data/release_legacy/Censo.1960.amostra.25porcento.ba.gz","646385","646381","Pessoa unica com 25 quesitos exatos; cartoes unicos com 15 campos e distrito exatos; composicao integral e UF/municipio/situacao de todas as pessoas conferidos. Corrige somente vinculo; distrito e campos pessoais brutos permanecem."
"315635","315764","31317503319622133519109570592000311-                  \0050283","31317503319622133519109570592000311-                  \0050283","3131750531962213151598389680204001                    \0050313","3131750531962213151598389680204001                    \0050313","data/release_legacy/Censo.1960.amostra.25porcento.ba.gz","646392","646389","Pessoa unica com 25 quesitos exatos; cartoes unicos com 15 campos e distrito exatos; composicao integral e UF/municipio/situacao de todas as pessoas conferidos. Corrige somente vinculo; distrito e campos pessoais brutos permanecem."
"315636","315764","31317503319622133519107570592000311-                  \0050283","31317503319622133519107570592000311-                  \0050283","3131750531962213151598389680204001                    \0050313","3131750531962213151598389680204001                    \0050313","data/release_legacy/Censo.1960.amostra.25porcento.ba.gz","646393","646389","Pessoa unica com 25 quesitos exatos; cartoes unicos com 15 campos e distrito exatos; composicao integral e UF/municipio/situacao de todas as pessoas conferidos. Corrige somente vinculo; distrito e campos pessoais brutos permanecem."
"315637","315764","3131750331962213352812957059200031100850080634-       \0050283","3131750331962213352812957059200031100850080634-       \0050283","3131750531962213151598389680204001                    \0050313","3131750531962213151598389680204001                    \0050313","data/release_legacy/Censo.1960.amostra.25porcento.ba.gz","646391","646389","Pessoa unica com 25 quesitos exatos; cartoes unicos com 15 campos e distrito exatos; composicao integral e UF/municipio/situacao de todas as pessoas conferidos. Corrige somente vinculo; distrito e campos pessoais brutos permanecem."
"315638","315764","31317503319622133529104570592000-                     \0050283","31317503319622133529104570592000-                     \0050283","3131750531962213151598389680204001                    \0050313","3131750531962213151598389680204001                    \0050313","data/release_legacy/Censo.1960.amostra.25porcento.ba.gz","646396","646389","Pessoa unica com 25 quesitos exatos; cartoes unicos com 15 campos e distrito exatos; composicao integral e UF/municipio/situacao de todas as pessoas conferidos. Corrige somente vinculo; distrito e campos pessoais brutos permanecem."
"315639","315764","31317503319622133519106570592000311-                  \0050283","31317503319622133519106570592000311-                  \0050283","3131750531962213151598389680204001                    \0050313","3131750531962213151598389680204001                    \0050313","data/release_legacy/Censo.1960.amostra.25porcento.ba.gz","646394","646389","Pessoa unica com 25 quesitos exatos; cartoes unicos com 15 campos e distrito exatos; composicao integral e UF/municipio/situacao de todas as pessoas conferidos. Corrige somente vinculo; distrito e campos pessoais brutos permanecem."
"315640","315764","31317503319622133519105570592000311-                  \0050283","31317503319622133519105570592000311-                  \0050283","3131750531962213151598389680204001                    \0050313","3131750531962213151598389680204001                    \0050313","data/release_legacy/Censo.1960.amostra.25porcento.ba.gz","646395","646389","Pessoa unica com 25 quesitos exatos; cartoes unicos com 15 campos e distrito exatos; composicao integral e UF/municipio/situacao de todas as pessoas conferidos. Corrige somente vinculo; distrito e campos pessoais brutos permanecem."
"315641","315764","31317503319622133529004570592000-                     \0050283","31317503319622133529004570592000-                     \0050283","3131750531962213151598389680204001                    \0050313","3131750531962213151598389680204001                    \0050313","data/release_legacy/Censo.1960.amostra.25porcento.ba.gz","646397","646389","Pessoa unica com 25 quesitos exatos; cartoes unicos com 15 campos e distrito exatos; composicao integral e UF/municipio/situacao de todas as pessoas conferidos. Corrige somente vinculo; distrito e campos pessoais brutos permanecem."
"426964","427252","40422003414821983519101571692000-                     \0068145","40422003414821983519101571692000-                     \0068145","4042200541482198151478389680206002                    \0068190","4042200541482198151478389680206002                    \0068190","data/release_legacy/Censo.1960.amostra.25porcento.mg.gz","970018","970010","Pessoa unica com 25 quesitos exatos; cartoes unicos com 15 campos e distrito exatos; composicao integral e UF/municipio/situacao de todas as pessoas conferidos. Corrige somente vinculo; distrito e campos pessoais brutos permanecem."
"426965","427286","40422003414822053529105571692000311-                  \0068145","40422003414822053529105571692000311-                  \0068145","4042200541482205151478389680209004                    \0068197","4042200541482205151478389680209004                    \0068197","data/release_legacy/Censo.1960.amostra.25porcento.mg.gz","970050","970046","Pessoa unica com 25 quesitos exatos; cartoes unicos com 15 campos e distrito exatos; composicao integral e UF/municipio/situacao de todas as pessoas conferidos. Corrige somente vinculo; distrito e campos pessoais brutos permanecem."
"572027","572108","5252250152372142312813855169191616200845070634-       \0090361","5252250152372142312813855169191616200845070634-       \0090361","5252250352372142111480289680205002                    \0090376","5252250352372142111480289680205002                    \0090376","data/release_legacy/Censo.1960.amostra.25porcento.rj.gz","184294","184292","Pessoa unica com 25 quesitos exatos; cartoes unicos com 15 campos e distrito exatos; composicao integral e UF/municipio/situacao de todas as pessoas conferidos. Corrige somente vinculo; distrito e campos pessoais brutos permanecem."
"673340","673440","6062343360596076312816954269200017210611050534-       \0108976","6062343360596076312816954269200017210611050534-       \0108976","6062343560596076111478942579110005                    \0108997","6062343560596076111478942579110005                    \0108997","data/release_legacy/Censo.1960.amostra.25porcento.sp.gz","1791201","1791199","Pessoa unica com 25 quesitos exatos; cartoes unicos com 15 campos e distrito exatos; composicao integral e UF/municipio/situacao de todas as pessoas conferidos. Corrige somente vinculo; distrito e campos pessoais brutos permanecem."
"781682","781984","60632701640301893519106542692000311-                  \0128365","60632701640301893519106542692000311-                  \0128365","6063270364030189151498389680205002                    \0128418","6063270364030189151498389680205002                    \0128418","data/release_legacy/Censo.1960.amostra.25porcento.sp.gz","3986493","3986489","Pessoa unica com 25 quesitos exatos; cartoes unicos com 15 campos e distrito exatos; composicao integral e UF/municipio/situacao de todas as pessoas conferidos. Corrige somente vinculo; distrito e campos pessoais brutos permanecem."
"781683","781984","6063270164030189352813154269082615200851050534-       \0128365","6063270164030189352813154269082615200851050534-       \0128365","6063270364030189151498389680205002                    \0128418","6063270364030189151498389680205002                    \0128418","data/release_legacy/Censo.1960.amostra.25porcento.sp.gz","3986491","3986489","Pessoa unica com 25 quesitos exatos; cartoes unicos com 15 campos e distrito exatos; composicao integral e UF/municipio/situacao de todas as pessoas conferidos. Corrige somente vinculo; distrito e campos pessoais brutos permanecem."
"781684","781984","60632701640301893529108542692000311-                  \0128365","60632701640301893529108542692000311-                  \0128365","6063270364030189151498389680205002                    \0128418","6063270364030189151498389680205002                    \0128418","data/release_legacy/Censo.1960.amostra.25porcento.sp.gz","3986492","3986489","Pessoa unica com 25 quesitos exatos; cartoes unicos com 15 campos e distrito exatos; composicao integral e UF/municipio/situacao de todas as pessoas conferidos. Corrige somente vinculo; distrito e campos pessoais brutos permanecem."
"781685","781984","60632701640301893519101542692000-                     \0128365","60632701640301893519101542692000-                     \0128365","6063270364030189151498389680205002                    \0128418","6063270364030189151498389680205002                    \0128418","data/release_legacy/Censo.1960.amostra.25porcento.sp.gz","3986496","3986489","Pessoa unica com 25 quesitos exatos; cartoes unicos com 15 campos e distrito exatos; composicao integral e UF/municipio/situacao de todas as pessoas conferidos. Corrige somente vinculo; distrito e campos pessoais brutos permanecem."
"781686","781984","60632701640301893529102542692000-                     \0128365","60632701640301893529102542692000-                     \0128365","6063270364030189151498389680205002                    \0128418","6063270364030189151498389680205002                    \0128418","data/release_legacy/Censo.1960.amostra.25porcento.sp.gz","3986495","3986489","Pessoa unica com 25 quesitos exatos; cartoes unicos com 15 campos e distrito exatos; composicao integral e UF/municipio/situacao de todas as pessoas conferidos. Corrige somente vinculo; distrito e campos pessoais brutos permanecem."
"781721","781989","60632701640301963519101642692000-                     \0128371","60632701640301963519101642692000-                     \0128371","6063270364030196151478289670204001                    \0128419","6063270364030196151478289670204001                    \0128419","data/release_legacy/Censo.1960.amostra.25porcento.sp.gz","3986536","3986533","Pessoa unica com 25 quesitos exatos; cartoes unicos com 15 campos e distrito exatos; composicao integral e UF/municipio/situacao de todas as pessoas conferidos. Corrige somente vinculo; distrito e campos pessoais brutos permanecem."
"781722","781989","6063270164030196352812064269200015200758010134-       \0128371","6063270164030196352812064269200015200758010134-       \0128371","6063270364030196151478289670204001                    \0128419","6063270364030196151478289670204001                    \0128419","data/release_legacy/Censo.1960.amostra.25porcento.sp.gz","3986535","3986533","Pessoa unica com 25 quesitos exatos; cartoes unicos com 15 campos e distrito exatos; composicao integral e UF/municipio/situacao de todas as pessoas conferidos. Corrige somente vinculo; distrito e campos pessoais brutos permanecem."
"781839","781996","60632701640302173519103542692000-                     \0128391","60632701640302173519103542692000-                     \0128391","6063270364030217151578389680203002                    \0128420","6063270364030217151578389680203002                    \0128420","data/release_legacy/Censo.1960.amostra.25porcento.sp.gz","3986662","3986658","Pessoa unica com 25 quesitos exatos; cartoes unicos com 15 campos e distrito exatos; composicao integral e UF/municipio/situacao de todas as pessoas conferidos. Corrige somente vinculo; distrito e campos pessoais brutos permanecem."
"781840","781996","6063270164030217352813254269200031100748070634-       \0128391","6063270164030217352813254269200031100748070634-       \0128391","6063270364030217151578389680203002                    \0128420","6063270364030217151578389680203002                    \0128420","data/release_legacy/Censo.1960.amostra.25porcento.sp.gz","3986660","3986658","Pessoa unica com 25 quesitos exatos; cartoes unicos com 15 campos e distrito exatos; composicao integral e UF/municipio/situacao de todas as pessoas conferidos. Corrige somente vinculo; distrito e campos pessoais brutos permanecem."
"781841","781996","60632701640302173529008542692000-                     \0128391","60632701640302173529008542692000-                     \0128391","6063270364030217151578389680203002                    \0128420","6063270364030217151578389680203002                    \0128420","data/release_legacy/Censo.1960.amostra.25porcento.sp.gz","3986663","3986658","Pessoa unica com 25 quesitos exatos; cartoes unicos com 15 campos e distrito exatos; composicao integral e UF/municipio/situacao de todas as pessoas conferidos. Corrige somente vinculo; distrito e campos pessoais brutos permanecem."
"781872","782011","60632701640302273529107642692000311-                  \0128397","60632701640302273529107642692000311-                  \0128397","6063270364030227151598389680203001                    \0128424","6063270364030227151598389680203001                    \0128424","data/release_legacy/Censo.1960.amostra.25porcento.sp.gz","3986711","3986707","Pessoa unica com 25 quesitos exatos; cartoes unicos com 15 campos e distrito exatos; composicao integral e UF/municipio/situacao de todas as pessoas conferidos. Corrige somente vinculo; distrito e campos pessoais brutos permanecem."
"781873","782011","60632701640302273529101642692000-                     \0128397","60632701640302273529101642692000-                     \0128397","6063270364030227151598389680203001                    \0128424","6063270364030227151598389680203001                    \0128424","data/release_legacy/Censo.1960.amostra.25porcento.sp.gz","3986713","3986707","Pessoa unica com 25 quesitos exatos; cartoes unicos com 15 campos e distrito exatos; composicao integral e UF/municipio/situacao de todas as pessoas conferidos. Corrige somente vinculo; distrito e campos pessoais brutos permanecem."
"781935","782022","6063270164030240352811754199021916200760000034-       \0128409","6063270164030240352811754199021916200760000034-       \0128409","6063270364030240151598369580202001                    \0128425","6063270364030240151598369580202001                    \0128425","data/release_legacy/Censo.1960.amostra.25porcento.sp.gz","3986783","3986781","Pessoa unica com 25 quesitos exatos; cartoes unicos com 15 campos e distrito exatos; composicao integral e UF/municipio/situacao de todas as pessoas conferidos. Corrige somente vinculo; distrito e campos pessoais brutos permanecem."
"829766","829772","6066340165548026311911354269162605310000000035-       \0136306","6066340165548026311911354269162605310000000035-       \0136306","6066340365548026111478159670206003                    \0136308","6066340365548026111478159670206003                    \0136308","data/release_legacy/Censo.1960.amostra.25porcento.sp.gz","926747","926743","Pessoa unica com 25 quesitos exatos; cartoes unicos com 15 campos e distrito exatos; composicao integral e UF/municipio/situacao de todas as pessoas conferidos. Corrige somente vinculo; distrito e campos pessoais brutos permanecem."
"835275","835598","60664705656681993529101552692000-                     \0137173","60664705656681993529101552692000-                     \0137173","6066470765668199151498289670204002                    \0137224","6066470765668199151498289670204002                    \0137224","data/release_legacy/Censo.1960.amostra.25porcento.sp.gz","1011058","1011055","Pessoa unica com 25 quesitos exatos; cartoes unicos com 15 campos e distrito exatos; composicao integral e UF/municipio/situacao de todas as pessoas conferidos. Corrige somente vinculo; distrito e campos pessoais brutos permanecem."
"835276","835598","6066470565668199352812055269072615200656010134-       \0137173","6066470565668199352812055269072615200656010134-       \0137173","6066470765668199151498289670204002                    \0137224","6066470765668199151498289670204002                    \0137224","data/release_legacy/Censo.1960.amostra.25porcento.sp.gz","1011057","1011055","Pessoa unica com 25 quesitos exatos; cartoes unicos com 15 campos e distrito exatos; composicao integral e UF/municipio/situacao de todas as pessoas conferidos. Corrige somente vinculo; distrito e campos pessoais brutos permanecem."
"835551","835627","6066470565668245352813054169032631100650040334-       \0137214","6066470565668245352813054169032631100650040334-       \0137214","6066470765668245151498269580203001                    \0137229","6066470765668245151498269580203001                    \0137229","data/release_legacy/Censo.1960.amostra.25porcento.sp.gz","1011362","1011360","Pessoa unica com 25 quesitos exatos; cartoes unicos com 15 campos e distrito exatos; composicao integral e UF/municipio/situacao de todas as pessoas conferidos. Corrige somente vinculo; distrito e campos pessoais brutos permanecem."
"835552","835627","60664705656682453529103542690326-                     \0137214","60664705656682453529103542690326-                     \0137214","6066470765668245151498269580203001                    \0137229","6066470765668245151498269580203001                    \0137229","data/release_legacy/Censo.1960.amostra.25porcento.sp.gz","1011365","1011360","Pessoa unica com 25 quesitos exatos; cartoes unicos com 15 campos e distrito exatos; composicao integral e UF/municipio/situacao de todas as pessoas conferidos. Corrige somente vinculo; distrito e campos pessoais brutos permanecem."
"835553","835627","60664705656682453539107542690326311-                  \0137214","60664705656682453539107542690326311-                  \0137214","6066470765668245151498269580203001                    \0137229","6066470765668245151498269580203001                    \0137229","data/release_legacy/Censo.1960.amostra.25porcento.sp.gz","1011364","1011360","Pessoa unica com 25 quesitos exatos; cartoes unicos com 15 campos e distrito exatos; composicao integral e UF/municipio/situacao de todas as pessoas conferidos. Corrige somente vinculo; distrito e campos pessoais brutos permanecem."
"842765","842799","6066840365890218312812454269192615200755020234-       \0138384","6066840365890218312812454269192615200755020234-       \0138384","6066840565890218111578369570204002                    \0138390","6066840565890218111578369570204002                    \0138390","data/release_legacy/Censo.1960.amostra.25porcento.sp.gz","1160421","1160419","Pessoa unica com 25 quesitos exatos; cartoes unicos com 15 campos e distrito exatos; composicao integral e UF/municipio/situacao de todas as pessoas conferidos. Corrige somente vinculo; distrito e campos pessoais brutos permanecem."
"842766","842799","60668403658902183129104542692000-                     \0138384","60668403658902183129104542692000-                     \0138384","6066840565890218111578369570204002                    \0138390","6066840565890218111578369570204002                    \0138390","data/release_legacy/Censo.1960.amostra.25porcento.sp.gz","1160422","1160419","Pessoa unica com 25 quesitos exatos; cartoes unicos com 15 campos e distrito exatos; composicao integral e UF/municipio/situacao de todas as pessoas conferidos. Corrige somente vinculo; distrito e campos pessoais brutos permanecem."
"964086","965267","81820701817601913529102542492000-                     \0157562","81820701817601913529102542492000-                     \0157562","8182070781760191151498289680204002                    \0157753","8182070781760191151498289680204002                    \0157753","data/release_legacy/Censo.1960.amostra.25porcento.rs.gz","503031","503026","Pessoa unica com 25 quesitos exatos; cartoes unicos com 15 campos e distrito exatos; composicao integral e UF/municipio/situacao de todas as pessoas conferidos. Corrige somente vinculo; distrito e campos pessoais brutos permanecem."
"1032423","1032746","91913101910522003529008641991219-                     \0168853","91913101910522003529008641991219-                     \0168853","9191310591052200151498389680204001                    \0168907","9191310591052200151498389680204001                    \0168907","data/release_legacy/Censo.1960.amostra.25porcento.mt.gz","30780","30777","Pessoa unica com 25 quesitos exatos; cartoes unicos com 15 campos e distrito exatos; composicao integral e UF/municipio/situacao de todas as pessoas conferidos. Corrige somente vinculo; distrito e campos pessoais brutos permanecem."
"1032424","1032746","9191310191052200352812364269121931100759010134-       \0168853","9191310191052200352812364269121931100759010134-       \0168853","9191310591052200151498389680204001                    \0168907","9191310591052200151498389680204001                    \0168907","data/release_legacy/Censo.1960.amostra.25porcento.mt.gz","30779","30777","Pessoa unica com 25 quesitos exatos; cartoes unicos com 15 campos e distrito exatos; composicao integral e UF/municipio/situacao de todas as pessoas conferidos. Corrige somente vinculo; distrito e campos pessoais brutos permanecem."
"1032425","1032794","91913101910522093529104571592000-                     \0168853","91913101910522093529104571592000-                     \0168853","9191310591052209151478389680205002                    \0168916","9191310591052209151478389680205002                    \0168916","data/release_legacy/Censo.1960.amostra.25porcento.mt.gz","30837","30827","Pessoa unica com 25 quesitos exatos; cartoes unicos com 15 campos e distrito exatos; composicao integral e UF/municipio/situacao de todas as pessoas conferidos. Corrige somente vinculo; distrito e campos pessoais brutos permanecem."
"124861","127064","1415200114864086352811754079200031100657020234-       \0018923","1415200114864086352811754079200031100657020234-       \0018923","1415220114864086151598389680203001                    \0019238","1415220114864086151598389680203001                    \0019238","data/release_legacy/Censo.1960.amostra.25porcento.ce.gz","611222","611220","Cartao127 unico, 15 campos e distrito iguais ao cartao25; composicao integral e multiplicidades pessoais exatas, estrutura25 conferida. Preservar respostas e geografia pessoal; nao afirmar identidade civil."
"137785","137786","1415820515172183311911954079200016200000000031-       \0020822","1415820515172183311911954079200016200000000031-       \0020822","1415820715172183111478384580207004                    \0020823","1415820715172183111478384580207004                    \0020823","data/release_legacy/Censo.1960.amostra.25porcento.ce.gz","828124","828121","Identidade do grupo conferida por chave, especie, municipio, situacao e distrito do cartao, composicao de24campos e multiplicidades, com duas testemunhas pessoais exatas unicas naUF127. V21600/63 e atributos habitacionais divergentes permanecem como na127; nao copiar respostas25. Criterio revisto e evidencia preservada em fechamento_registros_1960_20260922."
"142446","142443","1416410115290006312811857079200015200659000034-       \0021507","1416410115290006312811857079200015200659000034-       \0021507","1416410115290006151578384680206001                    \0021507","1416410115290006151578384680206001                    \0021507","data/release_legacy/Censo.1960.amostra.25porcento.ce.gz","914972","914970","Identidade do grupo conferida por chave, especie, municipio, situacao e distrito do cartao, composicao de24campos e multiplicidades, com duas testemunhas pessoais exatas unicas naUF127. V21600/63 e atributos habitacionais divergentes permanecem como na127; nao copiar respostas25. Criterio revisto e evidencia preservada em fechamento_registros_1960_20260922."
"142523","142520","141641011529002231191255707920001520065106055332321207\0021523","141641011529002231191255707920001520065106055332321207\0021523","1416410115290022151478389680204002                    \0021523","1416410115290022151478389680204002                    \0021523","data/release_legacy/Censo.1960.amostra.25porcento.ce.gz","915050","915047","Cartao127 unico, 15 campos e distrito iguais ao cartao25; composicao integral e multiplicidades pessoais exatas, estrutura25 conferida. Preservar respostas e geografia pessoal; nao afirmar identidade civil."
"143014","143012","1416410115290097312911357079200031100000000034-       \0021598","1416410115290097312911357079200031100000000034-       \0021598","1416410115290097151578384680203001                    \0021598","1416410115290097151578384680203001                    \0021598","data/release_legacy/Censo.1960.amostra.25porcento.ce.gz","915542","915540","Cartao127 unico, 15 campos e distrito iguais ao cartao25; composicao integral e multiplicidades pessoais exatas, estrutura25 conferida. Preservar respostas e geografia pessoal; nao afirmar identidade civil."
"143039","143037","14164101152901023119104570792000-                     \0021603","14164101152901023119104570792000-                     \0021603","1416410115290102151578384680204002                    \0021603","1416410115290102151578384680204002                    \0021603","data/release_legacy/Censo.1960.amostra.25porcento.ce.gz","915570","915565","Cartao127 unico, 15 campos e distrito iguais ao cartao25; composicao integral e multiplicidades pessoais exatas, estrutura25 conferida. Preservar respostas e geografia pessoal; nao afirmar identidade civil."
"143115","143112","14164101152901153119108570792000311-                  \0021616","14164101152901153119108570792000311-                  \0021616","1416410115290115151598384680202002                    \0021616","1416410115290115151598384680202002                    \0021616","data/release_legacy/Censo.1960.amostra.25porcento.ce.gz","915643","915640","Cartao127 unico, 15 campos e distrito iguais ao cartao25; composicao integral e multiplicidades pessoais exatas, estrutura25 conferida. Preservar respostas e geografia pessoal; nao afirmar identidade civil."
"143117","143112","14164101152901153129105570792000311-                  \0021616","14164101152901153129105570792000311-                  \0021616","1416410115290115151598384680202002                    \0021616","1416410115290115151598384680202002                    \0021616","data/release_legacy/Censo.1960.amostra.25porcento.ce.gz","915644","915640","Cartao127 unico, 15 campos e distrito iguais ao cartao25; composicao integral e multiplicidades pessoais exatas, estrutura25 conferida. Preservar respostas e geografia pessoal; nao afirmar identidade civil."
"143144","143142","141641011529011931191125507920003110000000003332321200\0021620","141641011529011931191125507920003110000000003332321200\0021620","1416410115290119151598384680204002                    \0021620","1416410115290119151598384680204002                    \0021620","data/release_legacy/Censo.1960.amostra.25porcento.ce.gz","915673","915670","Cartao127 unico, 15 campos e distrito iguais ao cartao25; composicao integral e multiplicidades pessoais exatas, estrutura25 conferida. Preservar respostas e geografia pessoal; nao afirmar identidade civil."
"143149","143142","14164101152901193129107550792000311-                  \0021620","14164101152901193129107550792000311-                  \0021620","1416410115290119151598384680204002                    \0021620","1416410115290119151598384680204002                    \0021620","data/release_legacy/Censo.1960.amostra.25porcento.ce.gz","915675","915670","Cartao127 unico, 15 campos e distrito iguais ao cartao25; composicao integral e multiplicidades pessoais exatas, estrutura25 conferida. Preservar respostas e geografia pessoal; nao afirmar identidade civil."
"143151","143142","1416410115290119312813455079200031100647070734-       \0021620","1416410115290119312813455079200031100647070734-       \0021620","1416410115290119151598384680204002                    \0021620","1416410115290119151598384680204002                    \0021620","data/release_legacy/Censo.1960.amostra.25porcento.ce.gz","915672","915670","Cartao127 unico, 15 campos e distrito iguais ao cartao25; composicao integral e multiplicidades pessoais exatas, estrutura25 conferida. Preservar respostas e geografia pessoal; nao afirmar identidade civil."
"143176","143173","14164101152901233119108570792000111-                  \0021624","14164101152901233119108570792000111-                  \0021624","1416410115290123151478389680204002                    \0021624","1416410115290123151478389680204002                    \0021624","data/release_legacy/Censo.1960.amostra.25porcento.ce.gz","915704","915701","Cartao127 unico, 15 campos e distrito iguais ao cartao25; composicao integral e multiplicidades pessoais exatas, estrutura25 conferida. Preservar respostas e geografia pessoal; nao afirmar identidade civil."
"143326","143323","14164101152901473129006570792000-                     \0021648","14164101152901473129006570792000-                     \0021648","1416410115290147151498384680204002                    \0021648","1416410115290147151498384680204002                    \0021648","data/release_legacy/Censo.1960.amostra.25porcento.ce.gz","915857","915852","Cartao127 unico, 15 campos e distrito iguais ao cartao25; composicao integral e multiplicidades pessoais exatas, estrutura25 conferida. Preservar respostas e geografia pessoal; nao afirmar identidade civil."
"143379","143377","1416410115290157312816054079200031100619070734-       \0021658","1416410115290157312816054079200031100619070734-       \0021658","1416410115290157151478384680206001                    \0021658","1416410115290157151478384680206001                    \0021658","data/release_legacy/Censo.1960.amostra.25porcento.ce.gz","915908","915906","Cartao127 unico, 15 campos e distrito iguais ao cartao25; composicao integral e multiplicidades pessoais exatas, estrutura25 conferida. Preservar respostas e geografia pessoal; nao afirmar identidade civil."
"143514","143511","141641011529018231191145707920003110000000005332321176\0021683","141641011529018231191145707920003110000000005332321176\0021683","1416410115290182151498384680204002                    \0021683","1416410115290182151498384680204002                    \0021683","data/release_legacy/Censo.1960.amostra.25porcento.ce.gz","916043","916040","Cartao127 unico, 15 campos e distrito iguais ao cartao25; composicao integral e multiplicidades pessoais exatas, estrutura25 conferida. Preservar respostas e geografia pessoal; nao afirmar identidade civil."
"143522","143518","14164101152901833129106570792000311-                  \0021684","14164101152901833129106570792000311-                  \0021684","1416410115290183151598384680204002                    \0021684","1416410115290183151598384680204002                    \0021684","data/release_legacy/Censo.1960.amostra.25porcento.ce.gz","916051","916047","Cartao127 unico, 15 campos e distrito iguais ao cartao25; composicao integral e multiplicidades pessoais exatas, estrutura25 conferida. Preservar respostas e geografia pessoal; nao afirmar identidade civil."
"143523","143518","14164101152901833129006570792000-                     \0021684","14164101152901833129006570792000-                     \0021684","1416410115290183151598384680204002                    \0021684","1416410115290183151598384680204002                    \0021684","data/release_legacy/Censo.1960.amostra.25porcento.ce.gz","916053","916047","Cartao127 unico, 15 campos e distrito iguais ao cartao25; composicao integral e multiplicidades pessoais exatas, estrutura25 conferida. Preservar respostas e geografia pessoal; nao afirmar identidade civil."
"143536","143529","14164101152901853129003570792000-                     \0021686","14164101152901853129003570792000-                     \0021686","1416410115290185151578384680208003                    \0021686","1416410115290185151578384680208003                    \0021686","data/release_legacy/Censo.1960.amostra.25porcento.ce.gz","916066","916058","Identidade do grupo conferida por chave, especie, municipio, situacao e distrito do cartao, composicao de24campos e multiplicidades, com duas testemunhas pessoais exatas unicas naUF127. V21600/63 e atributos habitacionais divergentes permanecem como na127; nao copiar respostas25. Criterio revisto e evidencia preservada em fechamento_registros_1960_20260922."
"152963","153367","171737011722219435281205723920003110085602025332321127\0023168","171737011722219435281205723920003110085602025332321127\0023168","1717370317222194151598389680205002                    \0023232","1717370317222194151598389680205002                    \0023232","data/release_legacy/Censo.1960.amostra.25porcento.rn.gz","155796","155794","Identidade do grupo conferida por chave, especie, municipio, situacao e distrito do cartao, composicao de24campos e multiplicidades, com duas testemunhas pessoais exatas unicas naUF127. V21600/63 e atributos habitacionais divergentes permanecem como na127; nao copiar respostas25. Criterio revisto e evidencia preservada em fechamento_registros_1960_20260922."
"163851","160398","1771860317394174312813057239200017210846100534-       \0024941","1771860317394174312813057239200017210846100534-       \0024941","1717860317394174111478389680205001                    \0024380","1717860317394174111478389680205001                    \0024380","data/release_legacy/Censo.1960.amostra.25porcento.rn.gz","278228","278226","Cartao127 unico, 15 campos e distrito iguais ao cartao25; composicao integral e multiplicidades pessoais exatas, estrutura25 conferida. Preservar respostas e geografia pessoal; nao afirmar identidade civil."
"163852","165233","1913240119082029332814657189081831100630200734-       \0024941","1913240119082029332814657189081831100630200734-       \0024941","1919240119082029131578280570208003                    \0025183","1919240119082029131578280570208003                    \0025183","data/release_legacy/Censo.1960.amostra.25porcento.pb.gz","54821","54819","Identidade do grupo conferida por chave, especie, municipio, situacao e distrito do cartao, composicao de24campos e multiplicidades, com duas testemunhas pessoais exatas unicas naUF127. V21600/63 e atributos habitacionais divergentes permanecem como na127; nao copiar respostas25. Criterio revisto e evidencia preservada em fechamento_registros_1960_20260922."
"208841","216181","2121350521238057332814574209200016200746010134-       \0032344","2121350521238057332814574209200016200746010134-       \0032344","2121352521238057131478941579213005                    \0033547","2121352521238057131478941579213005                    \0033547","data/release_legacy/Censo.1960.amostra.25porcento.pe.gz","305228","305226","Identidade do grupo conferida por chave, especie, municipio, situacao e distrito do cartao, composicao de24campos e multiplicidades, com duas testemunhas pessoais exatas unicas naUF127. V21600/63 e atributos habitacionais divergentes permanecem como na127; nao copiar respostas25. Criterio revisto e evidencia preservada em fechamento_registros_1960_20260922."
"208842","216181","2121350521238057331911374209200007210000000035-       \0032344","2121350521238057331911374209200007210000000035-       \0032344","2121352521238057131478941579213005                    \0033547","2121352521238057131478941579213005                    \0033547","data/release_legacy/Censo.1960.amostra.25porcento.pe.gz","305232","305226","Identidade do grupo conferida por chave, especie, municipio, situacao e distrito do cartao, composicao de24campos e multiplicidades, com duas testemunhas pessoais exatas unicas naUF127. V21600/63 e atributos habitacionais divergentes permanecem como na127; nao copiar respostas25. Criterio revisto e evidencia preservada em fechamento_registros_1960_20260922."
"208843","216181","212135052123805733191197420920001721000000008397128535\0032344","212135052123805733191197420920001721000000008397128535\0032344","2121352521238057131478941579213005                    \0033547","2121352521238057131478941579213005                    \0033547","data/release_legacy/Censo.1960.amostra.25porcento.pe.gz","305231","305226","Identidade do grupo conferida por chave, especie, municipio, situacao e distrito do cartao, composicao de24campos e multiplicidades, com duas testemunhas pessoais exatas unicas naUF127. V21600/63 e atributos habitacionais divergentes permanecem como na127; nao copiar respostas25. Criterio revisto e evidencia preservada em fechamento_registros_1960_20260922."
"208844","216181","212135052123805733191287420919200542000000008319124186\0032344","212135052123805733191287420919200542000000008319124186\0032344","2121352521238057131478941579213005                    \0033547","2121352521238057131478941579213005                    \0033547","data/release_legacy/Censo.1960.amostra.25porcento.pe.gz","305229","305226","Identidade do grupo conferida por chave, especie, municipio, situacao e distrito do cartao, composicao de24campos e multiplicidades, com duas testemunhas pessoais exatas unicas naUF127. V21600/63 e atributos habitacionais divergentes permanecem como na127; nao copiar respostas25. Criterio revisto e evidencia preservada em fechamento_registros_1960_20260922."
"208845","216181","2121350521238057332912274209192017320000000034-       \0032344","2121350521238057332912274209192017320000000034-       \0032344","2121352521238057131478941579213005                    \0033547","2121352521238057131478941579213005                    \0033547","data/release_legacy/Censo.1960.amostra.25porcento.pe.gz","305230","305226","Identidade do grupo conferida por chave, especie, municipio, situacao e distrito do cartao, composicao de24campos e multiplicidades, com duas testemunhas pessoais exatas unicas naUF127. V21600/63 e atributos habitacionais divergentes permanecem como na127; nao copiar respostas25. Criterio revisto e evidencia preservada em fechamento_registros_1960_20260922."
"208846","216181","212135052123805733221285402906021644000000009318227526\0032344","212135052123805733221285402906021644000000009318227526\0032344","2121352521238057131478941579213005                    \0033547","2121352521238057131478941579213005                    \0033547","data/release_legacy/Censo.1960.amostra.25porcento.pe.gz","305234","305226","Identidade do grupo conferida por chave, especie, municipio, situacao e distrito do cartao, composicao de24campos e multiplicidades, com duas testemunhas pessoais exatas unicas naUF127. V21600/63 e atributos habitacionais divergentes permanecem como na127; nao copiar respostas25. Criterio revisto e evidencia preservada em fechamento_registros_1960_20260922."
"208847","216181","2121350521238057332217274209192017210000000034-       \0032344","2121350521238057332217274209192017210000000034-       \0032344","2121352521238057131478941579213005                    \0033547","2121352521238057131478941579213005                    \0033547","data/release_legacy/Censo.1960.amostra.25porcento.pe.gz","305233","305226","Identidade do grupo conferida por chave, especie, municipio, situacao e distrito do cartao, composicao de24campos e multiplicidades, com duas testemunhas pessoais exatas unicas naUF127. V21600/63 e atributos habitacionais divergentes permanecem como na127; nao copiar respostas25. Criterio revisto e evidencia preservada em fechamento_registros_1960_20260922."
"208848","216181","212135052123805733241175720918203110000000005391325176\0032344","212135052123805733241175720918203110000000005391325176\0032344","2121352521238057131478941579213005                    \0033547","2121352521238057131478941579213005                    \0033547","data/release_legacy/Censo.1960.amostra.25porcento.pe.gz","305235","305226","Identidade do grupo conferida por chave, especie, municipio, situacao e distrito do cartao, composicao de24campos e multiplicidades, com duas testemunhas pessoais exatas unicas naUF127. V21600/63 e atributos habitacionais divergentes permanecem como na127; nao copiar respostas25. Criterio revisto e evidencia preservada em fechamento_registros_1960_20260922."
"208849","216181","212135052123805733241115402916020420000000005391325176\0032344","212135052123805733241115402916020420000000005391325176\0032344","2121352521238057131478941579213005                    \0033547","2121352521238057131478941579213005                    \0033547","data/release_legacy/Censo.1960.amostra.25porcento.pe.gz","305236","305226","Identidade do grupo conferida por chave, especie, municipio, situacao e distrito do cartao, composicao de24campos e multiplicidades, com duas testemunhas pessoais exatas unicas naUF127. V21600/63 e atributos habitacionais divergentes permanecem como na127; nao copiar respostas25. Criterio revisto e evidencia preservada em fechamento_registros_1960_20260922."
"208903","216184","212135052123806633291245420920001757800000008325327126\0032352","212135052123806633291245420920001757800000008325327126\0032352","2121352521238066131478941579114002                    \0033548","2121352521238066131478941579114002                    \0033548","data/release_legacy/Censo.1960.amostra.25porcento.pe.gz","305295","305292","Identidade do grupo conferida por chave, especie, municipio, situacao e distrito do cartao, composicao de24campos e multiplicidades, com duas testemunhas pessoais exatas unicas naUF127. V21600/63 e atributos habitacionais divergentes permanecem como na127; nao copiar respostas25. Criterio revisto e evidencia preservada em fechamento_registros_1960_20260922."
"208904","216184","2121350521238066332815854209200016200634010134-       \0032352","2121350521238066332815854209200016200634010134-       \0032352","2121352521238066131478941579114002                    \0033548","2121352521238066131478941579114002                    \0033548","data/release_legacy/Censo.1960.amostra.25porcento.pe.gz","305294","305292","Identidade do grupo conferida por chave, especie, municipio, situacao e distrito do cartao, composicao de24campos e multiplicidades, com duas testemunhas pessoais exatas unicas naUF127. V21600/63 e atributos habitacionais divergentes permanecem como na127; nao copiar respostas25. Criterio revisto e evidencia preservada em fechamento_registros_1960_20260922."
"209393","216217","212135052123814233191225720920001644100000000319128195\0032421","212135052123814233191225720920001644100000000319128195\0032421","2121352521238142131478942570208004                    \0033555","2121352521238142131478942570208004                    \0033555","data/release_legacy/Censo.1960.amostra.25porcento.pe.gz","305822","305819","Identidade do grupo conferida por chave, especie, municipio, situacao e distrito do cartao, composicao de24campos e multiplicidades, com duas testemunhas pessoais exatas unicas naUF127. V21600/63 e atributos habitacionais divergentes permanecem como na127; nao copiar respostas25. Criterio revisto e evidencia preservada em fechamento_registros_1960_20260922."
"209394","216217","2121350521238142332814057209200015310637020234-       \0032421","2121350521238142332814057209200015310637020234-       \0032421","2121352521238142131478942570208004                    \0033555","2121352521238142131478942570208004                    \0033555","data/release_legacy/Censo.1960.amostra.25porcento.pe.gz","305821","305819","Identidade do grupo conferida por chave, especie, municipio, situacao e distrito do cartao, composicao de24campos e multiplicidades, com duas testemunhas pessoais exatas unicas naUF127. V21600/63 e atributos habitacionais divergentes permanecem como na127; nao copiar respostas25. Criterio revisto e evidencia preservada em fechamento_registros_1960_20260922."
"209395","216217","2121350521238142332911057209200008210000000035-       \0032421","2121350521238142332911057209200008210000000035-       \0032421","2121352521238142131478942570208004                    \0033555","2121352521238142131478942570208004                    \0033555","data/release_legacy/Censo.1960.amostra.25porcento.pe.gz","305823","305819","Identidade do grupo conferida por chave, especie, municipio, situacao e distrito do cartao, composicao de24campos e multiplicidades, com duas testemunhas pessoais exatas unicas naUF127. V21600/63 e atributos habitacionais divergentes permanecem como na127; nao copiar respostas25. Criterio revisto e evidencia preservada em fechamento_registros_1960_20260922."
"209396","216217","2121350521238142332412557209200015200000000034-       \0032421","2121350521238142332412557209200015200000000034-       \0032421","2121352521238142131478942570208004                    \0033555","2121352521238142131478942570208004                    \0033555","data/release_legacy/Censo.1960.amostra.25porcento.pe.gz","305825","305819","Identidade do grupo conferida por chave, especie, municipio, situacao e distrito do cartao, composicao de24campos e multiplicidades, com duas testemunhas pessoais exatas unicas naUF127. V21600/63 e atributos habitacionais divergentes permanecem como na127; nao copiar respostas25. Criterio revisto e evidencia preservada em fechamento_registros_1960_20260922."
"209397","216217","2121350521238142331117254209092031100610050539-       \0032421","2121350521238142331117254209092031100610050539-       \0032421","2121352521238142131478942570208004                    \0033555","2121352521238142131478942570208004                    \0033555","data/release_legacy/Censo.1960.amostra.25porcento.pe.gz","305824","305819","Identidade do grupo conferida por chave, especie, municipio, situacao e distrito do cartao, composicao de24campos e multiplicidades, com duas testemunhas pessoais exatas unicas naUF127. V21600/63 e atributos habitacionais divergentes permanecem como na127; nao copiar respostas25. Criterio revisto e evidencia preservada em fechamento_registros_1960_20260922."
"209518","216228","2121350521238165332812454209200017210658010134-       \0032441","2121350521238165332812454209200017210658010134-       \0032441","2121352521238165131480250570203001                    \0033558","2121352521238165131480250570203001                    \0033558","data/release_legacy/Censo.1960.amostra.25porcento.pe.gz","305957","305955","Identidade do grupo conferida por chave, especie, municipio, situacao e distrito do cartao, composicao de24campos e multiplicidades, com duas testemunhas pessoais exatas unicas naUF127. V21600/63 e atributos habitacionais divergentes permanecem como na127; nao copiar respostas25. Criterio revisto e evidencia preservada em fechamento_registros_1960_20260922."
"209519","216228","21213505212381653319101542092000-                     \0032441","21213505212381653319101542092000-                     \0032441","2121352521238165131480250570203001                    \0033558","2121352521238165131480250570203001                    \0033558","data/release_legacy/Censo.1960.amostra.25porcento.pe.gz","305958","305955","Identidade do grupo conferida por chave, especie, municipio, situacao e distrito do cartao, composicao de24campos e multiplicidades, com duas testemunhas pessoais exatas unicas naUF127. V21600/63 e atributos habitacionais divergentes permanecem como na127; nao copiar respostas25. Criterio revisto e evidencia preservada em fechamento_registros_1960_20260922."
"209622","216243","2121350521238192332215157209200031100400000034-       \0032462","2121350521238192332215157209200031100400000034-       \0032462","2121352521238192131482350570208004                    \0033564","2121352521238192131482350570208004                    \0033564","data/release_legacy/Censo.1960.amostra.25porcento.pe.gz","306078","306074","Identidade do grupo conferida por chave, especie, municipio, situacao e distrito do cartao, composicao de24campos e multiplicidades, com duas testemunhas pessoais exatas unicas naUF127. V21600/63 e atributos habitacionais divergentes permanecem como na127; nao copiar respostas25. Criterio revisto e evidencia preservada em fechamento_registros_1960_20260922."
"209623","216243","2121350521238192332813054209200011100745000034-       \0032462","2121350521238192332813054209200011100745000034-       \0032462","2121352521238192131482350570208004                    \0033564","2121352521238192131482350570208004                    \0033564","data/release_legacy/Censo.1960.amostra.25porcento.pe.gz","306076","306074","Identidade do grupo conferida por chave, especie, municipio, situacao e distrito do cartao, composicao de24campos e multiplicidades, com duas testemunhas pessoais exatas unicas naUF127. V21600/63 e atributos habitacionais divergentes permanecem como na127; nao copiar respostas25. Criterio revisto e evidencia preservada em fechamento_registros_1960_20260922."
"209624","216243","2121350521238192332213554209200011100000000034-       \0032462","2121350521238192332213554209200011100000000034-       \0032462","2121352521238192131482350570208004                    \0033564","2121352521238192131482350570208004                    \0033564","data/release_legacy/Censo.1960.amostra.25porcento.pe.gz","306077","306074","Identidade do grupo conferida por chave, especie, municipio, situacao e distrito do cartao, composicao de24campos e multiplicidades, com duas testemunhas pessoais exatas unicas naUF127. V21600/63 e atributos habitacionais divergentes permanecem como na127; nao copiar respostas25. Criterio revisto e evidencia preservada em fechamento_registros_1960_20260922."
"209625","216243","21213505212381923312107572092000200-                  \0032462","21213505212381923312107572092000200-                  \0032462","2121352521238192131482350570208004                    \0033564","2121352521238192131482350570208004                    \0033564","data/release_legacy/Censo.1960.amostra.25porcento.pe.gz","306079","306074","Identidade do grupo conferida por chave, especie, municipio, situacao e distrito do cartao, composicao de24campos e multiplicidades, com duas testemunhas pessoais exatas unicas naUF127. V21600/63 e atributos habitacionais divergentes permanecem como na127; nao copiar respostas25. Criterio revisto e evidencia preservada em fechamento_registros_1960_20260922."
"209658","216245","21213505212382003319102542092000-                     \0032469","21213505212382003319102542092000-                     \0032469","2121352521238200131483952570209002                    \0033565","2121352521238200131483952570209002                    \0033565","data/release_legacy/Censo.1960.amostra.25porcento.pe.gz","306117","306112","Identidade do grupo conferida por chave, especie, municipio, situacao e distrito do cartao, composicao de24campos e multiplicidades, com duas testemunhas pessoais exatas unicas naUF127. V21600/63 e atributos habitacionais divergentes permanecem como na127; nao copiar respostas25. Criterio revisto e evidencia preservada em fechamento_registros_1960_20260922."
"209659","216245","21213505212382003329101542092000-                     \0032469","21213505212382003329101542092000-                     \0032469","2121352521238200131483952570209002                    \0033565","2121352521238200131483952570209002                    \0033565","data/release_legacy/Censo.1960.amostra.25porcento.pe.gz","306118","306112","Identidade do grupo conferida por chave, especie, municipio, situacao e distrito do cartao, composicao de24campos e multiplicidades, com duas testemunhas pessoais exatas unicas naUF127. V21600/63 e atributos habitacionais divergentes permanecem como na127; nao copiar respostas25. Criterio revisto e evidencia preservada em fechamento_registros_1960_20260922."
"209660","216245","21213505212382003319105542092000311-                  \0032469","21213505212382003319105542092000311-                  \0032469","2121352521238200131483952570209002                    \0033565","2121352521238200131483952570209002                    \0033565","data/release_legacy/Censo.1960.amostra.25porcento.pe.gz","306115","306112","Identidade do grupo conferida por chave, especie, municipio, situacao e distrito do cartao, composicao de24campos e multiplicidades, com duas testemunhas pessoais exatas unicas naUF127. V21600/63 e atributos habitacionais divergentes permanecem como na127; nao copiar respostas25. Criterio revisto e evidencia preservada em fechamento_registros_1960_20260922."
"209661","216245","21213505212382003329103542092000-                     \0032469","21213505212382003329103542092000-                     \0032469","2121352521238200131483952570209002                    \0033565","2121352521238200131483952570209002                    \0033565","data/release_legacy/Censo.1960.amostra.25porcento.pe.gz","306116","306112","Identidade do grupo conferida por chave, especie, municipio, situacao e distrito do cartao, composicao de24campos e multiplicidades, com duas testemunhas pessoais exatas unicas naUF127. V21600/63 e atributos habitacionais divergentes permanecem como na127; nao copiar respostas25. Criterio revisto e evidencia preservada em fechamento_registros_1960_20260922."
"209662","216245","21213505212382003329002542092000-                     \0032469","21213505212382003329002542092000-                     \0032469","2121352521238200131483952570209002                    \0033565","2121352521238200131483952570209002                    \0033565","data/release_legacy/Censo.1960.amostra.25porcento.pe.gz","306119","306112","Identidade do grupo conferida por chave, especie, municipio, situacao e distrito do cartao, composicao de24campos e multiplicidades, com duas testemunhas pessoais exatas unicas naUF127. V21600/63 e atributos habitacionais divergentes permanecem como na127; nao copiar respostas25. Criterio revisto e evidencia preservada em fechamento_registros_1960_20260922."
"209778","216264","2121350521238223332911654079190707320000000035-       \0032488","2121350521238223332911654079190707320000000035-       \0032488","2121352521238223131478942579110005                    \0033569","2121352521238223131478942579110005                    \0033569","data/release_legacy/Censo.1960.amostra.25porcento.pe.gz","306259","306252","Identidade do grupo conferida por chave, especie, municipio, situacao e distrito do cartao, composicao de24campos e multiplicidades, com duas testemunhas pessoais exatas unicas naUF127. V21600/63 e atributos habitacionais divergentes permanecem como na127; nao copiar respostas25. Criterio revisto e evidencia preservada em fechamento_registros_1960_20260922."
"209779","216264","212135052123822333191305407919071856700000001326327517\0032488","212135052123822333191305407919071856700000001326327517\0032488","2121352521238223131478942579110005                    \0033569","2121352521238223131478942579110005                    \0033569","data/release_legacy/Censo.1960.amostra.25porcento.pe.gz","306255","306252","Identidade do grupo conferida por chave, especie, municipio, situacao e distrito do cartao, composicao de24campos e multiplicidades, com duas testemunhas pessoais exatas unicas naUF127. V21600/63 e atributos habitacionais divergentes permanecem como na127; nao copiar respostas25. Criterio revisto e evidencia preservada em fechamento_registros_1960_20260922."
"209780","216264","2121350521238223331912554079190711100000000031-       \0032488","2121350521238223331912554079190711100000000031-       \0032488","2121352521238223131478942579110005                    \0033569","2121352521238223131478942579110005                    \0033569","data/release_legacy/Censo.1960.amostra.25porcento.pe.gz","306257","306252","Identidade do grupo conferida por chave, especie, municipio, situacao e distrito do cartao, composicao de24campos e multiplicidades, com duas testemunhas pessoais exatas unicas naUF127. V21600/63 e atributos habitacionais divergentes permanecem como na127; nao copiar respostas25. Criterio revisto e evidencia preservada em fechamento_registros_1960_20260922."
"209781","216264","2121350521238223331912254079190717320000000031-       \0032488","2121350521238223331912254079190717320000000031-       \0032488","2121352521238223131478942579110005                    \0033569","2121352521238223131478942579110005                    \0033569","data/release_legacy/Censo.1960.amostra.25porcento.pe.gz","306258","306252","Identidade do grupo conferida por chave, especie, municipio, situacao e distrito do cartao, composicao de24campos e multiplicidades, com duas testemunhas pessoais exatas unicas naUF127. V21600/63 e atributos habitacionais divergentes permanecem como na127; nao copiar respostas25. Criterio revisto e evidencia preservada em fechamento_registros_1960_20260922."
"209782","216264","2121350521238223331911354079190705310000000035-       \0032488","2121350521238223331911354079190705310000000035-       \0032488","2121352521238223131478942579110005                    \0033569","2121352521238223131478942579110005                    \0033569","data/release_legacy/Censo.1960.amostra.25porcento.pe.gz","306260","306252","Identidade do grupo conferida por chave, especie, municipio, situacao e distrito do cartao, composicao de24campos e multiplicidades, com duas testemunhas pessoais exatas unicas naUF127. V21600/63 e atributos habitacionais divergentes permanecem como na127; nao copiar respostas25. Criterio revisto e evidencia preservada em fechamento_registros_1960_20260922."
"209783","216264","2121350521238223332815754079190711100626100934-       \0032488","2121350521238223332815754079190711100626100934-       \0032488","2121352521238223131478942579110005                    \0033569","2121352521238223131478942579110005                    \0033569","data/release_legacy/Censo.1960.amostra.25porcento.pe.gz","306254","306252","Identidade do grupo conferida por chave, especie, municipio, situacao e distrito do cartao, composicao de24campos e multiplicidades, com duas testemunhas pessoais exatas unicas naUF127. V21600/63 e atributos habitacionais divergentes permanecem como na127; nao copiar respostas25. Criterio revisto e evidencia preservada em fechamento_registros_1960_20260922."
"209784","216264","2121350521238223332912754079190717552000000034-       \0032488","2121350521238223332912754079190717552000000034-       \0032488","2121352521238223131478942579110005                    \0033569","2121352521238223131478942579110005                    \0033569","data/release_legacy/Censo.1960.amostra.25porcento.pe.gz","306256","306252","Identidade do grupo conferida por chave, especie, municipio, situacao e distrito do cartao, composicao de24campos e multiplicidades, com duas testemunhas pessoais exatas unicas naUF127. V21600/63 e atributos habitacionais divergentes permanecem como na127; nao copiar respostas25. Criterio revisto e evidencia preservada em fechamento_registros_1960_20260922."
"209785","216264","212135052123822333241185718914183110000000005391325176\0032488","212135052123822333241185718914183110000000005391325176\0032488","2121352521238223131478942579110005                    \0033569","2121352521238223131478942579110005                    \0033569","data/release_legacy/Censo.1960.amostra.25porcento.pe.gz","306261","306252","Identidade do grupo conferida por chave, especie, municipio, situacao e distrito do cartao, composicao de24campos e multiplicidades, com duas testemunhas pessoais exatas unicas naUF127. V21600/63 e atributos habitacionais divergentes permanecem como na127; nao copiar respostas25. Criterio revisto e evidencia preservada em fechamento_registros_1960_20260922."
"230337","230356","2121550322102033352913954209200031100000000031-       \0036179","2121550322102033352913954209200031100000000031-       \0036179","2121550522102033111478289680204002                    \0036184","2121550522102033111478289680204002                    \0036184","data/release_legacy/Censo.1960.amostra.25porcento.pe.gz","720185","720182","Identidade do grupo conferida por chave, especie, municipio, situacao e distrito do cartao, composicao de24campos e multiplicidades, com duas testemunhas pessoais exatas unicas naUF127. V21600/63 e atributos habitacionais divergentes permanecem como na127; nao copiar respostas25. Criterio revisto e evidencia preservada em fechamento_registros_1960_20260922."
"293556","304134","31 1 80731608050352911557059200031100000000034-       \0046690","31 1 80731608050352911557059200031100000000034-       \0046690","3131380731608050151578389680208003                    \0048357","3131380731608050151578389680208003                    \0048357","data/release_legacy/Censo.1960.amostra.25porcento.ba.gz","401183","401179","Identidade do grupo conferida por chave, especie, municipio, situacao e distrito do cartao, composicao de24campos e multiplicidades, com duas testemunhas pessoais exatas unicas naUF127. V21600/63 e atributos habitacionais divergentes permanecem como na127; nao copiar respostas25. Criterio revisto e evidencia preservada em fechamento_registros_1960_20260922."
"302262","302742","31313801316060723319105570592000311-                  \0048054","31313801316060723319105570592000311-                  \0048054","3131380731606072131578379680205002                    \0048123","3131380731606072131578379680205002                    \0048123","data/release_legacy/Censo.1960.amostra.25porcento.ba.gz","399788","399782","Identidade do grupo conferida por chave, especie, municipio, situacao e distrito do cartao, composicao de24campos e multiplicidades, com duas testemunhas pessoais exatas unicas naUF127. V21600/63 e atributos habitacionais divergentes permanecem como na127; nao copiar respostas25. Criterio revisto e evidencia preservada em fechamento_registros_1960_20260922."
"307809","307481","3131431131712155352911457059060531100000000034-       \0048998","3131431131712155352911457059060531100000000034-       \0048998","3131430131712155151478389680206003                    \0048947","3131430131712155151478389680206003                    \0048947","data/release_legacy/Censo.1960.amostra.25porcento.ba.gz","470326","470322","Identidade do grupo conferida por chave, especie, municipio, situacao e distrito do cartao, composicao de24campos e multiplicidades, com duas testemunhas pessoais exatas unicas naUF127. V21600/63 e atributos habitacionais divergentes permanecem como na127; nao copiar respostas25. Criterio revisto e evidencia preservada em fechamento_registros_1960_20260922."
"307810","307481","313143113171215535191155705906053110000000003332321160\0048998","313143113171215535191155705906053110000000003332321160\0048998","3131430131712155151478389680206003                    \0048947","3131430131712155151478389680206003                    \0048947","data/release_legacy/Censo.1960.amostra.25porcento.ba.gz","470325","470322","Identidade do grupo conferida por chave, especie, municipio, situacao e distrito do cartao, composicao de24campos e multiplicidades, com duas testemunhas pessoais exatas unicas naUF127. V21600/63 e atributos habitacionais divergentes permanecem como na127; nao copiar respostas25. Criterio revisto e evidencia preservada em fechamento_registros_1960_20260922."
"307811","307481","3131431131712155352813857059060531100842040434-       \0048998","3131431131712155352813857059060531100842040434-       \0048998","3131430131712155151478389680206003                    \0048947","3131430131712155151478389680206003                    \0048947","data/release_legacy/Censo.1960.amostra.25porcento.ba.gz","470324","470322","Identidade do grupo conferida por chave, especie, municipio, situacao e distrito do cartao, composicao de24campos e multiplicidades, com duas testemunhas pessoais exatas unicas naUF127. V21600/63 e atributos habitacionais divergentes permanecem como na127; nao copiar respostas25. Criterio revisto e evidencia preservada em fechamento_registros_1960_20260922."
"315190","315739","3131750331962127312813657059200031100953050334-       \0050203","3131750331962127312813657059200031100953050334-       \0050203","3131750531962127111598389680203002                    \0050307","3131750531962127111598389680203002                    \0050307","data/release_legacy/Censo.1960.amostra.25porcento.ba.gz","645918","645916","Identidade do grupo conferida por chave, especie, municipio, situacao e distrito do cartao, composicao de24campos e multiplicidades, com duas testemunhas pessoais exatas unicas naUF127. V21600/63 e atributos habitacionais divergentes permanecem como na127; nao copiar respostas25. Criterio revisto e evidencia preservada em fechamento_registros_1960_20260922."
"315191","315739","3131750331962127312911157059200031100000000034-       \0050203","3131750331962127312911157059200031100000000034-       \0050203","3131750531962127111598389680203002                    \0050307","3131750531962127111598389680203002                    \0050307","data/release_legacy/Censo.1960.amostra.25porcento.ba.gz","645920","645916","Identidade do grupo conferida por chave, especie, municipio, situacao e distrito do cartao, composicao de24campos e multiplicidades, com duas testemunhas pessoais exatas unicas naUF127. V21600/63 e atributos habitacionais divergentes permanecem como na127; nao copiar respostas25. Criterio revisto e evidencia preservada em fechamento_registros_1960_20260922."
"315192","315739","313175033196212731191185705920003110000000006332321116\0050203","313175033196212731191185705920003110000000006332321116\0050203","3131750531962127111598389680203002                    \0050307","3131750531962127111598389680203002                    \0050307","data/release_legacy/Censo.1960.amostra.25porcento.ba.gz","645919","645916","Identidade do grupo conferida por chave, especie, municipio, situacao e distrito do cartao, composicao de24campos e multiplicidades, com duas testemunhas pessoais exatas unicas naUF127. V21600/63 e atributos habitacionais divergentes permanecem como na127; nao copiar respostas25. Criterio revisto e evidencia preservada em fechamento_registros_1960_20260922."
"315328","315748","3131750331962155352813757059200031100647050334-       \0050229","3131750331962155352813757059200031100647050334-       \0050229","3131750531962155151578389680205002                    \0050309","3131750531962155151578389680205002                    \0050309","data/release_legacy/Censo.1960.amostra.25porcento.ba.gz","646065","646063","Identidade do grupo conferida por chave, especie, municipio, situacao e distrito do cartao, composicao de24campos e multiplicidades, com duas testemunhas pessoais exatas unicas naUF127. V21600/63 e atributos habitacionais divergentes permanecem como na127; nao copiar respostas25. Criterio revisto e evidencia preservada em fechamento_registros_1960_20260922."
"315329","315748","31317503319621553529101570592000-                     \0050229","31317503319621553529101570592000-                     \0050229","3131750531962155151578389680205002                    \0050309","3131750531962155151578389680205002                    \0050309","data/release_legacy/Censo.1960.amostra.25porcento.ba.gz","646068","646063","Identidade do grupo conferida por chave, especie, municipio, situacao e distrito do cartao, composicao de24campos e multiplicidades, com duas testemunhas pessoais exatas unicas naUF127. V21600/63 e atributos habitacionais divergentes permanecem como na127; nao copiar respostas25. Criterio revisto e evidencia preservada em fechamento_registros_1960_20260922."
"315330","315748","31317503319621553519109570592000111-                  \0050229","31317503319621553519109570592000111-                  \0050229","3131750531962155151578389680205002                    \0050309","3131750531962155151578389680205002                    \0050309","data/release_legacy/Censo.1960.amostra.25porcento.ba.gz","646067","646063","Identidade do grupo conferida por chave, especie, municipio, situacao e distrito do cartao, composicao de24campos e multiplicidades, com duas testemunhas pessoais exatas unicas naUF127. V21600/63 e atributos habitacionais divergentes permanecem como na127; nao copiar respostas25. Criterio revisto e evidencia preservada em fechamento_registros_1960_20260922."
"315331","315748","3131750331962155352911257059200011100000000034-       \0050229","3131750331962155352911257059200011100000000034-       \0050229","3131750531962155151578389680205002                    \0050309","3131750531962155151578389680205002                    \0050309","data/release_legacy/Censo.1960.amostra.25porcento.ba.gz","646066","646063","Identidade do grupo conferida por chave, especie, municipio, situacao e distrito do cartao, composicao de24campos e multiplicidades, com duas testemunhas pessoais exatas unicas naUF127. V21600/63 e atributos habitacionais divergentes permanecem como na127; nao copiar respostas25. Criterio revisto e evidencia preservada em fechamento_registros_1960_20260922."
"321385","321383","313185013206820635191155427914271420000000006398725156\0051229","313185013206820635191155427914271420000000006398725156\0051229","3131850132068206111480369680206002                    \0051229","3131850132068206111480369680206002                    \0051229","data/release_legacy/Censo.1960.amostra.25porcento.ba.gz","716727","716725","Identidade do grupo conferida por chave, especie, municipio, situacao e distrito do cartao, composicao de24campos e multiplicidades, com duas testemunhas pessoais exatas unicas naUF127. V21600/63 e atributos habitacionais divergentes permanecem como na127; nao copiar respostas25. Criterio revisto e evidencia preservada em fechamento_registros_1960_20260922."
"354339","354331","31326905327342153329106570592000311-                  \0056705","31326905327342153329106570592000311-                  \0056705","3132690532734215111480389680204001                    \0056705","3132690532734215111480389680204001                    \0056705","data/release_legacy/Censo.1960.amostra.25porcento.ba.gz","1184147","1184143","Cartao127 unico, 15 campos e distrito iguais ao cartao25; composicao integral e multiplicidades pessoais exatas, estrutura25 conferida. Preservar respostas e geografia pessoal; nao afirmar identidade civil."
"368590","369817","3133200533182173352911254059200031100000000034-       \0058905","3133200533182173352911254059200031100000000034-       \0058905","3133220533182173151478289680204002                    \0059078","3133220533182173151478289680204002                    \0059078","data/release_legacy/Censo.1960.amostra.25porcento.ba.gz","1492137","1492134","Cartao127 unico, 15 campos e distrito iguais ao cartao25; composicao integral e multiplicidades pessoais exatas, estrutura25 conferida. Preservar respostas e geografia pessoal; nao afirmar identidade civil."
"391424","391417","4040110140358205352116777169200015200400130734-       \0062489","4040110140358205352116777169200015200400130734-       \0062489","4040110140358205131478269680206003                    \0062489","4040110140358205131478269680206003                    \0062489","data/release_legacy/Censo.1960.amostra.25porcento.mg.gz","229460","229453","Cartao127 unico, 15 campos e distrito iguais ao cartao25; composicao integral e multiplicidades pessoais exatas, estrutura25 conferida. Preservar respostas e geografia pessoal; nao afirmar identidade civil."
"393899","393896","4040210540418155332317557169200031100000000039-       \0062903","4040210540418155332317557169200031100000000039-       \0062903","4040210540418155111478369680206003                    \0062903","4040210540418155111478369680206003                    \0062903","data/release_legacy/Censo.1960.amostra.25porcento.mg.gz","273525","273516","Identidade do grupo conferida por chave, especie, municipio, situacao e distrito do cartao, composicao de24campos e multiplicidades, com duas testemunhas pessoais exatas unicas naUF127. V21600/63 e atributos habitacionais divergentes permanecem como na127; nao copiar respostas25. Criterio revisto e evidencia preservada em fechamento_registros_1960_20260922."
"400889","400883","40405101406542093129108541692000052-                  \0064009","40405101406542093129108541692000052-                  \0064009","4040510140654209151478289680204002                    \0064009","4040510140654209151478289680204002                    \0064009","data/release_legacy/Censo.1960.amostra.25porcento.mg.gz","429934","429929","Identidade do grupo conferida por chave, especie, municipio, situacao e distrito do cartao, composicao de24campos e multiplicidades, com duas testemunhas pessoais exatas unicas naUF127. V21600/63 e atributos habitacionais divergentes permanecem como na127; nao copiar respostas25. Criterio revisto e evidencia preservada em fechamento_registros_1960_20260922."
"416243","416561","404134014114210635391175416920003110000000005332321206\0066491","404134014114210635391175416920003110000000005332321206\0066491","4041340341142106151598389680204002                    \0066541","4041340341142106151598389680204002                    \0066541","data/release_legacy/Censo.1960.amostra.25porcento.mg.gz","734679","734675","Identidade do grupo conferida por chave, especie, municipio, situacao e distrito do cartao, composicao de24campos e multiplicidades, com duas testemunhas pessoais exatas unicas naUF127. V21600/63 e atributos habitacionais divergentes permanecem como na127; nao copiar respostas25. Criterio revisto e evidencia preservada em fechamento_registros_1960_20260922."
"416244","416722","404134014114213635191245716920003110000000005332321206\0066491","404134014114213635191245716920003110000000005332321206\0066491","4041340341142136151498389680200000                    \0066571","4041340341142136151498389680200000                    \0066571","data/release_legacy/Censo.1960.amostra.25porcento.mg.gz","734840","734837","Identidade do grupo conferida por chave, especie, municipio, situacao e distrito do cartao, composicao de24campos e multiplicidades, com duas testemunhas pessoais exatas unicas naUF127. V21600/63 e atributos habitacionais divergentes permanecem como na127; nao copiar respostas25. Criterio revisto e evidencia preservada em fechamento_registros_1960_20260922."
"416245","416722","404134014114213635191165716920003110000000005332321206\0066491","404134014114213635191165716920003110000000005332321206\0066491","4041340341142136151498389680200000                    \0066571","4041340341142136151498389680200000                    \0066571","data/release_legacy/Censo.1960.amostra.25porcento.mg.gz","734843","734837","Identidade do grupo conferida por chave, especie, municipio, situacao e distrito do cartao, composicao de24campos e multiplicidades, com duas testemunhas pessoais exatas unicas naUF127. V21600/63 e atributos habitacionais divergentes permanecem como na127; nao copiar respostas25. Criterio revisto e evidencia preservada em fechamento_registros_1960_20260922."
"416248","416787","404134014114214435191185416920001520000000003332321200\0066491","404134014114214435191185416920001520000000003332321200\0066491","4041340341142144151498284680206004                    \0066579","4041340341142144151498284680206004                    \0066579","data/release_legacy/Censo.1960.amostra.25porcento.mg.gz","734909","734906","Identidade do grupo conferida por chave, especie, municipio, situacao e distrito do cartao, composicao de24campos e multiplicidades, com duas testemunhas pessoais exatas unicas naUF127. V21600/63 e atributos habitacionais divergentes permanecem como na127; nao copiar respostas25. Criterio revisto e evidencia preservada em fechamento_registros_1960_20260922."
"425558","425811","4042130141384224351911254169200020000000000035-       \0067950","4042130141384224351911254169200020000000000035-       \0067950","4042130341384224151578389680204002                    \0067988","4042130341384224151578389680204002                    \0067988","data/release_legacy/Censo.1960.amostra.25porcento.mg.gz","898627;898631","898622","Identidade do grupo conferida por chave, especie, municipio, situacao e distrito do cartao, composicao de24campos e multiplicidades, com duas testemunhas pessoais exatas unicas naUF127. V21600/63 e atributos habitacionais divergentes permanecem como na127; nao copiar respostas25. Criterio revisto e evidencia preservada em fechamento_registros_1960_20260922. Mais de uma pessoa25 compativel, todas no mesmo cartao; lista integral de origens preservada, sem afirmar identidade civil individual."
"425559","425856","4042130141384230351911154169200020000000000035-       \0067950","4042130141384230351911154169200020000000000035-       \0067950","4042130341384230151480389680204002                    \0067994","4042130341384230151480389680204002                    \0067994","data/release_legacy/Censo.1960.amostra.25porcento.mg.gz","898676","898668","Identidade do grupo conferida por chave, especie, municipio, situacao e distrito do cartao, composicao de24campos e multiplicidades, com duas testemunhas pessoais exatas unicas naUF127. V21600/63 e atributos habitacionais divergentes permanecem como na127; nao copiar respostas25. Criterio revisto e evidencia preservada em fechamento_registros_1960_20260922."
"426963","427231","40422003414821953519109571692000311-                  \0068145","40422003414821953519109571692000311-                  \0068145","4042200541482195151478389680204001                    \0068187","4042200541482195151478389680204001                    \0068187","data/release_legacy/Censo.1960.amostra.25porcento.mg.gz","969994","969988","Identidade do grupo conferida por chave, especie, municipio, situacao e distrito do cartao, composicao de24campos e multiplicidades, com duas testemunhas pessoais exatas unicas naUF127. V21600/63 e atributos habitacionais divergentes permanecem como na127; nao copiar respostas25. Criterio revisto e evidencia preservada em fechamento_registros_1960_20260922."
"427045","427043","40422005414821643329102541692000-                     \0068157","40422005414821643329102541692000-                     \0068157","4042200541482164111478389680207003                    \0068157","4042200541482164111478389680207003                    \0068157","data/release_legacy/Censo.1960.amostra.25porcento.mg.gz","969801","969793","Identidade do grupo conferida por chave, especie, municipio, situacao e distrito do cartao, composicao de24campos e multiplicidades, com duas testemunhas pessoais exatas unicas naUF127. V21600/63 e atributos habitacionais divergentes permanecem como na127; nao copiar respostas25. Criterio revisto e evidencia preservada em fechamento_registros_1960_20260922."
"427046","427043","4042200541482164332813354169200015200644070734-       \0068157","4042200541482164332813354169200015200644070734-       \0068157","4042200541482164111478389680207003                    \0068157","4042200541482164111478389680207003                    \0068157","data/release_legacy/Censo.1960.amostra.25porcento.mg.gz","969795","969793","Identidade do grupo conferida por chave, especie, municipio, situacao e distrito do cartao, composicao de24campos e multiplicidades, com duas testemunhas pessoais exatas unicas naUF127. V21600/63 e atributos habitacionais divergentes permanecem como na127; nao copiar respostas25. Criterio revisto e evidencia preservada em fechamento_registros_1960_20260922."
"427047","427043","4042200541482164332911154169200005200000000035-       \0068157","4042200541482164332911154169200005200000000035-       \0068157","4042200541482164111478389680207003                    \0068157","4042200541482164111478389680207003                    \0068157","data/release_legacy/Censo.1960.amostra.25porcento.mg.gz","969798","969793","Identidade do grupo conferida por chave, especie, municipio, situacao e distrito do cartao, composicao de24campos e multiplicidades, com duas testemunhas pessoais exatas unicas naUF127. V21600/63 e atributos habitacionais divergentes permanecem como na127; nao copiar respostas25. Criterio revisto e evidencia preservada em fechamento_registros_1960_20260922."
"427048","427043","404220054148216433191155416920001520000000003332321200\0068157","404220054148216433191155416920001520000000003332321200\0068157","4042200541482164111478389680207003                    \0068157","4042200541482164111478389680207003                    \0068157","data/release_legacy/Censo.1960.amostra.25porcento.mg.gz","969796","969793","Identidade do grupo conferida por chave, especie, municipio, situacao e distrito do cartao, composicao de24campos e multiplicidades, com duas testemunhas pessoais exatas unicas naUF127. V21600/63 e atributos habitacionais divergentes permanecem como na127; nao copiar respostas25. Criterio revisto e evidencia preservada em fechamento_registros_1960_20260922."
"427049","427043","4042200541482164336411054169200005200000000035-       \0068157","4042200541482164336411054169200005200000000035-       \0068157","4042200541482164111478389680207003                    \0068157","4042200541482164111478389680207003                    \0068157","data/release_legacy/Censo.1960.amostra.25porcento.mg.gz","969804","969793","Identidade do grupo conferida por chave, especie, municipio, situacao e distrito do cartao, composicao de24campos e multiplicidades, com duas testemunhas pessoais exatas unicas naUF127. V21600/63 e atributos habitacionais divergentes permanecem como na127; nao copiar respostas25. Criterio revisto e evidencia preservada em fechamento_registros_1960_20260922."
"427050","427043","40422005414821643329109541692000200-                  \0068157","40422005414821643329109541692000200-                  \0068157","4042200541482164111478389680207003                    \0068157","4042200541482164111478389680207003                    \0068157","data/release_legacy/Censo.1960.amostra.25porcento.mg.gz","969799","969793","Identidade do grupo conferida por chave, especie, municipio, situacao e distrito do cartao, composicao de24campos e multiplicidades, com duas testemunhas pessoais exatas unicas naUF127. V21600/63 e atributos habitacionais divergentes permanecem como na127; nao copiar respostas25. Criterio revisto e evidencia preservada em fechamento_registros_1960_20260922."
"427051","427043","40422005414821643319006541692000-                     \0068157","40422005414821643319006541692000-                     \0068157","4042200541482164111478389680207003                    \0068157","4042200541482164111478389680207003                    \0068157","data/release_legacy/Censo.1960.amostra.25porcento.mg.gz","969802","969793","Identidade do grupo conferida por chave, especie, municipio, situacao e distrito do cartao, composicao de24campos e multiplicidades, com duas testemunhas pessoais exatas unicas naUF127. V21600/63 e atributos habitacionais divergentes permanecem como na127; nao copiar respostas25. Criterio revisto e evidencia preservada em fechamento_registros_1960_20260922."
"427052","427043","40422005414821643329105541692000311-                  \0068157","40422005414821643329105541692000311-                  \0068157","4042200541482164111478389680207003                    \0068157","4042200541482164111478389680207003                    \0068157","data/release_legacy/Censo.1960.amostra.25porcento.mg.gz","969800","969793","Identidade do grupo conferida por chave, especie, municipio, situacao e distrito do cartao, composicao de24campos e multiplicidades, com duas testemunhas pessoais exatas unicas naUF127. V21600/63 e atributos habitacionais divergentes permanecem como na127; nao copiar respostas25. Criterio revisto e evidencia preservada em fechamento_registros_1960_20260922."
"427053","427043","4042200541482164336411357169200005200000000035-       \0068157","4042200541482164336411357169200005200000000035-       \0068157","4042200541482164111478389680207003                    \0068157","4042200541482164111478389680207003                    \0068157","data/release_legacy/Censo.1960.amostra.25porcento.mg.gz","969803","969793","Identidade do grupo conferida por chave, especie, municipio, situacao e distrito do cartao, composicao de24campos e multiplicidades, com duas testemunhas pessoais exatas unicas naUF127. V21600/63 e atributos habitacionais divergentes permanecem como na127; nao copiar respostas25. Criterio revisto e evidencia preservada em fechamento_registros_1960_20260922."
"427054","427043","4042200541482164331911354169200005200000000035-       \0068157","4042200541482164331911354169200005200000000035-       \0068157","4042200541482164111478389680207003                    \0068157","4042200541482164111478389680207003                    \0068157","data/release_legacy/Censo.1960.amostra.25porcento.mg.gz","969797","969793","Identidade do grupo conferida por chave, especie, municipio, situacao e distrito do cartao, composicao de24campos e multiplicidades, com duas testemunhas pessoais exatas unicas naUF127. V21600/63 e atributos habitacionais divergentes permanecem como na127; nao copiar respostas25. Criterio revisto e evidencia preservada em fechamento_registros_1960_20260922."
"431444","434480","40423303416322243519102541692000-                     \0068836","40423303416322243519102541692000-                     \0068836","4042331341632224151578389680207004                    \0069284","4042331341632224151578389680207004                    \0069284","data/release_legacy/Censo.1960.amostra.25porcento.mg.gz","1071477","1071471","Identidade do grupo conferida por chave, especie, municipio, situacao e distrito do cartao, composicao de24campos e multiplicidades, com duas testemunhas pessoais exatas unicas naUF127. V21600/63 e atributos habitacionais divergentes permanecem como na127; nao copiar respostas25. Criterio revisto e evidencia preservada em fechamento_registros_1960_20260922."
"447507","447676","4043080742008177352911154169200004200000000035-       \0071278","4043080742008177352911154169200004200000000035-       \0071278","4043080942008177151578389680206004                    \0071304","4043080942008177151578389680206004                    \0071304","data/release_legacy/Censo.1960.amostra.25porcento.mg.gz","1341765","1341758","Identidade do grupo conferida por chave, especie, municipio, situacao e distrito do cartao, composicao de24campos e multiplicidades, com duas testemunhas pessoais exatas unicas naUF127. V21600/63 e atributos habitacionais divergentes permanecem como na127; nao copiar respostas25. Criterio revisto e evidencia preservada em fechamento_registros_1960_20260922."
"447508","447816","40430807420082013519108551692000311-                  \0071278","40430807420082013519108551692000311-                  \0071278","4043080942008201151598389680204003                    \0071328","4043080942008201151598389680204003                    \0071328","data/release_legacy/Censo.1960.amostra.25porcento.mg.gz","1341905","1341899","Identidade do grupo conferida por chave, especie, municipio, situacao e distrito do cartao, composicao de24campos e multiplicidades, com duas testemunhas pessoais exatas unicas naUF127. V21600/63 e atributos habitacionais divergentes permanecem como na127; nao copiar respostas25. Criterio revisto e evidencia preservada em fechamento_registros_1960_20260922."
"447509","447855","404308074200820835191125716920003110000000003332321200\0071278","404308074200820835191125716920003110000000003332321200\0071278","4043080942008208151598389680204002                    \0071335","4043080942008208151598389680204002                    \0071335","data/release_legacy/Censo.1960.amostra.25porcento.mg.gz","1341944","1341939","Identidade do grupo conferida por chave, especie, municipio, situacao e distrito do cartao, composicao de24campos e multiplicidades, com duas testemunhas pessoais exatas unicas naUF127. V21600/63 e atributos habitacionais divergentes permanecem como na127; nao copiar respostas25. Criterio revisto e evidencia preservada em fechamento_registros_1960_20260922."
"448410","448415","40431401420740703529103541692000-                     \0071420","40431401420740703529103541692000-                     \0071420","4043140342074070111478279680205002                    \0071421","4043140342074070111478279680205002                    \0071421","data/release_legacy/Censo.1960.amostra.25porcento.mg.gz","1386897","1386893","Cartao127 unico, 15 campos e distrito iguais ao cartao25; composicao integral e multiplicidades pessoais exatas, estrutura25 conferida. Preservar respostas e geografia pessoal; nao afirmar identidade civil."
"448411","448415","40431401420740703519106341692000311-                  \0071420","40431401420740703519106341692000311-                  \0071420","4043140342074070111478279680205002                    \0071421","4043140342074070111478279680205002                    \0071421","data/release_legacy/Censo.1960.amostra.25porcento.mg.gz","1386896","1386893","Cartao127 unico, 15 campos e distrito iguais ao cartao25; composicao integral e multiplicidades pessoais exatas, estrutura25 conferida. Preservar respostas e geografia pessoal; nao afirmar identidade civil."
"448412","448415","4043140142074070352812834169181631100749070334-       \0071420","4043140142074070352812834169181631100749070334-       \0071420","4043140342074070111478279680205002                    \0071421","4043140342074070111478279680205002                    \0071421","data/release_legacy/Censo.1960.amostra.25porcento.mg.gz","1386895","1386893","Cartao127 unico, 15 campos e distrito iguais ao cartao25; composicao integral e multiplicidades pessoais exatas, estrutura25 conferida. Preservar respostas e geografia pessoal; nao afirmar identidade civil."
"448413","448415","40431401420740703519004541692000-                     \0071420","40431401420740703519004541692000-                     \0071420","4043140342074070111478279680205002                    \0071421","4043140342074070111478279680205002                    \0071421","data/release_legacy/Censo.1960.amostra.25porcento.mg.gz","1386898","1386893","Cartao127 unico, 15 campos e distrito iguais ao cartao25; composicao integral e multiplicidades pessoais exatas, estrutura25 conferida. Preservar respostas e geografia pessoal; nao afirmar identidade civil."
"448414","448415","4043140142074070352211364289192831100000000034-       \0071420","4043140142074070352211364289192831100000000034-       \0071420","4043140342074070111478279680205002                    \0071421","4043140342074070111478279680205002                    \0071421","data/release_legacy/Censo.1960.amostra.25porcento.mg.gz","1386899","1386893","Cartao127 unico, 15 campos e distrito iguais ao cartao25; composicao integral e multiplicidades pessoais exatas, estrutura25 conferida. Preservar respostas e geografia pessoal; nao afirmar identidade civil."
"515131","515124","40461901436822113329103541692000-                     \0081717","40461901436822113329103541692000-                     \0081717","4046180143682211131478949570208004                    \0081717","4046180143682211131478949570208004                    \0081717","data/release_legacy/Censo.1960.amostra.25porcento.mg.gz","2459477","2459470","Identidade do grupo conferida por chave, especie, municipio, situacao e distrito do cartao, composicao de24campos e multiplicidades, com duas testemunhas pessoais exatas unicas naUF127. V21600/63 e atributos habitacionais divergentes permanecem como na127; nao copiar respostas25. Criterio revisto e evidencia preservada em fechamento_registros_1960_20260922."
"528763","528757","40480807441341253519107541692000000-                  \0083862","40480807441341253519107541692000000-                  \0083862","4048080744134125111580369680204002                    \0083862","4048080744134125111580369680204002                    \0083862","data/release_legacy/Censo.1960.amostra.25porcento.mg.gz","2763585","2763580","Cartao127 unico, 15 campos e distrito iguais ao cartao25; composicao integral e multiplicidades pessoais exatas, estrutura25 conferida. Preservar respostas e geografia pessoal; nao afirmar identidade civil."
"569740","570020","5252210152324048312911154099200008210000000035-       \0090019","5252210152324048312911154099200008210000000035-       \0090019","5252220152324048111478942579207003                    \0090071","5252220152324048111478942579207003                    \0090071","data/release_legacy/Censo.1960.amostra.25porcento.rj.gz","153689","153684","Identidade do grupo conferida por chave, especie, municipio, situacao e distrito do cartao, composicao de24campos e multiplicidades, com duas testemunhas pessoais exatas unicas naUF127. V21600/63 e atributos habitacionais divergentes permanecem como na127; nao copiar respostas25. Criterio revisto e evidencia preservada em fechamento_registros_1960_20260922."
"572024","572077","5252250152372136314911564099200004310000000035-       \0090360","5252250152372136314911564099200004310000000035-       \0090360","5252250352372136111480949570209003                    \0090371","5252250352372136111480949570209003                    \0090371","data/release_legacy/Censo.1960.amostra.25porcento.rj.gz","184261","184258","Identidade do grupo conferida por chave, especie, municipio, situacao e distrito do cartao, composicao de24campos e multiplicidades, com duas testemunhas pessoais exatas unicas naUF127. V21600/63 e atributos habitacionais divergentes permanecem como na127; nao copiar respostas25. Criterio revisto e evidencia preservada em fechamento_registros_1960_20260922."
"572028","572116","525225015237214331101135409920000520000000005363723356\0090361","525225015237214331101135409920000520000000005363723356\0090361","5252250352372143111578389680203001                    \0090377","5252250352372143111578389680203001                    \0090377","data/release_legacy/Censo.1960.amostra.25porcento.rj.gz","184304","184301","Identidade do grupo conferida por chave, especie, municipio, situacao e distrito do cartao, composicao de24campos e multiplicidades, com duas testemunhas pessoais exatas unicas naUF127. V21600/63 e atributos habitacionais divergentes permanecem como na127; nao copiar respostas25. Criterio revisto e evidencia preservada em fechamento_registros_1960_20260922."
"572033","572216","525225015237216035141307709920003110000000005332321166\0090363","525225015237216035141307709920003110000000005332321166\0090363","5252250352372160151598389680205002                    \0090392","5252250352372160151598389680205002                    \0090392","data/release_legacy/Censo.1960.amostra.25porcento.rj.gz","184410","184406","Identidade do grupo conferida por chave, especie, municipio, situacao e distrito do cartao, composicao de24campos e multiplicidades, com duas testemunhas pessoais exatas unicas naUF127. V21600/63 e atributos habitacionais divergentes permanecem como na127; nao copiar respostas25. Criterio revisto e evidencia preservada em fechamento_registros_1960_20260922."
"572034","572239","5252250152372164354813867099200031100636131334-       \0090363","5252250152372164354813867099200031100636131334-       \0090363","5252250352372164151598389680208004                    \0090396","5252250352372164151598389680208004                    \0090396","data/release_legacy/Censo.1960.amostra.25porcento.rj.gz","184432","184430","Identidade do grupo conferida por chave, especie, municipio, situacao e distrito do cartao, composicao de24campos e multiplicidades, com duas testemunhas pessoais exatas unicas naUF127. V21600/63 e atributos habitacionais divergentes permanecem como na127; nao copiar respostas25. Criterio revisto e evidencia preservada em fechamento_registros_1960_20260922."
"582380","582365","525270055275603631191175509920002000000000006332331206\0092162","525270055275603631191175509920002000000000006332331206\0092162","5252700552756036151578389680204002                    \0092162","5252700552756036151578389680204002                    \0092162","data/release_legacy/Censo.1960.amostra.25porcento.rj.gz","519605","519602","Identidade do grupo conferida por chave, especie, municipio, situacao e distrito do cartao, composicao de24campos e multiplicidades, com duas testemunhas pessoais exatas unicas naUF127. V21600/63 e atributos habitacionais divergentes permanecem como na127; nao copiar respostas25. Criterio revisto e evidencia preservada em fechamento_registros_1960_20260922."
"607607","607605","525311015336020235291215709920001821000000008357125137\0096498","525311015336020235291215709920001821000000008357125137\0096498","5253110153360202111484952570205002                    \0096498","5253110153360202111484952570205002                    \0096498","data/release_legacy/Censo.1960.amostra.25porcento.rj.gz","938445","938442","Identidade do grupo conferida por chave, especie, municipio, situacao e distrito do cartao, composicao de24campos e multiplicidades, com duas testemunhas pessoais exatas unicas naUF127. V21600/63 e atributos habitacionais divergentes permanecem como na127; nao copiar respostas25. Criterio revisto e evidencia preservada em fechamento_registros_1960_20260922."
"607609","607605","525311015336020235291245709920001721000000008357125137\0096498","525311015336020235291245709920001721000000008357125137\0096498","5253110153360202111484952570205002                    \0096498","5253110153360202111484952570205002                    \0096498","data/release_legacy/Censo.1960.amostra.25porcento.rj.gz","938444","938442","Identidade do grupo conferida por chave, especie, municipio, situacao e distrito do cartao, composicao de24campos e multiplicidades, com duas testemunhas pessoais exatas unicas naUF127. V21600/63 e atributos habitacionais divergentes permanecem como na127; nao copiar respostas25. Criterio revisto e evidencia preservada em fechamento_registros_1960_20260922."
"683254","683252","606234516094003431191325426920001732065102029366123156\0110852","606234516094003431191325426920001732065102029366123156\0110852","6062345160940034131478262570206003                    \0110852","6062345160940034131478262570206003                    \0110852","data/release_legacy/Censo.1960.amostra.25porcento.sp.gz","2011064","2011061","Identidade do grupo conferida por chave, especie, municipio, situacao e distrito do cartao, composicao de24campos e multiplicidades, com duas testemunhas pessoais exatas unicas naUF127. V21600/63 e atributos habitacionais divergentes permanecem como na127; nao copiar respostas25. Criterio revisto e evidencia preservada em fechamento_registros_1960_20260922."
"705974","705969","6060660162306138312813254269192631100646050534-       \0114912","6060660162306138312813254269192631100646050534-       \0114912","6060660162306138131478269570205003                    \0114912","6060660162306138131478269570205003                    \0114912","data/release_legacy/Censo.1960.amostra.25porcento.sp.gz","2884923","2884921","Cartao127 unico, 15 campos e distrito iguais ao cartao25; composicao integral e multiplicidades pessoais exatas, estrutura25 conferida. Preservar respostas e geografia pessoal; nao afirmar identidade civil."
"781679","781982","606327016403018835391165426920003110000000006332321206\0128365","606327016403018835391165426920003110000000006332321206\0128365","6063270364030188151598389680203002                    \0128417","6063270364030188151598389680203002                    \0128417","data/release_legacy/Censo.1960.amostra.25porcento.sp.gz","3986487","3986484","Identidade do grupo conferida por chave, especie, municipio, situacao e distrito do cartao, composicao de24campos e multiplicidades, com duas testemunhas pessoais exatas unicas naUF127. V21600/63 e atributos habitacionais divergentes permanecem como na127; nao copiar respostas25. Criterio revisto e evidencia preservada em fechamento_registros_1960_20260922."
"781680","781982","6063270164030188351911557269200014200000000031-       \0128365","6063270164030188351911557269200014200000000031-       \0128365","6063270364030188151598389680203002                    \0128417","6063270364030188151598389680203002                    \0128417","data/release_legacy/Censo.1960.amostra.25porcento.sp.gz","3986488","3986484","Identidade do grupo conferida por chave, especie, municipio, situacao e distrito do cartao, composicao de24campos e multiplicidades, com duas testemunhas pessoais exatas unicas naUF127. V21600/63 e atributos habitacionais divergentes permanecem como na127; nao copiar respostas25. Criterio revisto e evidencia preservada em fechamento_registros_1960_20260922."
"781681","781982","6063270164030188352815354269200031100638040234-       \0128365","6063270164030188352815354269200031100638040234-       \0128365","6063270364030188151598389680203002                    \0128417","6063270364030188151598389680203002                    \0128417","data/release_legacy/Censo.1960.amostra.25porcento.sp.gz","3986486","3986484","Identidade do grupo conferida por chave, especie, municipio, situacao e distrito do cartao, composicao de24campos e multiplicidades, com duas testemunhas pessoais exatas unicas naUF127. V21600/63 e atributos habitacionais divergentes permanecem como na127; nao copiar respostas25. Criterio revisto e evidencia preservada em fechamento_registros_1960_20260922."
"787028","787023","606378016422602331291175426909263110000000005391325176\0129290","606378016422602331291175426909263110000000005391325176\0129290","6063780164226023131482949570204002                    \0129290","6063780164226023131482949570204002                    \0129290","data/release_legacy/Censo.1960.amostra.25porcento.sp.gz","52430","52426","Identidade do grupo conferida por chave, especie, municipio, situacao e distrito do cartao, composicao de24campos e multiplicidades, com duas testemunhas pessoais exatas unicas naUF127. V21600/63 e atributos habitacionais divergentes permanecem como na127; nao copiar respostas25. Criterio revisto e evidencia preservada em fechamento_registros_1960_20260922."
"787029","787023","606378016422602331191215426909261420000000007332321166\0129290","606378016422602331191215426909261420000000007332321166\0129290","6063780164226023131482949570204002                    \0129290","6063780164226023131482949570204002                    \0129290","data/release_legacy/Censo.1960.amostra.25porcento.sp.gz","52429","52426","Identidade do grupo conferida por chave, especie, municipio, situacao e distrito do cartao, composicao de24campos e multiplicidades, com duas testemunhas pessoais exatas unicas naUF127. V21600/63 e atributos habitacionais divergentes permanecem como na127; nao copiar respostas25. Criterio revisto e evidencia preservada em fechamento_registros_1960_20260922."
"834735","835579","60664705656681213519105542692000311-                  \0137098","60664705656681213519105542692000311-                  \0137098","6066470765668121151498269680205002                    \0137221","6066470765668121151498269680205002                    \0137221","data/release_legacy/Censo.1960.amostra.25porcento.sp.gz","1010498","1010493","Identidade do grupo conferida por chave, especie, municipio, situacao e distrito do cartao, composicao de24campos e multiplicidades, com duas testemunhas pessoais exatas unicas naUF127. V21600/63 e atributos habitacionais divergentes permanecem como na127; nao copiar respostas25. Criterio revisto e evidencia preservada em fechamento_registros_1960_20260922."
"834736","835579","60664705656681213529102542692000-                     \0137098","60664705656681213529102542692000-                     \0137098","6066470765668121151498269680205002                    \0137221","6066470765668121151498269680205002                    \0137221","data/release_legacy/Censo.1960.amostra.25porcento.sp.gz","1010499","1010493","Identidade do grupo conferida por chave, especie, municipio, situacao e distrito do cartao, composicao de24campos e multiplicidades, com duas testemunhas pessoais exatas unicas naUF127. V21600/63 e atributos habitacionais divergentes permanecem como na127; nao copiar respostas25. Criterio revisto e evidencia preservada em fechamento_registros_1960_20260922."
"834737","835579","6066470565668121352813554269082616200644040434-       \0137098","6066470565668121352813554269082616200644040434-       \0137098","6066470765668121151498269680205002                    \0137221","6066470765668121151498269680205002                    \0137221","data/release_legacy/Censo.1960.amostra.25porcento.sp.gz","1010495","1010493","Identidade do grupo conferida por chave, especie, municipio, situacao e distrito do cartao, composicao de24campos e multiplicidades, com duas testemunhas pessoais exatas unicas naUF127. V21600/63 e atributos habitacionais divergentes permanecem como na127; nao copiar respostas25. Criterio revisto e evidencia preservada em fechamento_registros_1960_20260922."
"834738","835579","6066470565668121352911554269082615200000000034-       \0137098","6066470565668121352911554269082615200000000034-       \0137098","6066470765668121151498269680205002                    \0137221","6066470765668121151498269680205002                    \0137221","data/release_legacy/Censo.1960.amostra.25porcento.sp.gz","1010496","1010493","Identidade do grupo conferida por chave, especie, municipio, situacao e distrito do cartao, composicao de24campos e multiplicidades, com duas testemunhas pessoais exatas unicas naUF127. V21600/63 e atributos habitacionais divergentes permanecem como na127; nao copiar respostas25. Criterio revisto e evidencia preservada em fechamento_registros_1960_20260922."
"834739","835579","6066470565668121352911154269082605200000000035-       \0137098","6066470565668121352911154269082605200000000035-       \0137098","6066470765668121151498269680205002                    \0137221","6066470765668121151498269680205002                    \0137221","data/release_legacy/Censo.1960.amostra.25porcento.sp.gz","1010497","1010493","Identidade do grupo conferida por chave, especie, municipio, situacao e distrito do cartao, composicao de24campos e multiplicidades, com duas testemunhas pessoais exatas unicas naUF127. V21600/63 e atributos habitacionais divergentes permanecem como na127; nao copiar respostas25. Criterio revisto e evidencia preservada em fechamento_registros_1960_20260922."
"835034","835585","6066470565668163352813554269082611100642030334-       \0137139","6066470565668163352813554269082611100642030334-       \0137139","6066470765668163151478289680204002                    \0137222","6066470765668163151478289680204002                    \0137222","data/release_legacy/Censo.1960.amostra.25porcento.sp.gz","1010803","1010801","Identidade do grupo conferida por chave, especie, municipio, situacao e distrito do cartao, composicao de24campos e multiplicidades, com duas testemunhas pessoais exatas unicas naUF127. V21600/63 e atributos habitacionais divergentes permanecem como na127; nao copiar respostas25. Criterio revisto e evidencia preservada em fechamento_registros_1960_20260922."
"835035","835585","6066470565668163351911054269082606200000000035-       \0137139","6066470565668163351911054269082606200000000035-       \0137139","6066470765668163151478289680204002                    \0137222","6066470765668163151478289680204002                    \0137222","data/release_legacy/Censo.1960.amostra.25porcento.sp.gz","1010806","1010801","Identidade do grupo conferida por chave, especie, municipio, situacao e distrito do cartao, composicao de24campos e multiplicidades, com duas testemunhas pessoais exatas unicas naUF127. V21600/63 e atributos habitacionais divergentes permanecem como na127; nao copiar respostas25. Criterio revisto e evidencia preservada em fechamento_registros_1960_20260922."
"835036","835585","6066470565668163352911254269082606200000000035-       \0137139","6066470565668163352911254269082606200000000035-       \0137139","6066470765668163151478289680204002                    \0137222","6066470765668163151478289680204002                    \0137222","data/release_legacy/Censo.1960.amostra.25porcento.sp.gz","1010805","1010801","Identidade do grupo conferida por chave, especie, municipio, situacao e distrito do cartao, composicao de24campos e multiplicidades, com duas testemunhas pessoais exatas unicas naUF127. V21600/63 e atributos habitacionais divergentes permanecem como na127; nao copiar respostas25. Criterio revisto e evidencia preservada em fechamento_registros_1960_20260922."
"835037","835585","606647056566816335291175426908261721000000003332321160\0137139","606647056566816335291175426908261721000000003332321160\0137139","6066470765668163151478289680204002                    \0137222","6066470765668163151478289680204002                    \0137222","data/release_legacy/Censo.1960.amostra.25porcento.sp.gz","1010804","1010801","Identidade do grupo conferida por chave, especie, municipio, situacao e distrito do cartao, composicao de24campos e multiplicidades, com duas testemunhas pessoais exatas unicas naUF127. V21600/63 e atributos habitacionais divergentes permanecem como na127; nao copiar respostas25. Criterio revisto e evidencia preservada em fechamento_registros_1960_20260922."
"835280","835600","606647056566820135191158626907261520000000003332321200\0137174","606647056566820135191158626907261520000000003332321200\0137174","6066470765668201151498269670206003                    \0137225","6066470765668201151498269670206003                    \0137225","data/release_legacy/Censo.1960.amostra.25porcento.sp.gz","1011068","1011062","Identidade do grupo conferida por chave, especie, municipio, situacao e distrito do cartao, composicao de24campos e multiplicidades, com duas testemunhas pessoais exatas unicas naUF127. V21600/63 e atributos habitacionais divergentes permanecem como na127; nao copiar respostas25. Criterio revisto e evidencia preservada em fechamento_registros_1960_20260922."
"835281","835600","6066470565668201352814386761072615200634111034-       \0137174","6066470565668201352814386761072615200634111034-       \0137174","6066470765668201151498269670206003                    \0137225","6066470765668201151498269670206003                    \0137225","data/release_legacy/Censo.1960.amostra.25porcento.sp.gz","1011064","1011062","Identidade do grupo conferida por chave, especie, municipio, situacao e distrito do cartao, composicao de24campos e multiplicidades, com duas testemunhas pessoais exatas unicas naUF127. V21600/63 e atributos habitacionais divergentes permanecem como na127; nao copiar respostas25. Criterio revisto e evidencia preservada em fechamento_registros_1960_20260922."
"835282","835600","60664705656682013529108862690726142-                  \0137174","60664705656682013529108862690726142-                  \0137174","6066470765668201151498269670206003                    \0137225","6066470765668201151498269670206003                    \0137225","data/release_legacy/Censo.1960.amostra.25porcento.sp.gz","1011071","1011062","Identidade do grupo conferida por chave, especie, municipio, situacao e distrito do cartao, composicao de24campos e multiplicidades, com duas testemunhas pessoais exatas unicas naUF127. V21600/63 e atributos habitacionais divergentes permanecem como na127; nao copiar respostas25. Criterio revisto e evidencia preservada em fechamento_registros_1960_20260922."
"835283","835600","60664705656682013519106862690726311-                  \0137174","60664705656682013519106862690726311-                  \0137174","6066470765668201151498269670206003                    \0137225","6066470765668201151498269670206003                    \0137225","data/release_legacy/Censo.1960.amostra.25porcento.sp.gz","1011072","1011062","Identidade do grupo conferida por chave, especie, municipio, situacao e distrito do cartao, composicao de24campos e multiplicidades, com duas testemunhas pessoais exatas unicas naUF127. V21600/63 e atributos habitacionais divergentes permanecem como na127; nao copiar respostas25. Criterio revisto e evidencia preservada em fechamento_registros_1960_20260922."
"835284","835600","606647056566820135191228626907261520000000003332321200\0137174","606647056566820135191228626907261520000000003332321200\0137174","6066470765668201151498269670206003                    \0137225","6066470765668201151498269670206003                    \0137225","data/release_legacy/Censo.1960.amostra.25porcento.sp.gz","1011065","1011062","Identidade do grupo conferida por chave, especie, municipio, situacao e distrito do cartao, composicao de24campos e multiplicidades, com duas testemunhas pessoais exatas unicas naUF127. V21600/63 e atributos habitacionais divergentes permanecem como na127; nao copiar respostas25. Criterio revisto e evidencia preservada em fechamento_registros_1960_20260922."
"835285","835600","6066470565668201352911086269072614200000000034-       \0137174","6066470565668201352911086269072614200000000034-       \0137174","6066470765668201151498269670206003                    \0137225","6066470765668201151498269670206003                    \0137225","data/release_legacy/Censo.1960.amostra.25porcento.sp.gz","1011070","1011062","Identidade do grupo conferida por chave, especie, municipio, situacao e distrito do cartao, composicao de24campos e multiplicidades, com duas testemunhas pessoais exatas unicas naUF127. V21600/63 e atributos habitacionais divergentes permanecem como na127; nao copiar respostas25. Criterio revisto e evidencia preservada em fechamento_registros_1960_20260922."
"835286","835600","606647056566820135291128626907261620000000003332321200\0137174","606647056566820135291128626907261620000000003332321200\0137174","6066470765668201151498269670206003                    \0137225","6066470765668201151498269670206003                    \0137225","data/release_legacy/Censo.1960.amostra.25porcento.sp.gz","1011069","1011062","Identidade do grupo conferida por chave, especie, municipio, situacao e distrito do cartao, composicao de24campos e multiplicidades, com duas testemunhas pessoais exatas unicas naUF127. V21600/63 e atributos habitacionais divergentes permanecem como na127; nao copiar respostas25. Criterio revisto e evidencia preservada em fechamento_registros_1960_20260922."
"835287","835600","606647056566820135191198626907261520000000003332321200\0137174","606647056566820135191198626907261520000000003332321200\0137174","6066470765668201151498269670206003                    \0137225","6066470765668201151498269670206003                    \0137225","data/release_legacy/Censo.1960.amostra.25porcento.sp.gz","1011066","1011062","Identidade do grupo conferida por chave, especie, municipio, situacao e distrito do cartao, composicao de24campos e multiplicidades, com duas testemunhas pessoais exatas unicas naUF127. V21600/63 e atributos habitacionais divergentes permanecem como na127; nao copiar respostas25. Criterio revisto e evidencia preservada em fechamento_registros_1960_20260922."
"835355","835604","606647056566821235191218626920001420000000009385126127\0137184","606647056566821235191218626920001420000000009385126127\0137184","6066470765668212151498269670206003                    \0137226","6066470765668212151498269670206003                    \0137226","data/release_legacy/Censo.1960.amostra.25porcento.sp.gz","1011144","1011141","Identidade do grupo conferida por chave, especie, municipio, situacao e distrito do cartao, composicao de24campos e multiplicidades, com duas testemunhas pessoais exatas unicas naUF127. V21600/63 e atributos habitacionais divergentes permanecem como na127; nao copiar respostas25. Criterio revisto e evidencia preservada em fechamento_registros_1960_20260922."
"835356","835604","6066470565668212352911586269200017210000000034-       \0137184","6066470565668212352911586269200017210000000034-       \0137184","6066470765668212151498269670206003                    \0137226","6066470765668212151498269670206003                    \0137226","data/release_legacy/Censo.1960.amostra.25porcento.sp.gz","1011147","1011141","Identidade do grupo conferida por chave, especie, municipio, situacao e distrito do cartao, composicao de24campos e multiplicidades, com duas testemunhas pessoais exatas unicas naUF127. V21600/63 e atributos habitacionais divergentes permanecem como na127; nao copiar respostas25. Criterio revisto e evidencia preservada em fechamento_registros_1960_20260922."
"835357","835604","606647056566821235191198626920001520000000007332321207\0137184","606647056566821235191198626920001520000000007332321207\0137184","6066470765668212151498269670206003                    \0137226","6066470765668212151498269670206003                    \0137226","data/release_legacy/Censo.1960.amostra.25porcento.sp.gz","1011145","1011141","Identidade do grupo conferida por chave, especie, municipio, situacao e distrito do cartao, composicao de24campos e multiplicidades, com duas testemunhas pessoais exatas unicas naUF127. V21600/63 e atributos habitacionais divergentes permanecem como na127; nao copiar respostas25. Criterio revisto e evidencia preservada em fechamento_registros_1960_20260922."
"835358","835604","60664705656682123529108862692000000-                  \0137184","60664705656682123529108862692000000-                  \0137184","6066470765668212151498269670206003                    \0137226","6066470765668212151498269670206003                    \0137226","data/release_legacy/Censo.1960.amostra.25porcento.sp.gz","1011150","1011141","Identidade do grupo conferida por chave, especie, municipio, situacao e distrito do cartao, composicao de24campos e multiplicidades, com duas testemunhas pessoais exatas unicas naUF127. V21600/63 e atributos habitacionais divergentes permanecem como na127; nao copiar respostas25. Criterio revisto e evidencia preservada em fechamento_registros_1960_20260922."
"835359","835604","60664705656682123519106862692000311-                  \0137184","60664705656682123519106862692000311-                  \0137184","6066470765668212151498269670206003                    \0137226","6066470765668212151498269670206003                    \0137226","data/release_legacy/Censo.1960.amostra.25porcento.sp.gz","1011151","1011141","Identidade do grupo conferida por chave, especie, municipio, situacao e distrito do cartao, composicao de24campos e multiplicidades, com duas testemunhas pessoais exatas unicas naUF127. V21600/63 e atributos habitacionais divergentes permanecem como na127; nao copiar respostas25. Criterio revisto e evidencia preservada em fechamento_registros_1960_20260922."
"835360","835604","60664705656682123529101862692000-                     \0137184","60664705656682123529101862692000-                     \0137184","6066470765668212151498269670206003                    \0137226","6066470765668212151498269670206003                    \0137226","data/release_legacy/Censo.1960.amostra.25porcento.sp.gz","1011152","1011141","Identidade do grupo conferida por chave, especie, municipio, situacao e distrito do cartao, composicao de24campos e multiplicidades, com duas testemunhas pessoais exatas unicas naUF127. V21600/63 e atributos habitacionais divergentes permanecem como na127; nao copiar respostas25. Criterio revisto e evidencia preservada em fechamento_registros_1960_20260922."
"835361","835604","606647056566821235191138626920001721000000005332321206\0137184","606647056566821235191138626920001721000000005332321206\0137184","6066470765668212151498269670206003                    \0137226","6066470765668212151498269670206003                    \0137226","data/release_legacy/Censo.1960.amostra.25porcento.sp.gz","1011148","1011141","Identidade do grupo conferida por chave, especie, municipio, situacao e distrito do cartao, composicao de24campos e multiplicidades, com duas testemunhas pessoais exatas unicas naUF127. V21600/63 e atributos habitacionais divergentes permanecem como na127; nao copiar respostas25. Criterio revisto e evidencia preservada em fechamento_registros_1960_20260922."
"835362","835604","606647056566821235191178626920001721000000006332321207\0137184","606647056566821235191178626920001721000000006332321207\0137184","6066470765668212151498269670206003                    \0137226","6066470765668212151498269670206003                    \0137226","data/release_legacy/Censo.1960.amostra.25porcento.sp.gz","1011146","1011141","Identidade do grupo conferida por chave, especie, municipio, situacao e distrito do cartao, composicao de24campos e multiplicidades, com duas testemunhas pessoais exatas unicas naUF127. V21600/63 e atributos habitacionais divergentes permanecem como na127; nao copiar respostas25. Criterio revisto e evidencia preservada em fechamento_registros_1960_20260922."
"835363","835604","6066470565668212351911086269200005200000000035-       \0137184","6066470565668212351911086269200005200000000035-       \0137184","6066470765668212151498269670206003                    \0137226","6066470765668212151498269670206003                    \0137226","data/release_legacy/Censo.1960.amostra.25porcento.sp.gz","1011149","1011141","Identidade do grupo conferida por chave, especie, municipio, situacao e distrito do cartao, composicao de24campos e multiplicidades, com duas testemunhas pessoais exatas unicas naUF127. V21600/63 e atributos habitacionais divergentes permanecem como na127; nao copiar respostas25. Criterio revisto e evidencia preservada em fechamento_registros_1960_20260922."
"835474","835619","6066470565668232352813854269092631100847060434-       \0137202","6066470565668232352813854269092631100847060434-       \0137202","6066470765668232151498289580206003                    \0137228","6066470765668232151498289580206003                    \0137228","data/release_legacy/Censo.1960.amostra.25porcento.sp.gz","1011277","1011275","Identidade do grupo conferida por chave, especie, municipio, situacao e distrito do cartao, composicao de24campos e multiplicidades, com duas testemunhas pessoais exatas unicas naUF127. V21600/63 e atributos habitacionais divergentes permanecem como na127; nao copiar respostas25. Criterio revisto e evidencia preservada em fechamento_registros_1960_20260922."
"835475","835619","606647056566823235291155426920003110000000005332321167\0137202","606647056566823235291155426920003110000000005332321167\0137202","6066470765668232151498289580206003                    \0137228","6066470765668232151498289580206003                    \0137228","data/release_legacy/Censo.1960.amostra.25porcento.sp.gz","1011280","1011275","Identidade do grupo conferida por chave, especie, municipio, situacao e distrito do cartao, composicao de24campos e multiplicidades, com duas testemunhas pessoais exatas unicas naUF127. V21600/63 e atributos habitacionais divergentes permanecem como na127; nao copiar respostas25. Criterio revisto e evidencia preservada em fechamento_registros_1960_20260922."
"835476","835619","606647056566823235191175426920003110000000005332321167\0137202","606647056566823235191175426920003110000000005332321167\0137202","6066470765668232151498289580206003                    \0137228","6066470765668232151498289580206003                    \0137228","data/release_legacy/Censo.1960.amostra.25porcento.sp.gz","1011279","1011275","Identidade do grupo conferida por chave, especie, municipio, situacao e distrito do cartao, composicao de24campos e multiplicidades, com duas testemunhas pessoais exatas unicas naUF127. V21600/63 e atributos habitacionais divergentes permanecem como na127; nao copiar respostas25. Criterio revisto e evidencia preservada em fechamento_registros_1960_20260922."
"835477","835619","606647056566823235191175426920001420000000005332321167\0137202","606647056566823235191175426920001420000000005332321167\0137202","6066470765668232151498289580206003                    \0137228","6066470765668232151498289580206003                    \0137228","data/release_legacy/Censo.1960.amostra.25porcento.sp.gz","1011278","1011275","Identidade do grupo conferida por chave, especie, municipio, situacao e distrito do cartao, composicao de24campos e multiplicidades, com duas testemunhas pessoais exatas unicas naUF127. V21600/63 e atributos habitacionais divergentes permanecem como na127; nao copiar respostas25. Criterio revisto e evidencia preservada em fechamento_registros_1960_20260922."
"887254","888705","71724Z0771038214352911054199200031100000000034-       \0145605","71724Z0771038214352911054199200031100000000034-       \0145605","7172400771038214151578279680203002                    \0145820","7172400771038214151578279680203002                    \0145820","data/release_legacy/Censo.1960.amostra.25porcento.pr.gz","708697","708692","Cartao127 unico, 15 campos e distrito iguais ao cartao25; composicao integral e multiplicidades pessoais exatas, estrutura25 conferida. Preservar respostas e geografia pessoal; nao afirmar identidade civil."
"893169","893337","7172480171162209312814004351082631100663990434-       \0146541","7172480171162209312814004351082631100663990434-       \0146541","7172480371162209111478269670206004                    \0146570","7172480371162209111478269670206004                    \0146570","data/release_legacy/Censo.1960.amostra.25porcento.pr.gz","801071","801069","Identidade do grupo conferida por chave, especie, municipio, situacao e distrito do cartao, composicao de24campos e multiplicidades, com duas testemunhas pessoais exatas unicas naUF127. V21600/63 e atributos habitacionais divergentes permanecem como na127; nao copiar respostas25. Criterio revisto e evidencia preservada em fechamento_registros_1960_20260922."
"893907","893905","7172530171230087352911354199200008210000000035-       \0146664","7172530171230087352911354199200008210000000035-       \0146664","7172530171230087131478269570208003                    \0146664","7172530171230087131478269570208003                    \0146664","data/release_legacy/Censo.1960.amostra.25porcento.pr.gz","854021","854018","Identidade do grupo conferida por chave, especie, municipio, situacao e distrito do cartao, composicao de24campos e multiplicidades, com duas testemunhas pessoais exatas unicas naUF127. V21600/63 e atributos habitacionais divergentes permanecem como na127; nao copiar respostas25. Criterio revisto e evidencia preservada em fechamento_registros_1960_20260922."
"916857","917375","717345017185224435141855412918121110000000005332321166\0150243","717345017185224435141855412918121110000000005332321166\0150243","7173450371852244151478389680203001                    \0150305","7173450371852244151478389680203001                    \0150305","data/release_legacy/Censo.1960.amostra.25porcento.pr.gz","1301238","1301233","Identidade do grupo conferida por chave, especie, municipio, situacao e distrito do cartao, composicao de24campos e multiplicidades, com duas testemunhas pessoais exatas unicas naUF127. V21600/63 e atributos habitacionais divergentes permanecem como na127; nao copiar respostas25. Criterio revisto e evidencia preservada em fechamento_registros_1960_20260922."
"916858","917375","717345017185224435141245419920001620000000005332321166\0150243","717345017185224435141245419920001620000000005332321166\0150243","7173450371852244151478389680203001                    \0150305","7173450371852244151478389680203001                    \0150305","data/release_legacy/Censo.1960.amostra.25porcento.pr.gz","1301239","1301233","Identidade do grupo conferida por chave, especie, municipio, situacao e distrito do cartao, composicao de24campos e multiplicidades, com duas testemunhas pessoais exatas unicas naUF127. V21600/63 e atributos habitacionais divergentes permanecem como na127; nao copiar respostas25. Criterio revisto e evidencia preservada em fechamento_registros_1960_20260922."
"951434","993245","81800605824021013519103542492000-                     \0155539","81800605824021013519103542492000-                     \0155539","8183060582402101151498389670203002                    \0162581","8183060582402101151498389670203002                    \0162581","data/release_legacy/Censo.1960.amostra.25porcento.rs.gz","927279","927272","Cartao127 unico, 15 campos e distrito iguais ao cartao25; composicao integral e multiplicidades pessoais exatas, estrutura25 conferida. Preservar respostas e geografia pessoal; nao afirmar identidade civil."
"951435","993256","81800605824021033529106572492000311-                  \0155539","81800605824021033529106572492000311-                  \0155539","8183060582402103151498389680202001                    \0162583","8183060582402103151498389680202001                    \0162583","data/release_legacy/Censo.1960.amostra.25porcento.rs.gz","927287","927284","Cartao127 unico, 15 campos e distrito iguais ao cartao25; composicao integral e multiplicidades pessoais exatas, estrutura25 conferida. Preservar respostas e geografia pessoal; nao afirmar identidade civil."
"1032412","1032728","9191310191052194352811457159200015200759000034-       \0168852","9191310191052194352811457159200015200759000034-       \0168852","9191310591052194111578389680202001                    \0168903","9191310591052194111578389680202001                    \0168903","data/release_legacy/Censo.1960.amostra.25porcento.mt.gz","30748","30746","Cartao127 unico, 15 campos e distrito iguais ao cartao25; composicao integral e multiplicidades pessoais exatas, estrutura25 conferida. Preservar respostas e geografia pessoal; nao afirmar identidade civil."
"1032413","1032733","919131019105219635191206426915261431000000009398121136\0168852","919131019105219635191206426915261431000000009398121136\0168852","9191310591052196151498369570210003                    \0168905","9191310591052196151498369570210003                    \0168905","data/release_legacy/Censo.1960.amostra.25porcento.mt.gz","30755","30752","Identidade do grupo conferida por chave, especie, municipio, situacao e distrito do cartao, composicao de24campos e multiplicidades, com duas testemunhas pessoais exatas unicas naUF127. V21600/63 e atributos habitacionais divergentes permanecem como na127; nao copiar respostas25. Criterio revisto e evidencia preservada em fechamento_registros_1960_20260922."
"1032414","1032733","9191310191052196352814267269152615200732090434-       \0168852","9191310191052196352814267269152615200732090434-       \0168852","9191310591052196151498369570210003                    \0168905","9191310591052196151498369570210003                    \0168905","data/release_legacy/Censo.1960.amostra.25porcento.mt.gz","30754","30752","Identidade do grupo conferida por chave, especie, municipio, situacao e distrito do cartao, composicao de24campos e multiplicidades, com duas testemunhas pessoais exatas unicas naUF127. V21600/63 e atributos habitacionais divergentes permanecem como na127; nao copiar respostas25. Criterio revisto e evidencia preservada em fechamento_registros_1960_20260922."
"1036665","1036662","9191700391208102352813854159200016200742090834-       \0169493","9191700391208102352813854159200016200742090834-       \0169493","9191700391208102111478379680204003                    \0169493","9191700391208102111478379680204003                    \0169493","data/release_legacy/Censo.1960.amostra.25porcento.mt.gz","133543","133541","Identidade do grupo conferida por chave, especie, municipio, situacao e distrito do cartao, composicao de24campos e multiplicidades, com duas testemunhas pessoais exatas unicas naUF127. V21600/63 e atributos habitacionais divergentes permanecem como na127; nao copiar respostas25. Criterio revisto e evidencia preservada em fechamento_registros_1960_20260922."
"1044553","1044551","9494210394108145352814257119200014200644090734-       \0170684","9494210394108145352814257119200014200644090734-       \0170684","9494210394108145111478389680210003                    \0170684","9494210394108145111478389680210003                    \0170684","data/release_legacy/Censo.1960.amostra.25porcento.go.gz","23586","23584","Identidade do grupo conferida por chave, especie, municipio, situacao e distrito do cartao, composicao de24campos e multiplicidades, com duas testemunhas pessoais exatas unicas naUF127. V21600/63 e atributos habitacionais divergentes permanecem como na127; nao copiar respostas25. Criterio revisto e evidencia preservada em fechamento_registros_1960_20260922."
"1044622","1044612","949421039410815431541325468120001721075801010344122566\0170693","949421039410815431541325468120001721075801010344122566\0170693","9494210394108154131478389680206002                    \0170693","9494210394108154131478389680206002                    \0170693","data/release_legacy/Censo.1960.amostra.25porcento.go.gz","23648","23645","Identidade do grupo conferida por chave, especie, municipio, situacao e distrito do cartao, composicao de24campos e multiplicidades, com duas testemunhas pessoais exatas unicas naUF127. V21600/63 e atributos habitacionais divergentes permanecem como na127; nao copiar respostas25. Criterio revisto e evidencia preservada em fechamento_registros_1960_20260922."
"1070031","1070026","9496420194820090312216054159081531100000000034-       \0174623","9496420194820090312216054159081531100000000034-       \0174623","9496420194820090151478389680203001                    \0174623","9496420194820090151478389680203001                    \0174623","data/release_legacy/Censo.1960.amostra.25porcento.go.gz","531522","531520","Identidade do grupo conferida por chave, especie, municipio, situacao e distrito do cartao, composicao de24campos e multiplicidades, com duas testemunhas pessoais exatas unicas naUF127. V21600/63 e atributos habitacionais divergentes permanecem como na127; nao copiar respostas25. Criterio revisto e evidencia preservada em fechamento_registros_1960_20260922."
"1070140","1070136","94964201948201083129104571190211-                     \0174641","94964201948201083129104571190211-                     \0174641","9496420194820108151478389680203001                    \0174641","9496420194820108151478389680203001                    \0174641","data/release_legacy/Censo.1960.amostra.25porcento.go.gz","531634","531629","Cartao127 unico, 15 campos e distrito iguais ao cartao25; composicao integral e multiplicidades pessoais exatas, estrutura25 conferida. Preservar respostas e geografia pessoal; nao afirmar identidade civil."
"1070202","1070200","9496420194820116312812954119121131100960000034-       \0174649","9496420194820116312812954119121131100960000034-       \0174649","9496420194820116151498389680205001                    \0174649","9496420194820116151498389680205001                    \0174649","data/release_legacy/Censo.1960.amostra.25porcento.go.gz","531695","531693","Cartao127 unico, 15 campos e distrito iguais ao cartao25; composicao integral e multiplicidades pessoais exatas, estrutura25 conferida. Preservar respostas e geografia pessoal; nao afirmar identidade civil."
"1070286","1070282","94964201948201303129107571191811311-                  \0174663","94964201948201303129107571191811311-                  \0174663","9496420194820130151478389680203001                    \0174663","9496420194820130151478389680203001                    \0174663","data/release_legacy/Censo.1960.amostra.25porcento.go.gz","531779","531775","Cartao127 unico, 15 campos e distrito iguais ao cartao25; composicao integral e multiplicidades pessoais exatas, estrutura25 conferida. Preservar respostas e geografia pessoal; nao afirmar identidade civil."
"1070413","1070403","9496420194820148312911574119200014200000000034-       \0174681","9496420194820148312911574119200014200000000034-       \0174681","9496420194820148151478389680204002                    \0174681","9496420194820148151478389680204002                    \0174681","data/release_legacy/Censo.1960.amostra.25porcento.go.gz","531902","531896","Identidade do grupo conferida por chave, especie, municipio, situacao e distrito do cartao, composicao de24campos e multiplicidades, com duas testemunhas pessoais exatas unicas naUF127. V21600/63 e atributos habitacionais divergentes permanecem como na127; nao copiar respostas25. Criterio revisto e evidencia preservada em fechamento_registros_1960_20260922."
"887256","887255","71724Z077103821625171215419920003110096000005332321207\0145606","71724Z077103821625171215419920003110096000005332321207\0145606","71724Z0771038216151598279680202001                    \0145606","71724Z0771038216151598279680202001                    \0145606","data/release_legacy/Censo.1960.amostra.25porcento.pr.gz","708707","708706","Grupo completo de tres pessoas e cartao unico; distrito 07, situacao 5 e chave 71038/216 concordantes. Perfil pessoal exato, demais campos familiares exatos. V116 bruto 724Z permanece anulado; municipio derivado 7240 tem prova separada em 1960_amostra_127_geografia_fonte25.json."
"888718","887255","717240077103821635121155419920001420000000003332321200\0145821","717240077103821635121155419920001420000000003332321200\0145821","71724Z0771038216151598279680202001                    \0145606","71724Z0771038216151598279680202001                    \0145606","data/release_legacy/Censo.1960.amostra.25porcento.pr.gz","708709","708706","Grupo completo de tres pessoas e cartao unico; distrito 07, situacao 5 e chave 71038/216 concordantes. Perfil pessoal concordante nos demais 24 campos; diferenca V216 00/63 preservada, nao declarada equivalente. Cartao com municipio danificado 724Z; derivacao 7240 tem prova separada em 1960_amostra_127_geografia_fonte25.json."
"888719","887255","7172400771038216352811854199200031100960000034-       \0145821","7172400771038216352811854199200031100960000034-       \0145821","71724Z0771038216151598279680202001                    \0145606","71724Z0771038216151598279680202001                    \0145606","data/release_legacy/Censo.1960.amostra.25porcento.pr.gz","708708","708706","Grupo completo de tres pessoas e cartao unico; distrito 07, situacao 5 e chave 71038/216 concordantes. Perfil pessoal exato, demais campos familiares exatos. Cartao com municipio danificado 724Z; derivacao 7240 tem prova separada em 1960_amostra_127_geografia_fonte25.json."
