dataset,coluna,tipo_atual,tipo_alvo,n,nonnum,frac,lz,mn,mx
1960_households,V001,int32,int32,3066365,0,0,0,14002,97076
1960_households,V002,int32,int32,3066365,0,0,0,1,997
1960_households,V003,int32,int32,3066365,0,0,0,1,1
1960_households,V004,int32,int32,3066365,0,0,0,0,9
1960_households,V100,int32,int32,3066365,0,0,0,1,49
1960_households,V101,int32,int32,3097328,0,0,0,1,9
1960_households,V102,int32,int32,2884996,0,0,0,4,7
1960_households,V103,int32,int32,2883738,0,0,0,0,9
1960_households,V104,int32,int32,2883738,0,0,0,0,9
1960_households,V105,int32,int32,2883736,0,0,0,0,9
1960_households,V106,int32,int32,2883735,0,0,0,4,9
1960_households,V107,int32,int32,2883738,0,0,0,0,9
1960_households,V108,int32,int32,2883738,0,0,0,5,7
1960_households,V109,int32,int32,2883737,0,0,0,7,9
1960_households,V110,int32,int32,2883738,0,0,0,0,9
1960_households,V111,int32,int32,2883738,0,0,0,1,3
1960_households,V112,int32,int32,2883737,0,0,0,0,36
1960_households,V113,int32,int32,2883738,0,0,0,0,19
1960_households,V116,double,int32,3097328,0,0,0,11,9700
1960_households,V117,int32,int32,3066365,0,0,0,1,95
1960_households,V118,int32,int32,3097328,0,0,0,1,5
1960_households,abbrev_state,string,string,3079623,3079623,0,0,,
1960_households,censobr_diag_households,int32,int32,30963,0,0,0,2,3
1960_households,censobr_diag_households_vars,string,string,4,4,0,0,,
1960_households,censobr_estrato,double,int32,3079623,0,0,0,0,5300108
1960_households,censobr_idhousehold,double,int32,3097328,0,0,0,1,3097328
1960_households,censobr_ndwellers,int32,int32,3097328,0,0,0,0,49
1960_households,censobr_nfamilies,int32,int32,3097204,0,0,0,1,3
1960_households,censobr_source,double,int32,3097328,0,0,0,1,2
1960_households,censobr_upa,double,int32,3097328,0,0,0,11,3094185
1960_households,censobr_urban,double,int32,3097328,0,0,0,0,1
1960_households,censobr_usa,double,int32,3097328,0,0,0,1,3097328
1960_households,censobr_weight,double,double,3097328,0,3078549,0,0.407881269191402,138.897180762852
1960_households,code_muni_1960,double,int32,3048660,0,0,0,2000107,5300108
1960_households,code_region,double,int32,3079623,0,0,0,1,5
1960_households,code_state,double,int32,3097328,0,0,0,11,99
1960_households,min_id,double,int32,3097328,0,0,0,1,1
1960_households,name_muni,string,string,3047502,3047502,0,0,,
1960_households,name_region,string,string,3079623,3079623,0,0,,
1960_households,name_state,string,string,3097328,3097328,0,0,,
1960_households,uf,double,int32,3097328,0,0,0,0,97
1960_population,V001,int32,int32,14983769,0,0,0,14002,97076
1960_population,V002,int32,int32,14983769,0,0,0,1,997
1960_population,V003,int32,int32,14983769,0,0,0,1,49
1960_population,V004,int32,int32,14978398,0,0,0,0,9
1960_population,V100,int32,int32,14983769,0,0,0,1,49
1960_population,V101,int32,int32,15145824,0,0,0,1,9
1960_population,V102,int32,int32,14884721,0,0,0,4,7
1960_population,V103,int32,int32,14881913,0,0,0,0,9
1960_population,V104,int32,int32,14881913,0,0,0,0,9
1960_population,V105,int32,int32,14881909,0,0,0,0,9
1960_population,V106,int32,int32,14881901,0,0,0,4,9
1960_population,V107,int32,int32,14881913,0,0,0,0,9
1960_population,V108,int32,int32,14881913,0,0,0,5,7
1960_population,V109,int32,int32,14881908,0,0,0,7,9
1960_population,V110,int32,int32,14881913,0,0,0,0,9
1960_population,V111,int32,int32,14881913,0,0,0,1,3
1960_population,V112,int32,int32,14881912,0,0,0,0,36
1960_population,V113,int32,int32,14881913,0,0,0,0,19
1960_population,V116,double,int32,15145824,0,0,0,11,9700
1960_population,V117,int32,int32,14983769,0,0,0,1,95
1960_population,V118,int32,int32,15145824,0,0,0,1,5
1960_population,V200,int32,int32,14983769,0,0,0,1,49
1960_population,V201,int32,int32,14978398,0,0,0,0,9
1960_population,V202,int32,int32,15145824,0,0,0,1,6
1960_population,V203,int32,int32,15145824,0,0,0,0,9
1960_population,V204,int32,int32,15145824,0,0,0,0,9
1960_population,V204b,int32,int32,15145820,0,0,0,0,99
1960_population,V205,int32,int32,15145814,0,0,0,0,9
1960_population,V206,int32,int32,15145824,0,0,0,4,9
1960_population,V207,int32,int32,15145823,0,0,0,1,99
1960_population,V208,int32,int32,15145824,0,0,0,0,9
1960_population,V209,int32,int32,15145824,0,0,0,0,3
1960_population,V210,int32,int32,15145824,0,0,0,0,99
1960_population,V211,int32,int32,12755747,0,0,0,0,4
1960_population,V212,int32,int32,12755746,0,0,0,0,9
1960_population,V213,int32,int32,12755747,0,0,0,0,6
1960_population,V214,int32,int32,10576238,0,0,0,0,99
1960_population,V215,int32,int32,10576238,0,0,0,0,9
1960_population,V216,int32,int32,10576237,0,0,0,0,99
1960_population,V217,int32,int32,10576238,0,0,0,0,99
1960_population,V218,int32,int32,10576238,0,0,0,0,99
1960_population,V219,int32,int32,10576238,0,0,0,0,9
1960_population,V220,int32,int32,10576238,0,0,0,0,9
1960_population,V221,int32,int32,4946414,0,0,0,111,999
1960_population,V223,int32,int32,4946415,0,0,0,2,5
1960_population,V223b,int32,int32,4946415,0,0,0,111,919
1960_population,V224,int32,int32,4946415,0,0,0,0,9
1960_population,V299,int32,int32,15145824,0,0,0,0,9
1960_population,abbrev_state,string,string,15046916,15046916,0,0,,
1960_population,censobr_diag_households,int32,int32,162055,0,0,0,2,3
1960_population,censobr_diag_households_vars,string,string,13,13,0,0,,
1960_population,censobr_diag_persons,int32,int32,162055,0,0,0,2,3
1960_population,censobr_diag_persons_vars,string,string,19,19,0,0,,
1960_population,censobr_estrato,double,int32,15046916,0,0,0,0,5300108
1960_population,censobr_idfamily,double,int32,15145824,0,0,0,1,3102351
1960_population,censobr_idhousehold,double,int32,15145824,0,0,0,1,3097328
1960_population,censobr_idperson,int32,int32,15145824,0,0,0,1,15145824
1960_population,censobr_ndwellers,int32,int32,15145824,0,0,0,0,49
1960_population,censobr_nfamilies,int32,int32,15145324,0,0,0,1,3
1960_population,censobr_npersons,int32,int32,15145824,0,0,0,1,49
1960_population,censobr_source,double,int32,15145824,0,0,0,1,2
1960_population,censobr_upa,double,int32,15145824,0,0,0,11,3094185
1960_population,censobr_urban,double,int32,15145824,0,0,0,0,1
1960_population,censobr_usa,double,int32,15145824,0,0,0,1,3097328
1960_population,censobr_weight,double,double,15145824,0,15041914,0,0.407881269191402,138.897180762852
1960_population,code_muni_1960,double,int32,14884861,0,0,0,2000107,5300108
1960_population,code_region,double,int32,15046916,0,0,0,1,5
1960_population,code_state,double,int32,15145824,0,0,0,11,99
1960_population,name_muni,string,string,14878492,14878492,0,0,,
1960_population,name_region,string,string,15046916,15046916,0,0,,
1960_population,name_state,string,string,15145824,15145824,0,0,,
1960_population,uf,double,int32,15145824,0,0,0,0,97
1970_households,V001,double,int32,4741386,0,0,0,1,941
1970_households,V002,double,int32,4741386,0,0,0,1,929
1970_households,V003,double,int32,4741386,0,0,0,1,55
1970_households,V004,double,int32,4741386,0,0,0,0,2
1970_households,V006,double,int32,4741386,0,0,0,1,2
1970_households,V007,double,int32,4741386,0,0,0,0,0
1970_households,V008,double,int32,4741386,0,0,0,0,2
1970_households,V009,double,int32,4737407,0,0,0,0,5
1970_households,V010,double,int32,4737407,0,0,0,0,9
1970_households,V011,double,int32,4737407,0,0,0,0,6
1970_households,V012,double,int32,4737407,0,0,0,0,5
1970_households,V013,double,int32,4737407,0,0,0,0,5
1970_households,V014,double,int32,4737407,0,0,0,0,2
1970_households,V015,double,int32,4737407,0,0,0,0,6
1970_households,V016,double,int32,4737407,0,0,0,0,2
1970_households,V017,double,int32,4737407,0,0,0,0,2
1970_households,V018,double,int32,4737407,0,0,0,0,2
1970_households,V019,double,int32,4737407,0,0,0,0,2
1970_households,V020,double,int32,4737407,0,0,0,0,30
1970_households,V021,double,int32,4737515,0,0,0,0,19
1970_households,abbrev_state,string,string,4741386,4741386,0,0,,
1970_households,abbrev_state_1970,string,string,4741386,4741386,0,0,,
1970_households,code_muni,double,int32,4741386,0,0,0,1100106,5300108
1970_households,code_muni_1970,double,int32,4741386,0,0,0,101101,3600000
1970_households,code_region,double,int32,4741386,0,0,0,1,5
1970_households,code_state,double,int32,4741386,0,0,0,11,53
1970_households,hh_income,double,int32,4741386,0,0,0,0,41996
1970_households,hh_income_per_cap,double,double,4741386,0,2074456,0,0,9998
1970_households,id_household,double,double,4741386,0,0,0,1010,5102425032
1970_households,name_region,string,string,4741386,4741386,0,0,,
1970_households,name_state,string,string,4741386,4741386,0,0,,
1970_households,name_state_1970,string,string,4741386,4741386,0,0,,
1970_households,numb_dwellers,int32,int32,4741386,0,0,0,1,37
1970_households,numb_dwellers_hhincome,double,int32,4741386,0,0,0,1,37
1970_households,numb_families,int32,int32,4741386,0,0,0,1,3
1970_households,numb_residents,int32,int32,4741386,0,0,0,1,37
1970_households,weight_household,double,int32,4741386,0,0,0,0,96
1970_population,V001,double,int32,24793358,0,0,0,1,941
1970_population,V002,double,int32,24793358,0,0,0,1,929
1970_population,V003,double,int32,24793358,0,0,0,1,55
1970_population,V004,double,int32,24793358,0,0,0,0,2
1970_population,V005,double,int32,24793358,0,0,0,1,30
1970_population,V006,double,int32,24793358,0,0,0,0,4
1970_population,V007,double,int32,23631294,0,0,0,0,1
1970_population,V008,double,int32,23516969,0,0,0,0,2
1970_population,V009,double,int32,23502757,0,0,0,0,5
1970_population,V010,double,int32,23502757,0,0,0,0,9
1970_population,V011,double,int32,23502757,0,0,0,0,6
1970_population,V012,double,int32,23502757,0,0,0,0,5
1970_population,V013,double,int32,23502757,0,0,0,0,5
1970_population,V014,double,int32,23502757,0,0,0,0,2
1970_population,V015,double,int32,23502757,0,0,0,0,6
1970_population,V016,double,int32,23502757,0,0,0,0,2
1970_population,V017,double,int32,23502757,0,0,0,0,2
1970_population,V018,double,int32,23502757,0,0,0,0,2
1970_population,V019,double,int32,23502757,0,0,0,0,2
1970_population,V020,double,int32,23502757,0,0,0,0,30
1970_population,V021,double,int32,23506170,0,0,0,0,19
1970_population,V022,double,int32,24793358,0,0,0,0,1
1970_population,V023,double,int32,24793358,0,0,0,0,1
1970_population,V024,double,int32,24793358,0,0,0,0,2
1970_population,V025,double,int32,24793358,0,0,0,0,9
1970_population,V026,double,int32,24793358,0,0,0,0,4
1970_population,V027,double,int32,24793358,0,0,0,0,99
1970_population,V028,double,int32,24793358,0,0,0,0,5
1970_population,V029,double,int32,24793358,0,0,0,0,2
1970_population,V030,double,int32,24793358,0,0,0,1,99
1970_population,V031,double,int32,7946820,0,0,0,0,9
1970_population,V032,double,int32,7946820,0,0,0,0,9
1970_population,V033,double,int32,7946820,0,0,0,0,99
1970_population,V034,double,int32,7946820,0,0,0,0,9
1970_population,V035,double,int32,21121755,0,0,0,0,2
1970_population,V036,double,int32,21121755,0,0,0,0,2
1970_population,V037,double,int32,21121755,0,0,0,0,9
1970_population,V038,double,int32,21121755,0,0,0,0,5
1970_population,V039,double,int32,17599214,0,0,0,0,99
1970_population,V040,double,int32,17599214,0,0,0,0,9
1970_population,V041,double,int32,17599214,0,0,0,0,9999
1970_population,V042,double,int32,17599214,0,0,0,0,4
1970_population,V043,double,int32,17599214,0,0,0,0,7
1970_population,V044,double,int32,7940686,0,0,0,11,925
1970_population,V045,double,int32,7940686,0,0,0,111,934
1970_population,V046,double,int32,7940686,0,0,0,0,6
1970_population,V047,double,int32,7940686,0,0,0,0,5
1970_population,V048,double,int32,7940686,0,0,0,0,9
1970_population,V049,double,int32,7940686,0,0,0,0,3
1970_population,V050,double,int32,7340893,0,0,0,0,99
1970_population,V051,double,int32,7340893,0,0,0,0,9
1970_population,V052,double,int32,7340893,0,0,0,0,9
1970_population,V053,double,int32,7340893,0,0,0,0,99
1970_population,V054,double,int32,24793358,0,0,0,0,96
1970_population,abbrev_state,string,string,24793358,24793358,0,0,,
1970_population,abbrev_state_1970,string,string,24793358,24793358,0,0,,
1970_population,code_muni,double,int32,24793358,0,0,0,1100106,5300108
1970_population,code_muni_1970,double,int32,24793358,0,0,0,101101,3600000
1970_population,code_region,double,int32,24793358,0,0,0,1,5
1970_population,code_state,double,int32,24793358,0,0,0,11,53
1970_population,id_household,double,double,24339715,0,0,0,1010,5102425032
1970_population,id_person,double,int32,24793358,0,0,0,1,24793358
1970_population,name_region,string,string,24793358,24793358,0,0,,
1970_population,name_state,string,string,24793358,24793358,0,0,,
1970_population,name_state_1970,string,string,24793358,24793358,0,0,,
1980_households,V198,string,int32,6716885,0,0,0,1,7
1980_households,V2,string,int32,6716885,0,0,0,11,53
1980_households,V201,string,int32,6716885,0,0,0,1,7
1980_households,V202,string,int32,6483541,0,0,0,1,3
1980_households,V203,string,int32,6483541,0,0,0,0,9
1980_households,V204,string,int32,6483541,0,0,0,0,9
1980_households,V205,string,int32,6483541,0,0,0,0,9
1980_households,V206,string,int32,6483541,0,0,0,0,9
1980_households,V207,string,int32,6483541,0,0,0,0,9
1980_households,V208,string,int32,6483541,0,0,0,1,9
1980_households,V209,string,int32,6483541,0,0,0,0,9
1980_households,V211,double,int32,6483541,0,0,0,100,399
1980_households,V212,double,int32,6483541,0,0,0,1,99
1980_households,V213,double,int32,6483541,0,0,0,1,99
1980_households,V214,string,int32,6483541,0,0,0,1,9
1980_households,V215,string,int32,6483541,0,0,0,1,9
1980_households,V216,string,int32,6483541,0,0,0,1,9
1980_households,V217,string,int32,6483541,0,0,0,2,9
1980_households,V218,string,int32,6483541,0,0,0,1,9
1980_households,V219,string,int32,6483541,0,0,0,1,9
1980_households,V220,string,int32,6483541,0,0,0,1,9
1980_households,V221,string,int32,6483541,0,0,0,1,9
1980_households,V3,string,int32,6716885,0,0,0,1,89
1980_households,V4,string,int32,6716885,0,0,0,1,361
1980_households,V5,string,int32,6716885,0,0,0,2,7220
1980_households,V6,string,int32,6716885,0,0,0,5,90
1980_households,V601,string,int32,6716885,0,0,0,0,6886882
1980_households,V602,double,int32,6483541,0,0,0,0,999999
1980_households,V603,double,int32,6716885,0,0,0,0,21
1980_households,abbrev_state,string,string,6716885,6716885,0,0,,
1980_households,code_meso,double,int32,6716885,0,0,0,1,89
1980_households,code_micro,double,int32,6716885,0,0,0,1,361
1980_households,code_muni,double,int32,6716885,0,0,0,1100023,5300108
1980_households,code_muni_1980,double,int32,6716885,0,0,0,110002,530010
1980_households,code_region,double,int32,6716885,0,0,0,1,5
1980_households,code_state,double,int32,6716885,0,0,0,11,53
1980_households,name_region,string,string,6716885,6716885,0,0,,
1980_households,name_state,string,string,6716885,6716885,0,0,,
1980_population,V198,string,int32,29378753,0,0,0,1,7
1980_population,V2,string,int32,29378753,0,0,0,11,53
1980_population,V201,string,int32,29378753,0,0,0,1,7
1980_population,V202,string,int32,29026948,0,0,0,1,3
1980_population,V203,string,int32,29026948,0,0,0,0,9
1980_population,V204,string,int32,29026948,0,0,0,0,9
1980_population,V205,string,int32,29026948,0,0,0,0,9
1980_population,V206,string,int32,29026948,0,0,0,0,9
1980_population,V207,string,int32,29026948,0,0,0,0,9
1980_population,V208,string,int32,29026948,0,0,0,1,9
1980_population,V209,string,int32,29026948,0,0,0,0,9
1980_population,V211,double,int32,29026948,0,0,0,100,399
1980_population,V212,double,int32,29026948,0,0,0,1,99
1980_population,V213,double,int32,29026948,0,0,0,1,99
1980_population,V214,string,int32,29026948,0,0,0,1,9
1980_population,V215,string,int32,29026948,0,0,0,1,9
1980_population,V216,string,int32,29026948,0,0,0,1,9
1980_population,V217,string,int32,29026948,0,0,0,2,9
1980_population,V218,string,int32,29026948,0,0,0,1,9
1980_population,V219,string,int32,29026948,0,0,0,1,9
1980_population,V220,string,int32,29026948,0,0,0,1,9
1980_population,V221,string,int32,29026948,0,0,0,1,9
1980_population,V3,string,int32,29378753,0,0,0,1,89
1980_population,V4,string,int32,29378753,0,0,0,1,361
1980_population,V5,string,int32,29378753,0,0,0,2,7220
1980_population,V501,string,int32,29378753,0,0,0,1,3
1980_population,V503,string,int32,29378753,0,0,0,0,9
1980_population,V504,string,int32,29378753,0,0,0,0,9
1980_population,V505,string,int32,29378753,0,0,0,0,5
1980_population,V508,string,int32,29378753,0,0,0,0,9
1980_population,V509,string,int32,29378753,0,0,0,2,9
1980_population,V510,string,int32,29378753,0,0,0,1,9
1980_population,V511,string,int32,29378753,0,0,0,2,6
1980_population,V512,string,int32,29378753,0,0,0,1,99
1980_population,V513,string,int32,29378753,0,0,0,1,8
1980_population,V514,string,int32,29378753,0,0,0,2,9
1980_population,V515,string,int32,29378753,0,0,0,1,9
1980_population,V516,string,int32,29378753,0,0,0,0,9
1980_population,V517,double,int32,29378753,0,0,0,0,9
1980_population,V518,string,int32,12267617,0,0,0,0,990000
1980_population,V519,string,int32,25294665,0,0,0,2,9
1980_population,V520,string,int32,29378753,0,0,0,0,9
1980_population,V521,string,int32,29378753,0,0,0,0,8
1980_population,V522,string,int32,29378753,0,0,0,0,8
1980_population,V523,string,int32,29378753,0,0,0,0,9
1980_population,V524,string,int32,29378753,0,0,0,0,8
1980_population,V525,string,int32,21762082,0,0,0,0,99
1980_population,V526,string,int32,21762082,0,0,0,0,9
1980_population,V527,string,int32,21762082,0,0,0,0,990000
1980_population,V528,string,int32,21762082,0,0,0,1,5
1980_population,V529,string,int32,21762082,0,0,0,0,9
1980_population,V530,string,int32,10500850,0,0,0,1,927
1980_population,V532,string,int32,10500850,0,0,0,11,902
1980_population,V533,string,int32,10500850,0,0,0,0,9
1980_population,V534,string,int32,10500850,0,0,0,2,9
1980_population,V535,string,int32,10500850,0,0,0,1,9
1980_population,V536,double,int32,10500850,0,0,0,0,9
1980_population,V540,string,int32,10500850,0,0,0,0,9
1980_population,V541,string,int32,10500850,0,0,0,1,6
1980_population,V542,string,int32,130973,0,0,0,1,927
1980_population,V544,string,int32,130973,0,0,0,11,902
1980_population,V545,string,int32,130973,0,0,0,0,9
1980_population,V550,string,int32,29378753,0,0,0,0,99
1980_population,V551,string,int32,29378753,0,0,0,0,99
1980_population,V552,string,int32,29378753,0,0,0,0,99
1980_population,V553,string,int32,29378753,0,0,0,0,99
1980_population,V554,string,int32,29378753,0,0,0,0,99
1980_population,V555,string,int32,29378753,0,0,0,0,99
1980_population,V556,string,int32,29378753,0,0,0,0,99
1980_population,V557,double,int32,29378753,0,0,0,0,999
1980_population,V570,double,int32,29378753,0,0,0,0,999
1980_population,V598,string,int32,29378753,0,0,0,0,1
1980_population,V6,string,int32,29378753,0,0,0,5,90
1980_population,V601,string,int32,29378753,0,0,0,0,6886882
1980_population,V602,double,int32,29026948,0,0,0,0,999999
1980_population,V603,double,int32,29378753,0,0,0,0,21
1980_population,V604,double,int32,29378753,0,0,0,0,25
1980_population,V605,string,int32,29378753,0,0,0,0,99
1980_population,V606,double,int32,29378753,0,0,0,0,999
1980_population,V607,double,int32,29378753,0,0,0,0,9999999
1980_population,V608,double,int32,29378753,0,0,0,0,9999999
1980_population,V609,double,int32,29378753,0,0,0,0,9999999
1980_population,V610,double,int32,29378753,0,0,0,0,9999999
1980_population,V611,double,int32,29378753,0,0,0,0,9999999
1980_population,V612,double,int32,29378753,0,0,0,0,9999999
1980_population,V613,double,int32,29378753,0,0,0,0,9999999
1980_population,V680,string,int32,10500850,0,0,0,0,99
1980_population,V681,string,int32,21762082,0,0,0,0,99
1980_population,V682,string,int32,10500850,0,0,0,0,99
1980_population,abbrev_state,string,string,29378753,29378753,0,0,,
1980_population,code_meso,double,int32,29378753,0,0,0,1,89
1980_population,code_micro,double,int32,29378753,0,0,0,1,361
1980_population,code_muni,double,int32,29378753,0,0,0,1100023,5300108
1980_population,code_muni_1980,double,int32,29378753,0,0,0,110002,530010
1980_population,code_region,double,int32,29378753,0,0,0,1,5
1980_population,code_state,double,int32,29378753,0,0,0,11,53
1980_population,idpessoa,string,int32,29378753,0,0,0,1,29378753
1980_population,name_region,string,string,29378753,29378753,0,0,,
1980_population,name_state,string,string,29378753,29378753,0,0,,
1991_households,V0098,double,int32,4024543,0,0,0,0,0
1991_households,V0099,string,int32,4024543,0,0,0,1,1
1991_households,V0102,double,int32,4024543,0,0,0,110001001,530237160
1991_households,V0109,double,int32,4024543,0,0,0,1,9995
1991_households,V0111,double,int32,4024543,0,0,0,0,31
1991_households,V0112,double,int32,4024543,0,0,0,0,19
1991_households,V0201,string,int32,4024543,0,0,0,1,3
1991_households,V0202,string,int32,3948914,0,0,0,1,7
1991_households,V0203,string,int32,3948914,0,0,0,1,6
1991_households,V0204,string,int32,3948914,0,0,0,1,8
1991_households,V0205,string,int32,3948914,0,0,0,1,6
1991_households,V0206,string,int32,3948914,0,0,0,0,7
1991_households,V0207,string,int32,3948914,0,0,0,0,2
1991_households,V0208,string,int32,3948914,0,0,0,1,6
1991_households,V0209,double,int32,3948914,0,0,0,0,999999
1991_households,V0210,string,int32,3948914,0,0,0,0,6
1991_households,V0211,double,int32,3948914,0,0,0,1,30
1991_households,V0212,double,int32,3948914,0,0,0,0,8
1991_households,V0213,string,int32,3948914,0,0,0,0,5
1991_households,V0214,string,int32,3948914,0,0,0,1,7
1991_households,V0216,string,int32,3948914,0,0,0,0,1
1991_households,V0217,string,int32,3948914,0,0,0,0,2
1991_households,V0218,string,int32,3948914,0,0,0,0,3
1991_households,V0219,string,int32,3948914,0,0,0,0,2
1991_households,V0220,string,int32,3948914,0,0,0,0,1
1991_households,V0221,string,int32,3948914,0,0,0,1,4
1991_households,V0222,string,int32,3341528,0,0,0,0,2
1991_households,V0223,string,int32,3341528,0,0,0,0,1
1991_households,V0224,string,int32,3341528,0,0,0,0,3
1991_households,V0225,string,int32,3341528,0,0,0,0,1
1991_households,V0226,string,int32,3341528,0,0,0,0,1
1991_households,V0227,string,int32,3341528,0,0,0,0,1
1991_households,V1061,string,int32,4024543,0,0,0,1,8
1991_households,V1101,string,int32,4024543,0,0,0,11,53
1991_households,V1102,string,int32,4024543,0,0,1990830,1,7220
1991_households,V2012,double,int32,4023112,0,0,0,0,999999999
1991_households,V2013,string,int32,4023112,0,0,0,1,13
1991_households,V2014,string,int32,4023112,0,0,0,1,13
1991_households,V2094,string,int32,3948914,0,0,0,0,9
1991_households,V2111,double,int32,3948914,0,0,0,3,2400
1991_households,V2112,string,int32,3948914,0,0,0,1,5
1991_households,V2121,double,int32,3948914,0,0,0,100,3000
1991_households,V2122,string,int32,3948914,0,0,0,1,7
1991_households,V7001,string,int32,4024543,0,0,0,1,15
1991_households,V7002,string,int32,4024543,0,0,0,1,66
1991_households,V7003,string,int32,4024543,0,0,0,0,9
1991_households,V7004,string,int32,4024543,0,0,0,1,5
1991_households,V7300,double,double,4024543,0,4024433,0,1,93.89719867
1991_households,abbrev_state,string,string,4024543,4024543,0,0,,
1991_households,code_meso,double,int32,4024543,0,0,0,1,15
1991_households,code_metro,double,int32,4024543,0,0,0,0,9
1991_households,code_micro,double,int32,4024543,0,0,0,1,66
1991_households,code_muni,double,int32,4024543,0,0,0,1100015,5300108
1991_households,code_region,double,int32,4024543,0,0,0,1,5
1991_households,code_state,double,int32,4024543,0,0,0,11,53
1991_households,iddomicilio,string,int32,4024543,0,0,0,1,4024543
1991_households,name_region,string,string,4024543,4024543,0,0,,
1991_households,name_state,string,string,4024543,4024543,0,0,,
1991_population,V0098,double,int32,17045653,0,0,0,1,39
1991_population,V0099,string,int32,17045653,0,0,0,2,2
1991_population,V0102,double,int32,17045653,0,0,0,110001001,530237160
1991_population,V0109,double,int32,17045653,0,0,0,1,9995
1991_population,V0111,double,int32,17045653,0,0,0,0,31
1991_population,V0112,double,int32,17045653,0,0,0,0,19
1991_population,V0201,string,int32,17045653,0,0,0,1,3
1991_population,V0202,string,int32,16913246,0,0,0,1,7
1991_population,V0203,string,int32,16913246,0,0,0,1,6
1991_population,V0204,string,int32,16913246,0,0,0,1,8
1991_population,V0205,string,int32,16913246,0,0,0,1,6
1991_population,V0206,string,int32,16913246,0,0,0,0,7
1991_population,V0207,string,int32,16913246,0,0,0,0,2
1991_population,V0208,string,int32,16913246,0,0,0,1,6
1991_population,V0209,double,int32,16913246,0,0,0,0,999999
1991_population,V0210,string,int32,16913246,0,0,0,0,6
1991_population,V0211,double,int32,16913246,0,0,0,1,30
1991_population,V0212,double,int32,16913246,0,0,0,0,8
1991_population,V0213,string,int32,16913246,0,0,0,0,5
1991_population,V0214,string,int32,16913246,0,0,0,1,7
1991_population,V0216,string,int32,16913246,0,0,0,0,1
1991_population,V0217,string,int32,16913246,0,0,0,0,2
1991_population,V0218,string,int32,16913246,0,0,0,0,3
1991_population,V0219,string,int32,16913246,0,0,0,0,2
1991_population,V0220,string,int32,16913246,0,0,0,0,1
1991_population,V0221,string,int32,16913246,0,0,0,1,4
1991_population,V0222,string,int32,13873356,0,0,0,0,2
1991_population,V0223,string,int32,13873356,0,0,0,0,1
1991_population,V0224,string,int32,13873356,0,0,0,0,3
1991_population,V0225,string,int32,13873356,0,0,0,0,1
1991_population,V0226,string,int32,13873356,0,0,0,0,1
1991_population,V0227,string,int32,13873356,0,0,0,0,1
1991_population,V0301,string,int32,17045653,0,0,0,1,2
1991_population,V0302,string,int32,17045653,0,0,0,1,20
1991_population,V0303,string,int32,17045653,0,0,0,1,20
1991_population,V0304,string,int32,17045653,0,0,0,1,7
1991_population,V0309,string,int32,17045653,0,0,0,1,9
1991_population,V0310,string,int32,17045653,0,0,0,0,99
1991_population,V0311,string,int32,17045653,0,0,0,0,9
1991_population,V0312,string,int32,17045653,0,0,0,1,3
1991_population,V0313,string,int32,17045653,0,0,0,0,98
1991_population,V0314,string,int32,17045653,0,0,0,1,3
1991_population,V0316,string,int32,5957430,0,0,0,1,99
1991_population,V0317,double,int32,6494351,0,0,0,0,98
1991_population,V0318,double,int32,6494351,0,0,0,0,98
1991_population,V0319,string,int32,3078236,0,0,0,11,99
1991_population,V0320,string,int32,3078236,0,0,0,1,9
1991_population,V0321,string,int32,6327120,0,0,0,11,99
1991_population,V0322,string,int32,1609217,0,0,0,1,9
1991_population,V0323,string,int32,15071828,0,0,0,1,2
1991_population,V0324,string,int32,15071828,0,0,0,0,8
1991_population,V0325,string,int32,15071828,0,0,0,0,5
1991_population,V0326,string,int32,15071828,0,0,0,0,6
1991_population,V0327,string,int32,15071828,0,0,0,0,9
1991_population,V0328,string,int32,15071828,0,0,0,0,8
1991_population,V0329,string,int32,12988815,0,0,0,0,97
1991_population,V0330,string,int32,12988815,0,0,0,1,2
1991_population,V0332,string,int32,6419238,0,0,0,1,9
1991_population,V0333,string,int32,1055015,0,0,0,5,9
1991_population,V0335,double,int32,6596675,0,0,0,0,99
1991_population,V0336,double,int32,6596676,0,0,0,0,99
1991_population,V0337,string,int32,6596675,0,0,0,0,99
1991_population,V0338,string,int32,6596675,0,0,0,0,99
1991_population,V0339,string,int32,6596675,0,0,0,0,99
1991_population,V0340,double,int32,6596675,0,0,0,0,99
1991_population,V0341,string,int32,6596675,0,0,0,0,99
1991_population,V0342,string,int32,6596675,0,0,0,0,99
1991_population,V0343,string,int32,6596675,0,0,0,1,9
1991_population,V0345,string,int32,12988815,0,0,0,1,3
1991_population,V0346,string,int32,6337831,0,0,0,1,928
1991_population,V0347,string,int32,6337831,0,0,0,11,903
1991_population,V0349,string,int32,6337831,0,0,0,1,11
1991_population,V0350,string,int32,6337831,0,0,0,1,4
1991_population,V0351,string,int32,6337831,0,0,0,1,8
1991_population,V0352,string,int32,6337831,0,0,0,1,8
1991_population,V0353,string,int32,6337831,0,0,0,1,3
1991_population,V0354,double,int32,6337831,0,0,0,1,98
1991_population,V0355,double,int32,6337831,0,0,0,0,70
1991_population,V0356,string,int32,6337831,0,0,0,0,9999999
1991_population,V0357,double,int32,6337831,0,0,0,0,9999999
1991_population,V0358,string,int32,6650984,0,0,0,0,9
1991_population,V0359,string,int32,12988815,0,0,0,0,3
1991_population,V0360,double,int32,12988815,0,0,0,0,9999999
1991_population,V0361,double,int32,12988815,0,0,0,0,9999999
1991_population,V1061,string,int32,17045653,0,0,0,1,8
1991_population,V1101,string,int32,17045653,0,0,0,11,53
1991_population,V1102,string,int32,17045653,0,0,8575800,1,7220
1991_population,V2011,string,int32,17045653,0,0,0,1,4
1991_population,V2012,double,int32,17044222,0,0,0,0,999999999
1991_population,V2013,string,int32,17044222,0,0,0,1,13
1991_population,V2014,string,int32,17044222,0,0,0,1,13
1991_population,V2094,string,int32,16913246,0,0,0,0,9
1991_population,V2111,double,int32,16913246,0,0,0,3,2400
1991_population,V2112,string,int32,16913246,0,0,0,1,5
1991_population,V2121,double,int32,16913246,0,0,0,100,3000
1991_population,V2122,string,int32,16913246,0,0,0,1,7
1991_population,V3005,string,int32,17045653,0,0,0,1,99
1991_population,V3041,double,int32,17045653,0,0,0,0,31
1991_population,V3042,double,int32,17045653,0,0,0,0,14
1991_population,V3043,double,int32,17044222,0,0,0,0,99999999
1991_population,V3044,string,int32,17044222,0,0,0,1,15
1991_population,V3045,double,int32,17044222,0,0,0,0,999999999
1991_population,V3046,string,int32,17044222,0,0,0,1,13
1991_population,V3047,string,int32,17044222,0,0,0,1,13
1991_population,V3049,string,int32,17044222,0,0,0,1,14
1991_population,V3071,string,int32,17045653,0,0,0,1,2
1991_population,V3072,double,int32,17045653,0,0,0,0,130
1991_population,V3073,double,int32,383189,0,0,0,0,11
1991_population,V3151,string,int32,5957430,0,0,0,1,3
1991_population,V3152,double,int32,5957430,0,0,0,0,91
1991_population,V3191,string,int32,3078236,0,0,0,0,9999
1991_population,V3211,string,int32,6327120,0,0,0,0,7220
1991_population,V3241,string,int32,15071828,0,0,0,0,30
1991_population,V3311,double,int32,7474253,0,0,0,10,99
1991_population,V3312,double,int32,7474253,0,0,0,10,99
1991_population,V3341,double,int32,7474253,0,0,0,0,99
1991_population,V3342,string,int32,12988815,0,0,0,1,5
1991_population,V3351,double,int32,6596675,0,0,0,0,99
1991_population,V3352,double,int32,6596675,0,0,0,0,99
1991_population,V3353,double,int32,6596675,0,0,0,0,99
1991_population,V3354,double,int32,6596675,0,0,0,0,99
1991_population,V3355,double,int32,6596675,0,0,0,0,99
1991_population,V3356,double,int32,6596675,0,0,0,0,99
1991_population,V3357,double,int32,6596675,0,0,0,0,99
1991_population,V3360,double,int32,6596675,0,0,0,0,99
1991_population,V3361,double,int32,6596675,0,0,0,0,99
1991_population,V3362,double,int32,6596675,0,0,0,0,99
1991_population,V3443,double,int32,4079095,0,0,0,0,99
1991_population,V3444,string,int32,3857707,0,0,0,1,9
1991_population,V3461,string,int32,6337831,0,0,0,1,10
1991_population,V3471,string,int32,6337831,0,0,0,1,11
1991_population,V3561,double,int32,12988815,0,0,0,0,99999999
1991_population,V3562,string,int32,12988815,0,0,0,1,15
1991_population,V3563,string,int32,12988815,0,0,0,1,15
1991_population,V3564,string,int32,6337831,0,0,0,1,15
1991_population,V3574,string,int32,6337831,0,0,0,1,15
1991_population,V3604,string,int32,12988815,0,0,0,1,15
1991_population,V3614,string,int32,12988815,0,0,0,1,15
1991_population,V7001,string,int32,17045653,0,0,0,1,15
1991_population,V7002,string,int32,17045653,0,0,0,1,66
1991_population,V7003,string,int32,17045653,0,0,0,0,9
1991_population,V7004,string,int32,17045653,0,0,0,1,5
1991_population,V7300,double,double,17045653,0,17045292,0,1,93.89719867
1991_population,V7301,double,double,17045653,0,17045292,0,1,93.89719867
1991_population,abbrev_state,string,string,17045653,17045653,0,0,,
1991_population,code_meso,double,int32,17045653,0,0,0,1,15
1991_population,code_metro,double,int32,17045653,0,0,0,0,9
1991_population,code_micro,double,int32,17045653,0,0,0,1,66
1991_population,code_muni,double,int32,17045653,0,0,0,1100015,5300108
1991_population,code_region,double,int32,17045653,0,0,0,1,5
1991_population,code_state,double,int32,17045653,0,0,0,11,53
1991_population,family_income_per_cap,double,double,16516154,0,5111006,0,0,18518518
1991_population,idpessoa,string,int32,17045653,0,0,0,1,17045654
1991_population,name_region,string,string,17045653,17045653,0,0,,
1991_population,name_state,string,string,17045653,17045653,0,0,,
1991_population,numb_family_members,int32,int32,17032837,0,0,0,1,37
2000_families,AREAP,string,double,5691294,0,0,0,1100015001001,5300108999106
2000_families,CODV0404,string,int32,5691294,0,0,0,0,9
2000_families,CODV0404_2,string,int32,5691294,0,0,4209485,1,12
2000_families,CODV4615B,string,int32,5691294,0,0,4960087,1,12
2000_families,CODV4615C,string,int32,5691294,0,0,3703504,1,15
2000_families,CODV4615_7400,string,int32,5691294,0,0,5233035,1,12
2000_families,CODV7400,string,int32,5691294,0,0,5650224,1,15
2000_families,CODV7400A,string,int32,5691294,0,0,5690527,0,15
2000_families,CODV7400B,string,int32,5691294,0,0,5690914,0,15
2000_families,P001,double,double,5691294,0,5689831,0,1,147.20903287
2000_families,V0102,string,int32,5691294,0,0,0,11,53
2000_families,V0103,string,int32,5691294,0,0,0,1100015,5300108
2000_families,V0104,string,int32,5691294,0,0,0,110001505,530010805
2000_families,V0105,string,double,5691294,0,0,0,11000150599,53001080530
2000_families,V0300,int32,int32,5691294,0,0,0,1,5304711
2000_families,V0404,int32,int32,5691294,0,0,0,0,9
2000_families,V1001,string,int32,5691294,0,0,0,1,5
2000_families,V1002,string,int32,5691294,0,0,0,1101,5301
2000_families,V1003,string,int32,5691294,0,0,0,11001,53001
2000_families,V1004,string,int32,2078996,0,0,553474,1,28
2000_families,V4614B,int32,int32,5691294,0,0,0,0,1011958
2000_families,V4614C,int32,int32,5691294,0,0,0,0,1004498
2000_families,V4616_7400,double,double,5691294,0,2488703,0,0,701000
2000_families,V7400,int32,int32,5691294,0,0,0,1,43
2000_families,V7400A,int32,int32,5691294,0,0,0,0,30
2000_families,V7400B,int32,int32,5691294,0,0,0,0,21
2000_families,abbrev_state,string,string,5691294,5691294,0,0,,
2000_families,code_muni,double,int32,5691294,0,0,0,1100015,5300108
2000_families,code_region,double,int32,5691294,0,0,0,1,5
2000_families,code_state,double,int32,5691294,0,0,0,11,53
2000_families,code_weighting,double,double,5691294,0,0,0,1100015001001,5300108999106
2000_families,name_region,string,string,5691294,5691294,0,0,,
2000_families,name_state,string,string,5691294,5691294,0,0,,
2000_households,AREAP,string,double,5304711,0,0,0,1100015001001,5300108999106
2000_households,M0201,string,int32,5304711,0,0,0,0,1
2000_households,M0202,string,int32,5304711,0,0,0,0,3
2000_households,M0203,string,int32,5304711,0,0,0,0,3
2000_households,M0204,string,int32,5304711,0,0,0,0,3
2000_households,M0205,string,int32,5304711,0,0,0,0,3
2000_households,M0206,string,int32,5304711,0,0,0,0,3
2000_households,M0207,string,int32,5304711,0,0,0,0,3
2000_households,M0208,string,int32,5304711,0,0,0,0,3
2000_households,M0209,string,int32,5304711,0,0,0,0,3
2000_households,M0210,string,int32,5304711,0,0,0,0,3
2000_households,M0211,string,int32,5304711,0,0,0,0,3
2000_households,M0212,string,int32,5304711,0,0,0,0,3
2000_households,M0213,string,int32,5304711,0,0,0,0,3
2000_households,M0214,string,int32,5304711,0,0,0,0,3
2000_households,M0215,string,int32,5304711,0,0,0,0,3
2000_households,M0216,string,int32,5304711,0,0,0,0,3
2000_households,M0217,string,int32,5304711,0,0,0,0,3
2000_households,M0218,string,int32,5304711,0,0,0,0,3
2000_households,M0219,string,int32,5304711,0,0,0,0,3
2000_households,M0220,string,int32,5304711,0,0,0,0,3
2000_households,M0221,string,int32,5304711,0,0,0,0,3
2000_households,M0222,string,int32,5304711,0,0,0,0,3
2000_households,M0223,string,int32,5304711,0,0,0,0,3
2000_households,P001,double,double,5304711,0,5303262,0,1,147.20903287
2000_households,V0102,string,int32,5304711,0,0,0,11,53
2000_households,V0103,string,int32,5304711,0,0,0,1100015,5300108
2000_households,V0104,string,int32,5304711,0,0,0,110001505,530010805
2000_households,V0105,string,double,5304711,0,0,0,11000150599,53001080530
2000_households,V0110,int32,int32,5304711,0,0,0,0,30
2000_households,V0111,int32,int32,5304711,0,0,0,0,22
2000_households,V0201,string,int32,5304711,0,0,0,1,3
2000_households,V0202,string,int32,5221467,0,0,0,1,3
2000_households,V0203,int32,int32,5221467,0,0,0,1,30
2000_households,V0204,int32,int32,5221467,0,0,0,1,9
2000_households,V0205,string,int32,5221467,0,0,0,1,6
2000_households,V0206,string,int32,3916012,0,0,0,1,3
2000_households,V0207,string,int32,5221467,0,0,0,1,3
2000_households,V0208,string,int32,5221467,0,0,0,1,3
2000_households,V0209,int32,int32,5221467,0,0,0,0,9
2000_households,V0210,string,int32,981225,0,0,0,1,2
2000_households,V0211,string,int32,4730312,0,0,0,1,6
2000_households,V0212,string,int32,5221467,0,0,0,1,7
2000_households,V0213,string,int32,5221467,0,0,0,1,2
2000_households,V0214,string,int32,5221467,0,0,0,1,2
2000_households,V0215,string,int32,5221467,0,0,0,1,2
2000_households,V0216,string,int32,5221467,0,0,0,1,2
2000_households,V0217,string,int32,5221467,0,0,0,1,2
2000_households,V0218,string,int32,5221467,0,0,0,1,2
2000_households,V0219,string,int32,5221467,0,0,0,1,2
2000_households,V0220,string,int32,5221467,0,0,0,1,2
2000_households,V0221,int32,int32,5221467,0,0,0,0,9
2000_households,V0222,int32,int32,5221467,0,0,0,0,9
2000_households,V0223,string,int32,5221467,0,0,0,0,9
2000_households,V0300,string,int32,5304711,0,0,5304711,1,5304711
2000_households,V0400,string,int32,5304711,0,0,5304711,0,0
2000_households,V1001,string,int32,5304711,0,0,0,1,5
2000_households,V1002,string,int32,5304711,0,0,0,1101,5301
2000_households,V1003,string,int32,5304711,0,0,0,11001,53001
2000_households,V1004,string,int32,1945956,0,0,501024,1,28
2000_households,V1005,string,int32,5304711,0,0,0,1,8
2000_households,V1006,string,int32,5304711,0,0,0,1,2
2000_households,V1007,string,int32,5304711,0,0,0,0,7
2000_households,V7100,int32,int32,5304711,0,0,0,1,43
2000_households,V7203,double,double,5221467,0,4426922,0,0,24
2000_households,V7204,double,double,5221467,0,2022539,0,1,25
2000_households,V7401,int32,int32,5253384,0,0,0,1,43
2000_households,V7402,int32,int32,345323,0,0,0,2,17
2000_households,V7403,int32,int32,35706,0,0,0,2,13
2000_households,V7404,int32,int32,4760,0,0,0,2,9
2000_households,V7405,int32,int32,673,0,0,0,2,9
2000_households,V7406,int32,int32,99,0,0,0,2,6
2000_households,V7407,int32,int32,16,0,0,0,2,7
2000_households,V7408,int32,int32,4,0,0,0,2,2
2000_households,V7409,int32,int32,2,0,0,0,2,3
2000_households,V7616,int32,int32,5253384,0,0,0,0,999998
2000_households,V7617,double,double,5253384,0,4468345,0,0,6622.5
2000_households,abbrev_state,string,string,5304711,5304711,0,0,,
2000_households,code_muni,double,int32,5304711,0,0,0,1100015,5300108
2000_households,code_region,double,int32,5304711,0,0,0,1,5
2000_households,code_state,double,int32,5304711,0,0,0,11,53
2000_households,code_weighting,double,double,5304711,0,0,0,1100015001001,5300108999106
2000_households,name_region,string,string,5304711,5304711,0,0,,
2000_households,name_state,string,string,5304711,5304711,0,0,,
2000_households,v1111,string,int32,5304710,0,0,0,1,9
2000_households,v1112,string,int32,5304710,0,0,0,1,9
2000_households,v1113,string,int32,5304710,0,0,0,1,9
2000_population,AREAP,string,double,20274412,0,0,0,1100015001001,5300108999106
2000_population,ESTR,string,int32,16130468,0,0,9219443,2,51
2000_population,ESTRP,string,int32,16130468,0,0,11363811,1,59
2000_population,M0401,string,int32,20274412,0,0,0,0,1
2000_population,M0402,string,int32,20274412,0,0,0,0,1
2000_population,M0403,string,int32,20274412,0,0,0,0,1
2000_population,M0404,string,int32,20274412,0,0,0,0,1
2000_population,M0408,string,int32,20274412,0,0,0,0,3
2000_population,M0410,string,int32,20274412,0,0,0,0,3
2000_population,M0411,string,int32,20274412,0,0,0,0,3
2000_population,M0412,string,int32,20274412,0,0,0,0,3
2000_population,M0413,string,int32,20274412,0,0,0,0,3
2000_population,M0414,string,int32,20274412,0,0,0,0,3
2000_population,M0415,string,int32,20274412,0,0,0,0,3
2000_population,M0416,string,int32,20274412,0,0,0,0,3
2000_population,M0417,string,int32,20274412,0,0,0,0,3
2000_population,M0418,string,int32,20274412,0,0,0,0,3
2000_population,M0419,string,int32,20274412,0,0,0,0,3
2000_population,M0420,string,int32,20274412,0,0,0,0,3
2000_population,M0422,string,int32,20274412,0,0,0,0,3
2000_population,M0424,string,int32,20274412,0,0,0,0,3
2000_population,M0428,string,int32,20274412,0,0,0,0,3
2000_population,M0429,string,int32,20274412,0,0,0,0,3
2000_population,M0430,string,int32,20274412,0,0,0,0,3
2000_population,M0431,string,int32,20274412,0,0,0,0,3
2000_population,M0432,string,int32,20274412,0,0,0,0,3
2000_population,M0433,string,int32,20274412,0,0,0,0,3
2000_population,M0434,string,int32,20274412,0,0,0,0,3
2000_population,M0435,string,int32,20274412,0,0,0,0,3
2000_population,M0436,string,int32,20274412,0,0,0,0,1
2000_population,M0437,string,int32,20274412,0,0,0,0,1
2000_population,M0438,string,int32,20274412,0,0,0,0,1
2000_population,M0439,string,int32,20274412,0,0,0,0,9
2000_population,M0440,string,int32,20274412,0,0,0,0,9
2000_population,M0441,string,int32,20274412,0,0,0,0,9
2000_population,M0442,string,int32,20274412,0,0,0,0,9
2000_population,M0443,string,int32,20274412,0,0,0,0,3
2000_population,M0444,string,int32,20274412,0,0,0,0,9
2000_population,M0447,string,int32,20274412,0,0,0,0,3
2000_population,M0448,string,int32,20274412,0,0,0,0,3
2000_population,M0449,string,int32,20274412,0,0,0,0,3
2000_population,M0450,string,int32,20274412,0,0,0,0,3
2000_population,M0454,string,int32,20274412,0,0,0,0,9
2000_population,M0455,string,int32,20274412,0,0,0,0,3
2000_population,M0456,string,int32,20274412,0,0,0,0,3
2000_population,M0463,string,int32,20274412,0,0,0,0,4
2000_population,M0464,string,int32,20274412,0,0,0,0,9
2000_population,M4090,string,int32,20274412,0,0,0,0,3
2000_population,M4210,string,int32,20274412,0,0,0,0,3
2000_population,M4230,string,int32,20274412,0,0,0,0,3
2000_population,M4250,string,int32,20274412,0,0,0,0,3
2000_population,M4260,string,int32,20274412,0,0,0,0,3
2000_population,M4276,string,int32,20274412,0,0,0,0,3
2000_population,M4452,string,int32,20274412,0,0,0,0,3
2000_population,M4462,string,int32,20274412,0,0,0,0,3
2000_population,M4511,string,int32,20274412,0,0,0,0,6
2000_population,M4512,string,int32,20274412,0,0,0,0,6
2000_population,M4521,string,int32,20274412,0,0,0,0,9
2000_population,M4522,string,string,20274412,53,0,0,0,7
2000_population,M4523,string,int32,20274412,0,0,0,0,3
2000_population,M4573,string,int32,20274412,0,0,0,0,6
2000_population,M4583,string,int32,20274412,0,0,0,0,6
2000_population,M4593,string,int32,20274412,0,0,0,0,6
2000_population,M4603,string,int32,20274412,0,0,0,0,6
2000_population,M4613,string,int32,20274412,0,0,0,0,6
2000_population,M4620,string,int32,20274412,0,0,0,0,4
2000_population,M4621,string,string,20274412,3,0,0,0,9
2000_population,M4622,string,string,20274412,1,0,0,0,9
2000_population,M4631,string,int32,20274412,0,0,0,0,9
2000_population,M4632,string,int32,20274412,0,0,0,0,9
2000_population,M4654,string,int32,20274412,0,0,0,0,3
2000_population,M4670,string,int32,20274412,0,0,0,0,4
2000_population,M4671,string,string,20274412,17803,0,0,0,9
2000_population,M4672,string,string,20274412,18068,0,0,0,9
2000_population,M4752,string,int32,20274412,0,0,0,0,3
2000_population,M4754,string,int32,20274412,0,0,0,0,3
2000_population,MARCA,string,int32,5553289,0,0,0,1,1
2000_population,P001,double,double,20274412,0,20270895,0,1,147.20903287
2000_population,V0102,string,int32,20274412,0,0,0,11,53
2000_population,V0103,string,int32,20274412,0,0,0,1100015,5300108
2000_population,V0104,string,int32,20274412,0,0,0,110001505,530010805
2000_population,V0105,string,double,20274412,0,0,0,11000150599,53001080530
2000_population,V0300,string,int32,20274412,0,0,20274412,1,5304711
2000_population,V0400,string,int32,20274412,0,0,20096364,1,43
2000_population,V0401,string,int32,20274412,0,0,0,1,2
2000_population,V0402,string,int32,20274412,0,0,20181057,1,12
2000_population,V0403,string,int32,20274412,0,0,20185430,1,12
2000_population,V0404,string,int32,20274412,0,0,0,0,9
2000_population,V0408,string,int32,20274412,0,0,0,1,9
2000_population,V0410,string,int32,20274412,0,0,0,1,9
2000_population,V0411,string,int32,20274412,0,0,0,1,9
2000_population,V0412,string,int32,20274412,0,0,0,1,9
2000_population,V0413,string,int32,20274412,0,0,0,1,9
2000_population,V0414,string,int32,20274412,0,0,0,1,9
2000_population,V0415,string,int32,20274412,0,0,0,1,2
2000_population,V0416,int32,int32,7972129,0,0,0,0,99
2000_population,V0417,string,int32,7972129,0,0,0,1,2
2000_population,V0418,string,int32,7309460,0,0,0,1,2
2000_population,V0419,string,int32,3016723,0,0,0,1,3
2000_population,V0420,int32,int32,71188,0,0,0,1895,2000
2000_population,V0422,int32,int32,7972129,0,0,0,0,99
2000_population,V0424,string,int32,7972129,0,0,0,1,6
2000_population,V0428,string,int32,20274412,0,0,0,1,2
2000_population,V0429,string,int32,20274412,0,0,0,1,4
2000_population,V0430,string,int32,6412721,0,0,5993739,1,13
2000_population,V0431,string,int32,6412721,0,0,0,1,9
2000_population,V0432,string,int32,10353681,0,0,0,1,9
2000_population,V0433,string,int32,10353681,0,0,10123388,1,10
2000_population,V0434,string,int32,10353681,0,0,0,1,2
2000_population,V0436,string,int32,16194309,0,0,0,1,3
2000_population,V0437,string,int32,16194309,0,0,0,1,5
2000_population,V0438,string,int32,16194309,0,0,0,1,5
2000_population,V0439,string,int32,16194309,0,0,0,1,2
2000_population,V0440,string,int32,9463867,0,0,0,1,2
2000_population,V0441,string,int32,9143596,0,0,0,1,2
2000_population,V0442,string,int32,8880062,0,0,0,1,2
2000_population,V0443,string,int32,8721092,0,0,0,1,2
2000_population,V0444,string,int32,7782899,0,0,0,1,2
2000_population,V0447,string,int32,7782899,0,0,0,1,9
2000_population,V0448,string,int32,1930355,0,0,0,1,2
2000_population,V0449,string,int32,209478,0,0,0,1,5
2000_population,V0450,string,int32,3980425,0,0,0,1,2
2000_population,V0453,int32,int32,7782899,0,0,0,1,99
2000_population,V0454,int32,int32,7782899,0,0,0,0,70
2000_population,V0455,string,int32,8411410,0,0,0,1,2
2000_population,V0456,string,int32,16194309,0,0,0,1,2
2000_population,V0463,int32,int32,5055132,0,0,0,0,31
2000_population,V0464,string,int32,5055132,0,0,0,1,2
2000_population,V1001,string,int32,20274412,0,0,0,1,5
2000_population,V1002,string,int32,20274412,0,0,0,1101,5301
2000_population,V1003,string,int32,20274412,0,0,0,11001,53001
2000_population,V1004,string,int32,7013875,0,0,1967732,1,28
2000_population,V1005,string,int32,20274412,0,0,0,1,8
2000_population,V1006,string,int32,20274412,0,0,0,1,2
2000_population,V1007,string,int32,20274412,0,0,0,0,7
2000_population,V4070,string,int32,20274412,0,0,0,1,2
2000_population,V4090,string,int32,20274412,0,0,1408969,0,990
2000_population,V4210,string,int32,3016723,0,0,361677,1,99
2000_population,V4219,string,int32,3016723,0,0,6378,8,999
2000_population,V4230,string,int32,1452754,0,0,357897,0,99
2000_population,V4239,string,int32,1452754,0,0,149152,0,999
2000_population,V4250,string,int32,1833391,0,0,0,1100001,5400007
2000_population,V4260,string,int32,1849784,0,0,260217,1,99
2000_population,V4269,string,int32,1849784,0,0,1777,8,999
2000_population,V4276,string,int32,20274412,0,0,19422625,100008,8000986
2000_population,V4279,string,int32,5903,0,0,660,24,999
2000_population,V4300,string,int32,20274412,0,0,16718515,0,30
2000_population,V4354,string,int32,4240713,0,0,3633161,2,863
2000_population,V4355,string,int32,4240713,0,0,3634508,1,91
2000_population,V4451,string,int32,7782899,0,0,812361,0,999
2000_population,V4452,string,int32,7782899,0,0,174413,0,9922
2000_population,V4461,string,int32,7782899,0,0,1794846,11,999
2000_population,V4462,string,int32,7782899,0,0,1928896,0,99000
2000_population,V4511,string,int32,438071,0,0,0,0,1
2000_population,V4512,int32,int32,7035146,0,0,0,1,999000
2000_population,V4513,int32,int32,7782899,0,0,0,0,999000
2000_population,V4514,double,double,7782899,0,6340615,0,0,6615.89
2000_population,V4521,string,int32,7253355,0,0,0,0,1
2000_population,V4522,int32,int32,219862,0,0,0,1,4e+05
2000_population,V4523,int32,int32,7782899,0,0,0,0,4e+05
2000_population,V4524,double,double,7782899,0,210931,0,0,2649.01
2000_population,V4525,int32,int32,7782899,0,0,0,0,999000
2000_population,V4526,double,double,7782899,0,6350216,0,0,6615.89
2000_population,V4534,int32,int32,7782899,0,0,0,1,140
2000_population,V4573,int32,int32,16194309,0,0,0,0,50000
2000_population,V4583,int32,int32,16194309,0,0,0,0,5e+05
2000_population,V4593,int32,int32,16194309,0,0,0,0,1e+05
2000_population,V4603,int32,int32,16194309,0,0,0,0,599
2000_population,V4613,int32,int32,16194309,0,0,0,0,715000
2000_population,V4614,int32,int32,16194309,0,0,0,0,999998
2000_population,V4615,double,double,16194309,0,7554633,0,0,6622.5
2000_population,V4620,int32,int32,8234915,0,0,0,0,31
2000_population,V4621,int32,int32,8234915,0,0,0,0,31
2000_population,V4622,int32,int32,8234915,0,0,0,0,31
2000_population,V4631,int32,int32,5055132,0,0,0,0,31
2000_population,V4632,int32,int32,5055132,0,0,0,0,31
2000_population,V4654,int32,int32,5055132,0,0,0,0,99
2000_population,V4670,int32,int32,8234915,0,0,0,0,9
2000_population,V4671,int32,int32,8234915,0,0,0,0,9
2000_population,V4672,int32,int32,8234915,0,0,0,0,9
2000_population,V4690,int32,int32,8234915,0,0,0,0,31
2000_population,V4752,int32,int32,20274412,0,0,0,0,130
2000_population,V4754,int32,int32,20274412,0,0,0,0,11
2000_population,abbrev_state,string,string,20274412,20274412,0,0,,
2000_population,code_muni,double,int32,20274412,0,0,0,1100015,5300108
2000_population,code_region,double,int32,20274412,0,0,0,1,5
2000_population,code_state,double,int32,20274412,0,0,0,11,53
2000_population,code_weighting,double,double,20274412,0,0,0,1100015001001,5300108999106
2000_population,name_region,string,string,20274412,20274412,0,0,,
2000_population,name_state,string,string,20274412,20274412,0,0,,
2000_tracts_basico,Cod_RM,double,int32,215811,0,0,0,0,28
2000_tracts_basico,Cod_UF,double,int32,215811,0,0,0,11,53
2000_tracts_basico,Cod_bairro,double,double,215811,0,0,0,110001505000,530010805000
2000_tracts_basico,Cod_distrito,double,int32,215811,0,0,0,110001505,530010805
2000_tracts_basico,Cod_meso,double,int32,215811,0,0,0,1101,5301
2000_tracts_basico,Cod_micro,double,int32,215811,0,0,0,11001,53001
2000_tracts_basico,Cod_municipio,double,int32,215811,0,0,0,1100015,5300108
2000_tracts_basico,Cod_setor,double,double,215811,0,0,0,110001505000001,530010805300061
2000_tracts_basico,Cod_subdistrito,double,double,215811,0,0,0,11000150500,53001080530
2000_tracts_basico,Nome_da_RM,string,string,215811,215811,0,0,,
2000_tracts_basico,Nome_da_UF,string,string,215811,215811,0,0,,
2000_tracts_basico,Nome_da_meso,string,string,215811,215811,0,0,,
2000_tracts_basico,Nome_da_micro,string,string,215811,215811,0,0,,
2000_tracts_basico,Nome_do_bairro,string,string,215811,215811,0,0,,
2000_tracts_basico,Nome_do_distrito,string,string,215811,215811,0,0,,
2000_tracts_basico,Nome_do_municipio,string,string,215811,215811,0,0,,
2000_tracts_basico,Nome_do_subdistrito,string,string,215811,215811,0,0,,
2000_tracts_basico,Situacao,double,int32,215811,0,0,0,1,8
2000_tracts_basico,Tipo_do_setor,double,int32,215811,0,0,0,0,7
2000_tracts_basico,Var01,double,int32,213667,0,0,0,1,2167
2000_tracts_basico,Var02,double,int32,212332,0,0,0,96,5294615
2000_tracts_basico,Var03,double,double,212332,0,210518,0,8.81954887218045,24467.506097561
2000_tracts_basico,Var04,double,double,212332,0,212117,0,0,17375551944.8282
2000_tracts_basico,Var05,double,int32,212332,0,0,0,4,1827
2000_tracts_basico,Var06,double,double,212332,0,210362,0,19.2,25168.196969697
2000_tracts_basico,Var07,double,double,212332,0,212085,0,0,17689909531.508
2000_tracts_basico,Var08,double,int32,212508,0,0,0,4,2165
2000_tracts_basico,Var09,double,int32,212508,0,0,0,0,12073
2000_tracts_basico,Var10,double,double,212508,0,210699,0,0,16.1933701657459
2000_tracts_basico,Var11,double,double,213277,0,212777,0,0,128
2000_tracts_basico,Var12,double,int32,213667,0,0,0,1,7834
2000_tracts_basico,Var13,double,double,213506,0,211403,0,1,23
2000_tracts_basico,Var14,double,double,213259,0,212874,0,0,80.3333333333333
2000_tracts_basico,abbrev_state,string,string,215811,215811,0,0,,
2000_tracts_basico,code_district,double,int32,215811,0,0,0,110001505,530010805
2000_tracts_basico,code_meso,double,int32,215811,0,0,0,1101,5301
2000_tracts_basico,code_metro,double,int32,215811,0,0,0,0,28
2000_tracts_basico,code_micro,double,int32,215811,0,0,0,11001,53001
2000_tracts_basico,code_muni,double,int32,215811,0,0,0,1100015,5300108
2000_tracts_basico,code_neighborhood,double,double,215811,0,0,0,110001505000,530010805000
2000_tracts_basico,code_region,double,int32,215811,0,0,0,1,5
2000_tracts_basico,code_situacao,double,int32,215811,0,0,0,1,8
2000_tracts_basico,code_state,double,int32,215811,0,0,0,11,53
2000_tracts_basico,code_subdistrict,double,double,215811,0,0,0,11000150500,53001080530
2000_tracts_basico,code_tract,double,double,215811,0,0,0,110001505000001,530010805300061
2000_tracts_basico,code_type,double,int32,215811,0,0,0,0,7
2000_tracts_basico,name_district,string,string,215811,215811,0,0,,
2000_tracts_basico,name_meso,string,string,215811,215811,0,0,,
2000_tracts_basico,name_metro,string,string,215811,215811,0,0,,
2000_tracts_basico,name_micro,string,string,215811,215811,0,0,,
2000_tracts_basico,name_muni,string,string,215811,215811,0,0,,
2000_tracts_basico,name_neighborhood,string,string,215811,215811,0,0,,
2000_tracts_basico,name_region,string,string,215811,215811,0,0,,
2000_tracts_basico,name_state,string,string,215811,215811,0,0,,
2000_tracts_basico,name_subdistrict,string,string,215811,215811,0,0,,
2000_tracts_domicilio,Cod_RM,double,int32,215811,0,0,0,0,28
2000_tracts_domicilio,Cod_UF,double,int32,215811,0,0,0,11,53
2000_tracts_domicilio,Cod_bairro,double,double,215811,0,0,0,110001505000,530010805000
2000_tracts_domicilio,Cod_distrito,double,int32,215811,0,0,0,110001505,530010805
2000_tracts_domicilio,Cod_meso,double,int32,215811,0,0,0,1101,5301
2000_tracts_domicilio,Cod_micro,double,int32,215811,0,0,0,11001,53001
2000_tracts_domicilio,Cod_municipio,double,int32,215811,0,0,0,1100015,5300108
2000_tracts_domicilio,Cod_setor,double,double,215811,0,0,0,110001505000001,530010805300061
2000_tracts_domicilio,Cod_subdistrito,double,double,215811,0,0,0,11000150500,53001080530
2000_tracts_domicilio,Nome_da_RM,string,string,215811,215811,0,0,,
2000_tracts_domicilio,Nome_da_UF,string,string,215811,215811,0,0,,
2000_tracts_domicilio,Nome_da_meso,string,string,215811,215811,0,0,,
2000_tracts_domicilio,Nome_da_micro,string,string,215811,215811,0,0,,
2000_tracts_domicilio,Nome_do_bairro,string,string,215811,215811,0,0,,
2000_tracts_domicilio,Nome_do_distrito,string,string,215811,215811,0,0,,
2000_tracts_domicilio,Nome_do_municipio,string,string,215811,215811,0,0,,
2000_tracts_domicilio,Nome_do_subdistrito,string,string,215811,215811,0,0,,
2000_tracts_domicilio,Situacao,double,int32,215811,0,0,0,1,8
2000_tracts_domicilio,Tipo_do_setor,double,int32,215811,0,0,0,0,7
2000_tracts_domicilio,V0001,double,int32,215811,0,0,0,0,7175
2000_tracts_domicilio,V0002,double,int32,215811,0,0,0,0,2175
2000_tracts_domicilio,V0003,double,int32,215811,0,0,0,0,2167
2000_tracts_domicilio,V0004,double,int32,215811,0,0,0,0,636
2000_tracts_domicilio,V0005,double,int32,215811,0,0,0,0,7171
2000_tracts_domicilio,V0006,double,int32,212508,0,0,0,0,2140
2000_tracts_domicilio,V0007,double,int32,212508,0,0,0,0,1053
2000_tracts_domicilio,V0008,double,int32,212508,0,0,0,0,425
2000_tracts_domicilio,V0009,double,int32,212508,0,0,0,0,1644
2000_tracts_domicilio,V0010,double,int32,212508,0,0,0,0,973
2000_tracts_domicilio,V0011,double,int32,212508,0,0,0,0,469
2000_tracts_domicilio,V0012,double,int32,212508,0,0,0,0,1016
2000_tracts_domicilio,V0013,double,int32,212508,0,0,0,0,798
2000_tracts_domicilio,V0014,double,int32,212508,0,0,0,0,983
2000_tracts_domicilio,V0015,double,int32,212508,0,0,0,0,1301
2000_tracts_domicilio,V0016,double,int32,212508,0,0,0,0,748
2000_tracts_domicilio,V0017,double,int32,212508,0,0,0,0,1608
2000_tracts_domicilio,V0018,double,int32,212508,0,0,0,0,1509
2000_tracts_domicilio,V0019,double,int32,212508,0,0,0,0,1474
2000_tracts_domicilio,V0020,double,int32,212508,0,0,0,0,629
2000_tracts_domicilio,V0021,double,int32,212508,0,0,0,0,1382
2000_tracts_domicilio,V0022,double,int32,212508,0,0,0,0,1123
2000_tracts_domicilio,V0023,double,int32,212508,0,0,0,0,449
2000_tracts_domicilio,V0024,double,int32,212508,0,0,0,0,805
2000_tracts_domicilio,V0025,double,int32,212508,0,0,0,0,1155
2000_tracts_domicilio,V0026,double,int32,212508,0,0,0,0,761
2000_tracts_domicilio,V0027,double,int32,212508,0,0,0,0,758
2000_tracts_domicilio,V0028,double,int32,212508,0,0,0,0,877
2000_tracts_domicilio,V0029,double,int32,212508,0,0,0,0,2116
2000_tracts_domicilio,V0030,double,int32,212508,0,0,0,0,1263
2000_tracts_domicilio,V0031,double,int32,212508,0,0,0,0,1008
2000_tracts_domicilio,V0032,double,int32,212508,0,0,0,0,1490
2000_tracts_domicilio,V0033,double,int32,212508,0,0,0,0,885
2000_tracts_domicilio,V0034,double,int32,212508,0,0,0,0,899
2000_tracts_domicilio,V0035,double,int32,212508,0,0,0,0,607
2000_tracts_domicilio,V0036,double,int32,212508,0,0,0,0,840
2000_tracts_domicilio,V0037,double,int32,212508,0,0,0,0,1619
2000_tracts_domicilio,V0038,double,int32,212508,0,0,0,0,1526
2000_tracts_domicilio,V0039,double,int32,212508,0,0,0,0,795
2000_tracts_domicilio,V0040,double,int32,212508,0,0,0,0,451
2000_tracts_domicilio,V0041,double,int32,212508,0,0,0,0,300
2000_tracts_domicilio,V0042,double,int32,212508,0,0,0,0,218
2000_tracts_domicilio,V0043,double,int32,212508,0,0,0,0,95
2000_tracts_domicilio,V0044,double,int32,212508,0,0,0,0,232
2000_tracts_domicilio,V0045,double,int32,212508,0,0,0,0,29
2000_tracts_domicilio,V0046,double,int32,212508,0,0,0,0,37
2000_tracts_domicilio,V0047,double,int32,212508,0,0,0,0,1093
2000_tracts_domicilio,V0048,double,int32,212508,0,0,0,0,2147
2000_tracts_domicilio,V0049,double,int32,212508,0,0,0,0,1515
2000_tracts_domicilio,V0050,double,int32,212508,0,0,0,0,1697
2000_tracts_domicilio,V0051,double,int32,212508,0,0,0,0,969
2000_tracts_domicilio,V0052,double,int32,212508,0,0,0,0,368
2000_tracts_domicilio,V0053,double,int32,212508,0,0,0,0,628
2000_tracts_domicilio,V0054,double,int32,212508,0,0,0,0,404
2000_tracts_domicilio,V0055,double,int32,212508,0,0,0,0,850
2000_tracts_domicilio,V0056,double,int32,212508,0,0,0,0,296
2000_tracts_domicilio,V0057,double,int32,212508,0,0,0,0,346
2000_tracts_domicilio,V0058,double,int32,212508,0,0,0,0,551
2000_tracts_domicilio,V0059,double,int32,212508,0,0,0,0,507
2000_tracts_domicilio,V0060,double,int32,212508,0,0,0,0,314
2000_tracts_domicilio,V0061,double,int32,212508,0,0,0,0,277
2000_tracts_domicilio,V0062,double,int32,212508,0,0,0,0,100
2000_tracts_domicilio,V0063,double,int32,212508,0,0,0,0,67
2000_tracts_domicilio,V0064,double,int32,212508,0,0,0,0,68
2000_tracts_domicilio,V0065,double,int32,212508,0,0,0,0,143
2000_tracts_domicilio,V0066,double,int32,212508,0,0,0,0,198
2000_tracts_domicilio,V0067,double,int32,212508,0,0,0,0,868
2000_tracts_domicilio,V0068,double,int32,212508,0,0,0,0,714
2000_tracts_domicilio,V0069,double,int32,212508,0,0,0,0,325
2000_tracts_domicilio,V0070,double,int32,212508,0,0,0,0,146
2000_tracts_domicilio,V0071,double,int32,212508,0,0,0,0,81
2000_tracts_domicilio,V0072,double,int32,212508,0,0,0,0,44
2000_tracts_domicilio,V0073,double,int32,212508,0,0,0,0,37
2000_tracts_domicilio,V0074,double,int32,212508,0,0,0,0,16
2000_tracts_domicilio,V0075,double,int32,212508,0,0,0,0,19
2000_tracts_domicilio,V0076,double,int32,212508,0,0,0,0,28
2000_tracts_domicilio,V0077,double,int32,212508,0,0,0,0,280
2000_tracts_domicilio,V0078,double,int32,212508,0,0,0,0,757
2000_tracts_domicilio,V0079,double,int32,212508,0,0,0,0,718
2000_tracts_domicilio,V0080,double,int32,212508,0,0,0,0,313
2000_tracts_domicilio,V0081,double,int32,212508,0,0,0,0,139
2000_tracts_domicilio,V0082,double,int32,212508,0,0,0,0,85
2000_tracts_domicilio,V0083,double,int32,212508,0,0,0,0,42
2000_tracts_domicilio,V0084,double,int32,212508,0,0,0,0,28
2000_tracts_domicilio,V0085,double,int32,212508,0,0,0,0,15
2000_tracts_domicilio,V0086,double,int32,212508,0,0,0,0,9
2000_tracts_domicilio,V0087,double,int32,212508,0,0,0,0,11
2000_tracts_domicilio,V0088,double,int32,212508,0,0,0,0,277
2000_tracts_domicilio,V0089,double,int32,212508,0,0,0,0,237
2000_tracts_domicilio,V0090,double,int32,212508,0,0,0,0,432
2000_tracts_domicilio,V0091,double,int32,212508,0,0,0,0,430
2000_tracts_domicilio,V0092,double,int32,212508,0,0,0,0,306
2000_tracts_domicilio,V0093,double,int32,212508,0,0,0,0,403
2000_tracts_domicilio,V0094,double,int32,212508,0,0,0,0,685
2000_tracts_domicilio,V0095,double,int32,212508,0,0,0,0,573
2000_tracts_domicilio,V0096,double,int32,212508,0,0,0,0,491
2000_tracts_domicilio,V0097,double,int32,212508,0,0,0,0,280
2000_tracts_domicilio,V0098,double,int32,212508,0,0,0,0,565
2000_tracts_domicilio,V0099,double,int32,212508,0,0,0,0,541
2000_tracts_domicilio,V0100,double,int32,212508,0,0,0,0,410
2000_tracts_domicilio,V0101,double,int32,212508,0,0,0,0,145
2000_tracts_domicilio,V0102,double,int32,212508,0,0,0,0,114
2000_tracts_domicilio,V0103,double,int32,212508,0,0,0,0,119
2000_tracts_domicilio,V0104,double,int32,212508,0,0,0,0,105
2000_tracts_domicilio,V0105,double,int32,212508,0,0,0,0,73
2000_tracts_domicilio,V0106,double,int32,212508,0,0,0,0,144
2000_tracts_domicilio,V0107,double,int32,212508,0,0,0,0,198
2000_tracts_domicilio,V0108,double,int32,212508,0,0,0,0,183
2000_tracts_domicilio,V0109,double,int32,212508,0,0,0,0,141
2000_tracts_domicilio,V0110,double,int32,212508,0,0,0,0,151
2000_tracts_domicilio,V0111,double,int32,212508,0,0,0,0,192
2000_tracts_domicilio,V0112,double,int32,212508,0,0,0,0,177
2000_tracts_domicilio,V0113,double,int32,212508,0,0,0,0,155
2000_tracts_domicilio,V0114,double,int32,212508,0,0,0,0,1629
2000_tracts_domicilio,V0115,double,int32,212508,0,0,0,0,900
2000_tracts_domicilio,V0116,double,int32,212508,0,0,0,0,423
2000_tracts_domicilio,V0117,double,int32,212508,0,0,0,0,883
2000_tracts_domicilio,V0118,double,int32,212508,0,0,0,0,797
2000_tracts_domicilio,V0119,double,int32,212508,0,0,0,0,854
2000_tracts_domicilio,V0120,double,int32,212508,0,0,0,0,1235
2000_tracts_domicilio,V0121,double,int32,212508,0,0,0,0,745
2000_tracts_domicilio,V0122,double,int32,212508,0,0,0,0,1589
2000_tracts_domicilio,V0123,double,int32,212508,0,0,0,0,1436
2000_tracts_domicilio,V0124,double,int32,212508,0,0,0,0,1376
2000_tracts_domicilio,V0125,double,int32,212508,0,0,0,0,623
2000_tracts_domicilio,V0126,double,int32,212508,0,0,0,0,1367
2000_tracts_domicilio,V0127,double,int32,212508,0,0,0,0,1109
2000_tracts_domicilio,V0128,double,int32,212508,0,0,0,0,413
2000_tracts_domicilio,V0129,double,int32,212508,0,0,0,0,803
2000_tracts_domicilio,V0130,double,int32,212508,0,0,0,0,1139
2000_tracts_domicilio,V0131,double,int32,212508,0,0,0,0,750
2000_tracts_domicilio,V0132,double,int32,212508,0,0,0,0,736
2000_tracts_domicilio,V0133,double,int32,212508,0,0,0,0,870
2000_tracts_domicilio,V0134,double,int32,212508,0,0,0,0,2090
2000_tracts_domicilio,V0135,double,int32,212508,0,0,0,0,1193
2000_tracts_domicilio,V0136,double,int32,212508,0,0,0,0,922
2000_tracts_domicilio,V0137,double,int32,212508,0,0,0,0,1420
2000_tracts_domicilio,V0138,double,int32,212508,0,0,0,0,882
2000_tracts_domicilio,V0139,double,int32,212508,0,0,0,0,785
2000_tracts_domicilio,V0140,double,int32,212508,0,0,0,0,606
2000_tracts_domicilio,V0141,double,int32,212508,0,0,0,0,839
2000_tracts_domicilio,V0142,double,int32,212508,0,0,0,0,1601
2000_tracts_domicilio,V0143,double,int32,212508,0,0,0,0,1509
2000_tracts_domicilio,V0144,double,int32,212508,0,0,0,0,318
2000_tracts_domicilio,V0145,double,int32,212508,0,0,0,0,234
2000_tracts_domicilio,V0146,double,int32,212508,0,0,0,0,398
2000_tracts_domicilio,V0147,double,int32,212508,0,0,0,0,1082
2000_tracts_domicilio,V0148,double,int32,212508,0,0,0,0,2120
2000_tracts_domicilio,V0149,double,int32,212508,0,0,0,0,1442
2000_tracts_domicilio,V0150,double,int32,212508,0,0,0,0,1678
2000_tracts_domicilio,V0151,double,int32,212508,0,0,0,0,959
2000_tracts_domicilio,V0152,double,int32,212508,0,0,0,0,361
2000_tracts_domicilio,V0153,double,int32,212508,0,0,0,0,618
2000_tracts_domicilio,V0154,double,int32,212508,0,0,0,0,367
2000_tracts_domicilio,V0155,double,int32,212508,0,0,0,0,837
2000_tracts_domicilio,V0156,double,int32,212508,0,0,0,0,447
2000_tracts_domicilio,V0157,double,int32,212508,0,0,0,0,960
2000_tracts_domicilio,V0158,double,int32,212508,0,0,0,0,305
2000_tracts_domicilio,V0159,double,int32,212508,0,0,0,0,363
2000_tracts_domicilio,V0160,double,int32,212508,0,0,0,0,332
2000_tracts_domicilio,V0161,double,int32,212508,0,0,0,0,416
2000_tracts_domicilio,V0162,double,int32,212508,0,0,0,0,987
2000_tracts_domicilio,V0163,double,int32,212508,0,0,0,0,589
2000_tracts_domicilio,V0164,double,int32,212508,0,0,0,0,323
2000_tracts_domicilio,V0165,double,int32,212508,0,0,0,0,1053
2000_tracts_domicilio,V0166,double,int32,212508,0,0,0,0,1053
2000_tracts_domicilio,V0167,double,int32,212508,0,0,0,0,373
2000_tracts_domicilio,V0168,double,int32,212508,0,0,0,0,735
2000_tracts_domicilio,V0169,double,int32,212508,0,0,0,0,734
2000_tracts_domicilio,V0170,double,int32,212508,0,0,0,0,166
2000_tracts_domicilio,V0171,double,int32,212508,0,0,0,0,64
2000_tracts_domicilio,V0172,double,int32,212508,0,0,0,0,385
2000_tracts_domicilio,V0173,double,int32,212508,0,0,0,0,383
2000_tracts_domicilio,V0174,double,int32,212508,0,0,0,0,10
2000_tracts_domicilio,V0175,double,int32,212508,0,0,0,0,24
2000_tracts_domicilio,V0176,double,int32,212508,0,0,0,0,1050
2000_tracts_domicilio,V0177,double,int32,212508,0,0,0,0,1049
2000_tracts_domicilio,V0178,double,int32,212508,0,0,0,0,543
2000_tracts_domicilio,V0179,double,int32,212508,0,0,0,0,455
2000_tracts_domicilio,V0180,double,int32,212508,0,0,0,0,409
2000_tracts_domicilio,V0181,double,int32,212508,0,0,0,0,335
2000_tracts_domicilio,V0182,double,int32,212508,0,0,0,0,249
2000_tracts_domicilio,V0183,double,int32,212508,0,0,0,0,42
2000_tracts_domicilio,V0184,double,int32,212508,0,0,0,0,1050
2000_tracts_domicilio,V0185,double,int32,212508,0,0,0,0,1048
2000_tracts_domicilio,V0186,double,int32,212508,0,0,0,0,776
2000_tracts_domicilio,V0187,double,int32,212508,0,0,0,0,447
2000_tracts_domicilio,V0188,double,int32,212508,0,0,0,0,355
2000_tracts_domicilio,V0189,double,int32,212508,0,0,0,0,71
2000_tracts_domicilio,V0190,double,int32,212508,0,0,0,0,1052
2000_tracts_domicilio,V0191,double,int32,212508,0,0,0,0,1052
2000_tracts_domicilio,V0192,double,int32,212508,0,0,0,0,716
2000_tracts_domicilio,V0193,double,int32,212508,0,0,0,0,18
2000_tracts_domicilio,V0194,double,int32,212508,0,0,0,0,6
2000_tracts_domicilio,V0195,double,int32,212508,0,0,0,0,423
2000_tracts_domicilio,V0196,double,int32,212508,0,0,0,0,39
2000_tracts_domicilio,V0197,double,int32,212508,0,0,0,0,274
2000_tracts_domicilio,V0198,double,int32,212508,0,0,0,0,1505
2000_tracts_domicilio,V0199,double,int32,212508,0,0,0,0,1434
2000_tracts_domicilio,V0200,double,int32,212508,0,0,0,0,433
2000_tracts_domicilio,V0201,double,int32,212508,0,0,0,0,1282
2000_tracts_domicilio,V0202,double,int32,212508,0,0,0,0,1111
2000_tracts_domicilio,V0203,double,int32,212508,0,0,0,0,426
2000_tracts_domicilio,V0204,double,int32,212508,0,0,0,0,542
2000_tracts_domicilio,V0205,double,int32,212508,0,0,0,0,1138
2000_tracts_domicilio,V0206,double,int32,212508,0,0,0,0,757
2000_tracts_domicilio,V0207,double,int32,212508,0,0,0,0,280
2000_tracts_domicilio,V0208,double,int32,212508,0,0,0,0,478
2000_tracts_domicilio,V0209,double,int32,212508,0,0,0,0,2096
2000_tracts_domicilio,V0210,double,int32,212508,0,0,0,0,1256
2000_tracts_domicilio,V0211,double,int32,212508,0,0,0,0,999
2000_tracts_domicilio,V0212,double,int32,212508,0,0,0,0,1487
2000_tracts_domicilio,V0213,double,int32,212508,0,0,0,0,877
2000_tracts_domicilio,V0214,double,int32,212508,0,0,0,0,888
2000_tracts_domicilio,V0215,double,int32,212508,0,0,0,0,500
2000_tracts_domicilio,V0216,double,int32,212508,0,0,0,0,409
2000_tracts_domicilio,V0217,double,int32,212508,0,0,0,0,1608
2000_tracts_domicilio,V0218,double,int32,212508,0,0,0,0,917
2000_tracts_domicilio,V0219,double,int32,212508,0,0,0,0,648
2000_tracts_domicilio,V0220,double,int32,212508,0,0,0,0,506
2000_tracts_domicilio,V0221,double,int32,212508,0,0,0,0,969
2000_tracts_domicilio,V0222,double,int32,212508,0,0,0,0,473
2000_tracts_domicilio,V0223,double,int32,212508,0,0,0,0,326
2000_tracts_domicilio,V0224,double,int32,212508,0,0,0,0,805
2000_tracts_domicilio,V0225,double,int32,212508,0,0,0,0,1001
2000_tracts_domicilio,V0226,double,int32,212508,0,0,0,0,408
2000_tracts_domicilio,V0227,double,int32,212508,0,0,0,0,758
2000_tracts_domicilio,V0228,double,int32,212508,0,0,0,0,662
2000_tracts_domicilio,V0229,double,int32,212508,0,0,0,0,963
2000_tracts_domicilio,V0230,double,int32,212508,0,0,0,0,427
2000_tracts_domicilio,V0231,double,int32,212508,0,0,0,0,440
2000_tracts_domicilio,V0232,double,int32,212508,0,0,0,0,674
2000_tracts_domicilio,V0233,double,int32,212508,0,0,0,0,440
2000_tracts_domicilio,V0234,double,int32,212508,0,0,0,0,399
2000_tracts_domicilio,V0235,double,int32,212508,0,0,0,0,398
2000_tracts_domicilio,V0236,double,int32,212508,0,0,0,0,839
2000_tracts_domicilio,abbrev_state,string,string,215811,215811,0,0,,
2000_tracts_domicilio,code_district,double,int32,215811,0,0,0,110001505,530010805
2000_tracts_domicilio,code_meso,double,int32,215811,0,0,0,1101,5301
2000_tracts_domicilio,code_metro,double,int32,215811,0,0,0,0,28
2000_tracts_domicilio,code_micro,double,int32,215811,0,0,0,11001,53001
2000_tracts_domicilio,code_muni,double,int32,215811,0,0,0,1100015,5300108
2000_tracts_domicilio,code_neighborhood,double,double,215811,0,0,0,110001505000,530010805000
2000_tracts_domicilio,code_region,double,int32,215811,0,0,0,1,5
2000_tracts_domicilio,code_situacao,double,int32,215811,0,0,0,1,8
2000_tracts_domicilio,code_state,double,int32,215811,0,0,0,11,53
2000_tracts_domicilio,code_subdistrict,double,double,215811,0,0,0,11000150500,53001080530
2000_tracts_domicilio,code_tract,double,double,215811,0,0,0,110001505000001,530010805300061
2000_tracts_domicilio,code_type,double,int32,215811,0,0,0,0,7
2000_tracts_domicilio,name_district,string,string,215811,215811,0,0,,
2000_tracts_domicilio,name_meso,string,string,215811,215811,0,0,,
2000_tracts_domicilio,name_metro,string,string,215811,215811,0,0,,
2000_tracts_domicilio,name_micro,string,string,215811,215811,0,0,,
2000_tracts_domicilio,name_muni,string,string,215811,215811,0,0,,
2000_tracts_domicilio,name_neighborhood,string,string,215811,215811,0,0,,
2000_tracts_domicilio,name_region,string,string,215811,215811,0,0,,
2000_tracts_domicilio,name_state,string,string,215811,215811,0,0,,
2000_tracts_domicilio,name_subdistrict,string,string,215811,215811,0,0,,
2000_tracts_instrucao,Cod_RM,double,int32,215811,0,0,0,0,28
2000_tracts_instrucao,Cod_UF,double,int32,215811,0,0,0,11,53
2000_tracts_instrucao,Cod_bairro,double,double,215811,0,0,0,110001505000,530010805000
2000_tracts_instrucao,Cod_distrito,double,int32,215811,0,0,0,110001505,530010805
2000_tracts_instrucao,Cod_meso,double,int32,215811,0,0,0,1101,5301
2000_tracts_instrucao,Cod_micro,double,int32,215811,0,0,0,11001,53001
2000_tracts_instrucao,Cod_municipio,double,int32,215811,0,0,0,1100015,5300108
2000_tracts_instrucao,Cod_setor,double,double,215811,0,0,0,110001505000001,530010805300061
2000_tracts_instrucao,Cod_subdistrito,double,double,215811,0,0,0,11000150500,53001080530
2000_tracts_instrucao,Nome_da_RM,string,string,215811,215811,0,0,,
2000_tracts_instrucao,Nome_da_UF,string,string,215811,215811,0,0,,
2000_tracts_instrucao,Nome_da_meso,string,string,215811,215811,0,0,,
2000_tracts_instrucao,Nome_da_micro,string,string,215811,215811,0,0,,
2000_tracts_instrucao,Nome_do_bairro,string,string,215811,215811,0,0,,
2000_tracts_instrucao,Nome_do_distrito,string,string,215811,215811,0,0,,
2000_tracts_instrucao,Nome_do_municipio,string,string,215811,215811,0,0,,
2000_tracts_instrucao,Nome_do_subdistrito,string,string,215811,215811,0,0,,
2000_tracts_instrucao,Situacao,double,int32,215811,0,0,0,1,8
2000_tracts_instrucao,Tipo_do_setor,double,int32,215811,0,0,0,0,7
2000_tracts_instrucao,abbrev_state,string,string,215811,215811,0,0,,
2000_tracts_instrucao,code_district,double,int32,215811,0,0,0,110001505,530010805
2000_tracts_instrucao,code_meso,double,int32,215811,0,0,0,1101,5301
2000_tracts_instrucao,code_metro,double,int32,215811,0,0,0,0,28
2000_tracts_instrucao,code_micro,double,int32,215811,0,0,0,11001,53001
2000_tracts_instrucao,code_muni,double,int32,215811,0,0,0,1100015,5300108
2000_tracts_instrucao,code_neighborhood,double,double,215811,0,0,0,110001505000,530010805000
2000_tracts_instrucao,code_region,double,int32,215811,0,0,0,1,5
2000_tracts_instrucao,code_situacao,double,int32,215811,0,0,0,1,8
2000_tracts_instrucao,code_state,double,int32,215811,0,0,0,11,53
2000_tracts_instrucao,code_subdistrict,double,double,215811,0,0,0,11000150500,53001080530
2000_tracts_instrucao,code_tract,double,double,215811,0,0,0,110001505000001,530010805300061
2000_tracts_instrucao,code_type,double,int32,215811,0,0,0,0,7
2000_tracts_instrucao,instrucao1_V2248,double,int32,212508,0,0,0,0,5622
2000_tracts_instrucao,instrucao1_V2249,double,int32,212508,0,0,0,0,2445
2000_tracts_instrucao,instrucao1_V2250,double,int32,212508,0,0,0,0,42
2000_tracts_instrucao,instrucao1_V2251,double,int32,212508,0,0,0,0,71
2000_tracts_instrucao,instrucao1_V2252,double,int32,212508,0,0,0,0,120
2000_tracts_instrucao,instrucao1_V2253,double,int32,212508,0,0,0,0,158
2000_tracts_instrucao,instrucao1_V2254,double,int32,212508,0,0,0,0,157
2000_tracts_instrucao,instrucao1_V2255,double,int32,212508,0,0,0,0,192
2000_tracts_instrucao,instrucao1_V2256,double,int32,212508,0,0,0,0,189
2000_tracts_instrucao,instrucao1_V2257,double,int32,212508,0,0,0,0,181
2000_tracts_instrucao,instrucao1_V2258,double,int32,212508,0,0,0,0,137
2000_tracts_instrucao,instrucao1_V2259,double,int32,212508,0,0,0,0,142
2000_tracts_instrucao,instrucao1_V2260,double,int32,212508,0,0,0,0,165
2000_tracts_instrucao,instrucao1_V2261,double,int32,212508,0,0,0,0,128
2000_tracts_instrucao,instrucao1_V2262,double,int32,212508,0,0,0,0,163
2000_tracts_instrucao,instrucao1_V2263,double,int32,212508,0,0,0,0,147
2000_tracts_instrucao,instrucao1_V2264,double,int32,212508,0,0,0,0,138
2000_tracts_instrucao,instrucao1_V2265,double,int32,212508,0,0,0,0,214
2000_tracts_instrucao,instrucao1_V2266,double,int32,212508,0,0,0,0,233
2000_tracts_instrucao,instrucao1_V2267,double,int32,212508,0,0,0,0,217
2000_tracts_instrucao,instrucao1_V2268,double,int32,212508,0,0,0,0,223
2000_tracts_instrucao,instrucao1_V2269,double,int32,212508,0,0,0,0,195
2000_tracts_instrucao,instrucao1_V2270,double,int32,212508,0,0,0,0,178
2000_tracts_instrucao,instrucao1_V2271,double,int32,212508,0,0,0,0,172
2000_tracts_instrucao,instrucao1_V2272,double,int32,212508,0,0,0,0,175
2000_tracts_instrucao,instrucao1_V2273,double,int32,212508,0,0,0,0,175
2000_tracts_instrucao,instrucao1_V2274,double,int32,212508,0,0,0,0,164
2000_tracts_instrucao,instrucao1_V2275,double,int32,212508,0,0,0,0,174
2000_tracts_instrucao,instrucao1_V2276,double,int32,212508,0,0,0,0,135
2000_tracts_instrucao,instrucao1_V2277,double,int32,212508,0,0,0,0,152
2000_tracts_instrucao,instrucao1_V2278,double,int32,212508,0,0,0,0,156
2000_tracts_instrucao,instrucao1_V2279,double,int32,212508,0,0,0,0,113
2000_tracts_instrucao,instrucao1_V2280,double,int32,212508,0,0,0,0,138
2000_tracts_instrucao,instrucao1_V2281,double,int32,212508,0,0,0,0,109
2000_tracts_instrucao,instrucao1_V2282,double,int32,212508,0,0,0,0,110
2000_tracts_instrucao,instrucao1_V2283,double,int32,212508,0,0,0,0,100
2000_tracts_instrucao,instrucao1_V2284,double,int32,212508,0,0,0,0,88
2000_tracts_instrucao,instrucao1_V2285,double,int32,212508,0,0,0,0,92
2000_tracts_instrucao,instrucao1_V2286,double,int32,212508,0,0,0,0,69
2000_tracts_instrucao,instrucao1_V2287,double,int32,212508,0,0,0,0,82
2000_tracts_instrucao,instrucao1_V2288,double,int32,212508,0,0,0,0,74
2000_tracts_instrucao,instrucao1_V2289,double,int32,212508,0,0,0,0,65
2000_tracts_instrucao,instrucao1_V2290,double,int32,212508,0,0,0,0,82
2000_tracts_instrucao,instrucao1_V2291,double,int32,212508,0,0,0,0,57
2000_tracts_instrucao,instrucao1_V2292,double,int32,212508,0,0,0,0,66
2000_tracts_instrucao,instrucao1_V2293,double,int32,212508,0,0,0,0,50
2000_tracts_instrucao,instrucao1_V2294,double,int32,212508,0,0,0,0,55
2000_tracts_instrucao,instrucao1_V2295,double,int32,212508,0,0,0,0,61
2000_tracts_instrucao,instrucao1_V2296,double,int32,212508,0,0,0,0,40
2000_tracts_instrucao,instrucao1_V2297,double,int32,212508,0,0,0,0,55
2000_tracts_instrucao,instrucao1_V2298,double,int32,212508,0,0,0,0,35
2000_tracts_instrucao,instrucao1_V2299,double,int32,212508,0,0,0,0,35
2000_tracts_instrucao,instrucao1_V2300,double,int32,212508,0,0,0,0,32
2000_tracts_instrucao,instrucao1_V2301,double,int32,212508,0,0,0,0,37
2000_tracts_instrucao,instrucao1_V2302,double,int32,212508,0,0,0,0,31
2000_tracts_instrucao,instrucao1_V2303,double,int32,212508,0,0,0,0,27
2000_tracts_instrucao,instrucao1_V2304,double,int32,212508,0,0,0,0,30
2000_tracts_instrucao,instrucao1_V2305,double,int32,212508,0,0,0,0,33
2000_tracts_instrucao,instrucao1_V2306,double,int32,212508,0,0,0,0,27
2000_tracts_instrucao,instrucao1_V2307,double,int32,212508,0,0,0,0,33
2000_tracts_instrucao,instrucao1_V2308,double,int32,212508,0,0,0,0,25
2000_tracts_instrucao,instrucao1_V2309,double,int32,212508,0,0,0,0,28
2000_tracts_instrucao,instrucao1_V2310,double,int32,212508,0,0,0,0,24
2000_tracts_instrucao,instrucao1_V2311,double,int32,212508,0,0,0,0,20
2000_tracts_instrucao,instrucao1_V2312,double,int32,212508,0,0,0,0,21
2000_tracts_instrucao,instrucao1_V2313,double,int32,212508,0,0,0,0,20
2000_tracts_instrucao,instrucao1_V2314,double,int32,212508,0,0,0,0,22
2000_tracts_instrucao,instrucao1_V2315,double,int32,212508,0,0,0,0,24
2000_tracts_instrucao,instrucao1_V2316,double,int32,212508,0,0,0,0,23
2000_tracts_instrucao,instrucao1_V2317,double,int32,212508,0,0,0,0,19
2000_tracts_instrucao,instrucao1_V2318,double,int32,212508,0,0,0,0,19
2000_tracts_instrucao,instrucao1_V2319,double,int32,212508,0,0,0,0,18
2000_tracts_instrucao,instrucao1_V2320,double,int32,212508,0,0,0,0,19
2000_tracts_instrucao,instrucao1_V2321,double,int32,212508,0,0,0,0,17
2000_tracts_instrucao,instrucao1_V2322,double,int32,212508,0,0,0,0,17
2000_tracts_instrucao,instrucao1_V2323,double,int32,212508,0,0,0,0,17
2000_tracts_instrucao,instrucao1_V2324,double,int32,212508,0,0,0,0,16
2000_tracts_instrucao,instrucao1_V2325,double,int32,212508,0,0,0,0,163
2000_tracts_instrucao,instrucao1_V2326,double,int32,212508,0,0,0,0,462
2000_tracts_instrucao,instrucao1_V2327,double,int32,212508,0,0,0,0,803
2000_tracts_instrucao,instrucao1_V2328,double,int32,212508,0,0,0,0,729
2000_tracts_instrucao,instrucao1_V2329,double,int32,212508,0,0,0,0,1082
2000_tracts_instrucao,instrucao1_V2330,double,int32,212508,0,0,0,0,833
2000_tracts_instrucao,instrucao1_V2331,double,int32,212508,0,0,0,0,708
2000_tracts_instrucao,instrucao1_V2332,double,int32,212508,0,0,0,0,526
2000_tracts_instrucao,instrucao1_V2333,double,int32,212508,0,0,0,0,362
2000_tracts_instrucao,instrucao1_V2334,double,int32,212508,0,0,0,0,277
2000_tracts_instrucao,instrucao1_V2335,double,int32,212508,0,0,0,0,216
2000_tracts_instrucao,instrucao1_V2336,double,int32,212508,0,0,0,0,133
2000_tracts_instrucao,instrucao1_V2337,double,int32,212508,0,0,0,0,125
2000_tracts_instrucao,instrucao1_V2338,double,int32,212508,0,0,0,0,87
2000_tracts_instrucao,instrucao1_V2339,double,int32,212508,0,0,0,0,87
2000_tracts_instrucao,instrucao1_V2340,double,int32,212508,0,0,0,0,64
2000_tracts_instrucao,instrucao1_V2341,double,int32,212508,0,0,0,0,163
2000_tracts_instrucao,instrucao1_V2342,double,int32,212508,0,0,0,0,220
2000_tracts_instrucao,instrucao1_V2343,double,int32,212508,0,0,0,0,202
2000_tracts_instrucao,instrucao1_V2344,double,int32,212508,0,0,0,0,147
2000_tracts_instrucao,instrucao1_V2345,double,int32,212508,0,0,0,0,141
2000_tracts_instrucao,instrucao1_V2346,double,int32,212508,0,0,0,0,128
2000_tracts_instrucao,instrucao1_V2347,double,int32,212508,0,0,0,0,139
2000_tracts_instrucao,instrucao1_V2348,double,int32,212508,0,0,0,0,94
2000_tracts_instrucao,instrucao1_V2349,double,int32,212508,0,0,0,0,96
2000_tracts_instrucao,instrucao1_V2350,double,int32,212508,0,0,0,0,76
2000_tracts_instrucao,instrucao1_V2351,double,int32,212508,0,0,0,0,54
2000_tracts_instrucao,instrucao1_V2352,double,int32,212508,0,0,0,0,52
2000_tracts_instrucao,instrucao1_V2353,double,int32,212508,0,0,0,0,49
2000_tracts_instrucao,instrucao1_V2354,double,int32,212508,0,0,0,0,50
2000_tracts_instrucao,instrucao1_V2355,double,int32,212508,0,0,0,0,61
2000_tracts_instrucao,instrucao1_V2356,double,int32,212508,0,0,0,0,47
2000_tracts_instrucao,instrucao1_V2357,double,int32,212508,0,0,0,0,86
2000_tracts_instrucao,instrucao1_V2358,double,int32,212508,0,0,0,0,48
2000_tracts_instrucao,instrucao1_V2359,double,int32,212508,0,0,0,0,42
2000_tracts_instrucao,instrucao1_V2360,double,int32,212508,0,0,0,0,41
2000_tracts_instrucao,instrucao1_V2361,double,int32,212508,0,0,0,0,40
2000_tracts_instrucao,instrucao1_V2362,double,int32,212508,0,0,0,0,52
2000_tracts_instrucao,instrucao1_V2363,double,int32,212508,0,0,0,0,34
2000_tracts_instrucao,instrucao1_V2364,double,int32,212508,0,0,0,0,42
2000_tracts_instrucao,instrucao1_V2365,double,int32,212508,0,0,0,0,46
2000_tracts_instrucao,instrucao1_V2366,double,int32,212508,0,0,0,0,36
2000_tracts_instrucao,instrucao1_V2367,double,int32,212508,0,0,0,0,93
2000_tracts_instrucao,instrucao1_V2368,double,int32,212508,0,0,0,0,32
2000_tracts_instrucao,instrucao1_V2369,double,int32,212508,0,0,0,0,41
2000_tracts_instrucao,instrucao1_V2370,double,int32,212508,0,0,0,0,25
2000_tracts_instrucao,instrucao1_V2371,double,int32,212508,0,0,0,0,31
2000_tracts_instrucao,instrucao1_V2372,double,int32,212508,0,0,0,0,31
2000_tracts_instrucao,instrucao1_V2373,double,int32,212508,0,0,0,0,33
2000_tracts_instrucao,instrucao1_V2374,double,int32,212508,0,0,0,0,43
2000_tracts_instrucao,instrucao1_V2375,double,int32,212508,0,0,0,0,39
2000_tracts_instrucao,instrucao1_V2376,double,int32,212508,0,0,0,0,46
2000_tracts_instrucao,instrucao1_V2377,double,int32,212508,0,0,0,0,84
2000_tracts_instrucao,instrucao1_V2378,double,int32,212508,0,0,0,0,39
2000_tracts_instrucao,instrucao1_V2379,double,int32,212508,0,0,0,0,34
2000_tracts_instrucao,instrucao1_V2380,double,int32,212508,0,0,0,0,36
2000_tracts_instrucao,instrucao1_V2381,double,int32,212508,0,0,0,0,36
2000_tracts_instrucao,instrucao1_V2382,double,int32,212508,0,0,0,0,39
2000_tracts_instrucao,instrucao1_V2383,double,int32,212508,0,0,0,0,31
2000_tracts_instrucao,instrucao1_V2384,double,int32,212508,0,0,0,0,29
2000_tracts_instrucao,instrucao1_V2385,double,int32,212508,0,0,0,0,33
2000_tracts_instrucao,instrucao1_V2386,double,int32,212508,0,0,0,0,27
2000_tracts_instrucao,instrucao1_V2387,double,int32,212508,0,0,0,0,34
2000_tracts_instrucao,instrucao1_V2388,double,int32,212508,0,0,0,0,23
2000_tracts_instrucao,instrucao1_V2389,double,int32,212508,0,0,0,0,30
2000_tracts_instrucao,instrucao1_V2390,double,int32,212508,0,0,0,0,25
2000_tracts_instrucao,instrucao1_V2391,double,int32,212508,0,0,0,0,22
2000_tracts_instrucao,instrucao1_V2392,double,int32,212508,0,0,0,0,30
2000_tracts_instrucao,instrucao1_V2393,double,int32,212508,0,0,0,0,31
2000_tracts_instrucao,instrucao1_V2394,double,int32,212508,0,0,0,0,28
2000_tracts_instrucao,instrucao1_V2395,double,int32,212508,0,0,0,0,29
2000_tracts_instrucao,instrucao1_V2396,double,int32,212508,0,0,0,0,21
2000_tracts_instrucao,instrucao1_V2397,double,int32,212508,0,0,0,0,32
2000_tracts_instrucao,instrucao1_V2398,double,int32,212508,0,0,0,0,21
2000_tracts_instrucao,instrucao1_V2399,double,int32,212508,0,0,0,0,19
2000_tracts_instrucao,instrucao1_V2400,double,int32,212508,0,0,0,0,22
2000_tracts_instrucao,instrucao1_V2401,double,int32,212508,0,0,0,0,23
2000_tracts_instrucao,instrucao1_V2402,double,int32,212508,0,0,0,0,28
2000_tracts_instrucao,instrucao1_V2403,double,int32,212508,0,0,0,0,24
2000_tracts_instrucao,instrucao1_V2404,double,int32,212508,0,0,0,0,21
2000_tracts_instrucao,instrucao1_V2405,double,int32,212508,0,0,0,0,22
2000_tracts_instrucao,instrucao1_V2406,double,int32,212508,0,0,0,0,19
2000_tracts_instrucao,instrucao1_V2407,double,int32,212508,0,0,0,0,23
2000_tracts_instrucao,instrucao1_V2408,double,int32,212508,0,0,0,0,17
2000_tracts_instrucao,instrucao1_V2409,double,int32,212508,0,0,0,0,17
2000_tracts_instrucao,instrucao1_V2410,double,int32,212508,0,0,0,0,18
2000_tracts_instrucao,instrucao1_V2411,double,int32,212508,0,0,0,0,14
2000_tracts_instrucao,instrucao1_V2412,double,int32,212508,0,0,0,0,17
2000_tracts_instrucao,instrucao1_V2413,double,int32,212508,0,0,0,0,13
2000_tracts_instrucao,instrucao1_V2414,double,int32,212508,0,0,0,0,15
2000_tracts_instrucao,instrucao1_V2415,double,int32,212508,0,0,0,0,16
2000_tracts_instrucao,instrucao1_V2416,double,int32,212508,0,0,0,0,13
2000_tracts_instrucao,instrucao1_V2417,double,int32,212508,0,0,0,0,68
2000_tracts_instrucao,instrucao1_V2418,double,int32,212508,0,0,0,0,674
2000_tracts_instrucao,instrucao1_V2419,double,int32,212508,0,0,0,0,406
2000_tracts_instrucao,instrucao1_V2420,double,int32,212508,0,0,0,0,219
2000_tracts_instrucao,instrucao1_V2421,double,int32,212508,0,0,0,0,241
2000_tracts_instrucao,instrucao1_V2422,double,int32,212508,0,0,0,0,174
2000_tracts_instrucao,instrucao1_V2423,double,int32,212508,0,0,0,0,166
2000_tracts_instrucao,instrucao1_V2424,double,int32,212508,0,0,0,0,164
2000_tracts_instrucao,instrucao1_V2425,double,int32,212508,0,0,0,0,182
2000_tracts_instrucao,instrucao1_V2426,double,int32,212508,0,0,0,0,154
2000_tracts_instrucao,instrucao1_V2427,double,int32,212508,0,0,0,0,123
2000_tracts_instrucao,instrucao1_V2428,double,int32,212508,0,0,0,0,137
2000_tracts_instrucao,instrucao1_V2429,double,int32,212508,0,0,0,0,97
2000_tracts_instrucao,instrucao1_V2430,double,int32,212508,0,0,0,0,109
2000_tracts_instrucao,instrucao1_V2431,double,int32,212508,0,0,0,0,74
2000_tracts_instrucao,instrucao1_V2432,double,int32,212508,0,0,0,0,62
2000_tracts_instrucao,instrucao1_V2433,double,int32,212508,0,0,0,0,68
2000_tracts_instrucao,instrucao2_V2434,double,int32,212508,0,0,0,0,1848
2000_tracts_instrucao,instrucao2_V2435,double,int32,212508,0,0,0,0,1407
2000_tracts_instrucao,instrucao2_V2436,double,int32,212508,0,0,0,0,2034
2000_tracts_instrucao,instrucao2_V2437,double,int32,212508,0,0,0,0,78
2000_tracts_instrucao,instrucao2_V2438,double,int32,212508,0,0,0,0,177
2000_tracts_instrucao,instrucao2_V2439,double,int32,212508,0,0,0,0,174
2000_tracts_instrucao,instrucao2_V2440,double,int32,212508,0,0,0,0,830
2000_tracts_instrucao,instrucao2_V2441,double,int32,212508,0,0,0,0,445
2000_tracts_instrucao,instrucao2_V2442,double,int32,212508,0,0,0,0,429
2000_tracts_instrucao,instrucao2_V2443,double,int32,212508,0,0,0,0,320
2000_tracts_instrucao,instrucao2_V2444,double,int32,212508,0,0,0,0,32
2000_tracts_instrucao,instrucao2_V2445,double,int32,212508,0,0,0,0,3263
2000_tracts_instrucao,instrucao2_V2446,double,int32,212508,0,0,0,0,651
2000_tracts_instrucao,instrucao2_V2447,double,int32,212508,0,0,0,0,504
2000_tracts_instrucao,instrucao2_V2448,double,int32,212508,0,0,0,0,1156
2000_tracts_instrucao,instrucao2_V2449,double,int32,212508,0,0,0,0,68
2000_tracts_instrucao,instrucao2_V2450,double,int32,212508,0,0,0,0,146
2000_tracts_instrucao,instrucao2_V2451,double,int32,212508,0,0,0,0,53
2000_tracts_instrucao,instrucao2_V2452,double,int32,212508,0,0,0,0,155
2000_tracts_instrucao,instrucao2_V2453,double,int32,212508,0,0,0,0,226
2000_tracts_instrucao,instrucao2_V2454,double,int32,212508,0,0,0,0,68
2000_tracts_instrucao,instrucao2_V2455,double,int32,212508,0,0,0,0,60
2000_tracts_instrucao,instrucao2_V2456,double,int32,212508,0,0,0,0,8
2000_tracts_instrucao,instrucao2_V2457,double,int32,212508,0,0,0,0,1092
2000_tracts_instrucao,instrucao2_V2458,double,int32,212508,0,0,0,0,1305
2000_tracts_instrucao,instrucao2_V2459,double,int32,212508,0,0,0,0,730
2000_tracts_instrucao,instrucao2_V2460,double,int32,212508,0,0,0,0,297
2000_tracts_instrucao,instrucao2_V2461,double,int32,212508,0,0,0,0,376
2000_tracts_instrucao,instrucao2_V2462,double,int32,212508,0,0,0,0,589
2000_tracts_instrucao,instrucao2_V2463,double,int32,212508,0,0,0,0,327
2000_tracts_instrucao,instrucao2_V2464,double,int32,212508,0,0,0,0,159
2000_tracts_instrucao,instrucao2_V2465,double,int32,212508,0,0,0,0,132
2000_tracts_instrucao,instrucao2_V2466,double,int32,212508,0,0,0,0,293
2000_tracts_instrucao,instrucao2_V2467,double,int32,212508,0,0,0,0,76
2000_tracts_instrucao,instrucao2_V2468,double,int32,212508,0,0,0,0,145
2000_tracts_instrucao,instrucao2_V2469,double,int32,212508,0,0,0,0,437
2000_tracts_instrucao,instrucao2_V2470,double,int32,212508,0,0,0,0,44
2000_tracts_instrucao,instrucao2_V2471,double,int32,212508,0,0,0,0,76
2000_tracts_instrucao,instrucao2_V2472,double,int32,212508,0,0,0,0,222
2000_tracts_instrucao,instrucao2_V2473,double,int32,212508,0,0,0,0,343
2000_tracts_instrucao,instrucao2_V2474,double,int32,212508,0,0,0,0,441
2000_tracts_instrucao,instrucao2_V2475,double,int32,212508,0,0,0,0,294
2000_tracts_instrucao,instrucao2_V2476,double,int32,212508,0,0,0,0,117
2000_tracts_instrucao,instrucao2_V2477,double,int32,212508,0,0,0,0,740
2000_tracts_instrucao,instrucao2_V2478,double,int32,212508,0,0,0,0,363
2000_tracts_instrucao,instrucao2_V2479,double,int32,212508,0,0,0,0,274
2000_tracts_instrucao,instrucao2_V2480,double,int32,212508,0,0,0,0,298
2000_tracts_instrucao,instrucao2_V2481,double,int32,212508,0,0,0,0,496
2000_tracts_instrucao,instrucao2_V2482,double,int32,212508,0,0,0,0,253
2000_tracts_instrucao,instrucao2_V2483,double,int32,212508,0,0,0,0,116
2000_tracts_instrucao,instrucao2_V2484,double,int32,212508,0,0,0,0,105
2000_tracts_instrucao,instrucao2_V2485,double,int32,212508,0,0,0,0,272
2000_tracts_instrucao,instrucao2_V2486,double,int32,212508,0,0,0,0,63
2000_tracts_instrucao,instrucao2_V2487,double,int32,212508,0,0,0,0,137
2000_tracts_instrucao,instrucao2_V2488,double,int32,212508,0,0,0,0,419
2000_tracts_instrucao,instrucao2_V2489,double,int32,212508,0,0,0,0,42
2000_tracts_instrucao,instrucao2_V2490,double,int32,212508,0,0,0,0,74
2000_tracts_instrucao,instrucao2_V2491,double,int32,212508,0,0,0,0,221
2000_tracts_instrucao,instrucao2_V2492,double,int32,212508,0,0,0,0,336
2000_tracts_instrucao,instrucao2_V2493,double,int32,212508,0,0,0,0,433
2000_tracts_instrucao,instrucao2_V2494,double,int32,212508,0,0,0,0,291
2000_tracts_instrucao,instrucao2_V2495,double,int32,212508,0,0,0,0,113
2000_tracts_instrucao,instrucao2_V2496,double,int32,212508,0,0,0,0,920
2000_tracts_instrucao,instrucao2_V2497,double,int32,212508,0,0,0,0,381
2000_tracts_instrucao,instrucao2_V2498,double,int32,212508,0,0,0,0,167
2000_tracts_instrucao,instrucao2_V2499,double,int32,212508,0,0,0,0,180
2000_tracts_instrucao,instrucao2_V2500,double,int32,212508,0,0,0,0,145
2000_tracts_instrucao,instrucao2_V2501,double,int32,212508,0,0,0,0,117
2000_tracts_instrucao,instrucao2_V2502,double,int32,212508,0,0,0,0,52
2000_tracts_instrucao,instrucao2_V2503,double,int32,212508,0,0,0,0,43
2000_tracts_instrucao,instrucao2_V2504,double,int32,212508,0,0,0,0,70
2000_tracts_instrucao,instrucao2_V2505,double,int32,212508,0,0,0,0,20
2000_tracts_instrucao,instrucao2_V2506,double,int32,212508,0,0,0,0,26
2000_tracts_instrucao,instrucao2_V2507,double,int32,212508,0,0,0,0,54
2000_tracts_instrucao,instrucao2_V2508,double,int32,212508,0,0,0,0,6
2000_tracts_instrucao,instrucao2_V2509,double,int32,212508,0,0,0,0,8
2000_tracts_instrucao,instrucao2_V2510,double,int32,212508,0,0,0,0,9
2000_tracts_instrucao,instrucao2_V2511,double,int32,212508,0,0,0,0,22
2000_tracts_instrucao,instrucao2_V2512,double,int32,212508,0,0,0,0,17
2000_tracts_instrucao,instrucao2_V2513,double,int32,212508,0,0,0,0,24
2000_tracts_instrucao,instrucao2_V2514,double,int32,212508,0,0,0,0,34
2000_tracts_instrucao,instrucao2_V2515,double,int32,212508,0,0,0,0,893
2000_tracts_instrucao,instrucao2_V2516,double,int32,212508,0,0,0,0,400
2000_tracts_instrucao,instrucao2_V2517,double,int32,212508,0,0,0,0,217
2000_tracts_instrucao,instrucao2_V2518,double,int32,212508,0,0,0,0,294
2000_tracts_instrucao,instrucao2_V2519,double,int32,212508,0,0,0,0,399
2000_tracts_instrucao,instrucao2_V2520,double,int32,212508,0,0,0,0,227
2000_tracts_instrucao,instrucao2_V2521,double,int32,212508,0,0,0,0,131
2000_tracts_instrucao,instrucao2_V2522,double,int32,212508,0,0,0,0,103
2000_tracts_instrucao,instrucao2_V2523,double,int32,212508,0,0,0,0,204
2000_tracts_instrucao,instrucao2_V2524,double,int32,212508,0,0,0,0,61
2000_tracts_instrucao,instrucao2_V2525,double,int32,212508,0,0,0,0,76
2000_tracts_instrucao,instrucao2_V2526,double,int32,212508,0,0,0,0,282
2000_tracts_instrucao,instrucao2_V2527,double,int32,212508,0,0,0,0,35
2000_tracts_instrucao,instrucao2_V2528,double,int32,212508,0,0,0,0,35
2000_tracts_instrucao,instrucao2_V2529,double,int32,212508,0,0,0,0,82
2000_tracts_instrucao,instrucao2_V2530,double,int32,212508,0,0,0,0,159
2000_tracts_instrucao,instrucao2_V2531,double,int32,212508,0,0,0,0,139
2000_tracts_instrucao,instrucao2_V2532,double,int32,212508,0,0,0,0,224
2000_tracts_instrucao,instrucao2_V2533,double,int32,212508,0,0,0,0,79
2000_tracts_instrucao,instrucao2_V2534,double,int32,212508,0,0,0,0,389
2000_tracts_instrucao,instrucao2_V2535,double,int32,212508,0,0,0,0,176
2000_tracts_instrucao,instrucao2_V2536,double,int32,212508,0,0,0,0,121
2000_tracts_instrucao,instrucao2_V2537,double,int32,212508,0,0,0,0,181
2000_tracts_instrucao,instrucao2_V2538,double,int32,212508,0,0,0,0,310
2000_tracts_instrucao,instrucao2_V2539,double,int32,212508,0,0,0,0,155
2000_tracts_instrucao,instrucao2_V2540,double,int32,212508,0,0,0,0,90
2000_tracts_instrucao,instrucao2_V2541,double,int32,212508,0,0,0,0,63
2000_tracts_instrucao,instrucao2_V2542,double,int32,212508,0,0,0,0,156
2000_tracts_instrucao,instrucao2_V2543,double,int32,212508,0,0,0,0,41
2000_tracts_instrucao,instrucao2_V2544,double,int32,212508,0,0,0,0,54
2000_tracts_instrucao,instrucao2_V2545,double,int32,212508,0,0,0,0,267
2000_tracts_instrucao,instrucao2_V2546,double,int32,212508,0,0,0,0,33
2000_tracts_instrucao,instrucao2_V2547,double,int32,212508,0,0,0,0,34
2000_tracts_instrucao,instrucao2_V2548,double,int32,212508,0,0,0,0,74
2000_tracts_instrucao,instrucao2_V2549,double,int32,212508,0,0,0,0,145
2000_tracts_instrucao,instrucao2_V2550,double,int32,212508,0,0,0,0,123
2000_tracts_instrucao,instrucao2_V2551,double,int32,212508,0,0,0,0,201
2000_tracts_instrucao,instrucao2_V2552,double,int32,212508,0,0,0,0,52
2000_tracts_instrucao,instrucao2_V2553,double,int32,212508,0,0,0,0,753
2000_tracts_instrucao,instrucao2_V2554,double,int32,212508,0,0,0,0,282
2000_tracts_instrucao,instrucao2_V2555,double,int32,212508,0,0,0,0,144
2000_tracts_instrucao,instrucao2_V2556,double,int32,212508,0,0,0,0,178
2000_tracts_instrucao,instrucao2_V2557,double,int32,212508,0,0,0,0,138
2000_tracts_instrucao,instrucao2_V2558,double,int32,212508,0,0,0,0,102
2000_tracts_instrucao,instrucao2_V2559,double,int32,212508,0,0,0,0,51
2000_tracts_instrucao,instrucao2_V2560,double,int32,212508,0,0,0,0,43
2000_tracts_instrucao,instrucao2_V2561,double,int32,212508,0,0,0,0,69
2000_tracts_instrucao,instrucao2_V2562,double,int32,212508,0,0,0,0,20
2000_tracts_instrucao,instrucao2_V2563,double,int32,212508,0,0,0,0,26
2000_tracts_instrucao,instrucao2_V2564,double,int32,212508,0,0,0,0,53
2000_tracts_instrucao,instrucao2_V2565,double,int32,212508,0,0,0,0,6
2000_tracts_instrucao,instrucao2_V2566,double,int32,212508,0,0,0,0,7
2000_tracts_instrucao,instrucao2_V2567,double,int32,212508,0,0,0,0,9
2000_tracts_instrucao,instrucao2_V2568,double,int32,212508,0,0,0,0,22
2000_tracts_instrucao,instrucao2_V2569,double,int32,212508,0,0,0,0,17
2000_tracts_instrucao,instrucao2_V2570,double,int32,212508,0,0,0,0,23
2000_tracts_instrucao,instrucao2_V2571,double,int32,212508,0,0,0,0,30
2000_tracts_instrucao,instrucao2_V2572,double,int32,212508,0,0,0,0,630
2000_tracts_instrucao,instrucao2_V2573,double,int32,212508,0,0,0,0,330
2000_tracts_instrucao,instrucao2_V2574,double,int32,212508,0,0,0,0,187
2000_tracts_instrucao,instrucao2_V2575,double,int32,212508,0,0,0,0,158
2000_tracts_instrucao,instrucao2_V2576,double,int32,212508,0,0,0,0,262
2000_tracts_instrucao,instrucao2_V2577,double,int32,212508,0,0,0,0,169
2000_tracts_instrucao,instrucao2_V2578,double,int32,212508,0,0,0,0,67
2000_tracts_instrucao,instrucao2_V2579,double,int32,212508,0,0,0,0,81
2000_tracts_instrucao,instrucao2_V2580,double,int32,212508,0,0,0,0,213
2000_tracts_instrucao,instrucao2_V2581,double,int32,212508,0,0,0,0,40
2000_tracts_instrucao,instrucao2_V2582,double,int32,212508,0,0,0,0,83
2000_tracts_instrucao,instrucao2_V2583,double,int32,212508,0,0,0,0,285
2000_tracts_instrucao,instrucao2_V2584,double,int32,212508,0,0,0,0,26
2000_tracts_instrucao,instrucao2_V2585,double,int32,212508,0,0,0,0,51
2000_tracts_instrucao,instrucao2_V2586,double,int32,212508,0,0,0,0,162
2000_tracts_instrucao,instrucao2_V2587,double,int32,212508,0,0,0,0,227
2000_tracts_instrucao,instrucao2_V2588,double,int32,212508,0,0,0,0,381
2000_tracts_instrucao,instrucao2_V2589,double,int32,212508,0,0,0,0,207
2000_tracts_instrucao,instrucao2_V2590,double,int32,212508,0,0,0,0,76
2000_tracts_instrucao,instrucao2_V2591,double,int32,212508,0,0,0,0,561
2000_tracts_instrucao,instrucao2_V2592,double,int32,212508,0,0,0,0,258
2000_tracts_instrucao,instrucao2_V2593,double,int32,212508,0,0,0,0,183
2000_tracts_instrucao,instrucao2_V2594,double,int32,212508,0,0,0,0,154
2000_tracts_instrucao,instrucao2_V2595,double,int32,212508,0,0,0,0,256
2000_tracts_instrucao,instrucao2_V2596,double,int32,212508,0,0,0,0,154
2000_tracts_instrucao,instrucao2_V2597,double,int32,212508,0,0,0,0,67
2000_tracts_instrucao,instrucao2_V2598,double,int32,212508,0,0,0,0,81
2000_tracts_instrucao,instrucao2_V2599,double,int32,212508,0,0,0,0,211
2000_tracts_instrucao,instrucao2_V2600,double,int32,212508,0,0,0,0,38
2000_tracts_instrucao,instrucao2_V2601,double,int32,212508,0,0,0,0,83
2000_tracts_instrucao,instrucao2_V2602,double,int32,212508,0,0,0,0,282
2000_tracts_instrucao,instrucao2_V2603,double,int32,212508,0,0,0,0,26
2000_tracts_instrucao,instrucao2_V2604,double,int32,212508,0,0,0,0,51
2000_tracts_instrucao,instrucao2_V2605,double,int32,212508,0,0,0,0,162
2000_tracts_instrucao,instrucao2_V2606,double,int32,212508,0,0,0,0,227
2000_tracts_instrucao,instrucao2_V2607,double,int32,212508,0,0,0,0,381
2000_tracts_instrucao,instrucao2_V2608,double,int32,212508,0,0,0,0,207
2000_tracts_instrucao,instrucao2_V2609,double,int32,212508,0,0,0,0,75
2000_tracts_instrucao,instrucao2_V2610,double,int32,212508,0,0,0,0,314
2000_tracts_instrucao,instrucao2_V2611,double,int32,212508,0,0,0,0,99
2000_tracts_instrucao,instrucao2_V2612,double,int32,212508,0,0,0,0,51
2000_tracts_instrucao,instrucao2_V2613,double,int32,212508,0,0,0,0,23
2000_tracts_instrucao,instrucao2_V2614,double,int32,212508,0,0,0,0,20
2000_tracts_instrucao,instrucao2_V2615,double,int32,212508,0,0,0,0,15
2000_tracts_instrucao,instrucao2_V2616,double,int32,212508,0,0,0,0,10
2000_tracts_instrucao,instrucao2_V2617,double,int32,212508,0,0,0,0,9
2000_tracts_instrucao,instrucao2_V2618,double,int32,212508,0,0,0,0,9
2000_tracts_instrucao,instrucao2_V2619,double,int32,212508,0,0,0,0,5
2000_tracts_instrucao,instrucao2_V2620,double,int32,212508,0,0,0,0,12
2000_tracts_instrucao,instrucao2_V2621,double,int32,212508,0,0,0,0,11
2000_tracts_instrucao,instrucao2_V2622,double,int32,212508,0,0,0,0,4
2000_tracts_instrucao,instrucao2_V2623,double,int32,212508,0,0,0,0,3
2000_tracts_instrucao,instrucao2_V2624,double,int32,212508,0,0,0,0,4
2000_tracts_instrucao,instrucao2_V2625,double,int32,212508,0,0,0,0,4
2000_tracts_instrucao,instrucao2_V2626,double,int32,212508,0,0,0,0,4
2000_tracts_instrucao,instrucao2_V2627,double,int32,212508,0,0,0,0,3
2000_tracts_instrucao,instrucao2_V2628,double,int32,212508,0,0,0,0,17
2000_tracts_instrucao,instrucao2_V2629,double,int32,212508,0,0,0,0,76
2000_tracts_instrucao,instrucao2_V2630,double,int32,212508,0,0,0,0,70
2000_tracts_instrucao,instrucao2_V2631,double,int32,212508,0,0,0,0,76
2000_tracts_instrucao,instrucao2_V2632,double,int32,212508,0,0,0,0,36
2000_tracts_instrucao,instrucao2_V2633,double,int32,212508,0,0,0,0,9
2000_tracts_instrucao,instrucao2_V2634,double,int32,212508,0,0,0,0,34
2000_tracts_instrucao,instrucao2_V2635,double,int32,212508,0,0,0,0,61
2000_tracts_instrucao,instrucao2_V2636,double,int32,212508,0,0,0,0,13
2000_tracts_instrucao,instrucao2_V2637,double,int32,212508,0,0,0,0,18
2000_tracts_instrucao,instrucao2_V2638,double,int32,212508,0,0,0,0,47
2000_tracts_instrucao,instrucao2_V2639,double,int32,212508,0,0,0,0,58
2000_tracts_instrucao,instrucao2_V2640,double,int32,212508,0,0,0,0,10
2000_tracts_instrucao,instrucao2_V2641,double,int32,212508,0,0,0,0,17
2000_tracts_instrucao,instrucao2_V2642,double,int32,212508,0,0,0,0,27
2000_tracts_instrucao,instrucao2_V2643,double,int32,212508,0,0,0,0,26
2000_tracts_instrucao,instrucao2_V2644,double,int32,212508,0,0,0,0,13
2000_tracts_instrucao,instrucao2_V2645,double,int32,212508,0,0,0,0,13
2000_tracts_instrucao,instrucao2_V2646,double,int32,212508,0,0,0,0,46
2000_tracts_instrucao,instrucao3_V2647,double,int32,212508,0,0,0,0,3269
2000_tracts_instrucao,instrucao3_V2648,double,int32,212508,0,0,0,0,1398
2000_tracts_instrucao,instrucao3_V2649,double,int32,212508,0,0,0,0,19
2000_tracts_instrucao,instrucao3_V2650,double,int32,212508,0,0,0,0,38
2000_tracts_instrucao,instrucao3_V2651,double,int32,212508,0,0,0,0,58
2000_tracts_instrucao,instrucao3_V2652,double,int32,212508,0,0,0,0,87
2000_tracts_instrucao,instrucao3_V2653,double,int32,212508,0,0,0,0,86
2000_tracts_instrucao,instrucao3_V2654,double,int32,212508,0,0,0,0,108
2000_tracts_instrucao,instrucao3_V2655,double,int32,212508,0,0,0,0,96
2000_tracts_instrucao,instrucao3_V2656,double,int32,212508,0,0,0,0,91
2000_tracts_instrucao,instrucao3_V2657,double,int32,212508,0,0,0,0,73
2000_tracts_instrucao,instrucao3_V2658,double,int32,212508,0,0,0,0,69
2000_tracts_instrucao,instrucao3_V2659,double,int32,212508,0,0,0,0,91
2000_tracts_instrucao,instrucao3_V2660,double,int32,212508,0,0,0,0,69
2000_tracts_instrucao,instrucao3_V2661,double,int32,212508,0,0,0,0,79
2000_tracts_instrucao,instrucao3_V2662,double,int32,212508,0,0,0,0,70
2000_tracts_instrucao,instrucao3_V2663,double,int32,212508,0,0,0,0,128
2000_tracts_instrucao,instrucao3_V2664,double,int32,212508,0,0,0,0,212
2000_tracts_instrucao,instrucao3_V2665,double,int32,212508,0,0,0,0,232
2000_tracts_instrucao,instrucao3_V2666,double,int32,212508,0,0,0,0,217
2000_tracts_instrucao,instrucao3_V2667,double,int32,212508,0,0,0,0,222
2000_tracts_instrucao,instrucao3_V2668,double,int32,212508,0,0,0,0,194
2000_tracts_instrucao,instrucao3_V2669,double,int32,212508,0,0,0,0,178
2000_tracts_instrucao,instrucao3_V2670,double,int32,212508,0,0,0,0,172
2000_tracts_instrucao,instrucao3_V2671,double,int32,212508,0,0,0,0,148
2000_tracts_instrucao,instrucao3_V2672,double,int32,212508,0,0,0,0,174
2000_tracts_instrucao,instrucao3_V2673,double,int32,212508,0,0,0,0,145
2000_tracts_instrucao,instrucao3_V2674,double,int32,212508,0,0,0,0,134
2000_tracts_instrucao,instrucao3_V2675,double,int32,212508,0,0,0,0,109
2000_tracts_instrucao,instrucao3_V2676,double,int32,212508,0,0,0,0,104
2000_tracts_instrucao,instrucao3_V2677,double,int32,212508,0,0,0,0,84
2000_tracts_instrucao,instrucao3_V2678,double,int32,212508,0,0,0,0,90
2000_tracts_instrucao,instrucao3_V2679,double,int32,212508,0,0,0,0,84
2000_tracts_instrucao,instrucao3_V2680,double,int32,212508,0,0,0,0,70
2000_tracts_instrucao,instrucao3_V2681,double,int32,212508,0,0,0,0,55
2000_tracts_instrucao,instrucao3_V2682,double,int32,212508,0,0,0,0,60
2000_tracts_instrucao,instrucao3_V2683,double,int32,212508,0,0,0,0,46
2000_tracts_instrucao,instrucao3_V2684,double,int32,212508,0,0,0,0,66
2000_tracts_instrucao,instrucao3_V2685,double,int32,212508,0,0,0,0,48
2000_tracts_instrucao,instrucao3_V2686,double,int32,212508,0,0,0,0,49
2000_tracts_instrucao,instrucao3_V2687,double,int32,212508,0,0,0,0,40
2000_tracts_instrucao,instrucao3_V2688,double,int32,212508,0,0,0,0,33
2000_tracts_instrucao,instrucao3_V2689,double,int32,212508,0,0,0,0,46
2000_tracts_instrucao,instrucao3_V2690,double,int32,212508,0,0,0,0,31
2000_tracts_instrucao,instrucao3_V2691,double,int32,212508,0,0,0,0,30
2000_tracts_instrucao,instrucao3_V2692,double,int32,212508,0,0,0,0,31
2000_tracts_instrucao,instrucao3_V2693,double,int32,212508,0,0,0,0,26
2000_tracts_instrucao,instrucao3_V2694,double,int32,212508,0,0,0,0,33
2000_tracts_instrucao,instrucao3_V2695,double,int32,212508,0,0,0,0,27
2000_tracts_instrucao,instrucao3_V2696,double,int32,212508,0,0,0,0,29
2000_tracts_instrucao,instrucao3_V2697,double,int32,212508,0,0,0,0,21
2000_tracts_instrucao,instrucao3_V2698,double,int32,212508,0,0,0,0,22
2000_tracts_instrucao,instrucao3_V2699,double,int32,212508,0,0,0,0,21
2000_tracts_instrucao,instrucao3_V2700,double,int32,212508,0,0,0,0,18
2000_tracts_instrucao,instrucao3_V2701,double,int32,212508,0,0,0,0,17
2000_tracts_instrucao,instrucao3_V2702,double,int32,212508,0,0,0,0,18
2000_tracts_instrucao,instrucao3_V2703,double,int32,212508,0,0,0,0,15
2000_tracts_instrucao,instrucao3_V2704,double,int32,212508,0,0,0,0,20
2000_tracts_instrucao,instrucao3_V2705,double,int32,212508,0,0,0,0,15
2000_tracts_instrucao,instrucao3_V2706,double,int32,212508,0,0,0,0,16
2000_tracts_instrucao,instrucao3_V2707,double,int32,212508,0,0,0,0,13
2000_tracts_instrucao,instrucao3_V2708,double,int32,212508,0,0,0,0,14
2000_tracts_instrucao,instrucao3_V2709,double,int32,212508,0,0,0,0,16
2000_tracts_instrucao,instrucao3_V2710,double,int32,212508,0,0,0,0,12
2000_tracts_instrucao,instrucao3_V2711,double,int32,212508,0,0,0,0,12
2000_tracts_instrucao,instrucao3_V2712,double,int32,212508,0,0,0,0,12
2000_tracts_instrucao,instrucao3_V2713,double,int32,212508,0,0,0,0,13
2000_tracts_instrucao,instrucao3_V2714,double,int32,212508,0,0,0,0,16
2000_tracts_instrucao,instrucao3_V2715,double,int32,212508,0,0,0,0,13
2000_tracts_instrucao,instrucao3_V2716,double,int32,212508,0,0,0,0,13
2000_tracts_instrucao,instrucao3_V2717,double,int32,212508,0,0,0,0,10
2000_tracts_instrucao,instrucao3_V2718,double,int32,212508,0,0,0,0,11
2000_tracts_instrucao,instrucao3_V2719,double,int32,212508,0,0,0,0,10
2000_tracts_instrucao,instrucao3_V2720,double,int32,212508,0,0,0,0,9
2000_tracts_instrucao,instrucao3_V2721,double,int32,212508,0,0,0,0,11
2000_tracts_instrucao,instrucao3_V2722,double,int32,212508,0,0,0,0,8
2000_tracts_instrucao,instrucao3_V2723,double,int32,212508,0,0,0,0,8
2000_tracts_instrucao,instrucao3_V2724,double,int32,212508,0,0,0,0,45
2000_tracts_instrucao,instrucao3_V2725,double,int32,212508,0,0,0,0,245
2000_tracts_instrucao,instrucao3_V2726,double,int32,212508,0,0,0,0,394
2000_tracts_instrucao,instrucao3_V2727,double,int32,212508,0,0,0,0,348
2000_tracts_instrucao,instrucao3_V2728,double,int32,212508,0,0,0,0,1077
2000_tracts_instrucao,instrucao3_V2729,double,int32,212508,0,0,0,0,817
2000_tracts_instrucao,instrucao3_V2730,double,int32,212508,0,0,0,0,512
2000_tracts_instrucao,instrucao3_V2731,double,int32,212508,0,0,0,0,303
2000_tracts_instrucao,instrucao3_V2732,double,int32,212508,0,0,0,0,212
2000_tracts_instrucao,instrucao3_V2733,double,int32,212508,0,0,0,0,131
2000_tracts_instrucao,instrucao3_V2734,double,int32,212508,0,0,0,0,112
2000_tracts_instrucao,instrucao3_V2735,double,int32,212508,0,0,0,0,73
2000_tracts_instrucao,instrucao3_V2736,double,int32,212508,0,0,0,0,66
2000_tracts_instrucao,instrucao3_V2737,double,int32,212508,0,0,0,0,47
2000_tracts_instrucao,instrucao3_V2738,double,int32,212508,0,0,0,0,33
2000_tracts_instrucao,instrucao3_V2739,double,int32,212508,0,0,0,0,27
2000_tracts_instrucao,instrucao3_V2740,double,int32,212508,0,0,0,0,45
2000_tracts_instrucao,instrucao3_V2741,double,int32,212508,0,0,0,0,114
2000_tracts_instrucao,instrucao3_V2742,double,int32,212508,0,0,0,0,106
2000_tracts_instrucao,instrucao3_V2743,double,int32,212508,0,0,0,0,82
2000_tracts_instrucao,instrucao3_V2744,double,int32,212508,0,0,0,0,81
2000_tracts_instrucao,instrucao3_V2745,double,int32,212508,0,0,0,0,73
2000_tracts_instrucao,instrucao3_V2746,double,int32,212508,0,0,0,0,77
2000_tracts_instrucao,instrucao3_V2747,double,int32,212508,0,0,0,0,49
2000_tracts_instrucao,instrucao3_V2748,double,int32,212508,0,0,0,0,44
2000_tracts_instrucao,instrucao3_V2749,double,int32,212508,0,0,0,0,43
2000_tracts_instrucao,instrucao3_V2750,double,int32,212508,0,0,0,0,29
2000_tracts_instrucao,instrucao3_V2751,double,int32,212508,0,0,0,0,31
2000_tracts_instrucao,instrucao3_V2752,double,int32,212508,0,0,0,0,30
2000_tracts_instrucao,instrucao3_V2753,double,int32,212508,0,0,0,0,24
2000_tracts_instrucao,instrucao3_V2754,double,int32,212508,0,0,0,0,44
2000_tracts_instrucao,instrucao3_V2755,double,int32,212508,0,0,0,0,33
2000_tracts_instrucao,instrucao3_V2756,double,int32,212508,0,0,0,0,45
2000_tracts_instrucao,instrucao3_V2757,double,int32,212508,0,0,0,0,26
2000_tracts_instrucao,instrucao3_V2758,double,int32,212508,0,0,0,0,29
2000_tracts_instrucao,instrucao3_V2759,double,int32,212508,0,0,0,0,25
2000_tracts_instrucao,instrucao3_V2760,double,int32,212508,0,0,0,0,30
2000_tracts_instrucao,instrucao3_V2761,double,int32,212508,0,0,0,0,49
2000_tracts_instrucao,instrucao3_V2762,double,int32,212508,0,0,0,0,24
2000_tracts_instrucao,instrucao3_V2763,double,int32,212508,0,0,0,0,32
2000_tracts_instrucao,instrucao3_V2764,double,int32,212508,0,0,0,0,26
2000_tracts_instrucao,instrucao3_V2765,double,int32,212508,0,0,0,0,28
2000_tracts_instrucao,instrucao3_V2766,double,int32,212508,0,0,0,0,68
2000_tracts_instrucao,instrucao3_V2767,double,int32,212508,0,0,0,0,19
2000_tracts_instrucao,instrucao3_V2768,double,int32,212508,0,0,0,0,25
2000_tracts_instrucao,instrucao3_V2769,double,int32,212508,0,0,0,0,19
2000_tracts_instrucao,instrucao3_V2770,double,int32,212508,0,0,0,0,23
2000_tracts_instrucao,instrucao3_V2771,double,int32,212508,0,0,0,0,19
2000_tracts_instrucao,instrucao3_V2772,double,int32,212508,0,0,0,0,19
2000_tracts_instrucao,instrucao3_V2773,double,int32,212508,0,0,0,0,20
2000_tracts_instrucao,instrucao3_V2774,double,int32,212508,0,0,0,0,20
2000_tracts_instrucao,instrucao3_V2775,double,int32,212508,0,0,0,0,27
2000_tracts_instrucao,instrucao3_V2776,double,int32,212508,0,0,0,0,60
2000_tracts_instrucao,instrucao3_V2777,double,int32,212508,0,0,0,0,24
2000_tracts_instrucao,instrucao3_V2778,double,int32,212508,0,0,0,0,17
2000_tracts_instrucao,instrucao3_V2779,double,int32,212508,0,0,0,0,19
2000_tracts_instrucao,instrucao3_V2780,double,int32,212508,0,0,0,0,19
2000_tracts_instrucao,instrucao3_V2781,double,int32,212508,0,0,0,0,19
2000_tracts_instrucao,instrucao3_V2782,double,int32,212508,0,0,0,0,18
2000_tracts_instrucao,instrucao3_V2783,double,int32,212508,0,0,0,0,18
2000_tracts_instrucao,instrucao3_V2784,double,int32,212508,0,0,0,0,20
2000_tracts_instrucao,instrucao3_V2785,double,int32,212508,0,0,0,0,16
2000_tracts_instrucao,instrucao3_V2786,double,int32,212508,0,0,0,0,21
2000_tracts_instrucao,instrucao3_V2787,double,int32,212508,0,0,0,0,17
2000_tracts_instrucao,instrucao3_V2788,double,int32,212508,0,0,0,0,15
2000_tracts_instrucao,instrucao3_V2789,double,int32,212508,0,0,0,0,15
2000_tracts_instrucao,instrucao3_V2790,double,int32,212508,0,0,0,0,15
2000_tracts_instrucao,instrucao3_V2791,double,int32,212508,0,0,0,0,15
2000_tracts_instrucao,instrucao3_V2792,double,int32,212508,0,0,0,0,18
2000_tracts_instrucao,instrucao3_V2793,double,int32,212508,0,0,0,0,17
2000_tracts_instrucao,instrucao3_V2794,double,int32,212508,0,0,0,0,15
2000_tracts_instrucao,instrucao3_V2795,double,int32,212508,0,0,0,0,13
2000_tracts_instrucao,instrucao3_V2796,double,int32,212508,0,0,0,0,20
2000_tracts_instrucao,instrucao3_V2797,double,int32,212508,0,0,0,0,12
2000_tracts_instrucao,instrucao3_V2798,double,int32,212508,0,0,0,0,13
2000_tracts_instrucao,instrucao3_V2799,double,int32,212508,0,0,0,0,12
2000_tracts_instrucao,instrucao3_V2800,double,int32,212508,0,0,0,0,14
2000_tracts_instrucao,instrucao3_V2801,double,int32,212508,0,0,0,0,16
2000_tracts_instrucao,instrucao3_V2802,double,int32,212508,0,0,0,0,9
2000_tracts_instrucao,instrucao3_V2803,double,int32,212508,0,0,0,0,11
2000_tracts_instrucao,instrucao3_V2804,double,int32,212508,0,0,0,0,11
2000_tracts_instrucao,instrucao3_V2805,double,int32,212508,0,0,0,0,11
2000_tracts_instrucao,instrucao3_V2806,double,int32,212508,0,0,0,0,19
2000_tracts_instrucao,instrucao3_V2807,double,int32,212508,0,0,0,0,9
2000_tracts_instrucao,instrucao3_V2808,double,int32,212508,0,0,0,0,9
2000_tracts_instrucao,instrucao3_V2809,double,int32,212508,0,0,0,0,12
2000_tracts_instrucao,instrucao3_V2810,double,int32,212508,0,0,0,0,9
2000_tracts_instrucao,instrucao3_V2811,double,int32,212508,0,0,0,0,10
2000_tracts_instrucao,instrucao3_V2812,double,int32,212508,0,0,0,0,8
2000_tracts_instrucao,instrucao3_V2813,double,int32,212508,0,0,0,0,8
2000_tracts_instrucao,instrucao3_V2814,double,int32,212508,0,0,0,0,11
2000_tracts_instrucao,instrucao3_V2815,double,int32,212508,0,0,0,0,8
2000_tracts_instrucao,instrucao3_V2816,double,int32,212508,0,0,0,0,31
2000_tracts_instrucao,instrucao3_V2817,double,int32,212508,0,0,0,0,379
2000_tracts_instrucao,instrucao3_V2818,double,int32,212508,0,0,0,0,199
2000_tracts_instrucao,instrucao3_V2819,double,int32,212508,0,0,0,0,134
2000_tracts_instrucao,instrucao3_V2820,double,int32,212508,0,0,0,0,133
2000_tracts_instrucao,instrucao3_V2821,double,int32,212508,0,0,0,0,140
2000_tracts_instrucao,instrucao3_V2822,double,int32,212508,0,0,0,0,113
2000_tracts_instrucao,instrucao3_V2823,double,int32,212508,0,0,0,0,86
2000_tracts_instrucao,instrucao3_V2824,double,int32,212508,0,0,0,0,105
2000_tracts_instrucao,instrucao3_V2825,double,int32,212508,0,0,0,0,88
2000_tracts_instrucao,instrucao3_V2826,double,int32,212508,0,0,0,0,61
2000_tracts_instrucao,instrucao3_V2827,double,int32,212508,0,0,0,0,76
2000_tracts_instrucao,instrucao3_V2828,double,int32,212508,0,0,0,0,65
2000_tracts_instrucao,instrucao3_V2829,double,int32,212508,0,0,0,0,38
2000_tracts_instrucao,instrucao3_V2830,double,int32,212508,0,0,0,0,37
2000_tracts_instrucao,instrucao3_V2831,double,int32,212508,0,0,0,0,29
2000_tracts_instrucao,instrucao3_V2832,double,int32,212508,0,0,0,0,31
2000_tracts_instrucao,instrucao4_V2833,double,int32,212508,0,0,0,0,1418
2000_tracts_instrucao,instrucao4_V2834,double,int32,212508,0,0,0,0,266
2000_tracts_instrucao,instrucao4_V2835,double,int32,212508,0,0,0,0,1048
2000_tracts_instrucao,instrucao4_V2836,double,int32,212508,0,0,0,0,30
2000_tracts_instrucao,instrucao4_V2837,double,int32,212508,0,0,0,0,97
2000_tracts_instrucao,instrucao4_V2838,double,int32,212508,0,0,0,0,115
2000_tracts_instrucao,instrucao4_V2839,double,int32,212508,0,0,0,0,725
2000_tracts_instrucao,instrucao4_V2840,double,int32,212508,0,0,0,0,439
2000_tracts_instrucao,instrucao4_V2841,double,int32,212508,0,0,0,0,413
2000_tracts_instrucao,instrucao4_V2842,double,int32,212508,0,0,0,0,234
2000_tracts_instrucao,instrucao4_V2843,double,int32,212508,0,0,0,0,10
2000_tracts_instrucao,instrucao4_V2844,double,int32,212508,0,0,0,0,3253
2000_tracts_instrucao,instrucao4_V2845,double,int32,212508,0,0,0,0,627
2000_tracts_instrucao,instrucao4_V2846,double,int32,212508,0,0,0,0,142
2000_tracts_instrucao,instrucao4_V2847,double,int32,212508,0,0,0,0,679
2000_tracts_instrucao,instrucao4_V2848,double,int32,212508,0,0,0,0,28
2000_tracts_instrucao,instrucao4_V2849,double,int32,212508,0,0,0,0,67
2000_tracts_instrucao,instrucao4_V2850,double,int32,212508,0,0,0,0,35
2000_tracts_instrucao,instrucao4_V2851,double,int32,212508,0,0,0,0,78
2000_tracts_instrucao,instrucao4_V2852,double,int32,212508,0,0,0,0,226
2000_tracts_instrucao,instrucao4_V2853,double,int32,212508,0,0,0,0,67
2000_tracts_instrucao,instrucao4_V2854,double,int32,212508,0,0,0,0,51
2000_tracts_instrucao,instrucao4_V2855,double,int32,212508,0,0,0,0,4
2000_tracts_instrucao,instrucao4_V2856,double,int32,212508,0,0,0,0,569
2000_tracts_instrucao,instrucao4_V2857,double,int32,212508,0,0,0,0,686
2000_tracts_instrucao,instrucao4_V2858,double,int32,212508,0,0,0,0,386
2000_tracts_instrucao,instrucao4_V2859,double,int32,212508,0,0,0,0,168
2000_tracts_instrucao,instrucao4_V2860,double,int32,212508,0,0,0,0,209
2000_tracts_instrucao,instrucao4_V2861,double,int32,212508,0,0,0,0,308
2000_tracts_instrucao,instrucao4_V2862,double,int32,212508,0,0,0,0,192
2000_tracts_instrucao,instrucao4_V2863,double,int32,212508,0,0,0,0,81
2000_tracts_instrucao,instrucao4_V2864,double,int32,212508,0,0,0,0,69
2000_tracts_instrucao,instrucao4_V2865,double,int32,212508,0,0,0,0,156
2000_tracts_instrucao,instrucao4_V2866,double,int32,212508,0,0,0,0,41
2000_tracts_instrucao,instrucao4_V2867,double,int32,212508,0,0,0,0,69
2000_tracts_instrucao,instrucao4_V2868,double,int32,212508,0,0,0,0,240
2000_tracts_instrucao,instrucao4_V2869,double,int32,212508,0,0,0,0,29
2000_tracts_instrucao,instrucao4_V2870,double,int32,212508,0,0,0,0,43
2000_tracts_instrucao,instrucao4_V2871,double,int32,212508,0,0,0,0,120
2000_tracts_instrucao,instrucao4_V2872,double,int32,212508,0,0,0,0,166
2000_tracts_instrucao,instrucao4_V2873,double,int32,212508,0,0,0,0,219
2000_tracts_instrucao,instrucao4_V2874,double,int32,212508,0,0,0,0,158
2000_tracts_instrucao,instrucao4_V2875,double,int32,212508,0,0,0,0,60
2000_tracts_instrucao,instrucao4_V2876,double,int32,212508,0,0,0,0,382
2000_tracts_instrucao,instrucao4_V2877,double,int32,212508,0,0,0,0,188
2000_tracts_instrucao,instrucao4_V2878,double,int32,212508,0,0,0,0,147
2000_tracts_instrucao,instrucao4_V2879,double,int32,212508,0,0,0,0,173
2000_tracts_instrucao,instrucao4_V2880,double,int32,212508,0,0,0,0,263
2000_tracts_instrucao,instrucao4_V2881,double,int32,212508,0,0,0,0,143
2000_tracts_instrucao,instrucao4_V2882,double,int32,212508,0,0,0,0,58
2000_tracts_instrucao,instrucao4_V2883,double,int32,212508,0,0,0,0,55
2000_tracts_instrucao,instrucao4_V2884,double,int32,212508,0,0,0,0,149
2000_tracts_instrucao,instrucao4_V2885,double,int32,212508,0,0,0,0,37
2000_tracts_instrucao,instrucao4_V2886,double,int32,212508,0,0,0,0,66
2000_tracts_instrucao,instrucao4_V2887,double,int32,212508,0,0,0,0,223
2000_tracts_instrucao,instrucao4_V2888,double,int32,212508,0,0,0,0,27
2000_tracts_instrucao,instrucao4_V2889,double,int32,212508,0,0,0,0,41
2000_tracts_instrucao,instrucao4_V2890,double,int32,212508,0,0,0,0,120
2000_tracts_instrucao,instrucao4_V2891,double,int32,212508,0,0,0,0,163
2000_tracts_instrucao,instrucao4_V2892,double,int32,212508,0,0,0,0,216
2000_tracts_instrucao,instrucao4_V2893,double,int32,212508,0,0,0,0,146
2000_tracts_instrucao,instrucao4_V2894,double,int32,212508,0,0,0,0,58
2000_tracts_instrucao,instrucao4_V2895,double,int32,212508,0,0,0,0,487
2000_tracts_instrucao,instrucao4_V2896,double,int32,212508,0,0,0,0,214
2000_tracts_instrucao,instrucao4_V2897,double,int32,212508,0,0,0,0,99
2000_tracts_instrucao,instrucao4_V2898,double,int32,212508,0,0,0,0,98
2000_tracts_instrucao,instrucao4_V2899,double,int32,212508,0,0,0,0,76
2000_tracts_instrucao,instrucao4_V2900,double,int32,212508,0,0,0,0,67
2000_tracts_instrucao,instrucao4_V2901,double,int32,212508,0,0,0,0,23
2000_tracts_instrucao,instrucao4_V2902,double,int32,212508,0,0,0,0,22
2000_tracts_instrucao,instrucao4_V2903,double,int32,212508,0,0,0,0,38
2000_tracts_instrucao,instrucao4_V2904,double,int32,212508,0,0,0,0,11
2000_tracts_instrucao,instrucao4_V2905,double,int32,212508,0,0,0,0,14
2000_tracts_instrucao,instrucao4_V2906,double,int32,212508,0,0,0,0,32
2000_tracts_instrucao,instrucao4_V2907,double,int32,212508,0,0,0,0,5
2000_tracts_instrucao,instrucao4_V2908,double,int32,212508,0,0,0,0,5
2000_tracts_instrucao,instrucao4_V2909,double,int32,212508,0,0,0,0,5
2000_tracts_instrucao,instrucao4_V2910,double,int32,212508,0,0,0,0,10
2000_tracts_instrucao,instrucao4_V2911,double,int32,212508,0,0,0,0,10
2000_tracts_instrucao,instrucao4_V2912,double,int32,212508,0,0,0,0,12
2000_tracts_instrucao,instrucao4_V2913,double,int32,212508,0,0,0,0,23
2000_tracts_instrucao,instrucao4_V2914,double,int32,212508,0,0,0,0,31
2000_tracts_instrucao,instrucao4_V2915,double,int32,212508,0,0,0,0,35
2000_tracts_instrucao,instrucao4_V2916,double,int32,212508,0,0,0,0,30
2000_tracts_instrucao,instrucao4_V2917,double,int32,212508,0,0,0,0,19
2000_tracts_instrucao,instrucao4_V2918,double,int32,212508,0,0,0,0,7
2000_tracts_instrucao,instrucao4_V2919,double,int32,212508,0,0,0,0,16
2000_tracts_instrucao,instrucao4_V2920,double,int32,212508,0,0,0,0,27
2000_tracts_instrucao,instrucao4_V2921,double,int32,212508,0,0,0,0,9
2000_tracts_instrucao,instrucao4_V2922,double,int32,212508,0,0,0,0,11
2000_tracts_instrucao,instrucao4_V2923,double,int32,212508,0,0,0,0,30
2000_tracts_instrucao,instrucao4_V2924,double,int32,212508,0,0,0,0,25
2000_tracts_instrucao,instrucao4_V2925,double,int32,212508,0,0,0,0,9
2000_tracts_instrucao,instrucao4_V2926,double,int32,212508,0,0,0,0,10
2000_tracts_instrucao,instrucao4_V2927,double,int32,212508,0,0,0,0,16
2000_tracts_instrucao,instrucao4_V2928,double,int32,212508,0,0,0,0,16
2000_tracts_instrucao,instrucao4_V2929,double,int32,212508,0,0,0,0,8
2000_tracts_instrucao,instrucao4_V2930,double,int32,212508,0,0,0,0,10
2000_tracts_instrucao,instrucao4_V2931,double,int32,212508,0,0,0,0,22
2000_tracts_instrucao,instrucao5_V2932,double,int32,212508,0,0,0,0,2850
2000_tracts_instrucao,instrucao5_V2933,double,int32,212508,0,0,0,0,1047
2000_tracts_instrucao,instrucao5_V2934,double,int32,212508,0,0,0,0,29
2000_tracts_instrucao,instrucao5_V2935,double,int32,212508,0,0,0,0,41
2000_tracts_instrucao,instrucao5_V2936,double,int32,212508,0,0,0,0,65
2000_tracts_instrucao,instrucao5_V2937,double,int32,212508,0,0,0,0,71
2000_tracts_instrucao,instrucao5_V2938,double,int32,212508,0,0,0,0,72
2000_tracts_instrucao,instrucao5_V2939,double,int32,212508,0,0,0,0,84
2000_tracts_instrucao,instrucao5_V2940,double,int32,212508,0,0,0,0,93
2000_tracts_instrucao,instrucao5_V2941,double,int32,212508,0,0,0,0,90
2000_tracts_instrucao,instrucao5_V2942,double,int32,212508,0,0,0,0,76
2000_tracts_instrucao,instrucao5_V2943,double,int32,212508,0,0,0,0,73
2000_tracts_instrucao,instrucao5_V2944,double,int32,212508,0,0,0,0,90
2000_tracts_instrucao,instrucao5_V2945,double,int32,212508,0,0,0,0,71
2000_tracts_instrucao,instrucao5_V2946,double,int32,212508,0,0,0,0,84
2000_tracts_instrucao,instrucao5_V2947,double,int32,212508,0,0,0,0,79
2000_tracts_instrucao,instrucao5_V2948,double,int32,212508,0,0,0,0,79
2000_tracts_instrucao,instrucao5_V2949,double,int32,212508,0,0,0,0,92
2000_tracts_instrucao,instrucao5_V2950,double,int32,212508,0,0,0,0,86
2000_tracts_instrucao,instrucao5_V2951,double,int32,212508,0,0,0,0,92
2000_tracts_instrucao,instrucao5_V2952,double,int32,212508,0,0,0,0,89
2000_tracts_instrucao,instrucao5_V2953,double,int32,212508,0,0,0,0,101
2000_tracts_instrucao,instrucao5_V2954,double,int32,212508,0,0,0,0,87
2000_tracts_instrucao,instrucao5_V2955,double,int32,212508,0,0,0,0,92
2000_tracts_instrucao,instrucao5_V2956,double,int32,212508,0,0,0,0,85
2000_tracts_instrucao,instrucao5_V2957,double,int32,212508,0,0,0,0,73
2000_tracts_instrucao,instrucao5_V2958,double,int32,212508,0,0,0,0,85
2000_tracts_instrucao,instrucao5_V2959,double,int32,212508,0,0,0,0,77
2000_tracts_instrucao,instrucao5_V2960,double,int32,212508,0,0,0,0,73
2000_tracts_instrucao,instrucao5_V2961,double,int32,212508,0,0,0,0,77
2000_tracts_instrucao,instrucao5_V2962,double,int32,212508,0,0,0,0,72
2000_tracts_instrucao,instrucao5_V2963,double,int32,212508,0,0,0,0,60
2000_tracts_instrucao,instrucao5_V2964,double,int32,212508,0,0,0,0,74
2000_tracts_instrucao,instrucao5_V2965,double,int32,212508,0,0,0,0,53
2000_tracts_instrucao,instrucao5_V2966,double,int32,212508,0,0,0,0,59
2000_tracts_instrucao,instrucao5_V2967,double,int32,212508,0,0,0,0,48
2000_tracts_instrucao,instrucao5_V2968,double,int32,212508,0,0,0,0,48
2000_tracts_instrucao,instrucao5_V2969,double,int32,212508,0,0,0,0,43
2000_tracts_instrucao,instrucao5_V2970,double,int32,212508,0,0,0,0,34
2000_tracts_instrucao,instrucao5_V2971,double,int32,212508,0,0,0,0,40
2000_tracts_instrucao,instrucao5_V2972,double,int32,212508,0,0,0,0,42
2000_tracts_instrucao,instrucao5_V2973,double,int32,212508,0,0,0,0,38
2000_tracts_instrucao,instrucao5_V2974,double,int32,212508,0,0,0,0,36
2000_tracts_instrucao,instrucao5_V2975,double,int32,212508,0,0,0,0,34
2000_tracts_instrucao,instrucao5_V2976,double,int32,212508,0,0,0,0,36
2000_tracts_instrucao,instrucao5_V2977,double,int32,212508,0,0,0,0,28
2000_tracts_instrucao,instrucao5_V2978,double,int32,212508,0,0,0,0,31
2000_tracts_instrucao,instrucao5_V2979,double,int32,212508,0,0,0,0,29
2000_tracts_instrucao,instrucao5_V2980,double,int32,212508,0,0,0,0,28
2000_tracts_instrucao,instrucao5_V2981,double,int32,212508,0,0,0,0,31
2000_tracts_instrucao,instrucao5_V2982,double,int32,212508,0,0,0,0,20
2000_tracts_instrucao,instrucao5_V2983,double,int32,212508,0,0,0,0,20
2000_tracts_instrucao,instrucao5_V2984,double,int32,212508,0,0,0,0,20
2000_tracts_instrucao,instrucao5_V2985,double,int32,212508,0,0,0,0,19
2000_tracts_instrucao,instrucao5_V2986,double,int32,212508,0,0,0,0,19
2000_tracts_instrucao,instrucao5_V2987,double,int32,212508,0,0,0,0,16
2000_tracts_instrucao,instrucao5_V2988,double,int32,212508,0,0,0,0,18
2000_tracts_instrucao,instrucao5_V2989,double,int32,212508,0,0,0,0,18
2000_tracts_instrucao,instrucao5_V2990,double,int32,212508,0,0,0,0,19
2000_tracts_instrucao,instrucao5_V2991,double,int32,212508,0,0,0,0,22
2000_tracts_instrucao,instrucao5_V2992,double,int32,212508,0,0,0,0,16
2000_tracts_instrucao,instrucao5_V2993,double,int32,212508,0,0,0,0,22
2000_tracts_instrucao,instrucao5_V2994,double,int32,212508,0,0,0,0,19
2000_tracts_instrucao,instrucao5_V2995,double,int32,212508,0,0,0,0,14
2000_tracts_instrucao,instrucao5_V2996,double,int32,212508,0,0,0,0,16
2000_tracts_instrucao,instrucao5_V2997,double,int32,212508,0,0,0,0,14
2000_tracts_instrucao,instrucao5_V2998,double,int32,212508,0,0,0,0,14
2000_tracts_instrucao,instrucao5_V2999,double,int32,212508,0,0,0,0,20
2000_tracts_instrucao,instrucao5_V3000,double,int32,212508,0,0,0,0,15
2000_tracts_instrucao,instrucao5_V3001,double,int32,212508,0,0,0,0,14
2000_tracts_instrucao,instrucao5_V3002,double,int32,212508,0,0,0,0,14
2000_tracts_instrucao,instrucao5_V3003,double,int32,212508,0,0,0,0,14
2000_tracts_instrucao,instrucao5_V3004,double,int32,212508,0,0,0,0,15
2000_tracts_instrucao,instrucao5_V3005,double,int32,212508,0,0,0,0,14
2000_tracts_instrucao,instrucao5_V3006,double,int32,212508,0,0,0,0,14
2000_tracts_instrucao,instrucao5_V3007,double,int32,212508,0,0,0,0,13
2000_tracts_instrucao,instrucao5_V3008,double,int32,212508,0,0,0,0,10
2000_tracts_instrucao,instrucao5_V3009,double,int32,212508,0,0,0,0,133
2000_tracts_instrucao,instrucao5_V3010,double,int32,212508,0,0,0,0,217
2000_tracts_instrucao,instrucao5_V3011,double,int32,212508,0,0,0,0,409
2000_tracts_instrucao,instrucao5_V3012,double,int32,212508,0,0,0,0,381
2000_tracts_instrucao,instrucao5_V3013,double,int32,212508,0,0,0,0,440
2000_tracts_instrucao,instrucao5_V3014,double,int32,212508,0,0,0,0,414
2000_tracts_instrucao,instrucao5_V3015,double,int32,212508,0,0,0,0,341
2000_tracts_instrucao,instrucao5_V3016,double,int32,212508,0,0,0,0,267
2000_tracts_instrucao,instrucao5_V3017,double,int32,212508,0,0,0,0,181
2000_tracts_instrucao,instrucao5_V3018,double,int32,212508,0,0,0,0,146
2000_tracts_instrucao,instrucao5_V3019,double,int32,212508,0,0,0,0,104
2000_tracts_instrucao,instrucao5_V3020,double,int32,212508,0,0,0,0,77
2000_tracts_instrucao,instrucao5_V3021,double,int32,212508,0,0,0,0,60
2000_tracts_instrucao,instrucao5_V3022,double,int32,212508,0,0,0,0,54
2000_tracts_instrucao,instrucao5_V3023,double,int32,212508,0,0,0,0,62
2000_tracts_instrucao,instrucao5_V3024,double,int32,212508,0,0,0,0,47
2000_tracts_instrucao,instrucao5_V3025,double,int32,212508,0,0,0,0,133
2000_tracts_instrucao,instrucao5_V3026,double,int32,212508,0,0,0,0,116
2000_tracts_instrucao,instrucao5_V3027,double,int32,212508,0,0,0,0,103
2000_tracts_instrucao,instrucao5_V3028,double,int32,212508,0,0,0,0,73
2000_tracts_instrucao,instrucao5_V3029,double,int32,212508,0,0,0,0,72
2000_tracts_instrucao,instrucao5_V3030,double,int32,212508,0,0,0,0,55
2000_tracts_instrucao,instrucao5_V3031,double,int32,212508,0,0,0,0,72
2000_tracts_instrucao,instrucao5_V3032,double,int32,212508,0,0,0,0,45
2000_tracts_instrucao,instrucao5_V3033,double,int32,212508,0,0,0,0,53
2000_tracts_instrucao,instrucao5_V3034,double,int32,212508,0,0,0,0,33
2000_tracts_instrucao,instrucao5_V3035,double,int32,212508,0,0,0,0,29
2000_tracts_instrucao,instrucao5_V3036,double,int32,212508,0,0,0,0,31
2000_tracts_instrucao,instrucao5_V3037,double,int32,212508,0,0,0,0,23
2000_tracts_instrucao,instrucao5_V3038,double,int32,212508,0,0,0,0,26
2000_tracts_instrucao,instrucao5_V3039,double,int32,212508,0,0,0,0,29
2000_tracts_instrucao,instrucao5_V3040,double,int32,212508,0,0,0,0,19
2000_tracts_instrucao,instrucao5_V3041,double,int32,212508,0,0,0,0,41
2000_tracts_instrucao,instrucao5_V3042,double,int32,212508,0,0,0,0,22
2000_tracts_instrucao,instrucao5_V3043,double,int32,212508,0,0,0,0,22
2000_tracts_instrucao,instrucao5_V3044,double,int32,212508,0,0,0,0,19
2000_tracts_instrucao,instrucao5_V3045,double,int32,212508,0,0,0,0,18
2000_tracts_instrucao,instrucao5_V3046,double,int32,212508,0,0,0,0,24
2000_tracts_instrucao,instrucao5_V3047,double,int32,212508,0,0,0,0,18
2000_tracts_instrucao,instrucao5_V3048,double,int32,212508,0,0,0,0,27
2000_tracts_instrucao,instrucao5_V3049,double,int32,212508,0,0,0,0,24
2000_tracts_instrucao,instrucao5_V3050,double,int32,212508,0,0,0,0,17
2000_tracts_instrucao,instrucao5_V3051,double,int32,212508,0,0,0,0,34
2000_tracts_instrucao,instrucao5_V3052,double,int32,212508,0,0,0,0,17
2000_tracts_instrucao,instrucao5_V3053,double,int32,212508,0,0,0,0,19
2000_tracts_instrucao,instrucao5_V3054,double,int32,212508,0,0,0,0,16
2000_tracts_instrucao,instrucao5_V3055,double,int32,212508,0,0,0,0,19
2000_tracts_instrucao,instrucao5_V3056,double,int32,212508,0,0,0,0,18
2000_tracts_instrucao,instrucao5_V3057,double,int32,212508,0,0,0,0,18
2000_tracts_instrucao,instrucao5_V3058,double,int32,212508,0,0,0,0,23
2000_tracts_instrucao,instrucao5_V3059,double,int32,212508,0,0,0,0,19
2000_tracts_instrucao,instrucao5_V3060,double,int32,212508,0,0,0,0,20
2000_tracts_instrucao,instrucao5_V3061,double,int32,212508,0,0,0,0,31
2000_tracts_instrucao,instrucao5_V3062,double,int32,212508,0,0,0,0,16
2000_tracts_instrucao,instrucao5_V3063,double,int32,212508,0,0,0,0,21
2000_tracts_instrucao,instrucao5_V3064,double,int32,212508,0,0,0,0,17
2000_tracts_instrucao,instrucao5_V3065,double,int32,212508,0,0,0,0,20
2000_tracts_instrucao,instrucao5_V3066,double,int32,212508,0,0,0,0,20
2000_tracts_instrucao,instrucao5_V3067,double,int32,212508,0,0,0,0,16
2000_tracts_instrucao,instrucao5_V3068,double,int32,212508,0,0,0,0,15
2000_tracts_instrucao,instrucao5_V3069,double,int32,212508,0,0,0,0,17
2000_tracts_instrucao,instrucao5_V3070,double,int32,212508,0,0,0,0,17
2000_tracts_instrucao,instrucao5_V3071,double,int32,212508,0,0,0,0,22
2000_tracts_instrucao,instrucao5_V3072,double,int32,212508,0,0,0,0,14
2000_tracts_instrucao,instrucao5_V3073,double,int32,212508,0,0,0,0,15
2000_tracts_instrucao,instrucao5_V3074,double,int32,212508,0,0,0,0,14
2000_tracts_instrucao,instrucao5_V3075,double,int32,212508,0,0,0,0,13
2000_tracts_instrucao,instrucao5_V3076,double,int32,212508,0,0,0,0,16
2000_tracts_instrucao,instrucao5_V3077,double,int32,212508,0,0,0,0,16
2000_tracts_instrucao,instrucao5_V3078,double,int32,212508,0,0,0,0,16
2000_tracts_instrucao,instrucao5_V3079,double,int32,212508,0,0,0,0,14
2000_tracts_instrucao,instrucao5_V3080,double,int32,212508,0,0,0,0,13
2000_tracts_instrucao,instrucao5_V3081,double,int32,212508,0,0,0,0,19
2000_tracts_instrucao,instrucao5_V3082,double,int32,212508,0,0,0,0,21
2000_tracts_instrucao,instrucao5_V3083,double,int32,212508,0,0,0,0,16
2000_tracts_instrucao,instrucao5_V3084,double,int32,212508,0,0,0,0,21
2000_tracts_instrucao,instrucao5_V3085,double,int32,212508,0,0,0,0,23
2000_tracts_instrucao,instrucao5_V3086,double,int32,212508,0,0,0,0,23
2000_tracts_instrucao,instrucao5_V3087,double,int32,212508,0,0,0,0,24
2000_tracts_instrucao,instrucao5_V3088,double,int32,212508,0,0,0,0,21
2000_tracts_instrucao,instrucao5_V3089,double,int32,212508,0,0,0,0,22
2000_tracts_instrucao,instrucao5_V3090,double,int32,212508,0,0,0,0,18
2000_tracts_instrucao,instrucao5_V3091,double,int32,212508,0,0,0,0,12
2000_tracts_instrucao,instrucao5_V3092,double,int32,212508,0,0,0,0,17
2000_tracts_instrucao,instrucao5_V3093,double,int32,212508,0,0,0,0,14
2000_tracts_instrucao,instrucao5_V3094,double,int32,212508,0,0,0,0,13
2000_tracts_instrucao,instrucao5_V3095,double,int32,212508,0,0,0,0,10
2000_tracts_instrucao,instrucao5_V3096,double,int32,212508,0,0,0,0,17
2000_tracts_instrucao,instrucao5_V3097,double,int32,212508,0,0,0,0,10
2000_tracts_instrucao,instrucao5_V3098,double,int32,212508,0,0,0,0,15
2000_tracts_instrucao,instrucao5_V3099,double,int32,212508,0,0,0,0,9
2000_tracts_instrucao,instrucao5_V3100,double,int32,212508,0,0,0,0,13
2000_tracts_instrucao,instrucao5_V3101,double,int32,212508,0,0,0,0,45
2000_tracts_instrucao,instrucao5_V3102,double,int32,212508,0,0,0,0,320
2000_tracts_instrucao,instrucao5_V3103,double,int32,212508,0,0,0,0,212
2000_tracts_instrucao,instrucao5_V3104,double,int32,212508,0,0,0,0,119
2000_tracts_instrucao,instrucao5_V3105,double,int32,212508,0,0,0,0,108
2000_tracts_instrucao,instrucao5_V3106,double,int32,212508,0,0,0,0,70
2000_tracts_instrucao,instrucao5_V3107,double,int32,212508,0,0,0,0,80
2000_tracts_instrucao,instrucao5_V3108,double,int32,212508,0,0,0,0,78
2000_tracts_instrucao,instrucao5_V3109,double,int32,212508,0,0,0,0,78
2000_tracts_instrucao,instrucao5_V3110,double,int32,212508,0,0,0,0,77
2000_tracts_instrucao,instrucao5_V3111,double,int32,212508,0,0,0,0,62
2000_tracts_instrucao,instrucao5_V3112,double,int32,212508,0,0,0,0,61
2000_tracts_instrucao,instrucao5_V3113,double,int32,212508,0,0,0,0,95
2000_tracts_instrucao,instrucao5_V3114,double,int32,212508,0,0,0,0,108
2000_tracts_instrucao,instrucao5_V3115,double,int32,212508,0,0,0,0,65
2000_tracts_instrucao,instrucao5_V3116,double,int32,212508,0,0,0,0,60
2000_tracts_instrucao,instrucao5_V3117,double,int32,212508,0,0,0,0,45
2000_tracts_instrucao,instrucao6_V3118,double,int32,212508,0,0,0,0,430
2000_tracts_instrucao,instrucao6_V3119,double,int32,212508,0,0,0,0,1260
2000_tracts_instrucao,instrucao6_V3120,double,int32,212508,0,0,0,0,986
2000_tracts_instrucao,instrucao6_V3121,double,int32,212508,0,0,0,0,57
2000_tracts_instrucao,instrucao6_V3122,double,int32,212508,0,0,0,0,93
2000_tracts_instrucao,instrucao6_V3123,double,int32,212508,0,0,0,0,73
2000_tracts_instrucao,instrucao6_V3124,double,int32,212508,0,0,0,0,170
2000_tracts_instrucao,instrucao6_V3125,double,int32,212508,0,0,0,0,103
2000_tracts_instrucao,instrucao6_V3126,double,int32,212508,0,0,0,0,61
2000_tracts_instrucao,instrucao6_V3127,double,int32,212508,0,0,0,0,150
2000_tracts_instrucao,instrucao6_V3128,double,int32,212508,0,0,0,0,25
2000_tracts_instrucao,instrucao6_V3129,double,int32,212508,0,0,0,0,635
2000_tracts_instrucao,instrucao6_V3130,double,int32,212508,0,0,0,0,174
2000_tracts_instrucao,instrucao6_V3131,double,int32,212508,0,0,0,0,498
2000_tracts_instrucao,instrucao6_V3132,double,int32,212508,0,0,0,0,477
2000_tracts_instrucao,instrucao6_V3133,double,int32,212508,0,0,0,0,46
2000_tracts_instrucao,instrucao6_V3134,double,int32,212508,0,0,0,0,79
2000_tracts_instrucao,instrucao6_V3135,double,int32,212508,0,0,0,0,23
2000_tracts_instrucao,instrucao6_V3136,double,int32,212508,0,0,0,0,93
2000_tracts_instrucao,instrucao6_V3137,double,int32,212508,0,0,0,0,59
2000_tracts_instrucao,instrucao6_V3138,double,int32,212508,0,0,0,0,9
2000_tracts_instrucao,instrucao6_V3139,double,int32,212508,0,0,0,0,55
2000_tracts_instrucao,instrucao6_V3140,double,int32,212508,0,0,0,0,7
2000_tracts_instrucao,instrucao6_V3141,double,int32,212508,0,0,0,0,523
2000_tracts_instrucao,instrucao6_V3142,double,int32,212508,0,0,0,0,686
2000_tracts_instrucao,instrucao6_V3143,double,int32,212508,0,0,0,0,344
2000_tracts_instrucao,instrucao6_V3144,double,int32,212508,0,0,0,0,134
2000_tracts_instrucao,instrucao6_V3145,double,int32,212508,0,0,0,0,196
2000_tracts_instrucao,instrucao6_V3146,double,int32,212508,0,0,0,0,281
2000_tracts_instrucao,instrucao6_V3147,double,int32,212508,0,0,0,0,135
2000_tracts_instrucao,instrucao6_V3148,double,int32,212508,0,0,0,0,78
2000_tracts_instrucao,instrucao6_V3149,double,int32,212508,0,0,0,0,77
2000_tracts_instrucao,instrucao6_V3150,double,int32,212508,0,0,0,0,148
2000_tracts_instrucao,instrucao6_V3151,double,int32,212508,0,0,0,0,43
2000_tracts_instrucao,instrucao6_V3152,double,int32,212508,0,0,0,0,76
2000_tracts_instrucao,instrucao6_V3153,double,int32,212508,0,0,0,0,219
2000_tracts_instrucao,instrucao6_V3154,double,int32,212508,0,0,0,0,20
2000_tracts_instrucao,instrucao6_V3155,double,int32,212508,0,0,0,0,33
2000_tracts_instrucao,instrucao6_V3156,double,int32,212508,0,0,0,0,102
2000_tracts_instrucao,instrucao6_V3157,double,int32,212508,0,0,0,0,177
2000_tracts_instrucao,instrucao6_V3158,double,int32,212508,0,0,0,0,222
2000_tracts_instrucao,instrucao6_V3159,double,int32,212508,0,0,0,0,154
2000_tracts_instrucao,instrucao6_V3160,double,int32,212508,0,0,0,0,57
2000_tracts_instrucao,instrucao6_V3161,double,int32,212508,0,0,0,0,406
2000_tracts_instrucao,instrucao6_V3162,double,int32,212508,0,0,0,0,182
2000_tracts_instrucao,instrucao6_V3163,double,int32,212508,0,0,0,0,127
2000_tracts_instrucao,instrucao6_V3164,double,int32,212508,0,0,0,0,138
2000_tracts_instrucao,instrucao6_V3165,double,int32,212508,0,0,0,0,240
2000_tracts_instrucao,instrucao6_V3166,double,int32,212508,0,0,0,0,110
2000_tracts_instrucao,instrucao6_V3167,double,int32,212508,0,0,0,0,58
2000_tracts_instrucao,instrucao6_V3168,double,int32,212508,0,0,0,0,57
2000_tracts_instrucao,instrucao6_V3169,double,int32,212508,0,0,0,0,123
2000_tracts_instrucao,instrucao6_V3170,double,int32,212508,0,0,0,0,36
2000_tracts_instrucao,instrucao6_V3171,double,int32,212508,0,0,0,0,71
2000_tracts_instrucao,instrucao6_V3172,double,int32,212508,0,0,0,0,212
2000_tracts_instrucao,instrucao6_V3173,double,int32,212508,0,0,0,0,19
2000_tracts_instrucao,instrucao6_V3174,double,int32,212508,0,0,0,0,33
2000_tracts_instrucao,instrucao6_V3175,double,int32,212508,0,0,0,0,101
2000_tracts_instrucao,instrucao6_V3176,double,int32,212508,0,0,0,0,176
2000_tracts_instrucao,instrucao6_V3177,double,int32,212508,0,0,0,0,217
2000_tracts_instrucao,instrucao6_V3178,double,int32,212508,0,0,0,0,154
2000_tracts_instrucao,instrucao6_V3179,double,int32,212508,0,0,0,0,55
2000_tracts_instrucao,instrucao6_V3180,double,int32,212508,0,0,0,0,472
2000_tracts_instrucao,instrucao6_V3181,double,int32,212508,0,0,0,0,167
2000_tracts_instrucao,instrucao6_V3182,double,int32,212508,0,0,0,0,68
2000_tracts_instrucao,instrucao6_V3183,double,int32,212508,0,0,0,0,101
2000_tracts_instrucao,instrucao6_V3184,double,int32,212508,0,0,0,0,69
2000_tracts_instrucao,instrucao6_V3185,double,int32,212508,0,0,0,0,50
2000_tracts_instrucao,instrucao6_V3186,double,int32,212508,0,0,0,0,30
2000_tracts_instrucao,instrucao6_V3187,double,int32,212508,0,0,0,0,21
2000_tracts_instrucao,instrucao6_V3188,double,int32,212508,0,0,0,0,33
2000_tracts_instrucao,instrucao6_V3189,double,int32,212508,0,0,0,0,11
2000_tracts_instrucao,instrucao6_V3190,double,int32,212508,0,0,0,0,12
2000_tracts_instrucao,instrucao6_V3191,double,int32,212508,0,0,0,0,23
2000_tracts_instrucao,instrucao6_V3192,double,int32,212508,0,0,0,0,4
2000_tracts_instrucao,instrucao6_V3193,double,int32,212508,0,0,0,0,5
2000_tracts_instrucao,instrucao6_V3194,double,int32,212508,0,0,0,0,7
2000_tracts_instrucao,instrucao6_V3195,double,int32,212508,0,0,0,0,16
2000_tracts_instrucao,instrucao6_V3196,double,int32,212508,0,0,0,0,11
2000_tracts_instrucao,instrucao6_V3197,double,int32,212508,0,0,0,0,12
2000_tracts_instrucao,instrucao6_V3198,double,int32,212508,0,0,0,0,16
2000_tracts_instrucao,instrucao6_V3199,double,int32,212508,0,0,0,0,52
2000_tracts_instrucao,instrucao6_V3200,double,int32,212508,0,0,0,0,35
2000_tracts_instrucao,instrucao6_V3201,double,int32,212508,0,0,0,0,52
2000_tracts_instrucao,instrucao6_V3202,double,int32,212508,0,0,0,0,17
2000_tracts_instrucao,instrucao6_V3203,double,int32,212508,0,0,0,0,6
2000_tracts_instrucao,instrucao6_V3204,double,int32,212508,0,0,0,0,18
2000_tracts_instrucao,instrucao6_V3205,double,int32,212508,0,0,0,0,36
2000_tracts_instrucao,instrucao6_V3206,double,int32,212508,0,0,0,0,8
2000_tracts_instrucao,instrucao6_V3207,double,int32,212508,0,0,0,0,13
2000_tracts_instrucao,instrucao6_V3208,double,int32,212508,0,0,0,0,24
2000_tracts_instrucao,instrucao6_V3209,double,int32,212508,0,0,0,0,33
2000_tracts_instrucao,instrucao6_V3210,double,int32,212508,0,0,0,0,7
2000_tracts_instrucao,instrucao6_V3211,double,int32,212508,0,0,0,0,13
2000_tracts_instrucao,instrucao6_V3212,double,int32,212508,0,0,0,0,12
2000_tracts_instrucao,instrucao6_V3213,double,int32,212508,0,0,0,0,15
2000_tracts_instrucao,instrucao6_V3214,double,int32,212508,0,0,0,0,5
2000_tracts_instrucao,instrucao6_V3215,double,int32,212508,0,0,0,0,9
2000_tracts_instrucao,instrucao6_V3216,double,int32,212508,0,0,0,0,24
2000_tracts_instrucao,name_district,string,string,215811,215811,0,0,,
2000_tracts_instrucao,name_meso,string,string,215811,215811,0,0,,
2000_tracts_instrucao,name_metro,string,string,215811,215811,0,0,,
2000_tracts_instrucao,name_micro,string,string,215811,215811,0,0,,
2000_tracts_instrucao,name_muni,string,string,215811,215811,0,0,,
2000_tracts_instrucao,name_neighborhood,string,string,215811,215811,0,0,,
2000_tracts_instrucao,name_region,string,string,215811,215811,0,0,,
2000_tracts_instrucao,name_state,string,string,215811,215811,0,0,,
2000_tracts_instrucao,name_subdistrict,string,string,215811,215811,0,0,,
2000_tracts_morador,Cod_RM,double,int32,215811,0,0,0,0,28
2000_tracts_morador,Cod_UF,double,int32,215811,0,0,0,11,53
2000_tracts_morador,Cod_bairro,double,double,215811,0,0,0,110001505000,530010805000
2000_tracts_morador,Cod_distrito,double,int32,215811,0,0,0,110001505,530010805
2000_tracts_morador,Cod_meso,double,int32,215811,0,0,0,1101,5301
2000_tracts_morador,Cod_micro,double,int32,215811,0,0,0,11001,53001
2000_tracts_morador,Cod_municipio,double,int32,215811,0,0,0,1100015,5300108
2000_tracts_morador,Cod_setor,double,double,215811,0,0,0,110001505000001,530010805300061
2000_tracts_morador,Cod_subdistrito,double,double,215811,0,0,0,11000150500,53001080530
2000_tracts_morador,Nome_da_RM,string,string,215811,215811,0,0,,
2000_tracts_morador,Nome_da_UF,string,string,215811,215811,0,0,,
2000_tracts_morador,Nome_da_meso,string,string,215811,215811,0,0,,
2000_tracts_morador,Nome_da_micro,string,string,215811,215811,0,0,,
2000_tracts_morador,Nome_do_bairro,string,string,215811,215811,0,0,,
2000_tracts_morador,Nome_do_distrito,string,string,215811,215811,0,0,,
2000_tracts_morador,Nome_do_municipio,string,string,215811,215811,0,0,,
2000_tracts_morador,Nome_do_subdistrito,string,string,215811,215811,0,0,,
2000_tracts_morador,Situacao,double,int32,215811,0,0,0,1,8
2000_tracts_morador,Tipo_do_setor,double,int32,215811,0,0,0,0,7
2000_tracts_morador,V0237,double,int32,215811,0,0,0,0,7862
2000_tracts_morador,V0238,double,int32,215811,0,0,0,0,7859
2000_tracts_morador,V0239,double,int32,215811,0,0,0,0,7834
2000_tracts_morador,V0240,double,int32,215811,0,0,0,0,2179
2000_tracts_morador,V0241,double,int32,215811,0,0,0,0,7172
2000_tracts_morador,V0242,double,int32,212508,0,0,0,0,7748
2000_tracts_morador,V0243,double,int32,212508,0,0,0,0,3617
2000_tracts_morador,V0244,double,int32,212508,0,0,0,0,1715
2000_tracts_morador,V0245,double,int32,212508,0,0,0,0,6227
2000_tracts_morador,V0246,double,int32,212508,0,0,0,0,3466
2000_tracts_morador,V0247,double,int32,212508,0,0,0,0,1707
2000_tracts_morador,V0248,double,int32,212508,0,0,0,0,3967
2000_tracts_morador,V0249,double,int32,212508,0,0,0,0,3329
2000_tracts_morador,V0250,double,int32,212508,0,0,0,0,4342
2000_tracts_morador,V0251,double,int32,212508,0,0,0,0,4881
2000_tracts_morador,V0252,double,int32,212508,0,0,0,0,2900
2000_tracts_morador,V0253,double,int32,212508,0,0,0,0,5717
2000_tracts_morador,V0254,double,int32,212508,0,0,0,0,5868
2000_tracts_morador,V0255,double,int32,212508,0,0,0,0,5655
2000_tracts_morador,V0256,double,int32,212508,0,0,0,0,2588
2000_tracts_morador,V0257,double,int32,212508,0,0,0,0,5366
2000_tracts_morador,V0258,double,int32,212508,0,0,0,0,4623
2000_tracts_morador,V0259,double,int32,212508,0,0,0,0,2240
2000_tracts_morador,V0260,double,int32,212508,0,0,0,0,3557
2000_tracts_morador,V0261,double,int32,212508,0,0,0,0,3957
2000_tracts_morador,V0262,double,int32,212508,0,0,0,0,2916
2000_tracts_morador,V0263,double,int32,212508,0,0,0,0,2962
2000_tracts_morador,V0264,double,int32,212508,0,0,0,0,2944
2000_tracts_morador,V0265,double,int32,212508,0,0,0,0,7650
2000_tracts_morador,V0266,double,int32,212508,0,0,0,0,4862
2000_tracts_morador,V0267,double,int32,212508,0,0,0,0,3599
2000_tracts_morador,V0268,double,int32,212508,0,0,0,0,5789
2000_tracts_morador,V0269,double,int32,212508,0,0,0,0,3812
2000_tracts_morador,V0270,double,int32,212508,0,0,0,0,2958
2000_tracts_morador,V0271,double,int32,212508,0,0,0,0,2482
2000_tracts_morador,V0272,double,int32,212508,0,0,0,0,4123
2000_tracts_morador,V0273,double,int32,212508,0,0,0,0,6018
2000_tracts_morador,V0274,double,int32,212508,0,0,0,0,5619
2000_tracts_morador,V0275,double,int32,212508,0,0,0,0,2509
2000_tracts_morador,V0276,double,int32,212508,0,0,0,0,1532
2000_tracts_morador,V0277,double,int32,212508,0,0,0,0,1097
2000_tracts_morador,V0278,double,int32,212508,0,0,0,0,778
2000_tracts_morador,V0279,double,int32,212508,0,0,0,0,395
2000_tracts_morador,V0280,double,int32,212508,0,0,0,0,815
2000_tracts_morador,V0281,double,int32,212508,0,0,0,0,145
2000_tracts_morador,V0282,double,int32,212508,0,0,0,0,118
2000_tracts_morador,V0283,double,int32,212508,0,0,0,0,5374
2000_tracts_morador,V0284,double,int32,212508,0,0,0,0,7771
2000_tracts_morador,V0285,double,int32,212508,0,0,0,0,5893
2000_tracts_morador,V0286,double,int32,212508,0,0,0,0,5979
2000_tracts_morador,V0287,double,int32,212508,0,0,0,0,3974
2000_tracts_morador,V0288,double,int32,212508,0,0,0,0,1645
2000_tracts_morador,V0289,double,int32,212508,0,0,0,0,3221
2000_tracts_morador,V0290,double,int32,212508,0,0,0,0,2176
2000_tracts_morador,V0291,double,int32,212508,0,0,0,0,3093
2000_tracts_morador,V0292,double,int32,215811,0,0,0,0,7153
2000_tracts_morador,V0293,double,int32,215811,0,0,0,0,3935
2000_tracts_morador,V0294,double,int32,215811,0,0,0,0,3921
2000_tracts_morador,V0295,double,int32,215811,0,0,0,0,1267
2000_tracts_morador,V0296,double,int32,215811,0,0,0,0,7149
2000_tracts_morador,V0297,double,int32,212508,0,0,0,0,3877
2000_tracts_morador,V0298,double,int32,212508,0,0,0,0,1766
2000_tracts_morador,V0299,double,int32,212508,0,0,0,0,875
2000_tracts_morador,V0300,double,int32,212508,0,0,0,0,3160
2000_tracts_morador,V0301,double,int32,212508,0,0,0,0,1667
2000_tracts_morador,V0302,double,int32,212508,0,0,0,0,891
2000_tracts_morador,V0303,double,int32,212508,0,0,0,0,2071
2000_tracts_morador,V0304,double,int32,212508,0,0,0,0,1575
2000_tracts_morador,V0305,double,int32,212508,0,0,0,0,2171
2000_tracts_morador,V0306,double,int32,212508,0,0,0,0,2395
2000_tracts_morador,V0307,double,int32,212508,0,0,0,0,1477
2000_tracts_morador,V0308,double,int32,212508,0,0,0,0,2893
2000_tracts_morador,V0309,double,int32,212508,0,0,0,0,3022
2000_tracts_morador,V0310,double,int32,212508,0,0,0,0,2841
2000_tracts_morador,V0311,double,int32,212508,0,0,0,0,1342
2000_tracts_morador,V0312,double,int32,212508,0,0,0,0,2765
2000_tracts_morador,V0313,double,int32,212508,0,0,0,0,2396
2000_tracts_morador,V0314,double,int32,212508,0,0,0,0,1163
2000_tracts_morador,V0315,double,int32,212508,0,0,0,0,1930
2000_tracts_morador,V0316,double,int32,212508,0,0,0,0,2061
2000_tracts_morador,V0317,double,int32,212508,0,0,0,0,1455
2000_tracts_morador,V0318,double,int32,212508,0,0,0,0,1558
2000_tracts_morador,V0319,double,int32,212508,0,0,0,0,1524
2000_tracts_morador,V0320,double,int32,212508,0,0,0,0,3829
2000_tracts_morador,V0321,double,int32,212508,0,0,0,0,2400
2000_tracts_morador,V0322,double,int32,212508,0,0,0,0,1816
2000_tracts_morador,V0323,double,int32,212508,0,0,0,0,2978
2000_tracts_morador,V0324,double,int32,212508,0,0,0,0,1934
2000_tracts_morador,V0325,double,int32,212508,0,0,0,0,1503
2000_tracts_morador,V0326,double,int32,212508,0,0,0,0,1243
2000_tracts_morador,V0327,double,int32,212508,0,0,0,0,2249
2000_tracts_morador,V0328,double,int32,212508,0,0,0,0,2987
2000_tracts_morador,V0329,double,int32,212508,0,0,0,0,2798
2000_tracts_morador,V0330,double,int32,212508,0,0,0,0,1129
2000_tracts_morador,V0331,double,int32,212508,0,0,0,0,678
2000_tracts_morador,V0332,double,int32,212508,0,0,0,0,495
2000_tracts_morador,V0333,double,int32,212508,0,0,0,0,390
2000_tracts_morador,V0334,double,int32,212508,0,0,0,0,187
2000_tracts_morador,V0335,double,int32,212508,0,0,0,0,408
2000_tracts_morador,V0336,double,int32,212508,0,0,0,0,66
2000_tracts_morador,V0337,double,int32,212508,0,0,0,0,52
2000_tracts_morador,V0338,double,int32,212508,0,0,0,0,2915
2000_tracts_morador,V0339,double,int32,212508,0,0,0,0,3890
2000_tracts_morador,V0340,double,int32,212508,0,0,0,0,3030
2000_tracts_morador,V0341,double,int32,212508,0,0,0,0,3028
2000_tracts_morador,V0342,double,int32,212508,0,0,0,0,2015
2000_tracts_morador,V0343,double,int32,212508,0,0,0,0,793
2000_tracts_morador,V0344,double,int32,212508,0,0,0,0,1736
2000_tracts_morador,V0345,double,int32,212508,0,0,0,0,1109
2000_tracts_morador,V0346,double,int32,212508,0,0,0,0,1513
2000_tracts_morador,V0347,double,int32,215811,0,0,0,0,3925
2000_tracts_morador,V0348,double,int32,215811,0,0,0,0,3924
2000_tracts_morador,V0349,double,int32,215811,0,0,0,0,3913
2000_tracts_morador,V0350,double,int32,215811,0,0,0,0,1020
2000_tracts_morador,V0351,double,int32,215811,0,0,0,0,710
2000_tracts_morador,V0352,double,int32,212508,0,0,0,0,3871
2000_tracts_morador,V0353,double,int32,212508,0,0,0,0,1851
2000_tracts_morador,V0354,double,int32,212508,0,0,0,0,840
2000_tracts_morador,V0355,double,int32,212508,0,0,0,0,3067
2000_tracts_morador,V0356,double,int32,212508,0,0,0,0,1799
2000_tracts_morador,V0357,double,int32,212508,0,0,0,0,816
2000_tracts_morador,V0358,double,int32,212508,0,0,0,0,1896
2000_tracts_morador,V0359,double,int32,212508,0,0,0,0,1754
2000_tracts_morador,V0360,double,int32,212508,0,0,0,0,2171
2000_tracts_morador,V0361,double,int32,212508,0,0,0,0,2486
2000_tracts_morador,V0362,double,int32,212508,0,0,0,0,1423
2000_tracts_morador,V0363,double,int32,212508,0,0,0,0,2824
2000_tracts_morador,V0364,double,int32,212508,0,0,0,0,2863
2000_tracts_morador,V0365,double,int32,212508,0,0,0,0,2863
2000_tracts_morador,V0366,double,int32,212508,0,0,0,0,1332
2000_tracts_morador,V0367,double,int32,212508,0,0,0,0,2601
2000_tracts_morador,V0368,double,int32,212508,0,0,0,0,2227
2000_tracts_morador,V0369,double,int32,212508,0,0,0,0,1077
2000_tracts_morador,V0370,double,int32,212508,0,0,0,0,1646
2000_tracts_morador,V0371,double,int32,212508,0,0,0,0,1942
2000_tracts_morador,V0372,double,int32,212508,0,0,0,0,1461
2000_tracts_morador,V0373,double,int32,212508,0,0,0,0,1404
2000_tracts_morador,V0374,double,int32,212508,0,0,0,0,1420
2000_tracts_morador,V0375,double,int32,212508,0,0,0,0,3821
2000_tracts_morador,V0376,double,int32,212508,0,0,0,0,2462
2000_tracts_morador,V0377,double,int32,212508,0,0,0,0,1823
2000_tracts_morador,V0378,double,int32,212508,0,0,0,0,2811
2000_tracts_morador,V0379,double,int32,212508,0,0,0,0,1878
2000_tracts_morador,V0380,double,int32,212508,0,0,0,0,1507
2000_tracts_morador,V0381,double,int32,212508,0,0,0,0,1239
2000_tracts_morador,V0382,double,int32,212508,0,0,0,0,1874
2000_tracts_morador,V0383,double,int32,212508,0,0,0,0,3048
2000_tracts_morador,V0384,double,int32,212508,0,0,0,0,2821
2000_tracts_morador,V0385,double,int32,212508,0,0,0,0,1380
2000_tracts_morador,V0386,double,int32,212508,0,0,0,0,898
2000_tracts_morador,V0387,double,int32,212508,0,0,0,0,639
2000_tracts_morador,V0388,double,int32,212508,0,0,0,0,408
2000_tracts_morador,V0389,double,int32,212508,0,0,0,0,208
2000_tracts_morador,V0390,double,int32,212508,0,0,0,0,407
2000_tracts_morador,V0391,double,int32,212508,0,0,0,0,79
2000_tracts_morador,V0392,double,int32,212508,0,0,0,0,66
2000_tracts_morador,V0393,double,int32,212508,0,0,0,0,2459
2000_tracts_morador,V0394,double,int32,212508,0,0,0,0,3881
2000_tracts_morador,V0395,double,int32,212508,0,0,0,0,2863
2000_tracts_morador,V0396,double,int32,212508,0,0,0,0,2951
2000_tracts_morador,V0397,double,int32,212508,0,0,0,0,1959
2000_tracts_morador,V0398,double,int32,212508,0,0,0,0,852
2000_tracts_morador,V0399,double,int32,212508,0,0,0,0,1485
2000_tracts_morador,V0400,double,int32,212508,0,0,0,0,1067
2000_tracts_morador,V0401,double,int32,212508,0,0,0,0,1580
2000_tracts_morador,abbrev_state,string,string,215811,215811,0,0,,
2000_tracts_morador,code_district,double,int32,215811,0,0,0,110001505,530010805
2000_tracts_morador,code_meso,double,int32,215811,0,0,0,1101,5301
2000_tracts_morador,code_metro,double,int32,215811,0,0,0,0,28
2000_tracts_morador,code_micro,double,int32,215811,0,0,0,11001,53001
2000_tracts_morador,code_muni,double,int32,215811,0,0,0,1100015,5300108
2000_tracts_morador,code_neighborhood,double,double,215811,0,0,0,110001505000,530010805000
2000_tracts_morador,code_region,double,int32,215811,0,0,0,1,5
2000_tracts_morador,code_situacao,double,int32,215811,0,0,0,1,8
2000_tracts_morador,code_state,double,int32,215811,0,0,0,11,53
2000_tracts_morador,code_subdistrict,double,double,215811,0,0,0,11000150500,53001080530
2000_tracts_morador,code_tract,double,double,215811,0,0,0,110001505000001,530010805300061
2000_tracts_morador,code_type,double,int32,215811,0,0,0,0,7
2000_tracts_morador,name_district,string,string,215811,215811,0,0,,
2000_tracts_morador,name_meso,string,string,215811,215811,0,0,,
2000_tracts_morador,name_metro,string,string,215811,215811,0,0,,
2000_tracts_morador,name_micro,string,string,215811,215811,0,0,,
2000_tracts_morador,name_muni,string,string,215811,215811,0,0,,
2000_tracts_morador,name_neighborhood,string,string,215811,215811,0,0,,
2000_tracts_morador,name_region,string,string,215811,215811,0,0,,
2000_tracts_morador,name_state,string,string,215811,215811,0,0,,
2000_tracts_morador,name_subdistrict,string,string,215811,215811,0,0,,
2000_tracts_pessoa,Cod_RM,double,int32,215811,0,0,0,0,28
2000_tracts_pessoa,Cod_UF,double,int32,215811,0,0,0,11,53
2000_tracts_pessoa,Cod_bairro,double,double,215811,0,0,0,110001505000,530010805000
2000_tracts_pessoa,Cod_distrito,double,int32,215811,0,0,0,110001505,530010805
2000_tracts_pessoa,Cod_meso,double,int32,215811,0,0,0,1101,5301
2000_tracts_pessoa,Cod_micro,double,int32,215811,0,0,0,11001,53001
2000_tracts_pessoa,Cod_municipio,double,int32,215811,0,0,0,1100015,5300108
2000_tracts_pessoa,Cod_setor,double,double,215811,0,0,0,110001505000001,530010805300061
2000_tracts_pessoa,Cod_subdistrito,double,double,215811,0,0,0,11000150500,53001080530
2000_tracts_pessoa,Nome_da_RM,string,string,215811,215811,0,0,,
2000_tracts_pessoa,Nome_da_UF,string,string,215811,215811,0,0,,
2000_tracts_pessoa,Nome_da_meso,string,string,215811,215811,0,0,,
2000_tracts_pessoa,Nome_da_micro,string,string,215811,215811,0,0,,
2000_tracts_pessoa,Nome_do_bairro,string,string,215811,215811,0,0,,
2000_tracts_pessoa,Nome_do_distrito,string,string,215811,215811,0,0,,
2000_tracts_pessoa,Nome_do_municipio,string,string,215811,215811,0,0,,
2000_tracts_pessoa,Nome_do_subdistrito,string,string,215811,215811,0,0,,
2000_tracts_pessoa,Situacao,double,int32,215811,0,0,0,1,8
2000_tracts_pessoa,Tipo_do_setor,double,int32,215811,0,0,0,0,7
2000_tracts_pessoa,abbrev_state,string,string,215811,215811,0,0,,
2000_tracts_pessoa,code_district,double,int32,215811,0,0,0,110001505,530010805
2000_tracts_pessoa,code_meso,double,int32,215811,0,0,0,1101,5301
2000_tracts_pessoa,code_metro,double,int32,215811,0,0,0,0,28
2000_tracts_pessoa,code_micro,double,int32,215811,0,0,0,11001,53001
2000_tracts_pessoa,code_muni,double,int32,215811,0,0,0,1100015,5300108
2000_tracts_pessoa,code_neighborhood,double,double,215811,0,0,0,110001505000,530010805000
2000_tracts_pessoa,code_region,double,int32,215811,0,0,0,1,5
2000_tracts_pessoa,code_situacao,double,int32,215811,0,0,0,1,8
2000_tracts_pessoa,code_state,double,int32,215811,0,0,0,11,53
2000_tracts_pessoa,code_subdistrict,double,double,215811,0,0,0,11000150500,53001080530
2000_tracts_pessoa,code_tract,double,double,215811,0,0,0,110001505000001,530010805300061
2000_tracts_pessoa,code_type,double,int32,215811,0,0,0,0,7
2000_tracts_pessoa,name_district,string,string,215811,215811,0,0,,
2000_tracts_pessoa,name_meso,string,string,215811,215811,0,0,,
2000_tracts_pessoa,name_metro,string,string,215811,215811,0,0,,
2000_tracts_pessoa,name_micro,string,string,215811,215811,0,0,,
2000_tracts_pessoa,name_muni,string,string,215811,215811,0,0,,
2000_tracts_pessoa,name_neighborhood,string,string,215811,215811,0,0,,
2000_tracts_pessoa,name_region,string,string,215811,215811,0,0,,
2000_tracts_pessoa,name_state,string,string,215811,215811,0,0,,
2000_tracts_pessoa,name_subdistrict,string,string,215811,215811,0,0,,
2000_tracts_pessoa,pessoa1_V1330,double,int32,215811,0,0,0,0,7862
2000_tracts_pessoa,pessoa1_V1331,double,int32,215811,0,0,0,0,7859
2000_tracts_pessoa,pessoa1_V1332,double,int32,215811,0,0,0,0,7834
2000_tracts_pessoa,pessoa1_V1333,double,int32,215811,0,0,0,0,2179
2000_tracts_pessoa,pessoa1_V1334,double,int32,215811,0,0,0,0,7172
2000_tracts_pessoa,pessoa1_V1335,double,int32,212508,0,0,0,5,2176
2000_tracts_pessoa,pessoa1_V1336,double,int32,212508,0,0,0,0,1570
2000_tracts_pessoa,pessoa1_V1337,double,int32,212508,0,0,0,0,3575
2000_tracts_pessoa,pessoa1_V1338,double,int32,212508,0,0,0,0,105
2000_tracts_pessoa,pessoa1_V1339,double,int32,212508,0,0,0,0,389
2000_tracts_pessoa,pessoa1_V1340,double,int32,212508,0,0,0,0,217
2000_tracts_pessoa,pessoa1_V1341,double,int32,212508,0,0,0,0,911
2000_tracts_pessoa,pessoa1_V1342,double,int32,212508,0,0,0,0,588
2000_tracts_pessoa,pessoa1_V1343,double,int32,212508,0,0,0,0,497
2000_tracts_pessoa,pessoa1_V1344,double,int32,212508,0,0,0,0,337
2000_tracts_pessoa,pessoa1_V1345,double,int32,212508,0,0,0,0,41
2000_tracts_pessoa,pessoa1_V1346,double,int32,212508,0,0,0,0,3526
2000_tracts_pessoa,pessoa1_V1347,double,int32,212508,0,0,0,0,249
2000_tracts_pessoa,pessoa1_V1348,double,int32,212508,0,0,0,0,255
2000_tracts_pessoa,pessoa1_V1349,double,int32,212508,0,0,0,0,238
2000_tracts_pessoa,pessoa1_V1350,double,int32,212508,0,0,0,0,224
2000_tracts_pessoa,pessoa1_V1351,double,int32,212508,0,0,0,0,213
2000_tracts_pessoa,pessoa1_V1352,double,int32,212508,0,0,0,0,222
2000_tracts_pessoa,pessoa1_V1353,double,int32,212508,0,0,0,0,227
2000_tracts_pessoa,pessoa1_V1354,double,int32,212508,0,0,0,0,197
2000_tracts_pessoa,pessoa1_V1355,double,int32,212508,0,0,0,0,182
2000_tracts_pessoa,pessoa1_V1356,double,int32,212508,0,0,0,0,172
2000_tracts_pessoa,pessoa1_V1357,double,int32,212508,0,0,0,0,209
2000_tracts_pessoa,pessoa1_V1358,double,int32,212508,0,0,0,0,192
2000_tracts_pessoa,pessoa1_V1359,double,int32,212508,0,0,0,0,187
2000_tracts_pessoa,pessoa1_V1360,double,int32,212508,0,0,0,0,143
2000_tracts_pessoa,pessoa1_V1361,double,int32,212508,0,0,0,0,148
2000_tracts_pessoa,pessoa1_V1362,double,int32,212508,0,0,0,0,171
2000_tracts_pessoa,pessoa1_V1363,double,int32,212508,0,0,0,0,134
2000_tracts_pessoa,pessoa1_V1364,double,int32,212508,0,0,0,0,164
2000_tracts_pessoa,pessoa1_V1365,double,int32,212508,0,0,0,0,150
2000_tracts_pessoa,pessoa1_V1366,double,int32,212508,0,0,0,0,144
2000_tracts_pessoa,pessoa1_V1367,double,int32,212508,0,0,0,0,223
2000_tracts_pessoa,pessoa1_V1368,double,int32,212508,0,0,0,0,247
2000_tracts_pessoa,pessoa1_V1369,double,int32,212508,0,0,0,0,234
2000_tracts_pessoa,pessoa1_V1370,double,int32,212508,0,0,0,0,235
2000_tracts_pessoa,pessoa1_V1371,double,int32,212508,0,0,0,0,208
2000_tracts_pessoa,pessoa1_V1372,double,int32,212508,0,0,0,0,185
2000_tracts_pessoa,pessoa1_V1373,double,int32,212508,0,0,0,0,186
2000_tracts_pessoa,pessoa1_V1374,double,int32,212508,0,0,0,0,186
2000_tracts_pessoa,pessoa1_V1375,double,int32,212508,0,0,0,0,189
2000_tracts_pessoa,pessoa1_V1376,double,int32,212508,0,0,0,0,183
2000_tracts_pessoa,pessoa1_V1377,double,int32,212508,0,0,0,0,189
2000_tracts_pessoa,pessoa1_V1378,double,int32,212508,0,0,0,0,148
2000_tracts_pessoa,pessoa1_V1379,double,int32,212508,0,0,0,0,172
2000_tracts_pessoa,pessoa1_V1380,double,int32,212508,0,0,0,0,172
2000_tracts_pessoa,pessoa1_V1381,double,int32,212508,0,0,0,0,132
2000_tracts_pessoa,pessoa1_V1382,double,int32,212508,0,0,0,0,157
2000_tracts_pessoa,pessoa1_V1383,double,int32,212508,0,0,0,0,120
2000_tracts_pessoa,pessoa1_V1384,double,int32,212508,0,0,0,0,125
2000_tracts_pessoa,pessoa1_V1385,double,int32,212508,0,0,0,0,109
2000_tracts_pessoa,pessoa1_V1386,double,int32,212508,0,0,0,0,105
2000_tracts_pessoa,pessoa1_V1387,double,int32,212508,0,0,0,0,123
2000_tracts_pessoa,pessoa1_V1388,double,int32,212508,0,0,0,0,78
2000_tracts_pessoa,pessoa1_V1389,double,int32,212508,0,0,0,0,98
2000_tracts_pessoa,pessoa1_V1390,double,int32,212508,0,0,0,0,84
2000_tracts_pessoa,pessoa1_V1391,double,int32,212508,0,0,0,0,79
2000_tracts_pessoa,pessoa1_V1392,double,int32,212508,0,0,0,0,83
2000_tracts_pessoa,pessoa1_V1393,double,int32,212508,0,0,0,0,66
2000_tracts_pessoa,pessoa1_V1394,double,int32,212508,0,0,0,0,73
2000_tracts_pessoa,pessoa1_V1395,double,int32,212508,0,0,0,0,62
2000_tracts_pessoa,pessoa1_V1396,double,int32,212508,0,0,0,0,58
2000_tracts_pessoa,pessoa1_V1397,double,int32,212508,0,0,0,0,71
2000_tracts_pessoa,pessoa1_V1398,double,int32,212508,0,0,0,0,52
2000_tracts_pessoa,pessoa1_V1399,double,int32,212508,0,0,0,0,67
2000_tracts_pessoa,pessoa1_V1400,double,int32,212508,0,0,0,0,44
2000_tracts_pessoa,pessoa1_V1401,double,int32,212508,0,0,0,0,37
2000_tracts_pessoa,pessoa1_V1402,double,int32,212508,0,0,0,0,42
2000_tracts_pessoa,pessoa1_V1403,double,int32,212508,0,0,0,0,38
2000_tracts_pessoa,pessoa1_V1404,double,int32,212508,0,0,0,0,35
2000_tracts_pessoa,pessoa1_V1405,double,int32,212508,0,0,0,0,39
2000_tracts_pessoa,pessoa1_V1406,double,int32,212508,0,0,0,0,35
2000_tracts_pessoa,pessoa1_V1407,double,int32,212508,0,0,0,0,43
2000_tracts_pessoa,pessoa1_V1408,double,int32,212508,0,0,0,0,30
2000_tracts_pessoa,pessoa1_V1409,double,int32,212508,0,0,0,0,36
2000_tracts_pessoa,pessoa1_V1410,double,int32,212508,0,0,0,0,30
2000_tracts_pessoa,pessoa1_V1411,double,int32,212508,0,0,0,0,28
2000_tracts_pessoa,pessoa1_V1412,double,int32,212508,0,0,0,0,33
2000_tracts_pessoa,pessoa1_V1413,double,int32,212508,0,0,0,0,29
2000_tracts_pessoa,pessoa1_V1414,double,int32,212508,0,0,0,0,31
2000_tracts_pessoa,pessoa1_V1415,double,int32,212508,0,0,0,0,26
2000_tracts_pessoa,pessoa1_V1416,double,int32,212508,0,0,0,0,24
2000_tracts_pessoa,pessoa1_V1417,double,int32,212508,0,0,0,0,26
2000_tracts_pessoa,pessoa1_V1418,double,int32,212508,0,0,0,0,24
2000_tracts_pessoa,pessoa1_V1419,double,int32,212508,0,0,0,0,20
2000_tracts_pessoa,pessoa1_V1420,double,int32,212508,0,0,0,0,20
2000_tracts_pessoa,pessoa1_V1421,double,int32,212508,0,0,0,0,19
2000_tracts_pessoa,pessoa1_V1422,double,int32,212508,0,0,0,0,22
2000_tracts_pessoa,pessoa1_V1423,double,int32,212508,0,0,0,0,19
2000_tracts_pessoa,pessoa1_V1424,double,int32,212508,0,0,0,0,17
2000_tracts_pessoa,pessoa1_V1425,double,int32,212508,0,0,0,0,21
2000_tracts_pessoa,pessoa1_V1426,double,int32,212508,0,0,0,0,16
2000_tracts_pessoa,pessoa1_V1427,double,int32,212508,0,0,0,0,17
2000_tracts_pessoa,pessoa1_V1428,double,int32,212508,0,0,0,0,16
2000_tracts_pessoa,pessoa1_V1429,double,int32,212508,0,0,0,0,19
2000_tracts_pessoa,pessoa1_V1430,double,int32,212508,0,0,0,0,14
2000_tracts_pessoa,pessoa1_V1431,double,int32,212508,0,0,0,0,18
2000_tracts_pessoa,pessoa1_V1432,double,int32,212508,0,0,0,0,15
2000_tracts_pessoa,pessoa1_V1433,double,int32,212508,0,0,0,0,14
2000_tracts_pessoa,pessoa1_V1434,double,int32,212508,0,0,0,0,18
2000_tracts_pessoa,pessoa1_V1435,double,int32,212508,0,0,0,0,13
2000_tracts_pessoa,pessoa1_V1436,double,int32,212508,0,0,0,0,14
2000_tracts_pessoa,pessoa1_V1437,double,int32,212508,0,0,0,0,19
2000_tracts_pessoa,pessoa1_V1438,double,int32,212508,0,0,0,0,7
2000_tracts_pessoa,pessoa1_V1439,double,int32,212508,0,0,0,0,10
2000_tracts_pessoa,pessoa1_V1440,double,int32,212508,0,0,0,0,8
2000_tracts_pessoa,pessoa1_V1441,double,int32,212508,0,0,0,0,9
2000_tracts_pessoa,pessoa1_V1442,double,int32,212508,0,0,0,0,8
2000_tracts_pessoa,pessoa1_V1443,double,int32,212508,0,0,0,0,7
2000_tracts_pessoa,pessoa1_V1444,double,int32,212508,0,0,0,0,5
2000_tracts_pessoa,pessoa1_V1445,double,int32,212508,0,0,0,0,8
2000_tracts_pessoa,pessoa1_V1446,double,int32,212508,0,0,0,0,3
2000_tracts_pessoa,pessoa1_V1447,double,int32,212508,0,0,0,0,17
2000_tracts_pessoa,pessoa1_V1448,double,int32,212508,0,0,0,0,1123
2000_tracts_pessoa,pessoa1_V1449,double,int32,212508,0,0,0,0,987
2000_tracts_pessoa,pessoa1_V1450,double,int32,212508,0,0,0,0,822
2000_tracts_pessoa,pessoa1_V1451,double,int32,212508,0,0,0,0,748
2000_tracts_pessoa,pessoa1_V1452,double,int32,212508,0,0,0,0,1147
2000_tracts_pessoa,pessoa1_V1453,double,int32,212508,0,0,0,0,893
2000_tracts_pessoa,pessoa1_V1454,double,int32,212508,0,0,0,0,790
2000_tracts_pessoa,pessoa1_V1455,double,int32,212508,0,0,0,0,601
2000_tracts_pessoa,pessoa1_V1456,double,int32,212508,0,0,0,0,428
2000_tracts_pessoa,pessoa1_V1457,double,int32,212508,0,0,0,0,322
2000_tracts_pessoa,pessoa1_V1458,double,int32,212508,0,0,0,0,262
2000_tracts_pessoa,pessoa1_V1459,double,int32,212508,0,0,0,0,174
2000_tracts_pessoa,pessoa1_V1460,double,int32,212508,0,0,0,0,139
2000_tracts_pessoa,pessoa1_V1461,double,int32,212508,0,0,0,0,143
2000_tracts_pessoa,pessoa1_V1462,double,int32,212508,0,0,0,0,88
2000_tracts_pessoa,pessoa1_V1463,double,int32,212508,0,0,0,0,78
2000_tracts_pessoa,pessoa1_V1464,double,int32,212508,0,0,0,0,169
2000_tracts_pessoa,pessoa2_V1465,double,int32,215811,0,0,0,0,7153
2000_tracts_pessoa,pessoa2_V1466,double,int32,215811,0,0,0,0,3935
2000_tracts_pessoa,pessoa2_V1467,double,int32,215811,0,0,0,0,3921
2000_tracts_pessoa,pessoa2_V1468,double,int32,215811,0,0,0,0,1267
2000_tracts_pessoa,pessoa2_V1469,double,int32,215811,0,0,0,0,7149
2000_tracts_pessoa,pessoa2_V1470,double,int32,212508,0,0,0,0,1655
2000_tracts_pessoa,pessoa2_V1471,double,int32,212508,0,0,0,0,299
2000_tracts_pessoa,pessoa2_V1472,double,int32,212508,0,0,0,0,1851
2000_tracts_pessoa,pessoa2_V1473,double,int32,212508,0,0,0,0,42
2000_tracts_pessoa,pessoa2_V1474,double,int32,212508,0,0,0,0,199
2000_tracts_pessoa,pessoa2_V1475,double,int32,212508,0,0,0,0,134
2000_tracts_pessoa,pessoa2_V1476,double,int32,212508,0,0,0,0,803
2000_tracts_pessoa,pessoa2_V1477,double,int32,212508,0,0,0,0,587
2000_tracts_pessoa,pessoa2_V1478,double,int32,212508,0,0,0,0,477
2000_tracts_pessoa,pessoa2_V1479,double,int32,212508,0,0,0,0,258
2000_tracts_pessoa,pessoa2_V1480,double,int32,212508,0,0,0,0,15
2000_tracts_pessoa,pessoa2_V1481,double,int32,212508,0,0,0,0,3515
2000_tracts_pessoa,pessoa2_V1482,double,int32,212508,0,0,0,0,121
2000_tracts_pessoa,pessoa2_V1483,double,int32,212508,0,0,0,0,121
2000_tracts_pessoa,pessoa2_V1484,double,int32,212508,0,0,0,0,118
2000_tracts_pessoa,pessoa2_V1485,double,int32,212508,0,0,0,0,123
2000_tracts_pessoa,pessoa2_V1486,double,int32,212508,0,0,0,0,110
2000_tracts_pessoa,pessoa2_V1487,double,int32,212508,0,0,0,0,116
2000_tracts_pessoa,pessoa2_V1488,double,int32,212508,0,0,0,0,116
2000_tracts_pessoa,pessoa2_V1489,double,int32,212508,0,0,0,0,98
2000_tracts_pessoa,pessoa2_V1490,double,int32,212508,0,0,0,0,103
2000_tracts_pessoa,pessoa2_V1491,double,int32,212508,0,0,0,0,97
2000_tracts_pessoa,pessoa2_V1492,double,int32,212508,0,0,0,0,114
2000_tracts_pessoa,pessoa2_V1493,double,int32,212508,0,0,0,0,98
2000_tracts_pessoa,pessoa2_V1494,double,int32,212508,0,0,0,0,95
2000_tracts_pessoa,pessoa2_V1495,double,int32,212508,0,0,0,0,79
2000_tracts_pessoa,pessoa2_V1496,double,int32,212508,0,0,0,0,85
2000_tracts_pessoa,pessoa2_V1497,double,int32,212508,0,0,0,0,94
2000_tracts_pessoa,pessoa2_V1498,double,int32,212508,0,0,0,0,82
2000_tracts_pessoa,pessoa2_V1499,double,int32,212508,0,0,0,0,79
2000_tracts_pessoa,pessoa2_V1500,double,int32,212508,0,0,0,0,73
2000_tracts_pessoa,pessoa2_V1501,double,int32,212508,0,0,0,0,135
2000_tracts_pessoa,pessoa2_V1502,double,int32,212508,0,0,0,0,221
2000_tracts_pessoa,pessoa2_V1503,double,int32,212508,0,0,0,0,246
2000_tracts_pessoa,pessoa2_V1504,double,int32,212508,0,0,0,0,234
2000_tracts_pessoa,pessoa2_V1505,double,int32,212508,0,0,0,0,234
2000_tracts_pessoa,pessoa2_V1506,double,int32,212508,0,0,0,0,207
2000_tracts_pessoa,pessoa2_V1507,double,int32,212508,0,0,0,0,185
2000_tracts_pessoa,pessoa2_V1508,double,int32,212508,0,0,0,0,186
2000_tracts_pessoa,pessoa2_V1509,double,int32,212508,0,0,0,0,160
2000_tracts_pessoa,pessoa2_V1510,double,int32,212508,0,0,0,0,188
2000_tracts_pessoa,pessoa2_V1511,double,int32,212508,0,0,0,0,155
2000_tracts_pessoa,pessoa2_V1512,double,int32,212508,0,0,0,0,142
2000_tracts_pessoa,pessoa2_V1513,double,int32,212508,0,0,0,0,121
2000_tracts_pessoa,pessoa2_V1514,double,int32,212508,0,0,0,0,118
2000_tracts_pessoa,pessoa2_V1515,double,int32,212508,0,0,0,0,95
2000_tracts_pessoa,pessoa2_V1516,double,int32,212508,0,0,0,0,100
2000_tracts_pessoa,pessoa2_V1517,double,int32,212508,0,0,0,0,96
2000_tracts_pessoa,pessoa2_V1518,double,int32,212508,0,0,0,0,74
2000_tracts_pessoa,pessoa2_V1519,double,int32,212508,0,0,0,0,64
2000_tracts_pessoa,pessoa2_V1520,double,int32,212508,0,0,0,0,65
2000_tracts_pessoa,pessoa2_V1521,double,int32,212508,0,0,0,0,52
2000_tracts_pessoa,pessoa2_V1522,double,int32,212508,0,0,0,0,98
2000_tracts_pessoa,pessoa2_V1523,double,int32,212508,0,0,0,0,48
2000_tracts_pessoa,pessoa2_V1524,double,int32,212508,0,0,0,0,54
2000_tracts_pessoa,pessoa2_V1525,double,int32,212508,0,0,0,0,42
2000_tracts_pessoa,pessoa2_V1526,double,int32,212508,0,0,0,0,40
2000_tracts_pessoa,pessoa2_V1527,double,int32,212508,0,0,0,0,46
2000_tracts_pessoa,pessoa2_V1528,double,int32,212508,0,0,0,0,36
2000_tracts_pessoa,pessoa2_V1529,double,int32,212508,0,0,0,0,34
2000_tracts_pessoa,pessoa2_V1530,double,int32,212508,0,0,0,0,33
2000_tracts_pessoa,pessoa2_V1531,double,int32,212508,0,0,0,0,27
2000_tracts_pessoa,pessoa2_V1532,double,int32,212508,0,0,0,0,38
2000_tracts_pessoa,pessoa2_V1533,double,int32,212508,0,0,0,0,29
2000_tracts_pessoa,pessoa2_V1534,double,int32,212508,0,0,0,0,29
2000_tracts_pessoa,pessoa2_V1535,double,int32,212508,0,0,0,0,23
2000_tracts_pessoa,pessoa2_V1536,double,int32,212508,0,0,0,0,24
2000_tracts_pessoa,pessoa2_V1537,double,int32,212508,0,0,0,0,24
2000_tracts_pessoa,pessoa2_V1538,double,int32,212508,0,0,0,0,24
2000_tracts_pessoa,pessoa2_V1539,double,int32,212508,0,0,0,0,23
2000_tracts_pessoa,pessoa2_V1540,double,int32,212508,0,0,0,0,21
2000_tracts_pessoa,pessoa2_V1541,double,int32,212508,0,0,0,0,21
2000_tracts_pessoa,pessoa2_V1542,double,int32,212508,0,0,0,0,31
2000_tracts_pessoa,pessoa2_V1543,double,int32,212508,0,0,0,0,18
2000_tracts_pessoa,pessoa2_V1544,double,int32,212508,0,0,0,0,18
2000_tracts_pessoa,pessoa2_V1545,double,int32,212508,0,0,0,0,17
2000_tracts_pessoa,pessoa2_V1546,double,int32,212508,0,0,0,0,17
2000_tracts_pessoa,pessoa2_V1547,double,int32,212508,0,0,0,0,18
2000_tracts_pessoa,pessoa2_V1548,double,int32,212508,0,0,0,0,13
2000_tracts_pessoa,pessoa2_V1549,double,int32,212508,0,0,0,0,14
2000_tracts_pessoa,pessoa2_V1550,double,int32,212508,0,0,0,0,14
2000_tracts_pessoa,pessoa2_V1551,double,int32,212508,0,0,0,0,17
2000_tracts_pessoa,pessoa2_V1552,double,int32,212508,0,0,0,0,19
2000_tracts_pessoa,pessoa2_V1553,double,int32,212508,0,0,0,0,13
2000_tracts_pessoa,pessoa2_V1554,double,int32,212508,0,0,0,0,13
2000_tracts_pessoa,pessoa2_V1555,double,int32,212508,0,0,0,0,13
2000_tracts_pessoa,pessoa2_V1556,double,int32,212508,0,0,0,0,13
2000_tracts_pessoa,pessoa2_V1557,double,int32,212508,0,0,0,0,14
2000_tracts_pessoa,pessoa2_V1558,double,int32,212508,0,0,0,0,10
2000_tracts_pessoa,pessoa2_V1559,double,int32,212508,0,0,0,0,11
2000_tracts_pessoa,pessoa2_V1560,double,int32,212508,0,0,0,0,11
2000_tracts_pessoa,pessoa2_V1561,double,int32,212508,0,0,0,0,8
2000_tracts_pessoa,pessoa2_V1562,double,int32,212508,0,0,0,0,12
2000_tracts_pessoa,pessoa2_V1563,double,int32,212508,0,0,0,0,7
2000_tracts_pessoa,pessoa2_V1564,double,int32,212508,0,0,0,0,10
2000_tracts_pessoa,pessoa2_V1565,double,int32,212508,0,0,0,0,7
2000_tracts_pessoa,pessoa2_V1566,double,int32,212508,0,0,0,0,7
2000_tracts_pessoa,pessoa2_V1567,double,int32,212508,0,0,0,0,6
2000_tracts_pessoa,pessoa2_V1568,double,int32,212508,0,0,0,0,9
2000_tracts_pessoa,pessoa2_V1569,double,int32,212508,0,0,0,0,7
2000_tracts_pessoa,pessoa2_V1570,double,int32,212508,0,0,0,0,7
2000_tracts_pessoa,pessoa2_V1571,double,int32,212508,0,0,0,0,8
2000_tracts_pessoa,pessoa2_V1572,double,int32,212508,0,0,0,0,5
2000_tracts_pessoa,pessoa2_V1573,double,int32,212508,0,0,0,0,6
2000_tracts_pessoa,pessoa2_V1574,double,int32,212508,0,0,0,0,4
2000_tracts_pessoa,pessoa2_V1575,double,int32,212508,0,0,0,0,4
2000_tracts_pessoa,pessoa2_V1576,double,int32,212508,0,0,0,0,4
2000_tracts_pessoa,pessoa2_V1577,double,int32,212508,0,0,0,0,5
2000_tracts_pessoa,pessoa2_V1578,double,int32,212508,0,0,0,0,4
2000_tracts_pessoa,pessoa2_V1579,double,int32,212508,0,0,0,0,3
2000_tracts_pessoa,pessoa2_V1580,double,int32,212508,0,0,0,0,5
2000_tracts_pessoa,pessoa2_V1581,double,int32,212508,0,0,0,0,3
2000_tracts_pessoa,pessoa2_V1582,double,int32,212508,0,0,0,0,17
2000_tracts_pessoa,pessoa2_V1583,double,int32,212508,0,0,0,0,569
2000_tracts_pessoa,pessoa2_V1584,double,int32,212508,0,0,0,0,524
2000_tracts_pessoa,pessoa2_V1585,double,int32,212508,0,0,0,0,406
2000_tracts_pessoa,pessoa2_V1586,double,int32,212508,0,0,0,0,367
2000_tracts_pessoa,pessoa2_V1587,double,int32,212508,0,0,0,0,1142
2000_tracts_pessoa,pessoa2_V1588,double,int32,212508,0,0,0,0,874
2000_tracts_pessoa,pessoa2_V1589,double,int32,212508,0,0,0,0,567
2000_tracts_pessoa,pessoa2_V1590,double,int32,212508,0,0,0,0,331
2000_tracts_pessoa,pessoa2_V1591,double,int32,212508,0,0,0,0,219
2000_tracts_pessoa,pessoa2_V1592,double,int32,212508,0,0,0,0,153
2000_tracts_pessoa,pessoa2_V1593,double,int32,212508,0,0,0,0,132
2000_tracts_pessoa,pessoa2_V1594,double,int32,212508,0,0,0,0,103
2000_tracts_pessoa,pessoa2_V1595,double,int32,212508,0,0,0,0,88
2000_tracts_pessoa,pessoa2_V1596,double,int32,212508,0,0,0,0,60
2000_tracts_pessoa,pessoa2_V1597,double,int32,212508,0,0,0,0,56
2000_tracts_pessoa,pessoa2_V1598,double,int32,212508,0,0,0,0,39
2000_tracts_pessoa,pessoa2_V1599,double,int32,212508,0,0,0,0,48
2000_tracts_pessoa,pessoa3_V1600,double,int32,215811,0,0,0,0,3925
2000_tracts_pessoa,pessoa3_V1601,double,int32,215811,0,0,0,0,3924
2000_tracts_pessoa,pessoa3_V1602,double,int32,215811,0,0,0,0,3913
2000_tracts_pessoa,pessoa3_V1603,double,int32,215811,0,0,0,0,1020
2000_tracts_pessoa,pessoa3_V1604,double,int32,215811,0,0,0,0,710
2000_tracts_pessoa,pessoa3_V1605,double,int32,212508,0,0,0,0,521
2000_tracts_pessoa,pessoa3_V1606,double,int32,212508,0,0,0,0,1388
2000_tracts_pessoa,pessoa3_V1607,double,int32,212508,0,0,0,0,1724
2000_tracts_pessoa,pessoa3_V1608,double,int32,212508,0,0,0,0,65
2000_tracts_pessoa,pessoa3_V1609,double,int32,212508,0,0,0,0,214
2000_tracts_pessoa,pessoa3_V1610,double,int32,212508,0,0,0,0,83
2000_tracts_pessoa,pessoa3_V1611,double,int32,212508,0,0,0,0,236
2000_tracts_pessoa,pessoa3_V1612,double,int32,212508,0,0,0,0,117
2000_tracts_pessoa,pessoa3_V1613,double,int32,212508,0,0,0,0,61
2000_tracts_pessoa,pessoa3_V1614,double,int32,212508,0,0,0,0,163
2000_tracts_pessoa,pessoa3_V1615,double,int32,212508,0,0,0,0,28
2000_tracts_pessoa,pessoa3_V1616,double,int32,212508,0,0,0,0,710
2000_tracts_pessoa,pessoa3_V1617,double,int32,212508,0,0,0,0,131
2000_tracts_pessoa,pessoa3_V1618,double,int32,212508,0,0,0,0,142
2000_tracts_pessoa,pessoa3_V1619,double,int32,212508,0,0,0,0,126
2000_tracts_pessoa,pessoa3_V1620,double,int32,212508,0,0,0,0,102
2000_tracts_pessoa,pessoa3_V1621,double,int32,212508,0,0,0,0,110
2000_tracts_pessoa,pessoa3_V1622,double,int32,212508,0,0,0,0,116
2000_tracts_pessoa,pessoa3_V1623,double,int32,212508,0,0,0,0,116
2000_tracts_pessoa,pessoa3_V1624,double,int32,212508,0,0,0,0,99
2000_tracts_pessoa,pessoa3_V1625,double,int32,212508,0,0,0,0,96
2000_tracts_pessoa,pessoa3_V1626,double,int32,212508,0,0,0,0,83
2000_tracts_pessoa,pessoa3_V1627,double,int32,212508,0,0,0,0,110
2000_tracts_pessoa,pessoa3_V1628,double,int32,212508,0,0,0,0,94
2000_tracts_pessoa,pessoa3_V1629,double,int32,212508,0,0,0,0,92
2000_tracts_pessoa,pessoa3_V1630,double,int32,212508,0,0,0,0,79
2000_tracts_pessoa,pessoa3_V1631,double,int32,212508,0,0,0,0,73
2000_tracts_pessoa,pessoa3_V1632,double,int32,212508,0,0,0,0,91
2000_tracts_pessoa,pessoa3_V1633,double,int32,212508,0,0,0,0,77
2000_tracts_pessoa,pessoa3_V1634,double,int32,212508,0,0,0,0,85
2000_tracts_pessoa,pessoa3_V1635,double,int32,212508,0,0,0,0,84
2000_tracts_pessoa,pessoa3_V1636,double,int32,212508,0,0,0,0,87
2000_tracts_pessoa,pessoa3_V1637,double,int32,212508,0,0,0,0,94
2000_tracts_pessoa,pessoa3_V1638,double,int32,212508,0,0,0,0,89
2000_tracts_pessoa,pessoa3_V1639,double,int32,212508,0,0,0,0,93
2000_tracts_pessoa,pessoa3_V1640,double,int32,212508,0,0,0,0,94
2000_tracts_pessoa,pessoa3_V1641,double,int32,212508,0,0,0,0,105
2000_tracts_pessoa,pessoa3_V1642,double,int32,212508,0,0,0,0,89
2000_tracts_pessoa,pessoa3_V1643,double,int32,212508,0,0,0,0,99
2000_tracts_pessoa,pessoa3_V1644,double,int32,212508,0,0,0,0,88
2000_tracts_pessoa,pessoa3_V1645,double,int32,212508,0,0,0,0,84
2000_tracts_pessoa,pessoa3_V1646,double,int32,212508,0,0,0,0,93
2000_tracts_pessoa,pessoa3_V1647,double,int32,212508,0,0,0,0,86
2000_tracts_pessoa,pessoa3_V1648,double,int32,212508,0,0,0,0,80
2000_tracts_pessoa,pessoa3_V1649,double,int32,212508,0,0,0,0,84
2000_tracts_pessoa,pessoa3_V1650,double,int32,212508,0,0,0,0,77
2000_tracts_pessoa,pessoa3_V1651,double,int32,212508,0,0,0,0,67
2000_tracts_pessoa,pessoa3_V1652,double,int32,212508,0,0,0,0,81
2000_tracts_pessoa,pessoa3_V1653,double,int32,212508,0,0,0,0,56
2000_tracts_pessoa,pessoa3_V1654,double,int32,212508,0,0,0,0,66
2000_tracts_pessoa,pessoa3_V1655,double,int32,212508,0,0,0,0,53
2000_tracts_pessoa,pessoa3_V1656,double,int32,212508,0,0,0,0,53
2000_tracts_pessoa,pessoa3_V1657,double,int32,212508,0,0,0,0,52
2000_tracts_pessoa,pessoa3_V1658,double,int32,212508,0,0,0,0,38
2000_tracts_pessoa,pessoa3_V1659,double,int32,212508,0,0,0,0,44
2000_tracts_pessoa,pessoa3_V1660,double,int32,212508,0,0,0,0,46
2000_tracts_pessoa,pessoa3_V1661,double,int32,212508,0,0,0,0,44
2000_tracts_pessoa,pessoa3_V1662,double,int32,212508,0,0,0,0,41
2000_tracts_pessoa,pessoa3_V1663,double,int32,212508,0,0,0,0,37
2000_tracts_pessoa,pessoa3_V1664,double,int32,212508,0,0,0,0,39
2000_tracts_pessoa,pessoa3_V1665,double,int32,212508,0,0,0,0,35
2000_tracts_pessoa,pessoa3_V1666,double,int32,212508,0,0,0,0,31
2000_tracts_pessoa,pessoa3_V1667,double,int32,212508,0,0,0,0,33
2000_tracts_pessoa,pessoa3_V1668,double,int32,212508,0,0,0,0,30
2000_tracts_pessoa,pessoa3_V1669,double,int32,212508,0,0,0,0,38
2000_tracts_pessoa,pessoa3_V1670,double,int32,212508,0,0,0,0,27
2000_tracts_pessoa,pessoa3_V1671,double,int32,212508,0,0,0,0,23
2000_tracts_pessoa,pessoa3_V1672,double,int32,212508,0,0,0,0,23
2000_tracts_pessoa,pessoa3_V1673,double,int32,212508,0,0,0,0,23
2000_tracts_pessoa,pessoa3_V1674,double,int32,212508,0,0,0,0,21
2000_tracts_pessoa,pessoa3_V1675,double,int32,212508,0,0,0,0,18
2000_tracts_pessoa,pessoa3_V1676,double,int32,212508,0,0,0,0,19
2000_tracts_pessoa,pessoa3_V1677,double,int32,212508,0,0,0,0,22
2000_tracts_pessoa,pessoa3_V1678,double,int32,212508,0,0,0,0,26
2000_tracts_pessoa,pessoa3_V1679,double,int32,212508,0,0,0,0,22
2000_tracts_pessoa,pessoa3_V1680,double,int32,212508,0,0,0,0,26
2000_tracts_pessoa,pessoa3_V1681,double,int32,212508,0,0,0,0,26
2000_tracts_pessoa,pessoa3_V1682,double,int32,212508,0,0,0,0,27
2000_tracts_pessoa,pessoa3_V1683,double,int32,212508,0,0,0,0,29
2000_tracts_pessoa,pessoa3_V1684,double,int32,212508,0,0,0,0,31
2000_tracts_pessoa,pessoa3_V1685,double,int32,212508,0,0,0,0,23
2000_tracts_pessoa,pessoa3_V1686,double,int32,212508,0,0,0,0,22
2000_tracts_pessoa,pessoa3_V1687,double,int32,212508,0,0,0,0,21
2000_tracts_pessoa,pessoa3_V1688,double,int32,212508,0,0,0,0,17
2000_tracts_pessoa,pessoa3_V1689,double,int32,212508,0,0,0,0,16
2000_tracts_pessoa,pessoa3_V1690,double,int32,212508,0,0,0,0,14
2000_tracts_pessoa,pessoa3_V1691,double,int32,212508,0,0,0,0,14
2000_tracts_pessoa,pessoa3_V1692,double,int32,212508,0,0,0,0,20
2000_tracts_pessoa,pessoa3_V1693,double,int32,212508,0,0,0,0,16
2000_tracts_pessoa,pessoa3_V1694,double,int32,212508,0,0,0,0,16
2000_tracts_pessoa,pessoa3_V1695,double,int32,212508,0,0,0,0,16
2000_tracts_pessoa,pessoa3_V1696,double,int32,212508,0,0,0,0,14
2000_tracts_pessoa,pessoa3_V1697,double,int32,212508,0,0,0,0,12
2000_tracts_pessoa,pessoa3_V1698,double,int32,212508,0,0,0,0,13
2000_tracts_pessoa,pessoa3_V1699,double,int32,212508,0,0,0,0,13
2000_tracts_pessoa,pessoa3_V1700,double,int32,212508,0,0,0,0,11
2000_tracts_pessoa,pessoa3_V1701,double,int32,212508,0,0,0,0,11
2000_tracts_pessoa,pessoa3_V1702,double,int32,212508,0,0,0,0,13
2000_tracts_pessoa,pessoa3_V1703,double,int32,212508,0,0,0,0,10
2000_tracts_pessoa,pessoa3_V1704,double,int32,212508,0,0,0,0,18
2000_tracts_pessoa,pessoa3_V1705,double,int32,212508,0,0,0,0,9
2000_tracts_pessoa,pessoa3_V1706,double,int32,212508,0,0,0,0,11
2000_tracts_pessoa,pessoa3_V1707,double,int32,212508,0,0,0,0,15
2000_tracts_pessoa,pessoa3_V1708,double,int32,212508,0,0,0,0,7
2000_tracts_pessoa,pessoa3_V1709,double,int32,212508,0,0,0,0,6
2000_tracts_pessoa,pessoa3_V1710,double,int32,212508,0,0,0,0,6
2000_tracts_pessoa,pessoa3_V1711,double,int32,212508,0,0,0,0,6
2000_tracts_pessoa,pessoa3_V1712,double,int32,212508,0,0,0,0,7
2000_tracts_pessoa,pessoa3_V1713,double,int32,212508,0,0,0,0,4
2000_tracts_pessoa,pessoa3_V1714,double,int32,212508,0,0,0,0,5
2000_tracts_pessoa,pessoa3_V1715,double,int32,212508,0,0,0,0,4
2000_tracts_pessoa,pessoa3_V1716,double,int32,212508,0,0,0,0,3
2000_tracts_pessoa,pessoa3_V1717,double,int32,212508,0,0,0,0,8
2000_tracts_pessoa,pessoa3_V1718,double,int32,212508,0,0,0,0,560
2000_tracts_pessoa,pessoa3_V1719,double,int32,212508,0,0,0,0,487
2000_tracts_pessoa,pessoa3_V1720,double,int32,212508,0,0,0,0,416
2000_tracts_pessoa,pessoa3_V1721,double,int32,212508,0,0,0,0,389
2000_tracts_pessoa,pessoa3_V1722,double,int32,212508,0,0,0,0,455
2000_tracts_pessoa,pessoa3_V1723,double,int32,212508,0,0,0,0,437
2000_tracts_pessoa,pessoa3_V1724,double,int32,212508,0,0,0,0,377
2000_tracts_pessoa,pessoa3_V1725,double,int32,212508,0,0,0,0,296
2000_tracts_pessoa,pessoa3_V1726,double,int32,212508,0,0,0,0,213
2000_tracts_pessoa,pessoa3_V1727,double,int32,212508,0,0,0,0,169
2000_tracts_pessoa,pessoa3_V1728,double,int32,212508,0,0,0,0,130
2000_tracts_pessoa,pessoa3_V1729,double,int32,212508,0,0,0,0,89
2000_tracts_pessoa,pessoa3_V1730,double,int32,212508,0,0,0,0,114
2000_tracts_pessoa,pessoa3_V1731,double,int32,212508,0,0,0,0,132
2000_tracts_pessoa,pessoa3_V1732,double,int32,212508,0,0,0,0,72
2000_tracts_pessoa,pessoa3_V1733,double,int32,212508,0,0,0,0,67
2000_tracts_pessoa,pessoa3_V1734,double,int32,212508,0,0,0,0,135
2000_tracts_pessoa,pessoa4_V1735,double,int32,212508,0,0,0,0,3
2000_tracts_pessoa,pessoa4_V1736,double,int32,212508,0,0,0,0,3
2000_tracts_pessoa,pessoa4_V1737,double,int32,212508,0,0,0,0,5
2000_tracts_pessoa,pessoa4_V1738,double,int32,212508,0,0,0,0,6
2000_tracts_pessoa,pessoa4_V1739,double,int32,212508,0,0,0,0,13
2000_tracts_pessoa,pessoa4_V1740,double,int32,212508,0,0,0,0,17
2000_tracts_pessoa,pessoa4_V1741,double,int32,212508,0,0,0,0,21
2000_tracts_pessoa,pessoa4_V1742,double,int32,212508,0,0,0,0,29
2000_tracts_pessoa,pessoa4_V1743,double,int32,212508,0,0,0,0,44
2000_tracts_pessoa,pessoa4_V1744,double,int32,212508,0,0,0,0,41
2000_tracts_pessoa,pessoa4_V1745,double,int32,212508,0,0,0,0,62
2000_tracts_pessoa,pessoa4_V1746,double,int32,212508,0,0,0,0,59
2000_tracts_pessoa,pessoa4_V1747,double,int32,212508,0,0,0,0,62
2000_tracts_pessoa,pessoa4_V1748,double,int32,212508,0,0,0,0,67
2000_tracts_pessoa,pessoa4_V1749,double,int32,212508,0,0,0,0,75
2000_tracts_pessoa,pessoa4_V1750,double,int32,212508,0,0,0,0,74
2000_tracts_pessoa,pessoa4_V1751,double,int32,212508,0,0,0,0,77
2000_tracts_pessoa,pessoa4_V1752,double,int32,212508,0,0,0,0,65
2000_tracts_pessoa,pessoa4_V1753,double,int32,212508,0,0,0,0,67
2000_tracts_pessoa,pessoa4_V1754,double,int32,212508,0,0,0,0,75
2000_tracts_pessoa,pessoa4_V1755,double,int32,212508,0,0,0,0,67
2000_tracts_pessoa,pessoa4_V1756,double,int32,212508,0,0,0,0,61
2000_tracts_pessoa,pessoa4_V1757,double,int32,212508,0,0,0,0,64
2000_tracts_pessoa,pessoa4_V1758,double,int32,212508,0,0,0,0,56
2000_tracts_pessoa,pessoa4_V1759,double,int32,212508,0,0,0,0,54
2000_tracts_pessoa,pessoa4_V1760,double,int32,212508,0,0,0,0,57
2000_tracts_pessoa,pessoa4_V1761,double,int32,212508,0,0,0,0,48
2000_tracts_pessoa,pessoa4_V1762,double,int32,212508,0,0,0,0,60
2000_tracts_pessoa,pessoa4_V1763,double,int32,212508,0,0,0,0,40
2000_tracts_pessoa,pessoa4_V1764,double,int32,212508,0,0,0,0,44
2000_tracts_pessoa,pessoa4_V1765,double,int32,212508,0,0,0,0,38
2000_tracts_pessoa,pessoa4_V1766,double,int32,212508,0,0,0,0,29
2000_tracts_pessoa,pessoa4_V1767,double,int32,212508,0,0,0,0,36
2000_tracts_pessoa,pessoa4_V1768,double,int32,212508,0,0,0,0,29
2000_tracts_pessoa,pessoa4_V1769,double,int32,212508,0,0,0,0,35
2000_tracts_pessoa,pessoa4_V1770,double,int32,212508,0,0,0,0,30
2000_tracts_pessoa,pessoa4_V1771,double,int32,212508,0,0,0,0,31
2000_tracts_pessoa,pessoa4_V1772,double,int32,212508,0,0,0,0,26
2000_tracts_pessoa,pessoa4_V1773,double,int32,212508,0,0,0,0,23
2000_tracts_pessoa,pessoa4_V1774,double,int32,212508,0,0,0,0,27
2000_tracts_pessoa,pessoa4_V1775,double,int32,212508,0,0,0,0,26
2000_tracts_pessoa,pessoa4_V1776,double,int32,212508,0,0,0,0,20
2000_tracts_pessoa,pessoa4_V1777,double,int32,212508,0,0,0,0,28
2000_tracts_pessoa,pessoa4_V1778,double,int32,212508,0,0,0,0,17
2000_tracts_pessoa,pessoa4_V1779,double,int32,212508,0,0,0,0,16
2000_tracts_pessoa,pessoa4_V1780,double,int32,212508,0,0,0,0,16
2000_tracts_pessoa,pessoa4_V1781,double,int32,212508,0,0,0,0,18
2000_tracts_pessoa,pessoa4_V1782,double,int32,212508,0,0,0,0,15
2000_tracts_pessoa,pessoa4_V1783,double,int32,212508,0,0,0,0,14
2000_tracts_pessoa,pessoa4_V1784,double,int32,212508,0,0,0,0,14
2000_tracts_pessoa,pessoa4_V1785,double,int32,212508,0,0,0,0,15
2000_tracts_pessoa,pessoa4_V1786,double,int32,212508,0,0,0,0,12
2000_tracts_pessoa,pessoa4_V1787,double,int32,212508,0,0,0,0,13
2000_tracts_pessoa,pessoa4_V1788,double,int32,212508,0,0,0,0,14
2000_tracts_pessoa,pessoa4_V1789,double,int32,212508,0,0,0,0,12
2000_tracts_pessoa,pessoa4_V1790,double,int32,212508,0,0,0,0,12
2000_tracts_pessoa,pessoa4_V1791,double,int32,212508,0,0,0,0,11
2000_tracts_pessoa,pessoa4_V1792,double,int32,212508,0,0,0,0,11
2000_tracts_pessoa,pessoa4_V1793,double,int32,212508,0,0,0,0,9
2000_tracts_pessoa,pessoa4_V1794,double,int32,212508,0,0,0,0,10
2000_tracts_pessoa,pessoa4_V1795,double,int32,212508,0,0,0,0,10
2000_tracts_pessoa,pessoa4_V1796,double,int32,212508,0,0,0,0,9
2000_tracts_pessoa,pessoa4_V1797,double,int32,212508,0,0,0,0,9
2000_tracts_pessoa,pessoa4_V1798,double,int32,212508,0,0,0,0,9
2000_tracts_pessoa,pessoa4_V1799,double,int32,212508,0,0,0,0,7
2000_tracts_pessoa,pessoa4_V1800,double,int32,212508,0,0,0,0,7
2000_tracts_pessoa,pessoa4_V1801,double,int32,212508,0,0,0,0,7
2000_tracts_pessoa,pessoa4_V1802,double,int32,212508,0,0,0,0,6
2000_tracts_pessoa,pessoa4_V1803,double,int32,212508,0,0,0,0,8
2000_tracts_pessoa,pessoa4_V1804,double,int32,212508,0,0,0,0,5
2000_tracts_pessoa,pessoa4_V1805,double,int32,212508,0,0,0,0,22
2000_tracts_pessoa,pessoa4_V1806,double,int32,212508,0,0,0,0,2
2000_tracts_pessoa,pessoa4_V1807,double,int32,212508,0,0,0,0,2
2000_tracts_pessoa,pessoa4_V1808,double,int32,212508,0,0,0,0,2
2000_tracts_pessoa,pessoa4_V1809,double,int32,212508,0,0,0,0,2
2000_tracts_pessoa,pessoa4_V1810,double,int32,212508,0,0,0,0,2
2000_tracts_pessoa,pessoa4_V1811,double,int32,212508,0,0,0,0,2
2000_tracts_pessoa,pessoa4_V1812,double,int32,212508,0,0,0,0,2
2000_tracts_pessoa,pessoa4_V1813,double,int32,212508,0,0,0,0,3
2000_tracts_pessoa,pessoa4_V1814,double,int32,212508,0,0,0,0,5
2000_tracts_pessoa,pessoa4_V1815,double,int32,212508,0,0,0,0,6
2000_tracts_pessoa,pessoa4_V1816,double,int32,212508,0,0,0,0,9
2000_tracts_pessoa,pessoa4_V1817,double,int32,212508,0,0,0,0,8
2000_tracts_pessoa,pessoa4_V1818,double,int32,212508,0,0,0,0,12
2000_tracts_pessoa,pessoa4_V1819,double,int32,212508,0,0,0,0,14
2000_tracts_pessoa,pessoa4_V1820,double,int32,212508,0,0,0,0,13
2000_tracts_pessoa,pessoa4_V1821,double,int32,212508,0,0,0,0,14
2000_tracts_pessoa,pessoa4_V1822,double,int32,212508,0,0,0,0,13
2000_tracts_pessoa,pessoa4_V1823,double,int32,212508,0,0,0,0,16
2000_tracts_pessoa,pessoa4_V1824,double,int32,212508,0,0,0,0,21
2000_tracts_pessoa,pessoa4_V1825,double,int32,212508,0,0,0,0,23
2000_tracts_pessoa,pessoa4_V1826,double,int32,212508,0,0,0,0,19
2000_tracts_pessoa,pessoa4_V1827,double,int32,212508,0,0,0,0,22
2000_tracts_pessoa,pessoa4_V1828,double,int32,212508,0,0,0,0,19
2000_tracts_pessoa,pessoa4_V1829,double,int32,212508,0,0,0,0,14
2000_tracts_pessoa,pessoa4_V1830,double,int32,212508,0,0,0,0,14
2000_tracts_pessoa,pessoa4_V1831,double,int32,212508,0,0,0,0,15
2000_tracts_pessoa,pessoa4_V1832,double,int32,212508,0,0,0,0,13
2000_tracts_pessoa,pessoa4_V1833,double,int32,212508,0,0,0,0,13
2000_tracts_pessoa,pessoa4_V1834,double,int32,212508,0,0,0,0,11
2000_tracts_pessoa,pessoa4_V1835,double,int32,212508,0,0,0,0,12
2000_tracts_pessoa,pessoa4_V1836,double,int32,212508,0,0,0,0,17
2000_tracts_pessoa,pessoa4_V1837,double,int32,212508,0,0,0,0,14
2000_tracts_pessoa,pessoa4_V1838,double,int32,212508,0,0,0,0,10
2000_tracts_pessoa,pessoa4_V1839,double,int32,212508,0,0,0,0,13
2000_tracts_pessoa,pessoa4_V1840,double,int32,212508,0,0,0,0,8
2000_tracts_pessoa,pessoa4_V1841,double,int32,212508,0,0,0,0,10
2000_tracts_pessoa,pessoa4_V1842,double,int32,212508,0,0,0,0,10
2000_tracts_pessoa,pessoa4_V1843,double,int32,212508,0,0,0,0,9
2000_tracts_pessoa,pessoa4_V1844,double,int32,212508,0,0,0,0,9
2000_tracts_pessoa,pessoa4_V1845,double,int32,212508,0,0,0,0,7
2000_tracts_pessoa,pessoa4_V1846,double,int32,212508,0,0,0,0,9
2000_tracts_pessoa,pessoa4_V1847,double,int32,212508,0,0,0,0,8
2000_tracts_pessoa,pessoa4_V1848,double,int32,212508,0,0,0,0,6
2000_tracts_pessoa,pessoa4_V1849,double,int32,212508,0,0,0,0,7
2000_tracts_pessoa,pessoa4_V1850,double,int32,212508,0,0,0,0,10
2000_tracts_pessoa,pessoa4_V1851,double,int32,212508,0,0,0,0,6
2000_tracts_pessoa,pessoa4_V1852,double,int32,212508,0,0,0,0,8
2000_tracts_pessoa,pessoa4_V1853,double,int32,212508,0,0,0,0,7
2000_tracts_pessoa,pessoa4_V1854,double,int32,212508,0,0,0,0,5
2000_tracts_pessoa,pessoa4_V1855,double,int32,212508,0,0,0,0,5
2000_tracts_pessoa,pessoa4_V1856,double,int32,212508,0,0,0,0,7
2000_tracts_pessoa,pessoa4_V1857,double,int32,212508,0,0,0,0,5
2000_tracts_pessoa,pessoa4_V1858,double,int32,212508,0,0,0,0,5
2000_tracts_pessoa,pessoa4_V1859,double,int32,212508,0,0,0,0,5
2000_tracts_pessoa,pessoa4_V1860,double,int32,212508,0,0,0,0,5
2000_tracts_pessoa,pessoa4_V1861,double,int32,212508,0,0,0,0,5
2000_tracts_pessoa,pessoa4_V1862,double,int32,212508,0,0,0,0,5
2000_tracts_pessoa,pessoa4_V1863,double,int32,212508,0,0,0,0,5
2000_tracts_pessoa,pessoa4_V1864,double,int32,212508,0,0,0,0,4
2000_tracts_pessoa,pessoa4_V1865,double,int32,212508,0,0,0,0,4
2000_tracts_pessoa,pessoa4_V1866,double,int32,212508,0,0,0,0,4
2000_tracts_pessoa,pessoa4_V1867,double,int32,212508,0,0,0,0,6
2000_tracts_pessoa,pessoa4_V1868,double,int32,212508,0,0,0,0,3
2000_tracts_pessoa,pessoa4_V1869,double,int32,212508,0,0,0,0,4
2000_tracts_pessoa,pessoa4_V1870,double,int32,212508,0,0,0,0,4
2000_tracts_pessoa,pessoa4_V1871,double,int32,212508,0,0,0,0,3
2000_tracts_pessoa,pessoa4_V1872,double,int32,212508,0,0,0,0,3
2000_tracts_pessoa,pessoa4_V1873,double,int32,212508,0,0,0,0,3
2000_tracts_pessoa,pessoa4_V1874,double,int32,212508,0,0,0,0,3
2000_tracts_pessoa,pessoa4_V1875,double,int32,212508,0,0,0,0,3
2000_tracts_pessoa,pessoa4_V1876,double,int32,212508,0,0,0,0,9
2000_tracts_pessoa,pessoa4_V1877,double,int32,212508,0,0,0,0,3
2000_tracts_pessoa,pessoa4_V1878,double,int32,212508,0,0,0,0,3
2000_tracts_pessoa,pessoa4_V1879,double,int32,212508,0,0,0,0,5
2000_tracts_pessoa,pessoa4_V1880,double,int32,212508,0,0,0,0,6
2000_tracts_pessoa,pessoa4_V1881,double,int32,212508,0,0,0,0,13
2000_tracts_pessoa,pessoa4_V1882,double,int32,212508,0,0,0,0,17
2000_tracts_pessoa,pessoa4_V1883,double,int32,212508,0,0,0,0,21
2000_tracts_pessoa,pessoa4_V1884,double,int32,212508,0,0,0,0,29
2000_tracts_pessoa,pessoa4_V1885,double,int32,212508,0,0,0,0,44
2000_tracts_pessoa,pessoa4_V1886,double,int32,212508,0,0,0,0,40
2000_tracts_pessoa,pessoa4_V1887,double,int32,212508,0,0,0,0,60
2000_tracts_pessoa,pessoa4_V1888,double,int32,212508,0,0,0,0,56
2000_tracts_pessoa,pessoa4_V1889,double,int32,212508,0,0,0,0,58
2000_tracts_pessoa,pessoa4_V1890,double,int32,212508,0,0,0,0,62
2000_tracts_pessoa,pessoa4_V1891,double,int32,212508,0,0,0,0,71
2000_tracts_pessoa,pessoa4_V1892,double,int32,212508,0,0,0,0,68
2000_tracts_pessoa,pessoa4_V1893,double,int32,212508,0,0,0,0,75
2000_tracts_pessoa,pessoa4_V1894,double,int32,212508,0,0,0,0,61
2000_tracts_pessoa,pessoa4_V1895,double,int32,212508,0,0,0,0,65
2000_tracts_pessoa,pessoa4_V1896,double,int32,212508,0,0,0,0,70
2000_tracts_pessoa,pessoa4_V1897,double,int32,212508,0,0,0,0,63
2000_tracts_pessoa,pessoa4_V1898,double,int32,212508,0,0,0,0,56
2000_tracts_pessoa,pessoa4_V1899,double,int32,212508,0,0,0,0,57
2000_tracts_pessoa,pessoa4_V1900,double,int32,212508,0,0,0,0,50
2000_tracts_pessoa,pessoa4_V1901,double,int32,212508,0,0,0,0,47
2000_tracts_pessoa,pessoa4_V1902,double,int32,212508,0,0,0,0,52
2000_tracts_pessoa,pessoa4_V1903,double,int32,212508,0,0,0,0,45
2000_tracts_pessoa,pessoa4_V1904,double,int32,212508,0,0,0,0,49
2000_tracts_pessoa,pessoa4_V1905,double,int32,212508,0,0,0,0,40
2000_tracts_pessoa,pessoa4_V1906,double,int32,212508,0,0,0,0,38
2000_tracts_pessoa,pessoa4_V1907,double,int32,212508,0,0,0,0,37
2000_tracts_pessoa,pessoa4_V1908,double,int32,212508,0,0,0,0,28
2000_tracts_pessoa,pessoa4_V1909,double,int32,212508,0,0,0,0,35
2000_tracts_pessoa,pessoa4_V1910,double,int32,212508,0,0,0,0,29
2000_tracts_pessoa,pessoa4_V1911,double,int32,212508,0,0,0,0,35
2000_tracts_pessoa,pessoa4_V1912,double,int32,212508,0,0,0,0,28
2000_tracts_pessoa,pessoa4_V1913,double,int32,212508,0,0,0,0,30
2000_tracts_pessoa,pessoa4_V1914,double,int32,212508,0,0,0,0,26
2000_tracts_pessoa,pessoa4_V1915,double,int32,212508,0,0,0,0,23
2000_tracts_pessoa,pessoa4_V1916,double,int32,212508,0,0,0,0,26
2000_tracts_pessoa,pessoa4_V1917,double,int32,212508,0,0,0,0,25
2000_tracts_pessoa,pessoa4_V1918,double,int32,212508,0,0,0,0,20
2000_tracts_pessoa,pessoa4_V1919,double,int32,212508,0,0,0,0,27
2000_tracts_pessoa,pessoa4_V1920,double,int32,212508,0,0,0,0,16
2000_tracts_pessoa,pessoa4_V1921,double,int32,212508,0,0,0,0,16
2000_tracts_pessoa,pessoa4_V1922,double,int32,212508,0,0,0,0,16
2000_tracts_pessoa,pessoa4_V1923,double,int32,212508,0,0,0,0,18
2000_tracts_pessoa,pessoa4_V1924,double,int32,212508,0,0,0,0,15
2000_tracts_pessoa,pessoa4_V1925,double,int32,212508,0,0,0,0,13
2000_tracts_pessoa,pessoa4_V1926,double,int32,212508,0,0,0,0,14
2000_tracts_pessoa,pessoa4_V1927,double,int32,212508,0,0,0,0,14
2000_tracts_pessoa,pessoa4_V1928,double,int32,212508,0,0,0,0,12
2000_tracts_pessoa,pessoa4_V1929,double,int32,212508,0,0,0,0,13
2000_tracts_pessoa,pessoa4_V1930,double,int32,212508,0,0,0,0,13
2000_tracts_pessoa,pessoa4_V1931,double,int32,212508,0,0,0,0,12
2000_tracts_pessoa,pessoa4_V1932,double,int32,212508,0,0,0,0,12
2000_tracts_pessoa,pessoa4_V1933,double,int32,212508,0,0,0,0,10
2000_tracts_pessoa,pessoa4_V1934,double,int32,212508,0,0,0,0,10
2000_tracts_pessoa,pessoa4_V1935,double,int32,212508,0,0,0,0,9
2000_tracts_pessoa,pessoa4_V1936,double,int32,212508,0,0,0,0,10
2000_tracts_pessoa,pessoa4_V1937,double,int32,212508,0,0,0,0,10
2000_tracts_pessoa,pessoa4_V1938,double,int32,212508,0,0,0,0,9
2000_tracts_pessoa,pessoa4_V1939,double,int32,212508,0,0,0,0,9
2000_tracts_pessoa,pessoa4_V1940,double,int32,212508,0,0,0,0,7
2000_tracts_pessoa,pessoa4_V1941,double,int32,212508,0,0,0,0,7
2000_tracts_pessoa,pessoa4_V1942,double,int32,212508,0,0,0,0,7
2000_tracts_pessoa,pessoa4_V1943,double,int32,212508,0,0,0,0,6
2000_tracts_pessoa,pessoa4_V1944,double,int32,212508,0,0,0,0,6
2000_tracts_pessoa,pessoa4_V1945,double,int32,212508,0,0,0,0,8
2000_tracts_pessoa,pessoa4_V1946,double,int32,212508,0,0,0,0,5
2000_tracts_pessoa,pessoa4_V1947,double,int32,212508,0,0,0,0,22
2000_tracts_pessoa,pessoa5_V1948,double,int32,212508,0,0,0,0,17
2000_tracts_pessoa,pessoa5_V1949,double,int32,212508,0,0,0,0,137
2000_tracts_pessoa,pessoa5_V1950,double,int32,212508,0,0,0,0,293
2000_tracts_pessoa,pessoa5_V1951,double,int32,212508,0,0,0,0,352
2000_tracts_pessoa,pessoa5_V1952,double,int32,212508,0,0,0,0,291
2000_tracts_pessoa,pessoa5_V1953,double,int32,212508,0,0,0,0,235
2000_tracts_pessoa,pessoa5_V1954,double,int32,212508,0,0,0,0,141
2000_tracts_pessoa,pessoa5_V1955,double,int32,212508,0,0,0,0,110
2000_tracts_pessoa,pessoa5_V1956,double,int32,212508,0,0,0,0,90
2000_tracts_pessoa,pessoa5_V1957,double,int32,212508,0,0,0,0,58
2000_tracts_pessoa,pessoa5_V1958,double,int32,212508,0,0,0,0,41
2000_tracts_pessoa,pessoa5_V1959,double,int32,212508,0,0,0,0,31
2000_tracts_pessoa,pessoa5_V1960,double,int32,212508,0,0,0,0,25
2000_tracts_pessoa,pessoa5_V1961,double,int32,212508,0,0,0,0,16
2000_tracts_pessoa,pessoa5_V1962,double,int32,212508,0,0,0,0,22
2000_tracts_pessoa,pessoa5_V1963,double,int32,212508,0,0,0,0,6
2000_tracts_pessoa,pessoa5_V1964,double,int32,212508,0,0,0,0,10
2000_tracts_pessoa,pessoa5_V1965,double,int32,212508,0,0,0,0,47
2000_tracts_pessoa,pessoa5_V1966,double,int32,212508,0,0,0,0,85
2000_tracts_pessoa,pessoa5_V1967,double,int32,212508,0,0,0,0,76
2000_tracts_pessoa,pessoa5_V1968,double,int32,212508,0,0,0,0,50
2000_tracts_pessoa,pessoa5_V1969,double,int32,212508,0,0,0,0,39
2000_tracts_pessoa,pessoa5_V1970,double,int32,212508,0,0,0,0,28
2000_tracts_pessoa,pessoa5_V1971,double,int32,212508,0,0,0,0,24
2000_tracts_pessoa,pessoa5_V1972,double,int32,212508,0,0,0,0,24
2000_tracts_pessoa,pessoa5_V1973,double,int32,212508,0,0,0,0,18
2000_tracts_pessoa,pessoa5_V1974,double,int32,212508,0,0,0,0,14
2000_tracts_pessoa,pessoa5_V1975,double,int32,212508,0,0,0,0,15
2000_tracts_pessoa,pessoa5_V1976,double,int32,212508,0,0,0,0,7
2000_tracts_pessoa,pessoa5_V1977,double,int32,212508,0,0,0,0,9
2000_tracts_pessoa,pessoa5_V1978,double,int32,212508,0,0,0,0,17
2000_tracts_pessoa,pessoa5_V1979,double,int32,212508,0,0,0,0,135
2000_tracts_pessoa,pessoa5_V1980,double,int32,212508,0,0,0,0,276
2000_tracts_pessoa,pessoa5_V1981,double,int32,212508,0,0,0,0,319
2000_tracts_pessoa,pessoa5_V1982,double,int32,212508,0,0,0,0,253
2000_tracts_pessoa,pessoa5_V1983,double,int32,212508,0,0,0,0,203
2000_tracts_pessoa,pessoa5_V1984,double,int32,212508,0,0,0,0,133
2000_tracts_pessoa,pessoa5_V1985,double,int32,212508,0,0,0,0,107
2000_tracts_pessoa,pessoa5_V1986,double,int32,212508,0,0,0,0,84
2000_tracts_pessoa,pessoa5_V1987,double,int32,212508,0,0,0,0,58
2000_tracts_pessoa,pessoa5_V1988,double,int32,212508,0,0,0,0,39
2000_tracts_pessoa,pessoa5_V1989,double,int32,212508,0,0,0,0,29
2000_tracts_pessoa,pessoa5_V1990,double,int32,212508,0,0,0,0,25
2000_tracts_pessoa,pessoa5_V1991,double,int32,212508,0,0,0,0,16
2000_tracts_pessoa,pessoa5_V1992,double,int32,212508,0,0,0,0,22
2000_tracts_pessoa,pessoa6_V1993,double,int32,212508,0,0,0,0,222
2000_tracts_pessoa,pessoa6_V1994,double,int32,212508,0,0,0,0,224
2000_tracts_pessoa,pessoa6_V1995,double,int32,212508,0,0,0,0,223
2000_tracts_pessoa,pessoa6_V1996,double,int32,212508,0,0,0,0,206
2000_tracts_pessoa,pessoa6_V1997,double,int32,212508,0,0,0,0,195
2000_tracts_pessoa,pessoa6_V1998,double,int32,212508,0,0,0,0,205
2000_tracts_pessoa,pessoa6_V1999,double,int32,212508,0,0,0,0,208
2000_tracts_pessoa,pessoa6_V2000,double,int32,212508,0,0,0,0,185
2000_tracts_pessoa,pessoa6_V2001,double,int32,212508,0,0,0,0,172
2000_tracts_pessoa,pessoa6_V2002,double,int32,212508,0,0,0,0,167
2000_tracts_pessoa,pessoa6_V2003,double,int32,212508,0,0,0,0,188
2000_tracts_pessoa,pessoa6_V2004,double,int32,212508,0,0,0,0,184
2000_tracts_pessoa,pessoa6_V2005,double,int32,212508,0,0,0,0,180
2000_tracts_pessoa,pessoa6_V2006,double,int32,212508,0,0,0,0,136
2000_tracts_pessoa,pessoa6_V2007,double,int32,212508,0,0,0,0,130
2000_tracts_pessoa,pessoa6_V2008,double,int32,212508,0,0,0,0,147
2000_tracts_pessoa,pessoa6_V2009,double,int32,212508,0,0,0,0,116
2000_tracts_pessoa,pessoa6_V2010,double,int32,212508,0,0,0,0,125
2000_tracts_pessoa,pessoa6_V2011,double,int32,212508,0,0,0,0,112
2000_tracts_pessoa,pessoa6_V2012,double,int32,212508,0,0,0,0,98
2000_tracts_pessoa,pessoa6_V2013,double,int32,212508,0,0,0,0,94
2000_tracts_pessoa,pessoa6_V2014,double,int32,212508,0,0,0,0,65
2000_tracts_pessoa,pessoa6_V2015,double,int32,212508,0,0,0,0,75
2000_tracts_pessoa,pessoa6_V2016,double,int32,212508,0,0,0,0,60
2000_tracts_pessoa,pessoa6_V2017,double,int32,212508,0,0,0,0,50
2000_tracts_pessoa,pessoa6_V2018,double,int32,212508,0,0,0,0,51
2000_tracts_pessoa,pessoa6_V2019,double,int32,212508,0,0,0,0,34
2000_tracts_pessoa,pessoa6_V2020,double,int32,212508,0,0,0,0,34
2000_tracts_pessoa,pessoa6_V2021,double,int32,212508,0,0,0,0,41
2000_tracts_pessoa,pessoa6_V2022,double,int32,212508,0,0,0,0,29
2000_tracts_pessoa,pessoa6_V2023,double,int32,212508,0,0,0,0,42
2000_tracts_pessoa,pessoa6_V2024,double,int32,212508,0,0,0,0,33
2000_tracts_pessoa,pessoa6_V2025,double,int32,212508,0,0,0,0,24
2000_tracts_pessoa,pessoa6_V2026,double,int32,212508,0,0,0,0,25
2000_tracts_pessoa,pessoa6_V2027,double,int32,212508,0,0,0,0,29
2000_tracts_pessoa,pessoa6_V2028,double,int32,212508,0,0,0,0,27
2000_tracts_pessoa,pessoa6_V2029,double,int32,212508,0,0,0,0,21
2000_tracts_pessoa,pessoa6_V2030,double,int32,212508,0,0,0,0,26
2000_tracts_pessoa,pessoa6_V2031,double,int32,212508,0,0,0,0,16
2000_tracts_pessoa,pessoa6_V2032,double,int32,212508,0,0,0,0,17
2000_tracts_pessoa,pessoa6_V2033,double,int32,212508,0,0,0,0,27
2000_tracts_pessoa,pessoa6_V2034,double,int32,212508,0,0,0,0,14
2000_tracts_pessoa,pessoa6_V2035,double,int32,212508,0,0,0,0,13
2000_tracts_pessoa,pessoa6_V2036,double,int32,212508,0,0,0,0,16
2000_tracts_pessoa,pessoa6_V2037,double,int32,212508,0,0,0,0,10
2000_tracts_pessoa,pessoa6_V2038,double,int32,212508,0,0,0,0,17
2000_tracts_pessoa,pessoa6_V2039,double,int32,212508,0,0,0,0,11
2000_tracts_pessoa,pessoa6_V2040,double,int32,212508,0,0,0,0,11
2000_tracts_pessoa,pessoa6_V2041,double,int32,212508,0,0,0,0,9
2000_tracts_pessoa,pessoa6_V2042,double,int32,212508,0,0,0,0,10
2000_tracts_pessoa,pessoa6_V2043,double,int32,212508,0,0,0,0,76
2000_tracts_pessoa,pessoa6_V2044,double,int32,212508,0,0,0,0,109
2000_tracts_pessoa,pessoa6_V2045,double,int32,212508,0,0,0,0,113
2000_tracts_pessoa,pessoa6_V2046,double,int32,212508,0,0,0,0,108
2000_tracts_pessoa,pessoa6_V2047,double,int32,212508,0,0,0,0,112
2000_tracts_pessoa,pessoa6_V2048,double,int32,212508,0,0,0,0,97
2000_tracts_pessoa,pessoa6_V2049,double,int32,212508,0,0,0,0,111
2000_tracts_pessoa,pessoa6_V2050,double,int32,212508,0,0,0,0,105
2000_tracts_pessoa,pessoa6_V2051,double,int32,212508,0,0,0,0,93
2000_tracts_pessoa,pessoa6_V2052,double,int32,212508,0,0,0,0,100
2000_tracts_pessoa,pessoa6_V2053,double,int32,212508,0,0,0,0,96
2000_tracts_pessoa,pessoa6_V2054,double,int32,212508,0,0,0,0,99
2000_tracts_pessoa,pessoa6_V2055,double,int32,212508,0,0,0,0,96
2000_tracts_pessoa,pessoa6_V2056,double,int32,212508,0,0,0,0,91
2000_tracts_pessoa,pessoa6_V2057,double,int32,212508,0,0,0,0,71
2000_tracts_pessoa,pessoa6_V2058,double,int32,212508,0,0,0,0,75
2000_tracts_pessoa,pessoa6_V2059,double,int32,212508,0,0,0,0,86
2000_tracts_pessoa,pessoa6_V2060,double,int32,212508,0,0,0,0,68
2000_tracts_pessoa,pessoa6_V2061,double,int32,212508,0,0,0,0,68
2000_tracts_pessoa,pessoa6_V2062,double,int32,212508,0,0,0,0,59
2000_tracts_pessoa,pessoa6_V2063,double,int32,212508,0,0,0,0,58
2000_tracts_pessoa,pessoa6_V2064,double,int32,212508,0,0,0,0,54
2000_tracts_pessoa,pessoa6_V2065,double,int32,212508,0,0,0,0,40
2000_tracts_pessoa,pessoa6_V2066,double,int32,212508,0,0,0,0,40
2000_tracts_pessoa,pessoa6_V2067,double,int32,212508,0,0,0,0,32
2000_tracts_pessoa,pessoa6_V2068,double,int32,212508,0,0,0,0,28
2000_tracts_pessoa,pessoa6_V2069,double,int32,212508,0,0,0,0,30
2000_tracts_pessoa,pessoa6_V2070,double,int32,212508,0,0,0,0,22
2000_tracts_pessoa,pessoa6_V2071,double,int32,212508,0,0,0,0,23
2000_tracts_pessoa,pessoa6_V2072,double,int32,212508,0,0,0,0,24
2000_tracts_pessoa,pessoa6_V2073,double,int32,212508,0,0,0,0,15
2000_tracts_pessoa,pessoa6_V2074,double,int32,212508,0,0,0,0,22
2000_tracts_pessoa,pessoa6_V2075,double,int32,212508,0,0,0,0,18
2000_tracts_pessoa,pessoa6_V2076,double,int32,212508,0,0,0,0,15
2000_tracts_pessoa,pessoa6_V2077,double,int32,212508,0,0,0,0,13
2000_tracts_pessoa,pessoa6_V2078,double,int32,212508,0,0,0,0,20
2000_tracts_pessoa,pessoa6_V2079,double,int32,212508,0,0,0,0,17
2000_tracts_pessoa,pessoa6_V2080,double,int32,212508,0,0,0,0,15
2000_tracts_pessoa,pessoa6_V2081,double,int32,212508,0,0,0,0,10
2000_tracts_pessoa,pessoa6_V2082,double,int32,212508,0,0,0,0,11
2000_tracts_pessoa,pessoa6_V2083,double,int32,212508,0,0,0,0,8
2000_tracts_pessoa,pessoa6_V2084,double,int32,212508,0,0,0,0,15
2000_tracts_pessoa,pessoa6_V2085,double,int32,212508,0,0,0,0,8
2000_tracts_pessoa,pessoa6_V2086,double,int32,212508,0,0,0,0,7
2000_tracts_pessoa,pessoa6_V2087,double,int32,212508,0,0,0,0,7
2000_tracts_pessoa,pessoa6_V2088,double,int32,212508,0,0,0,0,6
2000_tracts_pessoa,pessoa6_V2089,double,int32,212508,0,0,0,0,11
2000_tracts_pessoa,pessoa6_V2090,double,int32,212508,0,0,0,0,7
2000_tracts_pessoa,pessoa6_V2091,double,int32,212508,0,0,0,0,6
2000_tracts_pessoa,pessoa6_V2092,double,int32,212508,0,0,0,0,7
2000_tracts_pessoa,pessoa6_V2093,double,int32,212508,0,0,0,0,6
2000_tracts_pessoa,pessoa6_V2094,double,int32,212508,0,0,0,0,40
2000_tracts_pessoa,pessoa6_V2095,double,int32,212508,0,0,0,0,116
2000_tracts_pessoa,pessoa6_V2096,double,int32,212508,0,0,0,0,111
2000_tracts_pessoa,pessoa6_V2097,double,int32,212508,0,0,0,0,118
2000_tracts_pessoa,pessoa6_V2098,double,int32,212508,0,0,0,0,95
2000_tracts_pessoa,pessoa6_V2099,double,int32,212508,0,0,0,0,98
2000_tracts_pessoa,pessoa6_V2100,double,int32,212508,0,0,0,0,108
2000_tracts_pessoa,pessoa6_V2101,double,int32,212508,0,0,0,0,105
2000_tracts_pessoa,pessoa6_V2102,double,int32,212508,0,0,0,0,94
2000_tracts_pessoa,pessoa6_V2103,double,int32,212508,0,0,0,0,84
2000_tracts_pessoa,pessoa6_V2104,double,int32,212508,0,0,0,0,78
2000_tracts_pessoa,pessoa6_V2105,double,int32,212508,0,0,0,0,99
2000_tracts_pessoa,pessoa6_V2106,double,int32,212508,0,0,0,0,88
2000_tracts_pessoa,pessoa6_V2107,double,int32,212508,0,0,0,0,89
2000_tracts_pessoa,pessoa6_V2108,double,int32,212508,0,0,0,0,70
2000_tracts_pessoa,pessoa6_V2109,double,int32,212508,0,0,0,0,69
2000_tracts_pessoa,pessoa6_V2110,double,int32,212508,0,0,0,0,69
2000_tracts_pessoa,pessoa6_V2111,double,int32,212508,0,0,0,0,62
2000_tracts_pessoa,pessoa6_V2112,double,int32,212508,0,0,0,0,57
2000_tracts_pessoa,pessoa6_V2113,double,int32,212508,0,0,0,0,58
2000_tracts_pessoa,pessoa6_V2114,double,int32,212508,0,0,0,0,44
2000_tracts_pessoa,pessoa6_V2115,double,int32,212508,0,0,0,0,49
2000_tracts_pessoa,pessoa6_V2116,double,int32,212508,0,0,0,0,38
2000_tracts_pessoa,pessoa6_V2117,double,int32,212508,0,0,0,0,38
2000_tracts_pessoa,pessoa6_V2118,double,int32,212508,0,0,0,0,28
2000_tracts_pessoa,pessoa6_V2119,double,int32,212508,0,0,0,0,22
2000_tracts_pessoa,pessoa6_V2120,double,int32,212508,0,0,0,0,24
2000_tracts_pessoa,pessoa6_V2121,double,int32,212508,0,0,0,0,19
2000_tracts_pessoa,pessoa6_V2122,double,int32,212508,0,0,0,0,20
2000_tracts_pessoa,pessoa6_V2123,double,int32,212508,0,0,0,0,19
2000_tracts_pessoa,pessoa6_V2124,double,int32,212508,0,0,0,0,16
2000_tracts_pessoa,pessoa6_V2125,double,int32,212508,0,0,0,0,21
2000_tracts_pessoa,pessoa6_V2126,double,int32,212508,0,0,0,0,15
2000_tracts_pessoa,pessoa6_V2127,double,int32,212508,0,0,0,0,12
2000_tracts_pessoa,pessoa6_V2128,double,int32,212508,0,0,0,0,14
2000_tracts_pessoa,pessoa6_V2129,double,int32,212508,0,0,0,0,18
2000_tracts_pessoa,pessoa6_V2130,double,int32,212508,0,0,0,0,13
2000_tracts_pessoa,pessoa6_V2131,double,int32,212508,0,0,0,0,11
2000_tracts_pessoa,pessoa6_V2132,double,int32,212508,0,0,0,0,16
2000_tracts_pessoa,pessoa6_V2133,double,int32,212508,0,0,0,0,11
2000_tracts_pessoa,pessoa6_V2134,double,int32,212508,0,0,0,0,11
2000_tracts_pessoa,pessoa6_V2135,double,int32,212508,0,0,0,0,12
2000_tracts_pessoa,pessoa6_V2136,double,int32,212508,0,0,0,0,11
2000_tracts_pessoa,pessoa6_V2137,double,int32,212508,0,0,0,0,11
2000_tracts_pessoa,pessoa6_V2138,double,int32,212508,0,0,0,0,10
2000_tracts_pessoa,pessoa6_V2139,double,int32,212508,0,0,0,0,7
2000_tracts_pessoa,pessoa6_V2140,double,int32,212508,0,0,0,0,8
2000_tracts_pessoa,pessoa6_V2141,double,int32,212508,0,0,0,0,7
2000_tracts_pessoa,pessoa6_V2142,double,int32,212508,0,0,0,0,6
2000_tracts_pessoa,pessoa6_V2143,double,int32,212508,0,0,0,0,6
2000_tracts_pessoa,pessoa6_V2144,double,int32,212508,0,0,0,0,6
2000_tracts_pessoa,pessoa6_V2145,double,int32,212508,0,0,0,0,41
2000_tracts_pessoa,pessoa6_V2146,double,int32,212508,0,0,0,0,1030
2000_tracts_pessoa,pessoa6_V2147,double,int32,212508,0,0,0,0,930
2000_tracts_pessoa,pessoa6_V2148,double,int32,212508,0,0,0,0,769
2000_tracts_pessoa,pessoa6_V2149,double,int32,212508,0,0,0,0,556
2000_tracts_pessoa,pessoa6_V2150,double,int32,212508,0,0,0,0,322
2000_tracts_pessoa,pessoa6_V2151,double,int32,212508,0,0,0,0,163
2000_tracts_pessoa,pessoa6_V2152,double,int32,212508,0,0,0,0,153
2000_tracts_pessoa,pessoa6_V2153,double,int32,212508,0,0,0,0,106
2000_tracts_pessoa,pessoa6_V2154,double,int32,212508,0,0,0,0,74
2000_tracts_pessoa,pessoa6_V2155,double,int32,212508,0,0,0,0,39
2000_tracts_pessoa,pessoa6_V2156,double,int32,212508,0,0,0,0,33
2000_tracts_pessoa,pessoa6_V2157,double,int32,212508,0,0,0,0,30
2000_tracts_pessoa,pessoa6_V2158,double,int32,212508,0,0,0,0,33
2000_tracts_pessoa,pessoa6_V2159,double,int32,212508,0,0,0,0,41
2000_tracts_pessoa,pessoa6_V2160,double,int32,212508,0,0,0,0,37
2000_tracts_pessoa,pessoa6_V2161,double,int32,212508,0,0,0,0,34
2000_tracts_pessoa,pessoa6_V2162,double,int32,212508,0,0,0,0,38
2000_tracts_pessoa,pessoa6_V2163,double,int32,212508,0,0,0,0,522
2000_tracts_pessoa,pessoa6_V2164,double,int32,212508,0,0,0,0,503
2000_tracts_pessoa,pessoa6_V2165,double,int32,212508,0,0,0,0,380
2000_tracts_pessoa,pessoa6_V2166,double,int32,212508,0,0,0,0,301
2000_tracts_pessoa,pessoa6_V2167,double,int32,212508,0,0,0,0,176
2000_tracts_pessoa,pessoa6_V2168,double,int32,212508,0,0,0,0,83
2000_tracts_pessoa,pessoa6_V2169,double,int32,212508,0,0,0,0,77
2000_tracts_pessoa,pessoa6_V2170,double,int32,212508,0,0,0,0,58
2000_tracts_pessoa,pessoa6_V2171,double,int32,212508,0,0,0,0,38
2000_tracts_pessoa,pessoa6_V2172,double,int32,212508,0,0,0,0,23
2000_tracts_pessoa,pessoa6_V2173,double,int32,212508,0,0,0,0,18
2000_tracts_pessoa,pessoa6_V2174,double,int32,212508,0,0,0,0,16
2000_tracts_pessoa,pessoa6_V2175,double,int32,212508,0,0,0,0,15
2000_tracts_pessoa,pessoa6_V2176,double,int32,212508,0,0,0,0,19
2000_tracts_pessoa,pessoa6_V2177,double,int32,212508,0,0,0,0,21
2000_tracts_pessoa,pessoa6_V2178,double,int32,212508,0,0,0,0,18
2000_tracts_pessoa,pessoa6_V2179,double,int32,212508,0,0,0,0,23
2000_tracts_pessoa,pessoa6_V2180,double,int32,212508,0,0,0,0,508
2000_tracts_pessoa,pessoa6_V2181,double,int32,212508,0,0,0,0,458
2000_tracts_pessoa,pessoa6_V2182,double,int32,212508,0,0,0,0,389
2000_tracts_pessoa,pessoa6_V2183,double,int32,212508,0,0,0,0,260
2000_tracts_pessoa,pessoa6_V2184,double,int32,212508,0,0,0,0,159
2000_tracts_pessoa,pessoa6_V2185,double,int32,212508,0,0,0,0,80
2000_tracts_pessoa,pessoa6_V2186,double,int32,212508,0,0,0,0,76
2000_tracts_pessoa,pessoa6_V2187,double,int32,212508,0,0,0,0,48
2000_tracts_pessoa,pessoa6_V2188,double,int32,212508,0,0,0,0,36
2000_tracts_pessoa,pessoa6_V2189,double,int32,212508,0,0,0,0,23
2000_tracts_pessoa,pessoa6_V2190,double,int32,212508,0,0,0,0,21
2000_tracts_pessoa,pessoa6_V2191,double,int32,212508,0,0,0,0,14
2000_tracts_pessoa,pessoa6_V2192,double,int32,212508,0,0,0,0,18
2000_tracts_pessoa,pessoa6_V2193,double,int32,212508,0,0,0,0,22
2000_tracts_pessoa,pessoa6_V2194,double,int32,212508,0,0,0,0,16
2000_tracts_pessoa,pessoa6_V2195,double,int32,212508,0,0,0,0,18
2000_tracts_pessoa,pessoa6_V2196,double,int32,212508,0,0,0,0,19
2000_tracts_pessoa,pessoa7_V2197,double,int32,212508,0,0,0,0,332
2000_tracts_pessoa,pessoa7_V2198,double,int32,212508,0,0,0,0,182
2000_tracts_pessoa,pessoa7_V2199,double,int32,212508,0,0,0,0,133
2000_tracts_pessoa,pessoa7_V2200,double,int32,212508,0,0,0,0,126
2000_tracts_pessoa,pessoa7_V2201,double,int32,212508,0,0,0,0,131
2000_tracts_pessoa,pessoa7_V2202,double,int32,212508,0,0,0,0,264
2000_tracts_pessoa,pessoa7_V2203,double,int32,212508,0,0,0,0,296
2000_tracts_pessoa,pessoa7_V2204,double,int32,212508,0,0,0,0,214
2000_tracts_pessoa,pessoa7_V2205,double,int32,212508,0,0,0,0,71
2000_tracts_pessoa,pessoa7_V2206,double,int32,212508,0,0,0,0,28
2000_tracts_pessoa,pessoa7_V2207,double,int32,212508,0,0,0,0,27
2000_tracts_pessoa,pessoa7_V2208,double,int32,212508,0,0,0,0,19
2000_tracts_pessoa,pessoa7_V2209,double,int32,212508,0,0,0,0,26
2000_tracts_pessoa,pessoa7_V2210,double,int32,212508,0,0,0,0,18
2000_tracts_pessoa,pessoa7_V2211,double,int32,212508,0,0,0,0,20
2000_tracts_pessoa,pessoa7_V2212,double,int32,212508,0,0,0,0,20
2000_tracts_pessoa,pessoa7_V2213,double,int32,212508,0,0,0,0,31
2000_tracts_pessoa,pessoa7_V2214,double,int32,212508,0,0,0,0,149
2000_tracts_pessoa,pessoa7_V2215,double,int32,212508,0,0,0,0,84
2000_tracts_pessoa,pessoa7_V2216,double,int32,212508,0,0,0,0,60
2000_tracts_pessoa,pessoa7_V2217,double,int32,212508,0,0,0,0,58
2000_tracts_pessoa,pessoa7_V2218,double,int32,212508,0,0,0,0,78
2000_tracts_pessoa,pessoa7_V2219,double,int32,212508,0,0,0,0,244
2000_tracts_pessoa,pessoa7_V2220,double,int32,212508,0,0,0,0,251
2000_tracts_pessoa,pessoa7_V2221,double,int32,212508,0,0,0,0,181
2000_tracts_pessoa,pessoa7_V2222,double,int32,212508,0,0,0,0,69
2000_tracts_pessoa,pessoa7_V2223,double,int32,212508,0,0,0,0,17
2000_tracts_pessoa,pessoa7_V2224,double,int32,212508,0,0,0,0,18
2000_tracts_pessoa,pessoa7_V2225,double,int32,212508,0,0,0,0,9
2000_tracts_pessoa,pessoa7_V2226,double,int32,212508,0,0,0,0,14
2000_tracts_pessoa,pessoa7_V2227,double,int32,212508,0,0,0,0,10
2000_tracts_pessoa,pessoa7_V2228,double,int32,212508,0,0,0,0,10
2000_tracts_pessoa,pessoa7_V2229,double,int32,212508,0,0,0,0,9
2000_tracts_pessoa,pessoa7_V2230,double,int32,212508,0,0,0,0,13
2000_tracts_pessoa,pessoa7_V2231,double,int32,212508,0,0,0,0,183
2000_tracts_pessoa,pessoa7_V2232,double,int32,212508,0,0,0,0,107
2000_tracts_pessoa,pessoa7_V2233,double,int32,212508,0,0,0,0,73
2000_tracts_pessoa,pessoa7_V2234,double,int32,212508,0,0,0,0,82
2000_tracts_pessoa,pessoa7_V2235,double,int32,212508,0,0,0,0,89
2000_tracts_pessoa,pessoa7_V2236,double,int32,212508,0,0,0,0,35
2000_tracts_pessoa,pessoa7_V2237,double,int32,212508,0,0,0,0,45
2000_tracts_pessoa,pessoa7_V2238,double,int32,212508,0,0,0,0,33
2000_tracts_pessoa,pessoa7_V2239,double,int32,212508,0,0,0,0,18
2000_tracts_pessoa,pessoa7_V2240,double,int32,212508,0,0,0,0,15
2000_tracts_pessoa,pessoa7_V2241,double,int32,212508,0,0,0,0,14
2000_tracts_pessoa,pessoa7_V2242,double,int32,212508,0,0,0,0,13
2000_tracts_pessoa,pessoa7_V2243,double,int32,212508,0,0,0,0,17
2000_tracts_pessoa,pessoa7_V2244,double,int32,212508,0,0,0,0,14
2000_tracts_pessoa,pessoa7_V2245,double,int32,212508,0,0,0,0,17
2000_tracts_pessoa,pessoa7_V2246,double,int32,212508,0,0,0,0,16
2000_tracts_pessoa,pessoa7_V2247,double,int32,212508,0,0,0,0,28
2000_tracts_responsavel,Cod_RM,double,int32,215811,0,0,0,0,28
2000_tracts_responsavel,Cod_UF,double,int32,215811,0,0,0,11,53
2000_tracts_responsavel,Cod_bairro,double,double,215811,0,0,0,110001505000,530010805000
2000_tracts_responsavel,Cod_distrito,double,int32,215811,0,0,0,110001505,530010805
2000_tracts_responsavel,Cod_meso,double,int32,215811,0,0,0,1101,5301
2000_tracts_responsavel,Cod_micro,double,int32,215811,0,0,0,11001,53001
2000_tracts_responsavel,Cod_municipio,double,int32,215811,0,0,0,1100015,5300108
2000_tracts_responsavel,Cod_setor,double,double,215811,0,0,0,110001505000001,530010805300061
2000_tracts_responsavel,Cod_subdistrito,double,double,215811,0,0,0,11000150500,53001080530
2000_tracts_responsavel,Nome_da_RM,string,string,215811,215811,0,0,,
2000_tracts_responsavel,Nome_da_UF,string,string,215811,215811,0,0,,
2000_tracts_responsavel,Nome_da_meso,string,string,215811,215811,0,0,,
2000_tracts_responsavel,Nome_da_micro,string,string,215811,215811,0,0,,
2000_tracts_responsavel,Nome_do_bairro,string,string,215811,215811,0,0,,
2000_tracts_responsavel,Nome_do_distrito,string,string,215811,215811,0,0,,
2000_tracts_responsavel,Nome_do_municipio,string,string,215811,215811,0,0,,
2000_tracts_responsavel,Nome_do_subdistrito,string,string,215811,215811,0,0,,
2000_tracts_responsavel,Situacao,double,int32,215811,0,0,0,1,8
2000_tracts_responsavel,Tipo_do_setor,double,int32,215811,0,0,0,0,7
2000_tracts_responsavel,abbrev_state,string,string,215811,215811,0,0,,
2000_tracts_responsavel,code_district,double,int32,215811,0,0,0,110001505,530010805
2000_tracts_responsavel,code_meso,double,int32,215811,0,0,0,1101,5301
2000_tracts_responsavel,code_metro,double,int32,215811,0,0,0,0,28
2000_tracts_responsavel,code_micro,double,int32,215811,0,0,0,11001,53001
2000_tracts_responsavel,code_muni,double,int32,215811,0,0,0,1100015,5300108
2000_tracts_responsavel,code_neighborhood,double,double,215811,0,0,0,110001505000,530010805000
2000_tracts_responsavel,code_region,double,int32,215811,0,0,0,1,5
2000_tracts_responsavel,code_situacao,double,int32,215811,0,0,0,1,8
2000_tracts_responsavel,code_state,double,int32,215811,0,0,0,11,53
2000_tracts_responsavel,code_subdistrict,double,double,215811,0,0,0,11000150500,53001080530
2000_tracts_responsavel,code_tract,double,double,215811,0,0,0,110001505000001,530010805300061
2000_tracts_responsavel,code_type,double,int32,215811,0,0,0,0,7
2000_tracts_responsavel,name_district,string,string,215811,215811,0,0,,
2000_tracts_responsavel,name_meso,string,string,215811,215811,0,0,,
2000_tracts_responsavel,name_metro,string,string,215811,215811,0,0,,
2000_tracts_responsavel,name_micro,string,string,215811,215811,0,0,,
2000_tracts_responsavel,name_muni,string,string,215811,215811,0,0,,
2000_tracts_responsavel,name_neighborhood,string,string,215811,215811,0,0,,
2000_tracts_responsavel,name_region,string,string,215811,215811,0,0,,
2000_tracts_responsavel,name_state,string,string,215811,215811,0,0,,
2000_tracts_responsavel,name_subdistrict,string,string,215811,215811,0,0,,
2000_tracts_responsavel,responsavel1_V0402,double,int32,212508,0,0,0,5,2167
2000_tracts_responsavel,responsavel1_V0403,double,int32,212508,0,0,0,0,3
2000_tracts_responsavel,responsavel1_V0404,double,int32,212508,0,0,0,0,6
2000_tracts_responsavel,responsavel1_V0405,double,int32,212508,0,0,0,0,11
2000_tracts_responsavel,responsavel1_V0406,double,int32,212508,0,0,0,0,11
2000_tracts_responsavel,responsavel1_V0407,double,int32,212508,0,0,0,0,6
2000_tracts_responsavel,responsavel1_V0408,double,int32,212508,0,0,0,0,11
2000_tracts_responsavel,responsavel1_V0409,double,int32,212508,0,0,0,0,10
2000_tracts_responsavel,responsavel1_V0410,double,int32,212508,0,0,0,0,16
2000_tracts_responsavel,responsavel1_V0411,double,int32,212508,0,0,0,0,19
2000_tracts_responsavel,responsavel1_V0412,double,int32,212508,0,0,0,0,26
2000_tracts_responsavel,responsavel1_V0413,double,int32,212508,0,0,0,0,49
2000_tracts_responsavel,responsavel1_V0414,double,int32,212508,0,0,0,0,38
2000_tracts_responsavel,responsavel1_V0415,double,int32,212508,0,0,0,0,53
2000_tracts_responsavel,responsavel1_V0416,double,int32,212508,0,0,0,0,55
2000_tracts_responsavel,responsavel1_V0417,double,int32,212508,0,0,0,0,71
2000_tracts_responsavel,responsavel1_V0418,double,int32,212508,0,0,0,0,72
2000_tracts_responsavel,responsavel1_V0419,double,int32,212508,0,0,0,0,79
2000_tracts_responsavel,responsavel1_V0420,double,int32,212508,0,0,0,0,96
2000_tracts_responsavel,responsavel1_V0421,double,int32,212508,0,0,0,0,95
2000_tracts_responsavel,responsavel1_V0422,double,int32,212508,0,0,0,0,96
2000_tracts_responsavel,responsavel1_V0423,double,int32,212508,0,0,0,0,90
2000_tracts_responsavel,responsavel1_V0424,double,int32,212508,0,0,0,0,82
2000_tracts_responsavel,responsavel1_V0425,double,int32,212508,0,0,0,0,99
2000_tracts_responsavel,responsavel1_V0426,double,int32,212508,0,0,0,0,110
2000_tracts_responsavel,responsavel1_V0427,double,int32,212508,0,0,0,0,70
2000_tracts_responsavel,responsavel1_V0428,double,int32,212508,0,0,0,0,90
2000_tracts_responsavel,responsavel1_V0429,double,int32,212508,0,0,0,0,76
2000_tracts_responsavel,responsavel1_V0430,double,int32,212508,0,0,0,0,72
2000_tracts_responsavel,responsavel1_V0431,double,int32,212508,0,0,0,0,62
2000_tracts_responsavel,responsavel1_V0432,double,int32,212508,0,0,0,0,58
2000_tracts_responsavel,responsavel1_V0433,double,int32,212508,0,0,0,0,75
2000_tracts_responsavel,responsavel1_V0434,double,int32,212508,0,0,0,0,52
2000_tracts_responsavel,responsavel1_V0435,double,int32,212508,0,0,0,0,62
2000_tracts_responsavel,responsavel1_V0436,double,int32,212508,0,0,0,0,51
2000_tracts_responsavel,responsavel1_V0437,double,int32,212508,0,0,0,0,46
2000_tracts_responsavel,responsavel1_V0438,double,int32,212508,0,0,0,0,50
2000_tracts_responsavel,responsavel1_V0439,double,int32,212508,0,0,0,0,43
2000_tracts_responsavel,responsavel1_V0440,double,int32,212508,0,0,0,0,43
2000_tracts_responsavel,responsavel1_V0441,double,int32,212508,0,0,0,0,36
2000_tracts_responsavel,responsavel1_V0442,double,int32,212508,0,0,0,0,31
2000_tracts_responsavel,responsavel1_V0443,double,int32,212508,0,0,0,0,43
2000_tracts_responsavel,responsavel1_V0444,double,int32,212508,0,0,0,0,34
2000_tracts_responsavel,responsavel1_V0445,double,int32,212508,0,0,0,0,33
2000_tracts_responsavel,responsavel1_V0446,double,int32,212508,0,0,0,0,25
2000_tracts_responsavel,responsavel1_V0447,double,int32,212508,0,0,0,0,26
2000_tracts_responsavel,responsavel1_V0448,double,int32,212508,0,0,0,0,26
2000_tracts_responsavel,responsavel1_V0449,double,int32,212508,0,0,0,0,26
2000_tracts_responsavel,responsavel1_V0450,double,int32,212508,0,0,0,0,24
2000_tracts_responsavel,responsavel1_V0451,double,int32,212508,0,0,0,0,23
2000_tracts_responsavel,responsavel1_V0452,double,int32,212508,0,0,0,0,21
2000_tracts_responsavel,responsavel1_V0453,double,int32,212508,0,0,0,0,29
2000_tracts_responsavel,responsavel1_V0454,double,int32,212508,0,0,0,0,22
2000_tracts_responsavel,responsavel1_V0455,double,int32,212508,0,0,0,0,22
2000_tracts_responsavel,responsavel1_V0456,double,int32,212508,0,0,0,0,19
2000_tracts_responsavel,responsavel1_V0457,double,int32,212508,0,0,0,0,21
2000_tracts_responsavel,responsavel1_V0458,double,int32,212508,0,0,0,0,19
2000_tracts_responsavel,responsavel1_V0459,double,int32,212508,0,0,0,0,16
2000_tracts_responsavel,responsavel1_V0460,double,int32,212508,0,0,0,0,16
2000_tracts_responsavel,responsavel1_V0461,double,int32,212508,0,0,0,0,16
2000_tracts_responsavel,responsavel1_V0462,double,int32,212508,0,0,0,0,18
2000_tracts_responsavel,responsavel1_V0463,double,int32,212508,0,0,0,0,20
2000_tracts_responsavel,responsavel1_V0464,double,int32,212508,0,0,0,0,18
2000_tracts_responsavel,responsavel1_V0465,double,int32,212508,0,0,0,0,16
2000_tracts_responsavel,responsavel1_V0466,double,int32,212508,0,0,0,0,15
2000_tracts_responsavel,responsavel1_V0467,double,int32,212508,0,0,0,0,14
2000_tracts_responsavel,responsavel1_V0468,double,int32,212508,0,0,0,0,15
2000_tracts_responsavel,responsavel1_V0469,double,int32,212508,0,0,0,0,13
2000_tracts_responsavel,responsavel1_V0470,double,int32,212508,0,0,0,0,13
2000_tracts_responsavel,responsavel1_V0471,double,int32,212508,0,0,0,0,13
2000_tracts_responsavel,responsavel1_V0472,double,int32,212508,0,0,0,0,12
2000_tracts_responsavel,responsavel1_V0473,double,int32,212508,0,0,0,0,14
2000_tracts_responsavel,responsavel1_V0474,double,int32,212508,0,0,0,0,14
2000_tracts_responsavel,responsavel1_V0475,double,int32,212508,0,0,0,0,10
2000_tracts_responsavel,responsavel1_V0476,double,int32,212508,0,0,0,0,10
2000_tracts_responsavel,responsavel1_V0477,double,int32,212508,0,0,0,0,9
2000_tracts_responsavel,responsavel1_V0478,double,int32,212508,0,0,0,0,8
2000_tracts_responsavel,responsavel1_V0479,double,int32,212508,0,0,0,0,7
2000_tracts_responsavel,responsavel1_V0480,double,int32,212508,0,0,0,0,7
2000_tracts_responsavel,responsavel1_V0481,double,int32,212508,0,0,0,0,8
2000_tracts_responsavel,responsavel1_V0482,double,int32,212508,0,0,0,0,7
2000_tracts_responsavel,responsavel1_V0483,double,int32,212508,0,0,0,0,5
2000_tracts_responsavel,responsavel1_V0484,double,int32,212508,0,0,0,0,7
2000_tracts_responsavel,responsavel1_V0485,double,int32,212508,0,0,0,0,5
2000_tracts_responsavel,responsavel1_V0486,double,int32,212508,0,0,0,0,4
2000_tracts_responsavel,responsavel1_V0487,double,int32,212508,0,0,0,0,5
2000_tracts_responsavel,responsavel1_V0488,double,int32,212508,0,0,0,0,3
2000_tracts_responsavel,responsavel1_V0489,double,int32,212508,0,0,0,0,3
2000_tracts_responsavel,responsavel1_V0490,double,int32,212508,0,0,0,0,3
2000_tracts_responsavel,responsavel1_V0491,double,int32,212508,0,0,0,0,3
2000_tracts_responsavel,responsavel1_V0492,double,int32,212508,0,0,0,0,2
2000_tracts_responsavel,responsavel1_V0493,double,int32,212508,0,0,0,0,17
2000_tracts_responsavel,responsavel1_V0494,double,int32,212508,0,0,0,0,28
2000_tracts_responsavel,responsavel1_V0495,double,int32,212508,0,0,0,0,59
2000_tracts_responsavel,responsavel1_V0496,double,int32,212508,0,0,0,0,241
2000_tracts_responsavel,responsavel1_V0497,double,int32,212508,0,0,0,0,437
2000_tracts_responsavel,responsavel1_V0498,double,int32,212508,0,0,0,0,451
2000_tracts_responsavel,responsavel1_V0499,double,int32,212508,0,0,0,0,337
2000_tracts_responsavel,responsavel1_V0500,double,int32,212508,0,0,0,0,259
2000_tracts_responsavel,responsavel1_V0501,double,int32,212508,0,0,0,0,188
2000_tracts_responsavel,responsavel1_V0502,double,int32,212508,0,0,0,0,153
2000_tracts_responsavel,responsavel1_V0503,double,int32,212508,0,0,0,0,107
2000_tracts_responsavel,responsavel1_V0504,double,int32,212508,0,0,0,0,94
2000_tracts_responsavel,responsavel1_V0505,double,int32,212508,0,0,0,0,59
2000_tracts_responsavel,responsavel1_V0506,double,int32,212508,0,0,0,0,61
2000_tracts_responsavel,responsavel1_V0507,double,int32,212508,0,0,0,0,42
2000_tracts_responsavel,responsavel1_V0508,double,int32,212508,0,0,0,0,48
2000_tracts_responsavel,responsavel1_V0509,double,int32,212508,0,0,0,0,1841
2000_tracts_responsavel,responsavel1_V0510,double,int32,212508,0,0,0,0,16
2000_tracts_responsavel,responsavel1_V0511,double,int32,212508,0,0,0,0,47
2000_tracts_responsavel,responsavel1_V0512,double,int32,212508,0,0,0,0,230
2000_tracts_responsavel,responsavel1_V0513,double,int32,212508,0,0,0,0,405
2000_tracts_responsavel,responsavel1_V0514,double,int32,212508,0,0,0,0,402
2000_tracts_responsavel,responsavel1_V0515,double,int32,212508,0,0,0,0,295
2000_tracts_responsavel,responsavel1_V0516,double,int32,212508,0,0,0,0,219
2000_tracts_responsavel,responsavel1_V0517,double,int32,212508,0,0,0,0,160
2000_tracts_responsavel,responsavel1_V0518,double,int32,212508,0,0,0,0,127
2000_tracts_responsavel,responsavel1_V0519,double,int32,212508,0,0,0,0,84
2000_tracts_responsavel,responsavel1_V0520,double,int32,212508,0,0,0,0,87
2000_tracts_responsavel,responsavel1_V0521,double,int32,212508,0,0,0,0,53
2000_tracts_responsavel,responsavel1_V0522,double,int32,212508,0,0,0,0,61
2000_tracts_responsavel,responsavel1_V0523,double,int32,212508,0,0,0,0,40
2000_tracts_responsavel,responsavel1_V0524,double,int32,212508,0,0,0,0,47
2000_tracts_responsavel,responsavel1_V0525,double,int32,212508,0,0,0,0,635
2000_tracts_responsavel,responsavel1_V0526,double,int32,212508,0,0,0,0,12
2000_tracts_responsavel,responsavel1_V0527,double,int32,212508,0,0,0,0,37
2000_tracts_responsavel,responsavel1_V0528,double,int32,212508,0,0,0,0,77
2000_tracts_responsavel,responsavel1_V0529,double,int32,212508,0,0,0,0,90
2000_tracts_responsavel,responsavel1_V0530,double,int32,212508,0,0,0,0,106
2000_tracts_responsavel,responsavel1_V0531,double,int32,212508,0,0,0,0,79
2000_tracts_responsavel,responsavel1_V0532,double,int32,212508,0,0,0,0,82
2000_tracts_responsavel,responsavel1_V0533,double,int32,212508,0,0,0,0,58
2000_tracts_responsavel,responsavel1_V0534,double,int32,212508,0,0,0,0,56
2000_tracts_responsavel,responsavel1_V0535,double,int32,212508,0,0,0,0,81
2000_tracts_responsavel,responsavel1_V0536,double,int32,212508,0,0,0,0,58
2000_tracts_responsavel,responsavel1_V0537,double,int32,212508,0,0,0,0,42
2000_tracts_responsavel,responsavel1_V0538,double,int32,212508,0,0,0,0,40
2000_tracts_responsavel,responsavel1_V0539,double,int32,212508,0,0,0,0,34
2000_tracts_responsavel,responsavel1_V0540,double,int32,212508,0,0,0,0,44
2000_tracts_responsavel,responsavel1_V0541,double,int32,212508,0,0,0,0,222
2000_tracts_responsavel,responsavel1_V0542,double,int32,212508,0,0,0,0,440
2000_tracts_responsavel,responsavel1_V0543,double,int32,212508,0,0,0,0,208
2000_tracts_responsavel,responsavel1_V0544,double,int32,212508,0,0,0,0,116
2000_tracts_responsavel,responsavel1_V0545,double,int32,212508,0,0,0,0,106
2000_tracts_responsavel,responsavel1_V0546,double,int32,212508,0,0,0,0,237
2000_tracts_responsavel,responsavel1_V0547,double,int32,212508,0,0,0,0,122
2000_tracts_responsavel,responsavel1_V0548,double,int32,212508,0,0,0,0,65
2000_tracts_responsavel,responsavel1_V0549,double,int32,212508,0,0,0,0,38
2000_tracts_responsavel,responsavel1_V0550,double,int32,212508,0,0,0,0,43
2000_tracts_responsavel,responsavel1_V0551,double,int32,212508,0,0,0,0,113
2000_tracts_responsavel,responsavel1_V0552,double,int32,212508,0,0,0,0,156
2000_tracts_responsavel,responsavel1_V0553,double,int32,212508,0,0,0,0,18
2000_tracts_responsavel,responsavel1_V0554,double,int32,212508,0,0,0,0,22
2000_tracts_responsavel,responsavel1_V0555,double,int32,212508,0,0,0,0,149
2000_tracts_responsavel,responsavel1_V0556,double,int32,212508,0,0,0,0,1214
2000_tracts_responsavel,responsavel1_V0557,double,int32,212508,0,0,0,0,105
2000_tracts_responsavel,responsavel1_V0558,double,int32,212508,0,0,0,0,180
2000_tracts_responsavel,responsavel1_V0559,double,int32,212508,0,0,0,0,150
2000_tracts_responsavel,responsavel1_V0560,double,int32,212508,0,0,0,0,263
2000_tracts_responsavel,responsavel1_V0561,double,int32,212508,0,0,0,0,261
2000_tracts_responsavel,responsavel1_V0562,double,int32,212508,0,0,0,0,143
2000_tracts_responsavel,responsavel1_V0563,double,int32,212508,0,0,0,0,106
2000_tracts_responsavel,responsavel1_V0564,double,int32,212508,0,0,0,0,250
2000_tracts_responsavel,responsavel1_V0565,double,int32,212508,0,0,0,0,85
2000_tracts_responsavel,responsavel1_V0566,double,int32,212508,0,0,0,0,421
2000_tracts_responsavel,responsavel1_V0567,double,int32,212508,0,0,0,0,59
2000_tracts_responsavel,responsavel1_V0568,double,int32,212508,0,0,0,0,92
2000_tracts_responsavel,responsavel1_V0569,double,int32,212508,0,0,0,0,358
2000_tracts_responsavel,responsavel1_V0570,double,int32,212508,0,0,0,0,172
2000_tracts_responsavel,responsavel1_V0571,double,int32,212508,0,0,0,0,576
2000_tracts_responsavel,responsavel1_V0572,double,int32,212508,0,0,0,0,49
2000_tracts_responsavel,responsavel1_V0573,double,int32,212508,0,0,0,0,59
2000_tracts_responsavel,responsavel1_V0574,double,int32,212508,0,0,0,0,185
2000_tracts_responsavel,responsavel1_V0575,double,int32,212508,0,0,0,0,294
2000_tracts_responsavel,responsavel1_V0576,double,int32,212508,0,0,0,0,276
2000_tracts_responsavel,responsavel1_V0577,double,int32,212508,0,0,0,0,135
2000_tracts_responsavel,responsavel1_V0578,double,int32,212508,0,0,0,0,212
2000_tracts_responsavel,responsavel1_V0579,double,int32,212508,0,0,0,0,565
2000_tracts_responsavel,responsavel1_V0580,double,int32,212508,0,0,0,0,565
2000_tracts_responsavel,responsavel1_V0581,double,int32,212508,0,0,0,0,259
2000_tracts_responsavel,responsavel1_V0582,double,int32,212508,0,0,0,0,184
2000_tracts_responsavel,responsavel1_V0583,double,int32,212508,0,0,0,0,202
2000_tracts_responsavel,responsavel1_V0584,double,int32,212508,0,0,0,0,433
2000_tracts_responsavel,responsavel1_V0585,double,int32,212508,0,0,0,0,284
2000_tracts_responsavel,responsavel1_V0586,double,int32,212508,0,0,0,0,153
2000_tracts_responsavel,responsavel1_V0587,double,int32,212508,0,0,0,0,114
2000_tracts_responsavel,responsavel1_V0588,double,int32,212508,0,0,0,0,277
2000_tracts_responsavel,responsavel1_V0589,double,int32,212508,0,0,0,0,62
2000_tracts_responsavel,responsavel1_V0590,double,int32,212508,0,0,0,0,93
2000_tracts_responsavel,responsavel1_V0591,double,int32,212508,0,0,0,0,381
2000_tracts_responsavel,responsavel1_V0592,double,int32,212508,0,0,0,0,49
2000_tracts_responsavel,responsavel1_V0593,double,int32,212508,0,0,0,0,59
2000_tracts_responsavel,responsavel1_V0594,double,int32,212508,0,0,0,0,185
2000_tracts_responsavel,responsavel1_V0595,double,int32,212508,0,0,0,0,294
2000_tracts_responsavel,responsavel1_V0596,double,int32,212508,0,0,0,0,276
2000_tracts_responsavel,responsavel1_V0597,double,int32,212508,0,0,0,0,214
2000_tracts_responsavel,responsavel1_V0598,double,int32,212508,0,0,0,0,85
2000_tracts_responsavel,responsavel1_V0599,double,int32,212508,0,0,0,4,2165
2000_tracts_responsavel,responsavel1_V0600,double,int32,212508,0,0,0,0,1865
2000_tracts_responsavel,responsavel1_V0601,double,int32,212508,0,0,0,0,12073
2000_tracts_responsavel,responsavel1_V0602,double,int32,212508,0,0,0,0,312
2000_tracts_responsavel,responsavel1_V0603,double,int32,212508,0,0,0,0,690
2000_tracts_responsavel,responsavel1_V0604,double,int32,212508,0,0,0,0,918
2000_tracts_responsavel,responsavel1_V0605,double,int32,212508,0,0,0,0,482
2000_tracts_responsavel,responsavel1_V0606,double,int32,212508,0,0,0,0,459
2000_tracts_responsavel,responsavel1_V0607,double,int32,212508,0,0,0,0,395
2000_tracts_responsavel,responsavel1_V0608,double,int32,212508,0,0,0,0,191
2000_tracts_responsavel,responsavel1_V0609,double,int32,212508,0,0,0,0,164
2000_tracts_responsavel,responsavel1_V0610,double,int32,212508,0,0,0,0,448
2000_tracts_responsavel,responsavel1_V0611,double,int32,212508,0,0,0,0,700
2000_tracts_responsavel,responsavel1_V0612,double,int32,144767,0,0,0,0,13970
2000_tracts_responsavel,responsavel1_V0613,double,int32,195822,0,0,0,0,80919
2000_tracts_responsavel,responsavel1_V0614,double,int32,202274,0,0,0,0,162001
2000_tracts_responsavel,responsavel1_V0615,double,int32,186064,0,0,0,0,185306
2000_tracts_responsavel,responsavel1_V0616,double,int32,187880,0,0,0,0,262572
2000_tracts_responsavel,responsavel1_V0617,double,int32,181091,0,0,0,0,455393
2000_tracts_responsavel,responsavel1_V0618,double,int32,147443,0,0,0,0,365785
2000_tracts_responsavel,responsavel1_V0619,double,int32,140945,0,0,0,0,447397
2000_tracts_responsavel,responsavel1_V0620,double,int32,142464,0,0,0,0,5118200
2000_tracts_responsavel,responsavel1_V0621,double,int32,215811,0,0,0,0,2167
2000_tracts_responsavel,responsavel1_V0622,double,int32,212508,0,0,0,0,1827
2000_tracts_responsavel,responsavel1_V0623,double,int32,212332,0,0,0,96,5294615
2000_tracts_responsavel,responsavel2_V0624,double,int32,212508,0,0,0,0,2
2000_tracts_responsavel,responsavel2_V0625,double,int32,212508,0,0,0,0,2
2000_tracts_responsavel,responsavel2_V0626,double,int32,212508,0,0,0,0,1
2000_tracts_responsavel,responsavel2_V0627,double,int32,212508,0,0,0,0,2
2000_tracts_responsavel,responsavel2_V0628,double,int32,212508,0,0,0,0,2
2000_tracts_responsavel,responsavel2_V0629,double,int32,212508,0,0,0,0,2
2000_tracts_responsavel,responsavel2_V0630,double,int32,212508,0,0,0,0,0
2000_tracts_responsavel,responsavel2_V0631,double,int32,212508,0,0,0,0,2
2000_tracts_responsavel,responsavel2_V0632,double,int32,212508,0,0,0,0,1
2000_tracts_responsavel,responsavel2_V0633,double,int32,212508,0,0,0,0,2
2000_tracts_responsavel,responsavel2_V0634,double,int32,212508,0,0,0,0,2
2000_tracts_responsavel,responsavel2_V0635,double,int32,212508,0,0,0,0,2
2000_tracts_responsavel,responsavel2_V0636,double,int32,212508,0,0,0,0,2
2000_tracts_responsavel,responsavel2_V0637,double,int32,212508,0,0,0,0,1
2000_tracts_responsavel,responsavel2_V0638,double,int32,212508,0,0,0,0,0
2000_tracts_responsavel,responsavel2_V0639,double,int32,212508,0,0,0,0,7
2000_tracts_responsavel,responsavel2_V0640,double,int32,212508,0,0,0,0,3
2000_tracts_responsavel,responsavel2_V0641,double,int32,212508,0,0,0,0,2
2000_tracts_responsavel,responsavel2_V0642,double,int32,212508,0,0,0,0,3
2000_tracts_responsavel,responsavel2_V0643,double,int32,212508,0,0,0,0,2
2000_tracts_responsavel,responsavel2_V0644,double,int32,212508,0,0,0,0,2
2000_tracts_responsavel,responsavel2_V0645,double,int32,212508,0,0,0,0,7
2000_tracts_responsavel,responsavel2_V0646,double,int32,212508,0,0,0,0,1
2000_tracts_responsavel,responsavel2_V0647,double,int32,212508,0,0,0,0,0
2000_tracts_responsavel,responsavel2_V0648,double,int32,212508,0,0,0,0,5
2000_tracts_responsavel,responsavel2_V0649,double,int32,212508,0,0,0,0,2
2000_tracts_responsavel,responsavel2_V0650,double,int32,212508,0,0,0,0,3
2000_tracts_responsavel,responsavel2_V0651,double,int32,212508,0,0,0,0,2
2000_tracts_responsavel,responsavel2_V0652,double,int32,212508,0,0,0,0,1
2000_tracts_responsavel,responsavel2_V0653,double,int32,212508,0,0,0,0,2
2000_tracts_responsavel,responsavel2_V0654,double,int32,212508,0,0,0,0,2
2000_tracts_responsavel,responsavel2_V0655,double,int32,212508,0,0,0,0,2
2000_tracts_responsavel,responsavel2_V0656,double,int32,212508,0,0,0,0,2
2000_tracts_responsavel,responsavel2_V0657,double,int32,212508,0,0,0,0,1
2000_tracts_responsavel,responsavel2_V0658,double,int32,212508,0,0,0,0,2
2000_tracts_responsavel,responsavel2_V0659,double,int32,212508,0,0,0,0,2
2000_tracts_responsavel,responsavel2_V0660,double,int32,212508,0,0,0,0,1
2000_tracts_responsavel,responsavel2_V0661,double,int32,212508,0,0,0,0,2
2000_tracts_responsavel,responsavel2_V0662,double,int32,212508,0,0,0,0,2
2000_tracts_responsavel,responsavel2_V0663,double,int32,212508,0,0,0,0,2
2000_tracts_responsavel,responsavel2_V0664,double,int32,212508,0,0,0,0,2
2000_tracts_responsavel,responsavel2_V0665,double,int32,212508,0,0,0,0,3
2000_tracts_responsavel,responsavel2_V0666,double,int32,212508,0,0,0,0,2
2000_tracts_responsavel,responsavel2_V0667,double,int32,212508,0,0,0,0,2
2000_tracts_responsavel,responsavel2_V0668,double,int32,212508,0,0,0,0,1
2000_tracts_responsavel,responsavel2_V0669,double,int32,212508,0,0,0,0,3
2000_tracts_responsavel,responsavel2_V0670,double,int32,212508,0,0,0,0,1
2000_tracts_responsavel,responsavel2_V0671,double,int32,212508,0,0,0,0,2
2000_tracts_responsavel,responsavel2_V0672,double,int32,212508,0,0,0,0,2
2000_tracts_responsavel,responsavel2_V0673,double,int32,212508,0,0,0,0,2
2000_tracts_responsavel,responsavel2_V0674,double,int32,212508,0,0,0,0,2
2000_tracts_responsavel,responsavel2_V0675,double,int32,212508,0,0,0,0,2
2000_tracts_responsavel,responsavel2_V0676,double,int32,212508,0,0,0,0,3
2000_tracts_responsavel,responsavel2_V0677,double,int32,212508,0,0,0,0,3
2000_tracts_responsavel,responsavel2_V0678,double,int32,212508,0,0,0,0,5
2000_tracts_responsavel,responsavel2_V0679,double,int32,212508,0,0,0,0,2
2000_tracts_responsavel,responsavel2_V0680,double,int32,212508,0,0,0,0,1
2000_tracts_responsavel,responsavel2_V0681,double,int32,212508,0,0,0,0,10
2000_tracts_responsavel,responsavel2_V0682,double,int32,212508,0,0,0,0,2
2000_tracts_responsavel,responsavel2_V0683,double,int32,212508,0,0,0,0,2
2000_tracts_responsavel,responsavel2_V0684,double,int32,212508,0,0,0,0,4
2000_tracts_responsavel,responsavel2_V0685,double,int32,212508,0,0,0,0,3
2000_tracts_responsavel,responsavel2_V0686,double,int32,212508,0,0,0,0,3
2000_tracts_responsavel,responsavel2_V0687,double,int32,212508,0,0,0,0,2
2000_tracts_responsavel,responsavel2_V0688,double,int32,212508,0,0,0,0,2
2000_tracts_responsavel,responsavel2_V0689,double,int32,212508,0,0,0,0,2
2000_tracts_responsavel,responsavel2_V0690,double,int32,212508,0,0,0,0,3
2000_tracts_responsavel,responsavel2_V0691,double,int32,212508,0,0,0,0,2
2000_tracts_responsavel,responsavel2_V0692,double,int32,212508,0,0,0,0,3
2000_tracts_responsavel,responsavel2_V0693,double,int32,212508,0,0,0,0,1
2000_tracts_responsavel,responsavel2_V0694,double,int32,212508,0,0,0,0,7
2000_tracts_responsavel,responsavel2_V0695,double,int32,212508,0,0,0,0,3
2000_tracts_responsavel,responsavel2_V0696,double,int32,212508,0,0,0,0,3
2000_tracts_responsavel,responsavel2_V0697,double,int32,212508,0,0,0,0,4
2000_tracts_responsavel,responsavel2_V0698,double,int32,212508,0,0,0,0,4
2000_tracts_responsavel,responsavel2_V0699,double,int32,212508,0,0,0,0,4
2000_tracts_responsavel,responsavel2_V0700,double,int32,212508,0,0,0,0,5
2000_tracts_responsavel,responsavel2_V0701,double,int32,212508,0,0,0,0,3
2000_tracts_responsavel,responsavel2_V0702,double,int32,212508,0,0,0,0,4
2000_tracts_responsavel,responsavel2_V0703,double,int32,212508,0,0,0,0,2
2000_tracts_responsavel,responsavel2_V0704,double,int32,212508,0,0,0,0,4
2000_tracts_responsavel,responsavel2_V0705,double,int32,212508,0,0,0,0,7
2000_tracts_responsavel,responsavel2_V0706,double,int32,212508,0,0,0,0,3
2000_tracts_responsavel,responsavel2_V0707,double,int32,212508,0,0,0,0,2
2000_tracts_responsavel,responsavel2_V0708,double,int32,212508,0,0,0,0,11
2000_tracts_responsavel,responsavel2_V0709,double,int32,212508,0,0,0,0,5
2000_tracts_responsavel,responsavel2_V0710,double,int32,212508,0,0,0,0,5
2000_tracts_responsavel,responsavel2_V0711,double,int32,212508,0,0,0,0,5
2000_tracts_responsavel,responsavel2_V0712,double,int32,212508,0,0,0,0,5
2000_tracts_responsavel,responsavel2_V0713,double,int32,212508,0,0,0,0,6
2000_tracts_responsavel,responsavel2_V0714,double,int32,212508,0,0,0,0,5
2000_tracts_responsavel,responsavel2_V0715,double,int32,212508,0,0,0,0,3
2000_tracts_responsavel,responsavel2_V0716,double,int32,212508,0,0,0,0,4
2000_tracts_responsavel,responsavel2_V0717,double,int32,212508,0,0,0,0,3
2000_tracts_responsavel,responsavel2_V0718,double,int32,212508,0,0,0,0,3
2000_tracts_responsavel,responsavel2_V0719,double,int32,212508,0,0,0,0,6
2000_tracts_responsavel,responsavel2_V0720,double,int32,212508,0,0,0,0,9
2000_tracts_responsavel,responsavel2_V0721,double,int32,212508,0,0,0,0,3
2000_tracts_responsavel,responsavel2_V0722,double,int32,212508,0,0,0,0,2
2000_tracts_responsavel,responsavel2_V0723,double,int32,212508,0,0,0,0,8
2000_tracts_responsavel,responsavel2_V0724,double,int32,212508,0,0,0,0,4
2000_tracts_responsavel,responsavel2_V0725,double,int32,212508,0,0,0,0,6
2000_tracts_responsavel,responsavel2_V0726,double,int32,212508,0,0,0,0,6
2000_tracts_responsavel,responsavel2_V0727,double,int32,212508,0,0,0,0,7
2000_tracts_responsavel,responsavel2_V0728,double,int32,212508,0,0,0,0,6
2000_tracts_responsavel,responsavel2_V0729,double,int32,212508,0,0,0,0,6
2000_tracts_responsavel,responsavel2_V0730,double,int32,212508,0,0,0,0,4
2000_tracts_responsavel,responsavel2_V0731,double,int32,212508,0,0,0,0,5
2000_tracts_responsavel,responsavel2_V0732,double,int32,212508,0,0,0,0,3
2000_tracts_responsavel,responsavel2_V0733,double,int32,212508,0,0,0,0,4
2000_tracts_responsavel,responsavel2_V0734,double,int32,212508,0,0,0,0,7
2000_tracts_responsavel,responsavel2_V0735,double,int32,212508,0,0,0,0,15
2000_tracts_responsavel,responsavel2_V0736,double,int32,212508,0,0,0,0,10
2000_tracts_responsavel,responsavel2_V0737,double,int32,212508,0,0,0,0,2
2000_tracts_responsavel,responsavel2_V0738,double,int32,212508,0,0,0,0,3
2000_tracts_responsavel,responsavel2_V0739,double,int32,212508,0,0,0,0,17
2000_tracts_responsavel,responsavel2_V0740,double,int32,212508,0,0,0,0,8
2000_tracts_responsavel,responsavel2_V0741,double,int32,212508,0,0,0,0,11
2000_tracts_responsavel,responsavel2_V0742,double,int32,212508,0,0,0,0,6
2000_tracts_responsavel,responsavel2_V0743,double,int32,212508,0,0,0,0,8
2000_tracts_responsavel,responsavel2_V0744,double,int32,212508,0,0,0,0,8
2000_tracts_responsavel,responsavel2_V0745,double,int32,212508,0,0,0,0,6
2000_tracts_responsavel,responsavel2_V0746,double,int32,212508,0,0,0,0,8
2000_tracts_responsavel,responsavel2_V0747,double,int32,212508,0,0,0,0,8
2000_tracts_responsavel,responsavel2_V0748,double,int32,212508,0,0,0,0,5
2000_tracts_responsavel,responsavel2_V0749,double,int32,212508,0,0,0,0,5
2000_tracts_responsavel,responsavel2_V0750,double,int32,212508,0,0,0,0,13
2000_tracts_responsavel,responsavel2_V0751,double,int32,212508,0,0,0,0,12
2000_tracts_responsavel,responsavel2_V0752,double,int32,212508,0,0,0,0,10
2000_tracts_responsavel,responsavel2_V0753,double,int32,212508,0,0,0,0,9
2000_tracts_responsavel,responsavel2_V0754,double,int32,212508,0,0,0,0,3
2000_tracts_responsavel,responsavel2_V0755,double,int32,212508,0,0,0,0,2
2000_tracts_responsavel,responsavel2_V0756,double,int32,212508,0,0,0,0,13
2000_tracts_responsavel,responsavel2_V0757,double,int32,212508,0,0,0,0,7
2000_tracts_responsavel,responsavel2_V0758,double,int32,212508,0,0,0,0,10
2000_tracts_responsavel,responsavel2_V0759,double,int32,212508,0,0,0,0,6
2000_tracts_responsavel,responsavel2_V0760,double,int32,212508,0,0,0,0,10
2000_tracts_responsavel,responsavel2_V0761,double,int32,212508,0,0,0,0,9
2000_tracts_responsavel,responsavel2_V0762,double,int32,212508,0,0,0,0,6
2000_tracts_responsavel,responsavel2_V0763,double,int32,212508,0,0,0,0,6
2000_tracts_responsavel,responsavel2_V0764,double,int32,212508,0,0,0,0,8
2000_tracts_responsavel,responsavel2_V0765,double,int32,212508,0,0,0,0,5
2000_tracts_responsavel,responsavel2_V0766,double,int32,212508,0,0,0,0,5
2000_tracts_responsavel,responsavel2_V0767,double,int32,212508,0,0,0,0,14
2000_tracts_responsavel,responsavel2_V0768,double,int32,212508,0,0,0,0,5
2000_tracts_responsavel,responsavel2_V0769,double,int32,212508,0,0,0,0,13
2000_tracts_responsavel,responsavel2_V0770,double,int32,212508,0,0,0,0,12
2000_tracts_responsavel,responsavel2_V0771,double,int32,212508,0,0,0,0,5
2000_tracts_responsavel,responsavel2_V0772,double,int32,212508,0,0,0,0,3
2000_tracts_responsavel,responsavel2_V0773,double,int32,212508,0,0,0,0,2
2000_tracts_responsavel,responsavel2_V0774,double,int32,212508,0,0,0,0,3
2000_tracts_responsavel,responsavel3_V0775,double,int32,212508,0,0,0,0,16
2000_tracts_responsavel,responsavel3_V0776,double,int32,212508,0,0,0,0,9
2000_tracts_responsavel,responsavel3_V0777,double,int32,212508,0,0,0,0,8
2000_tracts_responsavel,responsavel3_V0778,double,int32,212508,0,0,0,0,8
2000_tracts_responsavel,responsavel3_V0779,double,int32,212508,0,0,0,0,13
2000_tracts_responsavel,responsavel3_V0780,double,int32,212508,0,0,0,0,18
2000_tracts_responsavel,responsavel3_V0781,double,int32,212508,0,0,0,0,6
2000_tracts_responsavel,responsavel3_V0782,double,int32,212508,0,0,0,0,7
2000_tracts_responsavel,responsavel3_V0783,double,int32,212508,0,0,0,0,11
2000_tracts_responsavel,responsavel3_V0784,double,int32,212508,0,0,0,0,6
2000_tracts_responsavel,responsavel3_V0785,double,int32,212508,0,0,0,0,6
2000_tracts_responsavel,responsavel3_V0786,double,int32,212508,0,0,0,0,18
2000_tracts_responsavel,responsavel3_V0787,double,int32,212508,0,0,0,0,5
2000_tracts_responsavel,responsavel3_V0788,double,int32,212508,0,0,0,0,5
2000_tracts_responsavel,responsavel3_V0789,double,int32,212508,0,0,0,0,10
2000_tracts_responsavel,responsavel3_V0790,double,int32,212508,0,0,0,0,5
2000_tracts_responsavel,responsavel3_V0791,double,int32,212508,0,0,0,0,4
2000_tracts_responsavel,responsavel3_V0792,double,int32,212508,0,0,0,0,3
2000_tracts_responsavel,responsavel3_V0793,double,int32,212508,0,0,0,0,3
2000_tracts_responsavel,responsavel3_V0794,double,int32,212508,0,0,0,0,17
2000_tracts_responsavel,responsavel3_V0795,double,int32,212508,0,0,0,0,10
2000_tracts_responsavel,responsavel3_V0796,double,int32,212508,0,0,0,0,8
2000_tracts_responsavel,responsavel3_V0797,double,int32,212508,0,0,0,0,7
2000_tracts_responsavel,responsavel3_V0798,double,int32,212508,0,0,0,0,15
2000_tracts_responsavel,responsavel3_V0799,double,int32,212508,0,0,0,0,12
2000_tracts_responsavel,responsavel3_V0800,double,int32,212508,0,0,0,0,8
2000_tracts_responsavel,responsavel3_V0801,double,int32,212508,0,0,0,0,8
2000_tracts_responsavel,responsavel3_V0802,double,int32,212508,0,0,0,0,11
2000_tracts_responsavel,responsavel3_V0803,double,int32,212508,0,0,0,0,5
2000_tracts_responsavel,responsavel3_V0804,double,int32,212508,0,0,0,0,5
2000_tracts_responsavel,responsavel3_V0805,double,int32,212508,0,0,0,0,17
2000_tracts_responsavel,responsavel3_V0806,double,int32,212508,0,0,0,0,4
2000_tracts_responsavel,responsavel3_V0807,double,int32,212508,0,0,0,0,4
2000_tracts_responsavel,responsavel3_V0808,double,int32,212508,0,0,0,0,9
2000_tracts_responsavel,responsavel3_V0809,double,int32,212508,0,0,0,0,7
2000_tracts_responsavel,responsavel3_V0810,double,int32,212508,0,0,0,0,5
2000_tracts_responsavel,responsavel3_V0811,double,int32,212508,0,0,0,0,4
2000_tracts_responsavel,responsavel3_V0812,double,int32,212508,0,0,0,0,4
2000_tracts_responsavel,responsavel3_V0813,double,int32,212508,0,0,0,0,16
2000_tracts_responsavel,responsavel3_V0814,double,int32,212508,0,0,0,0,9
2000_tracts_responsavel,responsavel3_V0815,double,int32,212508,0,0,0,0,9
2000_tracts_responsavel,responsavel3_V0816,double,int32,212508,0,0,0,0,8
2000_tracts_responsavel,responsavel3_V0817,double,int32,212508,0,0,0,0,17
2000_tracts_responsavel,responsavel3_V0818,double,int32,212508,0,0,0,0,14
2000_tracts_responsavel,responsavel3_V0819,double,int32,212508,0,0,0,0,9
2000_tracts_responsavel,responsavel3_V0820,double,int32,212508,0,0,0,0,7
2000_tracts_responsavel,responsavel3_V0821,double,int32,212508,0,0,0,0,10
2000_tracts_responsavel,responsavel3_V0822,double,int32,212508,0,0,0,0,5
2000_tracts_responsavel,responsavel3_V0823,double,int32,212508,0,0,0,0,6
2000_tracts_responsavel,responsavel3_V0824,double,int32,212508,0,0,0,0,15
2000_tracts_responsavel,responsavel3_V0825,double,int32,212508,0,0,0,0,5
2000_tracts_responsavel,responsavel3_V0826,double,int32,212508,0,0,0,0,4
2000_tracts_responsavel,responsavel3_V0827,double,int32,212508,0,0,0,0,6
2000_tracts_responsavel,responsavel3_V0828,double,int32,212508,0,0,0,0,7
2000_tracts_responsavel,responsavel3_V0829,double,int32,212508,0,0,0,0,9
2000_tracts_responsavel,responsavel3_V0830,double,int32,212508,0,0,0,0,5
2000_tracts_responsavel,responsavel3_V0831,double,int32,212508,0,0,0,0,4
2000_tracts_responsavel,responsavel3_V0832,double,int32,212508,0,0,0,0,21
2000_tracts_responsavel,responsavel3_V0833,double,int32,212508,0,0,0,0,10
2000_tracts_responsavel,responsavel3_V0834,double,int32,212508,0,0,0,0,14
2000_tracts_responsavel,responsavel3_V0835,double,int32,212508,0,0,0,0,10
2000_tracts_responsavel,responsavel3_V0836,double,int32,212508,0,0,0,0,22
2000_tracts_responsavel,responsavel3_V0837,double,int32,212508,0,0,0,0,13
2000_tracts_responsavel,responsavel3_V0838,double,int32,212508,0,0,0,0,9
2000_tracts_responsavel,responsavel3_V0839,double,int32,212508,0,0,0,0,8
2000_tracts_responsavel,responsavel3_V0840,double,int32,212508,0,0,0,0,12
2000_tracts_responsavel,responsavel3_V0841,double,int32,212508,0,0,0,0,6
2000_tracts_responsavel,responsavel3_V0842,double,int32,212508,0,0,0,0,6
2000_tracts_responsavel,responsavel3_V0843,double,int32,212508,0,0,0,0,18
2000_tracts_responsavel,responsavel3_V0844,double,int32,212508,0,0,0,0,5
2000_tracts_responsavel,responsavel3_V0845,double,int32,212508,0,0,0,0,4
2000_tracts_responsavel,responsavel3_V0846,double,int32,212508,0,0,0,0,5
2000_tracts_responsavel,responsavel3_V0847,double,int32,212508,0,0,0,0,9
2000_tracts_responsavel,responsavel3_V0848,double,int32,212508,0,0,0,0,7
2000_tracts_responsavel,responsavel3_V0849,double,int32,212508,0,0,0,0,7
2000_tracts_responsavel,responsavel3_V0850,double,int32,212508,0,0,0,0,7
2000_tracts_responsavel,responsavel3_V0851,double,int32,212508,0,0,0,0,16
2000_tracts_responsavel,responsavel3_V0852,double,int32,212508,0,0,0,0,9
2000_tracts_responsavel,responsavel3_V0853,double,int32,212508,0,0,0,0,10
2000_tracts_responsavel,responsavel3_V0854,double,int32,212508,0,0,0,0,11
2000_tracts_responsavel,responsavel3_V0855,double,int32,212508,0,0,0,0,18
2000_tracts_responsavel,responsavel3_V0856,double,int32,212508,0,0,0,0,17
2000_tracts_responsavel,responsavel3_V0857,double,int32,212508,0,0,0,0,10
2000_tracts_responsavel,responsavel3_V0858,double,int32,212508,0,0,0,0,7
2000_tracts_responsavel,responsavel3_V0859,double,int32,212508,0,0,0,0,12
2000_tracts_responsavel,responsavel3_V0860,double,int32,212508,0,0,0,0,6
2000_tracts_responsavel,responsavel3_V0861,double,int32,212508,0,0,0,0,5
2000_tracts_responsavel,responsavel3_V0862,double,int32,212508,0,0,0,0,17
2000_tracts_responsavel,responsavel3_V0863,double,int32,212508,0,0,0,0,4
2000_tracts_responsavel,responsavel3_V0864,double,int32,212508,0,0,0,0,5
2000_tracts_responsavel,responsavel3_V0865,double,int32,212508,0,0,0,0,4
2000_tracts_responsavel,responsavel3_V0866,double,int32,212508,0,0,0,0,9
2000_tracts_responsavel,responsavel3_V0867,double,int32,212508,0,0,0,0,11
2000_tracts_responsavel,responsavel3_V0868,double,int32,212508,0,0,0,0,11
2000_tracts_responsavel,responsavel3_V0869,double,int32,212508,0,0,0,0,5
2000_tracts_responsavel,responsavel3_V0870,double,int32,212508,0,0,0,0,18
2000_tracts_responsavel,responsavel3_V0871,double,int32,212508,0,0,0,0,10
2000_tracts_responsavel,responsavel3_V0872,double,int32,212508,0,0,0,0,10
2000_tracts_responsavel,responsavel3_V0873,double,int32,212508,0,0,0,0,11
2000_tracts_responsavel,responsavel3_V0874,double,int32,212508,0,0,0,0,25
2000_tracts_responsavel,responsavel3_V0875,double,int32,212508,0,0,0,0,16
2000_tracts_responsavel,responsavel3_V0876,double,int32,212508,0,0,0,0,9
2000_tracts_responsavel,responsavel3_V0877,double,int32,212508,0,0,0,0,10
2000_tracts_responsavel,responsavel3_V0878,double,int32,212508,0,0,0,0,21
2000_tracts_responsavel,responsavel3_V0879,double,int32,212508,0,0,0,0,8
2000_tracts_responsavel,responsavel3_V0880,double,int32,212508,0,0,0,0,11
2000_tracts_responsavel,responsavel3_V0881,double,int32,212508,0,0,0,0,27
2000_tracts_responsavel,responsavel3_V0882,double,int32,212508,0,0,0,0,4
2000_tracts_responsavel,responsavel3_V0883,double,int32,212508,0,0,0,0,6
2000_tracts_responsavel,responsavel3_V0884,double,int32,212508,0,0,0,0,5
2000_tracts_responsavel,responsavel3_V0885,double,int32,212508,0,0,0,0,12
2000_tracts_responsavel,responsavel3_V0886,double,int32,212508,0,0,0,0,17
2000_tracts_responsavel,responsavel3_V0887,double,int32,212508,0,0,0,0,10
2000_tracts_responsavel,responsavel3_V0888,double,int32,212508,0,0,0,0,4
2000_tracts_responsavel,responsavel3_V0889,double,int32,212508,0,0,0,0,22
2000_tracts_responsavel,responsavel3_V0890,double,int32,212508,0,0,0,0,11
2000_tracts_responsavel,responsavel3_V0891,double,int32,212508,0,0,0,0,7
2000_tracts_responsavel,responsavel3_V0892,double,int32,212508,0,0,0,0,10
2000_tracts_responsavel,responsavel3_V0893,double,int32,212508,0,0,0,0,20
2000_tracts_responsavel,responsavel3_V0894,double,int32,212508,0,0,0,0,17
2000_tracts_responsavel,responsavel3_V0895,double,int32,212508,0,0,0,0,11
2000_tracts_responsavel,responsavel3_V0896,double,int32,212508,0,0,0,0,10
2000_tracts_responsavel,responsavel3_V0897,double,int32,212508,0,0,0,0,15
2000_tracts_responsavel,responsavel3_V0898,double,int32,212508,0,0,0,0,7
2000_tracts_responsavel,responsavel3_V0899,double,int32,212508,0,0,0,0,7
2000_tracts_responsavel,responsavel3_V0900,double,int32,212508,0,0,0,0,26
2000_tracts_responsavel,responsavel3_V0901,double,int32,212508,0,0,0,0,5
2000_tracts_responsavel,responsavel3_V0902,double,int32,212508,0,0,0,0,5
2000_tracts_responsavel,responsavel3_V0903,double,int32,212508,0,0,0,0,6
2000_tracts_responsavel,responsavel3_V0904,double,int32,212508,0,0,0,0,11
2000_tracts_responsavel,responsavel3_V0905,double,int32,212508,0,0,0,0,14
2000_tracts_responsavel,responsavel3_V0906,double,int32,212508,0,0,0,0,9
2000_tracts_responsavel,responsavel3_V0907,double,int32,212508,0,0,0,0,4
2000_tracts_responsavel,responsavel3_V0908,double,int32,212508,0,0,0,0,24
2000_tracts_responsavel,responsavel3_V0909,double,int32,212508,0,0,0,0,11
2000_tracts_responsavel,responsavel3_V0910,double,int32,212508,0,0,0,0,11
2000_tracts_responsavel,responsavel3_V0911,double,int32,212508,0,0,0,0,12
2000_tracts_responsavel,responsavel3_V0912,double,int32,212508,0,0,0,0,23
2000_tracts_responsavel,responsavel3_V0913,double,int32,212508,0,0,0,0,14
2000_tracts_responsavel,responsavel3_V0914,double,int32,212508,0,0,0,0,8
2000_tracts_responsavel,responsavel3_V0915,double,int32,212508,0,0,0,0,9
2000_tracts_responsavel,responsavel3_V0916,double,int32,212508,0,0,0,0,16
2000_tracts_responsavel,responsavel3_V0917,double,int32,212508,0,0,0,0,6
2000_tracts_responsavel,responsavel3_V0918,double,int32,212508,0,0,0,0,7
2000_tracts_responsavel,responsavel3_V0919,double,int32,212508,0,0,0,0,20
2000_tracts_responsavel,responsavel3_V0920,double,int32,212508,0,0,0,0,5
2000_tracts_responsavel,responsavel3_V0921,double,int32,212508,0,0,0,0,5
2000_tracts_responsavel,responsavel3_V0922,double,int32,212508,0,0,0,0,8
2000_tracts_responsavel,responsavel3_V0923,double,int32,212508,0,0,0,0,36
2000_tracts_responsavel,responsavel3_V0924,double,int32,212508,0,0,0,0,16
2000_tracts_responsavel,responsavel3_V0925,double,int32,212508,0,0,0,0,9
2000_tracts_responsavel,responsavel3_V0926,double,int32,212508,0,0,0,0,7
2000_tracts_responsavel,responsavel3_V0927,double,int32,212508,0,0,0,0,460
2000_tracts_responsavel,responsavel3_V0928,double,int32,212508,0,0,0,0,247
2000_tracts_responsavel,responsavel3_V0929,double,int32,212508,0,0,0,0,130
2000_tracts_responsavel,responsavel3_V0930,double,int32,212508,0,0,0,0,153
2000_tracts_responsavel,responsavel3_V0931,double,int32,212508,0,0,0,0,291
2000_tracts_responsavel,responsavel3_V0932,double,int32,212508,0,0,0,0,170
2000_tracts_responsavel,responsavel3_V0933,double,int32,212508,0,0,0,0,79
2000_tracts_responsavel,responsavel3_V0934,double,int32,212508,0,0,0,0,64
2000_tracts_responsavel,responsavel3_V0935,double,int32,212508,0,0,0,0,181
2000_tracts_responsavel,responsavel3_V0936,double,int32,212508,0,0,0,0,45
2000_tracts_responsavel,responsavel3_V0937,double,int32,212508,0,0,0,0,86
2000_tracts_responsavel,responsavel3_V0938,double,int32,212508,0,0,0,0,311
2000_tracts_responsavel,responsavel3_V0939,double,int32,212508,0,0,0,0,30
2000_tracts_responsavel,responsavel3_V0940,double,int32,212508,0,0,0,0,57
2000_tracts_responsavel,responsavel3_V0941,double,int32,212508,0,0,0,0,172
2000_tracts_responsavel,responsavel3_V0942,double,int32,212508,0,0,0,0,282
2000_tracts_responsavel,responsavel3_V0943,double,int32,212508,0,0,0,0,270
2000_tracts_responsavel,responsavel3_V0944,double,int32,212508,0,0,0,0,204
2000_tracts_responsavel,responsavel3_V0945,double,int32,212508,0,0,0,0,71
2000_tracts_responsavel,responsavel4_V0946,double,int32,212508,0,0,0,0,1647
2000_tracts_responsavel,responsavel4_V0947,double,int32,212508,0,0,0,0,3
2000_tracts_responsavel,responsavel4_V0948,double,int32,212508,0,0,0,0,6
2000_tracts_responsavel,responsavel4_V0949,double,int32,212508,0,0,0,0,10
2000_tracts_responsavel,responsavel4_V0950,double,int32,212508,0,0,0,0,11
2000_tracts_responsavel,responsavel4_V0951,double,int32,212508,0,0,0,0,3
2000_tracts_responsavel,responsavel4_V0952,double,int32,212508,0,0,0,0,3
2000_tracts_responsavel,responsavel4_V0953,double,int32,212508,0,0,0,0,8
2000_tracts_responsavel,responsavel4_V0954,double,int32,212508,0,0,0,0,14
2000_tracts_responsavel,responsavel4_V0955,double,int32,212508,0,0,0,0,16
2000_tracts_responsavel,responsavel4_V0956,double,int32,212508,0,0,0,0,22
2000_tracts_responsavel,responsavel4_V0957,double,int32,212508,0,0,0,0,47
2000_tracts_responsavel,responsavel4_V0958,double,int32,212508,0,0,0,0,35
2000_tracts_responsavel,responsavel4_V0959,double,int32,212508,0,0,0,0,51
2000_tracts_responsavel,responsavel4_V0960,double,int32,212508,0,0,0,0,48
2000_tracts_responsavel,responsavel4_V0961,double,int32,212508,0,0,0,0,58
2000_tracts_responsavel,responsavel4_V0962,double,int32,212508,0,0,0,0,68
2000_tracts_responsavel,responsavel4_V0963,double,int32,212508,0,0,0,0,68
2000_tracts_responsavel,responsavel4_V0964,double,int32,212508,0,0,0,0,82
2000_tracts_responsavel,responsavel4_V0965,double,int32,212508,0,0,0,0,77
2000_tracts_responsavel,responsavel4_V0966,double,int32,212508,0,0,0,0,78
2000_tracts_responsavel,responsavel4_V0967,double,int32,212508,0,0,0,0,85
2000_tracts_responsavel,responsavel4_V0968,double,int32,212508,0,0,0,0,61
2000_tracts_responsavel,responsavel4_V0969,double,int32,212508,0,0,0,0,81
2000_tracts_responsavel,responsavel4_V0970,double,int32,212508,0,0,0,0,86
2000_tracts_responsavel,responsavel4_V0971,double,int32,212508,0,0,0,0,52
2000_tracts_responsavel,responsavel4_V0972,double,int32,212508,0,0,0,0,61
2000_tracts_responsavel,responsavel4_V0973,double,int32,212508,0,0,0,0,63
2000_tracts_responsavel,responsavel4_V0974,double,int32,212508,0,0,0,0,59
2000_tracts_responsavel,responsavel4_V0975,double,int32,212508,0,0,0,0,58
2000_tracts_responsavel,responsavel4_V0976,double,int32,212508,0,0,0,0,44
2000_tracts_responsavel,responsavel4_V0977,double,int32,212508,0,0,0,0,63
2000_tracts_responsavel,responsavel4_V0978,double,int32,212508,0,0,0,0,42
2000_tracts_responsavel,responsavel4_V0979,double,int32,212508,0,0,0,0,44
2000_tracts_responsavel,responsavel4_V0980,double,int32,212508,0,0,0,0,37
2000_tracts_responsavel,responsavel4_V0981,double,int32,212508,0,0,0,0,37
2000_tracts_responsavel,responsavel4_V0982,double,int32,212508,0,0,0,0,43
2000_tracts_responsavel,responsavel4_V0983,double,int32,212508,0,0,0,0,33
2000_tracts_responsavel,responsavel4_V0984,double,int32,212508,0,0,0,0,29
2000_tracts_responsavel,responsavel4_V0985,double,int32,212508,0,0,0,0,30
2000_tracts_responsavel,responsavel4_V0986,double,int32,212508,0,0,0,0,24
2000_tracts_responsavel,responsavel4_V0987,double,int32,212508,0,0,0,0,35
2000_tracts_responsavel,responsavel4_V0988,double,int32,212508,0,0,0,0,27
2000_tracts_responsavel,responsavel4_V0989,double,int32,212508,0,0,0,0,29
2000_tracts_responsavel,responsavel4_V0990,double,int32,212508,0,0,0,0,20
2000_tracts_responsavel,responsavel4_V0991,double,int32,212508,0,0,0,0,23
2000_tracts_responsavel,responsavel4_V0992,double,int32,212508,0,0,0,0,23
2000_tracts_responsavel,responsavel4_V0993,double,int32,212508,0,0,0,0,22
2000_tracts_responsavel,responsavel4_V0994,double,int32,212508,0,0,0,0,23
2000_tracts_responsavel,responsavel4_V0995,double,int32,212508,0,0,0,0,19
2000_tracts_responsavel,responsavel4_V0996,double,int32,212508,0,0,0,0,17
2000_tracts_responsavel,responsavel4_V0997,double,int32,212508,0,0,0,0,29
2000_tracts_responsavel,responsavel4_V0998,double,int32,212508,0,0,0,0,16
2000_tracts_responsavel,responsavel4_V0999,double,int32,212508,0,0,0,0,17
2000_tracts_responsavel,responsavel4_V1000,double,int32,212508,0,0,0,0,17
2000_tracts_responsavel,responsavel4_V1001,double,int32,212508,0,0,0,0,17
2000_tracts_responsavel,responsavel4_V1002,double,int32,212508,0,0,0,0,16
2000_tracts_responsavel,responsavel4_V1003,double,int32,212508,0,0,0,0,12
2000_tracts_responsavel,responsavel4_V1004,double,int32,212508,0,0,0,0,12
2000_tracts_responsavel,responsavel4_V1005,double,int32,212508,0,0,0,0,13
2000_tracts_responsavel,responsavel4_V1006,double,int32,212508,0,0,0,0,16
2000_tracts_responsavel,responsavel4_V1007,double,int32,212508,0,0,0,0,14
2000_tracts_responsavel,responsavel4_V1008,double,int32,212508,0,0,0,0,12
2000_tracts_responsavel,responsavel4_V1009,double,int32,212508,0,0,0,0,11
2000_tracts_responsavel,responsavel4_V1010,double,int32,212508,0,0,0,0,11
2000_tracts_responsavel,responsavel4_V1011,double,int32,212508,0,0,0,0,11
2000_tracts_responsavel,responsavel4_V1012,double,int32,212508,0,0,0,0,10
2000_tracts_responsavel,responsavel4_V1013,double,int32,212508,0,0,0,0,10
2000_tracts_responsavel,responsavel4_V1014,double,int32,212508,0,0,0,0,11
2000_tracts_responsavel,responsavel4_V1015,double,int32,212508,0,0,0,0,10
2000_tracts_responsavel,responsavel4_V1016,double,int32,212508,0,0,0,0,8
2000_tracts_responsavel,responsavel4_V1017,double,int32,212508,0,0,0,0,12
2000_tracts_responsavel,responsavel4_V1018,double,int32,212508,0,0,0,0,7
2000_tracts_responsavel,responsavel4_V1019,double,int32,212508,0,0,0,0,9
2000_tracts_responsavel,responsavel4_V1020,double,int32,212508,0,0,0,0,7
2000_tracts_responsavel,responsavel4_V1021,double,int32,212508,0,0,0,0,6
2000_tracts_responsavel,responsavel4_V1022,double,int32,212508,0,0,0,0,5
2000_tracts_responsavel,responsavel4_V1023,double,int32,212508,0,0,0,0,6
2000_tracts_responsavel,responsavel4_V1024,double,int32,212508,0,0,0,0,6
2000_tracts_responsavel,responsavel4_V1025,double,int32,212508,0,0,0,0,7
2000_tracts_responsavel,responsavel4_V1026,double,int32,212508,0,0,0,0,5
2000_tracts_responsavel,responsavel4_V1027,double,int32,212508,0,0,0,0,4
2000_tracts_responsavel,responsavel4_V1028,double,int32,212508,0,0,0,0,6
2000_tracts_responsavel,responsavel4_V1029,double,int32,212508,0,0,0,0,3
2000_tracts_responsavel,responsavel4_V1030,double,int32,212508,0,0,0,0,3
2000_tracts_responsavel,responsavel4_V1031,double,int32,212508,0,0,0,0,4
2000_tracts_responsavel,responsavel4_V1032,double,int32,212508,0,0,0,0,2
2000_tracts_responsavel,responsavel4_V1033,double,int32,212508,0,0,0,0,2
2000_tracts_responsavel,responsavel4_V1034,double,int32,212508,0,0,0,0,3
2000_tracts_responsavel,responsavel4_V1035,double,int32,212508,0,0,0,0,2
2000_tracts_responsavel,responsavel4_V1036,double,int32,212508,0,0,0,0,2
2000_tracts_responsavel,responsavel4_V1037,double,int32,212508,0,0,0,0,17
2000_tracts_responsavel,responsavel4_V1038,double,int32,212508,0,0,0,0,27
2000_tracts_responsavel,responsavel4_V1039,double,int32,212508,0,0,0,0,56
2000_tracts_responsavel,responsavel4_V1040,double,int32,212508,0,0,0,0,222
2000_tracts_responsavel,responsavel4_V1041,double,int32,212508,0,0,0,0,367
2000_tracts_responsavel,responsavel4_V1042,double,int32,212508,0,0,0,0,352
2000_tracts_responsavel,responsavel4_V1043,double,int32,212508,0,0,0,0,252
2000_tracts_responsavel,responsavel4_V1044,double,int32,212508,0,0,0,0,199
2000_tracts_responsavel,responsavel4_V1045,double,int32,212508,0,0,0,0,137
2000_tracts_responsavel,responsavel4_V1046,double,int32,212508,0,0,0,0,118
2000_tracts_responsavel,responsavel4_V1047,double,int32,212508,0,0,0,0,98
2000_tracts_responsavel,responsavel4_V1048,double,int32,212508,0,0,0,0,77
2000_tracts_responsavel,responsavel4_V1049,double,int32,212508,0,0,0,0,46
2000_tracts_responsavel,responsavel4_V1050,double,int32,212508,0,0,0,0,33
2000_tracts_responsavel,responsavel4_V1051,double,int32,212508,0,0,0,0,32
2000_tracts_responsavel,responsavel4_V1052,double,int32,212508,0,0,0,0,39
2000_tracts_responsavel,responsavel4_V1053,double,int32,212508,0,0,0,0,1412
2000_tracts_responsavel,responsavel4_V1054,double,int32,212508,0,0,0,0,611
2000_tracts_responsavel,responsavel4_V1055,double,int32,212508,0,0,0,0,196
2000_tracts_responsavel,responsavel4_V1056,double,int32,212508,0,0,0,0,354
2000_tracts_responsavel,responsavel4_V1057,double,int32,212508,0,0,0,0,150
2000_tracts_responsavel,responsavel4_V1058,double,int32,212508,0,0,0,0,98
2000_tracts_responsavel,responsavel4_V1059,double,int32,212508,0,0,0,0,86
2000_tracts_responsavel,responsavel4_V1060,double,int32,212508,0,0,0,0,164
2000_tracts_responsavel,responsavel4_V1061,double,int32,212508,0,0,0,0,95
2000_tracts_responsavel,responsavel4_V1062,double,int32,212508,0,0,0,0,43
2000_tracts_responsavel,responsavel4_V1063,double,int32,212508,0,0,0,0,26
2000_tracts_responsavel,responsavel4_V1064,double,int32,212508,0,0,0,0,40
2000_tracts_responsavel,responsavel4_V1065,double,int32,212508,0,0,0,0,89
2000_tracts_responsavel,responsavel4_V1066,double,int32,212508,0,0,0,0,110
2000_tracts_responsavel,responsavel4_V1067,double,int32,212508,0,0,0,0,15
2000_tracts_responsavel,responsavel4_V1068,double,int32,212508,0,0,0,0,17
2000_tracts_responsavel,responsavel4_V1069,double,int32,212508,0,0,0,0,105
2000_tracts_responsavel,responsavel4_V1070,double,int32,212508,0,0,0,0,930
2000_tracts_responsavel,responsavel4_V1071,double,int32,212508,0,0,0,0,99
2000_tracts_responsavel,responsavel4_V1072,double,int32,212508,0,0,0,0,166
2000_tracts_responsavel,responsavel4_V1073,double,int32,212508,0,0,0,0,131
2000_tracts_responsavel,responsavel4_V1074,double,int32,212508,0,0,0,0,250
2000_tracts_responsavel,responsavel4_V1075,double,int32,212508,0,0,0,0,188
2000_tracts_responsavel,responsavel4_V1076,double,int32,212508,0,0,0,0,110
2000_tracts_responsavel,responsavel4_V1077,double,int32,212508,0,0,0,0,89
2000_tracts_responsavel,responsavel4_V1078,double,int32,212508,0,0,0,0,200
2000_tracts_responsavel,responsavel4_V1079,double,int32,212508,0,0,0,0,80
2000_tracts_responsavel,responsavel4_V1080,double,int32,212508,0,0,0,0,369
2000_tracts_responsavel,responsavel4_V1081,double,int32,212508,0,0,0,0,49
2000_tracts_responsavel,responsavel4_V1082,double,int32,212508,0,0,0,0,68
2000_tracts_responsavel,responsavel4_V1083,double,int32,212508,0,0,0,0,288
2000_tracts_responsavel,responsavel4_V1084,double,int32,212508,0,0,0,0,161
2000_tracts_responsavel,responsavel4_V1085,double,int32,212508,0,0,0,0,358
2000_tracts_responsavel,responsavel4_V1086,double,int32,212508,0,0,0,0,35
2000_tracts_responsavel,responsavel4_V1087,double,int32,212508,0,0,0,0,48
2000_tracts_responsavel,responsavel4_V1088,double,int32,212508,0,0,0,0,143
2000_tracts_responsavel,responsavel4_V1089,double,int32,212508,0,0,0,0,246
2000_tracts_responsavel,responsavel4_V1090,double,int32,212508,0,0,0,0,223
2000_tracts_responsavel,responsavel4_V1091,double,int32,212508,0,0,0,0,117
2000_tracts_responsavel,responsavel4_V1092,double,int32,212508,0,0,0,0,212
2000_tracts_responsavel,responsavel4_V1093,double,int32,212508,0,0,0,0,542
2000_tracts_responsavel,responsavel4_V1094,double,int32,212508,0,0,0,0,542
2000_tracts_responsavel,responsavel4_V1095,double,int32,212508,0,0,0,0,221
2000_tracts_responsavel,responsavel4_V1096,double,int32,212508,0,0,0,0,170
2000_tracts_responsavel,responsavel4_V1097,double,int32,212508,0,0,0,0,182
2000_tracts_responsavel,responsavel4_V1098,double,int32,212508,0,0,0,0,370
2000_tracts_responsavel,responsavel4_V1099,double,int32,212508,0,0,0,0,208
2000_tracts_responsavel,responsavel4_V1100,double,int32,212508,0,0,0,0,117
2000_tracts_responsavel,responsavel4_V1101,double,int32,212508,0,0,0,0,97
2000_tracts_responsavel,responsavel4_V1102,double,int32,212508,0,0,0,0,220
2000_tracts_responsavel,responsavel4_V1103,double,int32,212508,0,0,0,0,51
2000_tracts_responsavel,responsavel4_V1104,double,int32,212508,0,0,0,0,68
2000_tracts_responsavel,responsavel4_V1105,double,int32,212508,0,0,0,0,303
2000_tracts_responsavel,responsavel4_V1106,double,int32,212508,0,0,0,0,35
2000_tracts_responsavel,responsavel4_V1107,double,int32,212508,0,0,0,0,48
2000_tracts_responsavel,responsavel4_V1108,double,int32,212508,0,0,0,0,143
2000_tracts_responsavel,responsavel4_V1109,double,int32,212508,0,0,0,0,246
2000_tracts_responsavel,responsavel4_V1110,double,int32,212508,0,0,0,0,223
2000_tracts_responsavel,responsavel4_V1111,double,int32,212508,0,0,0,0,214
2000_tracts_responsavel,responsavel4_V1112,double,int32,212508,0,0,0,0,80
2000_tracts_responsavel,responsavel4_V1113,double,int32,212508,0,0,0,0,1645
2000_tracts_responsavel,responsavel4_V1114,double,int32,212508,0,0,0,0,1430
2000_tracts_responsavel,responsavel4_V1115,double,int32,201793,0,0,0,0,9680
2000_tracts_responsavel,responsavel4_V1116,double,int32,212508,0,0,0,0,292
2000_tracts_responsavel,responsavel4_V1117,double,int32,212508,0,0,0,0,668
2000_tracts_responsavel,responsavel4_V1118,double,int32,212508,0,0,0,0,877
2000_tracts_responsavel,responsavel4_V1119,double,int32,212508,0,0,0,0,392
2000_tracts_responsavel,responsavel4_V1120,double,int32,212508,0,0,0,0,413
2000_tracts_responsavel,responsavel4_V1121,double,int32,212508,0,0,0,0,350
2000_tracts_responsavel,responsavel4_V1122,double,int32,212508,0,0,0,0,171
2000_tracts_responsavel,responsavel4_V1123,double,int32,212508,0,0,0,0,138
2000_tracts_responsavel,responsavel4_V1124,double,int32,212508,0,0,0,0,327
2000_tracts_responsavel,responsavel4_V1125,double,int32,212508,0,0,0,0,586
2000_tracts_responsavel,responsavel4_V1126,double,int32,110853,0,0,0,0,13107
2000_tracts_responsavel,responsavel4_V1127,double,int32,136981,0,0,0,0,78125
2000_tracts_responsavel,responsavel4_V1128,double,int32,140805,0,0,0,0,155222
2000_tracts_responsavel,responsavel4_V1129,double,int32,108573,0,0,0,0,151637
2000_tracts_responsavel,responsavel4_V1130,double,int32,115716,0,0,0,0,235971
2000_tracts_responsavel,responsavel4_V1131,double,int32,105012,0,0,0,0,362649
2000_tracts_responsavel,responsavel4_V1132,double,int32,83401,0,0,0,0,321835
2000_tracts_responsavel,responsavel4_V1133,double,int32,95837,0,0,0,0,376337
2000_tracts_responsavel,responsavel4_V1134,double,int32,102172,0,0,0,0,4914200
2000_tracts_responsavel,responsavel4_V1135,double,int32,212508,0,0,0,0,1647
2000_tracts_responsavel,responsavel4_V1136,double,int32,212508,0,0,0,0,1419
2000_tracts_responsavel,responsavel4_V1137,double,int32,200295,0,0,0,664,5062894
2000_tracts_responsavel,responsavel5_V1138,double,int32,212508,0,0,0,0,520
2000_tracts_responsavel,responsavel5_V1139,double,int32,212508,0,0,0,0,2
2000_tracts_responsavel,responsavel5_V1140,double,int32,212508,0,0,0,0,3
2000_tracts_responsavel,responsavel5_V1141,double,int32,212508,0,0,0,0,3
2000_tracts_responsavel,responsavel5_V1142,double,int32,212508,0,0,0,0,3
2000_tracts_responsavel,responsavel5_V1143,double,int32,212508,0,0,0,0,5
2000_tracts_responsavel,responsavel5_V1144,double,int32,212508,0,0,0,0,9
2000_tracts_responsavel,responsavel5_V1145,double,int32,212508,0,0,0,0,7
2000_tracts_responsavel,responsavel5_V1146,double,int32,212508,0,0,0,0,9
2000_tracts_responsavel,responsavel5_V1147,double,int32,212508,0,0,0,0,14
2000_tracts_responsavel,responsavel5_V1148,double,int32,212508,0,0,0,0,16
2000_tracts_responsavel,responsavel5_V1149,double,int32,212508,0,0,0,0,15
2000_tracts_responsavel,responsavel5_V1150,double,int32,212508,0,0,0,0,21
2000_tracts_responsavel,responsavel5_V1151,double,int32,212508,0,0,0,0,19
2000_tracts_responsavel,responsavel5_V1152,double,int32,212508,0,0,0,0,15
2000_tracts_responsavel,responsavel5_V1153,double,int32,212508,0,0,0,0,21
2000_tracts_responsavel,responsavel5_V1154,double,int32,212508,0,0,0,0,18
2000_tracts_responsavel,responsavel5_V1155,double,int32,212508,0,0,0,0,22
2000_tracts_responsavel,responsavel5_V1156,double,int32,212508,0,0,0,0,22
2000_tracts_responsavel,responsavel5_V1157,double,int32,212508,0,0,0,0,28
2000_tracts_responsavel,responsavel5_V1158,double,int32,212508,0,0,0,0,25
2000_tracts_responsavel,responsavel5_V1159,double,int32,212508,0,0,0,0,22
2000_tracts_responsavel,responsavel5_V1160,double,int32,212508,0,0,0,0,21
2000_tracts_responsavel,responsavel5_V1161,double,int32,212508,0,0,0,0,19
2000_tracts_responsavel,responsavel5_V1162,double,int32,212508,0,0,0,0,24
2000_tracts_responsavel,responsavel5_V1163,double,int32,212508,0,0,0,0,19
2000_tracts_responsavel,responsavel5_V1164,double,int32,212508,0,0,0,0,29
2000_tracts_responsavel,responsavel5_V1165,double,int32,212508,0,0,0,0,21
2000_tracts_responsavel,responsavel5_V1166,double,int32,212508,0,0,0,0,19
2000_tracts_responsavel,responsavel5_V1167,double,int32,212508,0,0,0,0,18
2000_tracts_responsavel,responsavel5_V1168,double,int32,212508,0,0,0,0,17
2000_tracts_responsavel,responsavel5_V1169,double,int32,212508,0,0,0,0,18
2000_tracts_responsavel,responsavel5_V1170,double,int32,212508,0,0,0,0,15
2000_tracts_responsavel,responsavel5_V1171,double,int32,212508,0,0,0,0,20
2000_tracts_responsavel,responsavel5_V1172,double,int32,212508,0,0,0,0,18
2000_tracts_responsavel,responsavel5_V1173,double,int32,212508,0,0,0,0,13
2000_tracts_responsavel,responsavel5_V1174,double,int32,212508,0,0,0,0,17
2000_tracts_responsavel,responsavel5_V1175,double,int32,212508,0,0,0,0,15
2000_tracts_responsavel,responsavel5_V1176,double,int32,212508,0,0,0,0,14
2000_tracts_responsavel,responsavel5_V1177,double,int32,212508,0,0,0,0,18
2000_tracts_responsavel,responsavel5_V1178,double,int32,212508,0,0,0,0,13
2000_tracts_responsavel,responsavel5_V1179,double,int32,212508,0,0,0,0,14
2000_tracts_responsavel,responsavel5_V1180,double,int32,212508,0,0,0,0,13
2000_tracts_responsavel,responsavel5_V1181,double,int32,212508,0,0,0,0,11
2000_tracts_responsavel,responsavel5_V1182,double,int32,212508,0,0,0,0,12
2000_tracts_responsavel,responsavel5_V1183,double,int32,212508,0,0,0,0,13
2000_tracts_responsavel,responsavel5_V1184,double,int32,212508,0,0,0,0,11
2000_tracts_responsavel,responsavel5_V1185,double,int32,212508,0,0,0,0,12
2000_tracts_responsavel,responsavel5_V1186,double,int32,212508,0,0,0,0,12
2000_tracts_responsavel,responsavel5_V1187,double,int32,212508,0,0,0,0,11
2000_tracts_responsavel,responsavel5_V1188,double,int32,212508,0,0,0,0,10
2000_tracts_responsavel,responsavel5_V1189,double,int32,212508,0,0,0,0,13
2000_tracts_responsavel,responsavel5_V1190,double,int32,212508,0,0,0,0,10
2000_tracts_responsavel,responsavel5_V1191,double,int32,212508,0,0,0,0,13
2000_tracts_responsavel,responsavel5_V1192,double,int32,212508,0,0,0,0,11
2000_tracts_responsavel,responsavel5_V1193,double,int32,212508,0,0,0,0,11
2000_tracts_responsavel,responsavel5_V1194,double,int32,212508,0,0,0,0,11
2000_tracts_responsavel,responsavel5_V1195,double,int32,212508,0,0,0,0,10
2000_tracts_responsavel,responsavel5_V1196,double,int32,212508,0,0,0,0,10
2000_tracts_responsavel,responsavel5_V1197,double,int32,212508,0,0,0,0,10
2000_tracts_responsavel,responsavel5_V1198,double,int32,212508,0,0,0,0,11
2000_tracts_responsavel,responsavel5_V1199,double,int32,212508,0,0,0,0,14
2000_tracts_responsavel,responsavel5_V1200,double,int32,212508,0,0,0,0,10
2000_tracts_responsavel,responsavel5_V1201,double,int32,212508,0,0,0,0,10
2000_tracts_responsavel,responsavel5_V1202,double,int32,212508,0,0,0,0,9
2000_tracts_responsavel,responsavel5_V1203,double,int32,212508,0,0,0,0,11
2000_tracts_responsavel,responsavel5_V1204,double,int32,212508,0,0,0,0,10
2000_tracts_responsavel,responsavel5_V1205,double,int32,212508,0,0,0,0,9
2000_tracts_responsavel,responsavel5_V1206,double,int32,212508,0,0,0,0,10
2000_tracts_responsavel,responsavel5_V1207,double,int32,212508,0,0,0,0,7
2000_tracts_responsavel,responsavel5_V1208,double,int32,212508,0,0,0,0,8
2000_tracts_responsavel,responsavel5_V1209,double,int32,212508,0,0,0,0,9
2000_tracts_responsavel,responsavel5_V1210,double,int32,212508,0,0,0,0,11
2000_tracts_responsavel,responsavel5_V1211,double,int32,212508,0,0,0,0,7
2000_tracts_responsavel,responsavel5_V1212,double,int32,212508,0,0,0,0,8
2000_tracts_responsavel,responsavel5_V1213,double,int32,212508,0,0,0,0,6
2000_tracts_responsavel,responsavel5_V1214,double,int32,212508,0,0,0,0,6
2000_tracts_responsavel,responsavel5_V1215,double,int32,212508,0,0,0,0,6
2000_tracts_responsavel,responsavel5_V1216,double,int32,212508,0,0,0,0,6
2000_tracts_responsavel,responsavel5_V1217,double,int32,212508,0,0,0,0,4
2000_tracts_responsavel,responsavel5_V1218,double,int32,212508,0,0,0,0,5
2000_tracts_responsavel,responsavel5_V1219,double,int32,212508,0,0,0,0,5
2000_tracts_responsavel,responsavel5_V1220,double,int32,212508,0,0,0,0,4
2000_tracts_responsavel,responsavel5_V1221,double,int32,212508,0,0,0,0,4
2000_tracts_responsavel,responsavel5_V1222,double,int32,212508,0,0,0,0,4
2000_tracts_responsavel,responsavel5_V1223,double,int32,212508,0,0,0,0,3
2000_tracts_responsavel,responsavel5_V1224,double,int32,212508,0,0,0,0,3
2000_tracts_responsavel,responsavel5_V1225,double,int32,212508,0,0,0,0,3
2000_tracts_responsavel,responsavel5_V1226,double,int32,212508,0,0,0,0,2
2000_tracts_responsavel,responsavel5_V1227,double,int32,212508,0,0,0,0,2
2000_tracts_responsavel,responsavel5_V1228,double,int32,212508,0,0,0,0,2
2000_tracts_responsavel,responsavel5_V1229,double,int32,212508,0,0,0,0,3
2000_tracts_responsavel,responsavel5_V1230,double,int32,212508,0,0,0,0,10
2000_tracts_responsavel,responsavel5_V1231,double,int32,212508,0,0,0,0,40
2000_tracts_responsavel,responsavel5_V1232,double,int32,212508,0,0,0,0,78
2000_tracts_responsavel,responsavel5_V1233,double,int32,212508,0,0,0,0,107
2000_tracts_responsavel,responsavel5_V1234,double,int32,212508,0,0,0,0,99
2000_tracts_responsavel,responsavel5_V1235,double,int32,212508,0,0,0,0,85
2000_tracts_responsavel,responsavel5_V1236,double,int32,212508,0,0,0,0,68
2000_tracts_responsavel,responsavel5_V1237,double,int32,212508,0,0,0,0,61
2000_tracts_responsavel,responsavel5_V1238,double,int32,212508,0,0,0,0,45
2000_tracts_responsavel,responsavel5_V1239,double,int32,212508,0,0,0,0,35
2000_tracts_responsavel,responsavel5_V1240,double,int32,212508,0,0,0,0,474
2000_tracts_responsavel,responsavel5_V1241,double,int32,212508,0,0,0,0,30
2000_tracts_responsavel,responsavel5_V1242,double,int32,212508,0,0,0,0,36
2000_tracts_responsavel,responsavel5_V1243,double,int32,212508,0,0,0,0,27
2000_tracts_responsavel,responsavel5_V1244,double,int32,212508,0,0,0,0,35
2000_tracts_responsavel,responsavel5_V1245,double,int32,212508,0,0,0,0,429
2000_tracts_responsavel,responsavel5_V1246,double,int32,212508,0,0,0,0,174
2000_tracts_responsavel,responsavel5_V1247,double,int32,212508,0,0,0,0,44
2000_tracts_responsavel,responsavel5_V1248,double,int32,212508,0,0,0,0,163
2000_tracts_responsavel,responsavel5_V1249,double,int32,212508,0,0,0,0,58
2000_tracts_responsavel,responsavel5_V1250,double,int32,212508,0,0,0,0,32
2000_tracts_responsavel,responsavel5_V1251,double,int32,212508,0,0,0,0,30
2000_tracts_responsavel,responsavel5_V1252,double,int32,212508,0,0,0,0,103
2000_tracts_responsavel,responsavel5_V1253,double,int32,212508,0,0,0,0,42
2000_tracts_responsavel,responsavel5_V1254,double,int32,212508,0,0,0,0,26
2000_tracts_responsavel,responsavel5_V1255,double,int32,212508,0,0,0,0,12
2000_tracts_responsavel,responsavel5_V1256,double,int32,212508,0,0,0,0,20
2000_tracts_responsavel,responsavel5_V1257,double,int32,212508,0,0,0,0,30
2000_tracts_responsavel,responsavel5_V1258,double,int32,212508,0,0,0,0,60
2000_tracts_responsavel,responsavel5_V1259,double,int32,212508,0,0,0,0,10
2000_tracts_responsavel,responsavel5_V1260,double,int32,212508,0,0,0,0,9
2000_tracts_responsavel,responsavel5_V1261,double,int32,212508,0,0,0,0,57
2000_tracts_responsavel,responsavel5_V1262,double,int32,212508,0,0,0,0,284
2000_tracts_responsavel,responsavel5_V1263,double,int32,212508,0,0,0,0,35
2000_tracts_responsavel,responsavel5_V1264,double,int32,212508,0,0,0,0,26
2000_tracts_responsavel,responsavel5_V1265,double,int32,212508,0,0,0,0,39
2000_tracts_responsavel,responsavel5_V1266,double,int32,212508,0,0,0,0,62
2000_tracts_responsavel,responsavel5_V1267,double,int32,212508,0,0,0,0,73
2000_tracts_responsavel,responsavel5_V1268,double,int32,212508,0,0,0,0,33
2000_tracts_responsavel,responsavel5_V1269,double,int32,212508,0,0,0,0,28
2000_tracts_responsavel,responsavel5_V1270,double,int32,212508,0,0,0,0,50
2000_tracts_responsavel,responsavel5_V1271,double,int32,212508,0,0,0,0,30
2000_tracts_responsavel,responsavel5_V1272,double,int32,212508,0,0,0,0,143
2000_tracts_responsavel,responsavel5_V1273,double,int32,212508,0,0,0,0,23
2000_tracts_responsavel,responsavel5_V1274,double,int32,212508,0,0,0,0,29
2000_tracts_responsavel,responsavel5_V1275,double,int32,212508,0,0,0,0,129
2000_tracts_responsavel,responsavel5_V1276,double,int32,212508,0,0,0,0,68
2000_tracts_responsavel,responsavel5_V1277,double,int32,212508,0,0,0,0,221
2000_tracts_responsavel,responsavel5_V1278,double,int32,212508,0,0,0,0,26
2000_tracts_responsavel,responsavel5_V1279,double,int32,212508,0,0,0,0,24
2000_tracts_responsavel,responsavel5_V1280,double,int32,212508,0,0,0,0,48
2000_tracts_responsavel,responsavel5_V1281,double,int32,212508,0,0,0,0,86
2000_tracts_responsavel,responsavel5_V1282,double,int32,212508,0,0,0,0,85
2000_tracts_responsavel,responsavel5_V1283,double,int32,212508,0,0,0,0,30
2000_tracts_responsavel,responsavel5_V1284,double,int32,212508,0,0,0,0,53
2000_tracts_responsavel,responsavel5_V1285,double,int32,212508,0,0,0,0,165
2000_tracts_responsavel,responsavel5_V1286,double,int32,212508,0,0,0,0,165
2000_tracts_responsavel,responsavel5_V1287,double,int32,212508,0,0,0,0,78
2000_tracts_responsavel,responsavel5_V1288,double,int32,212508,0,0,0,0,47
2000_tracts_responsavel,responsavel5_V1289,double,int32,212508,0,0,0,0,53
2000_tracts_responsavel,responsavel5_V1290,double,int32,212508,0,0,0,0,125
2000_tracts_responsavel,responsavel5_V1291,double,int32,212508,0,0,0,0,76
2000_tracts_responsavel,responsavel5_V1292,double,int32,212508,0,0,0,0,36
2000_tracts_responsavel,responsavel5_V1293,double,int32,212508,0,0,0,0,30
2000_tracts_responsavel,responsavel5_V1294,double,int32,212508,0,0,0,0,71
2000_tracts_responsavel,responsavel5_V1295,double,int32,212508,0,0,0,0,23
2000_tracts_responsavel,responsavel5_V1296,double,int32,212508,0,0,0,0,30
2000_tracts_responsavel,responsavel5_V1297,double,int32,212508,0,0,0,0,142
2000_tracts_responsavel,responsavel5_V1298,double,int32,212508,0,0,0,0,26
2000_tracts_responsavel,responsavel5_V1299,double,int32,212508,0,0,0,0,24
2000_tracts_responsavel,responsavel5_V1300,double,int32,212508,0,0,0,0,48
2000_tracts_responsavel,responsavel5_V1301,double,int32,212508,0,0,0,0,86
2000_tracts_responsavel,responsavel5_V1302,double,int32,212508,0,0,0,0,85
2000_tracts_responsavel,responsavel5_V1303,double,int32,212508,0,0,0,0,54
2000_tracts_responsavel,responsavel5_V1304,double,int32,212508,0,0,0,0,30
2000_tracts_responsavel,responsavel5_V1305,double,int32,212508,0,0,0,0,520
2000_tracts_responsavel,responsavel5_V1306,double,int32,212508,0,0,0,0,435
2000_tracts_responsavel,responsavel5_V1307,double,int32,201793,0,0,0,0,3861
2000_tracts_responsavel,responsavel5_V1308,double,int32,212508,0,0,0,0,76
2000_tracts_responsavel,responsavel5_V1309,double,int32,212508,0,0,0,0,162
2000_tracts_responsavel,responsavel5_V1310,double,int32,212508,0,0,0,0,173
2000_tracts_responsavel,responsavel5_V1311,double,int32,212508,0,0,0,0,90
2000_tracts_responsavel,responsavel5_V1312,double,int32,212508,0,0,0,0,66
2000_tracts_responsavel,responsavel5_V1313,double,int32,212508,0,0,0,0,96
2000_tracts_responsavel,responsavel5_V1314,double,int32,212508,0,0,0,0,62
2000_tracts_responsavel,responsavel5_V1315,double,int32,212508,0,0,0,0,57
2000_tracts_responsavel,responsavel5_V1316,double,int32,212508,0,0,0,0,122
2000_tracts_responsavel,responsavel5_V1317,double,int32,212508,0,0,0,0,202
2000_tracts_responsavel,responsavel5_V1318,double,int32,118531,0,0,0,0,4169
2000_tracts_responsavel,responsavel5_V1319,double,int32,135069,0,0,0,0,23171
2000_tracts_responsavel,responsavel5_V1320,double,int32,143985,0,0,0,0,43340
2000_tracts_responsavel,responsavel5_V1321,double,int32,127926,0,0,0,0,33669
2000_tracts_responsavel,responsavel5_V1322,double,int32,139950,0,0,0,0,39388
2000_tracts_responsavel,responsavel5_V1323,double,int32,138475,0,0,0,0,112012
2000_tracts_responsavel,responsavel5_V1324,double,int32,142457,0,0,0,0,116352
2000_tracts_responsavel,responsavel5_V1325,double,int32,158852,0,0,0,0,153680
2000_tracts_responsavel,responsavel5_V1326,double,int32,164911,0,0,0,0,1152665
2000_tracts_responsavel,responsavel5_V1327,double,int32,212508,0,0,0,0,520
2000_tracts_responsavel,responsavel5_V1328,double,int32,212508,0,0,0,0,431
2000_tracts_responsavel,responsavel5_V1329,double,int32,200295,0,0,0,130,1213971
2010_emigration,M0303,string,int32,53777,0,0,0,2,2
2010_emigration,M0304,string,int32,53777,0,0,0,1,2
2010_emigration,M0305,string,int32,53777,0,0,0,1,2
2010_emigration,M3061,string,int32,53777,0,0,0,1,2
2010_emigration,V0001,string,int32,53777,0,0,0,11,53
2010_emigration,V0002,string,int32,53777,0,0,24818,13,72004
2010_emigration,V0010,double,double,53777,0,53777,0,1.0000000000002,55.670299904983
2010_emigration,V0011,string,double,53777,0,0,0,1100015001001,5300108005051
2010_emigration,V0300,double,int32,53777,0,0,0,124,6192306
2010_emigration,V0303,string,int32,53777,0,0,0,1,2
2010_emigration,V0304,string,int32,53777,0,0,0,1881,9999
2010_emigration,V0305,string,int32,53777,0,0,0,1916,9999
2010_emigration,V1001,string,int32,53777,0,0,0,1,5
2010_emigration,V1002,string,int32,53777,0,0,45751,1,15
2010_emigration,V1003,string,int32,53777,0,0,53777,1,66
2010_emigration,V1004,string,int32,53777,0,0,33677,0,42
2010_emigration,V1005,string,int32,53777,0,0,0,1,8
2010_emigration,V1006,string,int32,53777,0,0,0,1,2
2010_emigration,V3061,string,int32,53777,0,0,0,8000004,8000999
2010_emigration,abbrev_state,string,string,53777,53777,0,0,,
2010_emigration,code_muni,double,int32,53777,0,0,0,1100015,5300108
2010_emigration,code_region,double,int32,53777,0,0,0,1,5
2010_emigration,code_state,double,int32,53777,0,0,0,11,53
2010_emigration,code_weighting,double,double,53777,0,0,0,1100015001001,5300108005051
2010_emigration,name_region,string,string,53777,53777,0,0,,
2010_emigration,name_state,string,string,53777,53777,0,0,,
2010_households,M0201,string,int32,6192332,0,0,0,1,2
2010_households,M0202,string,int32,6192332,0,0,0,1,2
2010_households,M0203,string,int32,6192332,0,0,0,1,2
2010_households,M0204,string,int32,6192332,0,0,0,1,2
2010_households,M0205,string,int32,6192332,0,0,0,1,2
2010_households,M0206,string,int32,6192332,0,0,0,1,2
2010_households,M0207,string,int32,6192332,0,0,0,1,2
2010_households,M0208,string,int32,6192332,0,0,0,1,2
2010_households,M0209,string,int32,6192332,0,0,0,1,2
2010_households,M0210,string,int32,6192332,0,0,0,1,2
2010_households,M0211,string,int32,6192332,0,0,0,1,2
2010_households,M0212,string,int32,6192332,0,0,0,1,2
2010_households,M0213,string,int32,6192332,0,0,0,1,2
2010_households,M0214,string,int32,6192332,0,0,0,1,2
2010_households,M0215,string,int32,6192332,0,0,0,1,2
2010_households,M0216,string,int32,6192332,0,0,0,1,2
2010_households,M0217,string,int32,6192332,0,0,0,1,2
2010_households,M0218,string,int32,6192332,0,0,0,1,2
2010_households,M0219,string,int32,6192332,0,0,0,1,2
2010_households,M0220,string,int32,6192332,0,0,0,1,2
2010_households,M0221,string,int32,6192332,0,0,0,1,2
2010_households,M0222,string,int32,6192332,0,0,0,1,2
2010_households,M0301,string,int32,6192332,0,0,0,1,2
2010_households,M0401,string,int32,6192332,0,0,0,2,2
2010_households,M0402,string,int32,6192332,0,0,0,1,2
2010_households,M0701,string,int32,6192332,0,0,0,1,2
2010_households,M2011,string,int32,6192332,0,0,0,1,2
2010_households,V0001,string,int32,6192332,0,0,0,11,53
2010_households,V0002,string,int32,6192332,0,0,3110751,13,72202
2010_households,V0010,double,double,6192332,0,6192251,0,1.0000000000002,105.680103451216
2010_households,V0011,string,double,6192332,0,0,0,1100015001001,5300108005051
2010_households,V0201,string,int32,6113887,0,0,0,1,6
2010_households,V0202,string,int32,6113887,0,0,0,1,9
2010_households,V0203,double,int32,6113887,0,0,0,1,30
2010_households,V0204,double,int32,6113887,0,0,0,1,14
2010_households,V0205,string,int32,6113887,0,0,0,0,9
2010_households,V0206,string,int32,504652,0,0,0,1,2
2010_households,V0207,string,int32,5884742,0,0,0,1,6
2010_households,V0208,string,int32,6113887,0,0,6113697,1,10
2010_households,V0209,string,int32,6113887,0,0,0,1,3
2010_households,V0210,string,int32,6113887,0,0,0,1,7
2010_households,V0211,string,int32,6113887,0,0,0,1,3
2010_households,V0212,string,int32,5948728,0,0,0,1,3
2010_households,V0213,string,int32,6113887,0,0,0,1,2
2010_households,V0214,string,int32,6113887,0,0,0,1,2
2010_households,V0215,string,int32,6113887,0,0,0,1,2
2010_households,V0216,string,int32,6113887,0,0,0,1,2
2010_households,V0217,string,int32,6113887,0,0,0,1,2
2010_households,V0218,string,int32,6113887,0,0,0,1,2
2010_households,V0219,string,int32,6113887,0,0,0,1,2
2010_households,V0220,string,int32,1945042,0,0,0,1,2
2010_households,V0221,string,int32,6113887,0,0,0,1,2
2010_households,V0222,string,int32,6113887,0,0,0,1,2
2010_households,V0300,double,int32,6192332,0,0,0,1,6192332
2010_households,V0301,string,int32,6127906,0,0,0,1,2
2010_households,V0401,double,int32,6192332,0,0,0,1,60
2010_households,V0402,string,int32,6127906,0,0,0,1,9
2010_households,V0701,string,int32,6127903,0,0,0,1,2
2010_households,V1001,string,int32,6192332,0,0,0,1,5
2010_households,V1002,string,int32,6192332,0,0,5212320,1,15
2010_households,V1003,string,int32,6192332,0,0,6192332,1,66
2010_households,V1004,string,int32,6192332,0,0,4362822,0,42
2010_households,V1005,string,int32,6192332,0,0,0,1,8
2010_households,V1006,string,int32,6192332,0,0,0,1,2
2010_households,V2011,double,int32,967846,0,0,0,1,36000
2010_households,V2012,double,double,967846,0,955447,0,0.00196,70.58824
2010_households,V4001,string,int32,6192332,0,0,6192332,1,6
2010_households,V4002,string,int32,6192332,0,0,0,11,65
2010_households,V6203,double,double,6113887,0,5440508,0,0,23
2010_households,V6204,double,double,6113887,0,2171476,0,1,43
2010_households,V6210,string,int32,6113887,0,0,0,1,3
2010_households,V6529,double,int32,6127906,0,0,0,0,2006523
2010_households,V6530,double,double,6127906,0,4929517,0,0,3934.35882
2010_households,V6531,double,double,6127906,0,1966666,0,0,975000
2010_households,V6532,double,double,6127906,0,5426766,0,0,1911.76471
2010_households,V6600,string,int32,6127906,0,0,0,1,4
2010_households,abbrev_state,string,string,6192332,6192332,0,0,,
2010_households,code_muni,double,int32,6192332,0,0,0,1100015,5300108
2010_households,code_region,double,int32,6192332,0,0,0,1,5
2010_households,code_state,double,int32,6192332,0,0,0,11,53
2010_households,code_weighting,double,double,6192332,0,0,0,1100015001001,5300108005051
2010_households,name_region,string,string,6192332,6192332,0,0,,
2010_households,name_state,string,string,6192332,6192332,0,0,,
2010_mortality,M0703,string,int32,111555,0,0,0,1,2
2010_mortality,M0704,string,int32,111555,0,0,0,2,2
2010_mortality,M7051,string,int32,111555,0,0,0,1,2
2010_mortality,M7052,string,int32,111555,0,0,0,1,2
2010_mortality,V0001,string,int32,111555,0,0,0,11,53
2010_mortality,V0002,string,int32,111555,0,0,55963,13,72202
2010_mortality,V0010,double,double,111555,0,111555,0,1.0000000000002,86.4673207959531
2010_mortality,V0011,string,double,111555,0,0,0,1100015001001,5300108005051
2010_mortality,V0300,double,int32,111555,0,0,0,5,6192330
2010_mortality,V0703,string,int32,111555,0,0,81800,1,99
2010_mortality,V0704,string,int32,111555,0,0,0,1,2
2010_mortality,V1001,string,int32,111555,0,0,0,1,5
2010_mortality,V1002,string,int32,111555,0,0,94299,1,15
2010_mortality,V1003,string,int32,111555,0,0,111555,1,66
2010_mortality,V1004,string,int32,111555,0,0,79922,0,42
2010_mortality,V1005,string,int32,111555,0,0,0,1,8
2010_mortality,V1006,string,int32,111555,0,0,0,1,2
2010_mortality,V7051,double,int32,107694,0,0,0,1,999
2010_mortality,V7052,double,int32,3897,0,0,0,0,99
2010_mortality,abbrev_state,string,string,111555,111555,0,0,,
2010_mortality,code_muni,double,int32,111555,0,0,0,1100015,5300108
2010_mortality,code_region,double,int32,111555,0,0,0,1,5
2010_mortality,code_state,double,int32,111555,0,0,0,11,53
2010_mortality,code_weighting,double,double,111555,0,0,0,1100015001001,5300108005051
2010_mortality,name_region,string,string,111555,111555,0,0,,
2010_mortality,name_state,string,string,111555,111555,0,0,,
2010_population,M0502,string,int32,20635472,0,0,0,1,2
2010_population,M0601,string,int32,20635472,0,0,0,1,2
2010_population,M0604,string,int32,20635472,0,0,0,1,2
2010_population,M0605,string,int32,20635472,0,0,0,1,2
2010_population,M0606,string,int32,20635472,0,0,0,1,2
2010_population,M0613,string,int32,20635472,0,0,0,1,2
2010_population,M0614,string,int32,20635472,0,0,0,1,2
2010_population,M0615,string,int32,20635472,0,0,0,1,2
2010_population,M0616,string,int32,20635472,0,0,0,1,2
2010_population,M0617,string,int32,20635472,0,0,0,1,2
2010_population,M0618,string,int32,20635472,0,0,0,1,2
2010_population,M0619,string,int32,20635472,0,0,0,1,2
2010_population,M0620,string,int32,20635472,0,0,0,1,2
2010_population,M0621,string,int32,20635472,0,0,0,1,2
2010_population,M0622,string,int32,20635472,0,0,0,1,2
2010_population,M0623,string,int32,20635472,0,0,0,1,2
2010_population,M0624,string,int32,20635472,0,0,0,1,2
2010_population,M0625,string,int32,20635472,0,0,0,1,2
2010_population,M0626,string,int32,20635472,0,0,0,1,2
2010_population,M0627,string,int32,20635472,0,0,0,1,2
2010_population,M0628,string,int32,20635472,0,0,0,1,2
2010_population,M0629,string,int32,20635472,0,0,0,1,2
2010_population,M0630,string,int32,20635472,0,0,0,1,2
2010_population,M0631,string,int32,20635472,0,0,0,1,2
2010_population,M0632,string,int32,20635472,0,0,0,1,2
2010_population,M0633,string,int32,20635472,0,0,0,1,2
2010_population,M0634,string,int32,20635472,0,0,0,1,2
2010_population,M0635,string,int32,20635472,0,0,0,1,2
2010_population,M0636,string,int32,20635472,0,0,0,1,2
2010_population,M0637,string,int32,20635472,0,0,0,1,2
2010_population,M0638,string,int32,20635472,0,0,0,1,2
2010_population,M0639,string,int32,20635472,0,0,0,1,2
2010_population,M0640,string,int32,20635472,0,0,0,1,2
2010_population,M0641,string,int32,20635472,0,0,0,1,2
2010_population,M0642,string,int32,20635472,0,0,0,1,2
2010_population,M0643,string,int32,20635472,0,0,0,1,2
2010_population,M0644,string,int32,20635472,0,0,0,1,2
2010_population,M0645,string,int32,20635472,0,0,0,1,2
2010_population,M0648,string,int32,20635472,0,0,0,1,2
2010_population,M0649,string,int32,20635472,0,0,0,1,2
2010_population,M0650,string,int32,20635472,0,0,0,1,2
2010_population,M0651,string,int32,20635472,0,0,0,1,2
2010_population,M0652,string,int32,20635472,0,0,0,1,2
2010_population,M0653,string,int32,20635472,0,0,0,1,2
2010_population,M0654,string,int32,20635472,0,0,0,1,2
2010_population,M0655,string,int32,20635472,0,0,0,1,2
2010_population,M0656,string,int32,20635472,0,0,0,1,2
2010_population,M0657,string,int32,20635472,0,0,0,1,2
2010_population,M0658,string,int32,20635472,0,0,0,1,2
2010_population,M0659,string,int32,20635472,0,0,0,1,2
2010_population,M0660,string,int32,20635472,0,0,0,1,2
2010_population,M0661,string,int32,20635472,0,0,0,1,2
2010_population,M0662,string,int32,20635472,0,0,0,1,2
2010_population,M0663,string,int32,20635472,0,0,0,1,2
2010_population,M0664,string,int32,20635472,0,0,0,1,2
2010_population,M0665,string,int32,20635472,0,0,0,1,2
2010_population,M0667,string,int32,20635472,0,0,0,1,2
2010_population,M0668,string,int32,20635472,0,0,0,1,2
2010_population,M0669,string,int32,20635472,0,0,0,1,2
2010_population,M0670,string,int32,20635472,0,0,0,1,2
2010_population,M0671,string,int32,20635472,0,0,0,1,2
2010_population,M6033,string,int32,20635472,0,0,0,1,2
2010_population,M6121,string,int32,20635472,0,0,0,1,2
2010_population,M6222,string,int32,20635472,0,0,0,1,2
2010_population,M6224,string,int32,20635472,0,0,0,1,2
2010_population,M6252,string,int32,20635472,0,0,0,1,2
2010_population,M6254,string,int32,20635472,0,0,0,1,2
2010_population,M6256,string,int32,20635472,0,0,0,1,2
2010_population,M6262,string,int32,20635472,0,0,0,1,2
2010_population,M6264,string,int32,20635472,0,0,0,1,2
2010_population,M6266,string,int32,20635472,0,0,0,1,2
2010_population,M6352,string,int32,20635472,0,0,0,1,2
2010_population,M6354,string,int32,20635472,0,0,0,1,2
2010_population,M6356,string,int32,20635472,0,0,0,1,2
2010_population,M6362,string,int32,20635472,0,0,0,1,2
2010_population,M6364,string,int32,20635472,0,0,0,1,2
2010_population,M6366,string,int32,20635472,0,0,0,2,2
2010_population,M6461,string,int32,20635472,0,0,0,1,2
2010_population,M6462,string,int32,20635472,0,0,0,1,2
2010_population,M6471,string,int32,20635472,0,0,0,1,2
2010_population,M6472,string,int32,20635472,0,0,0,1,2
2010_population,M6511,string,int32,20635472,0,0,0,1,2
2010_population,M6521,string,int32,20635472,0,0,0,1,2
2010_population,M6591,string,int32,20635472,0,0,0,1,2
2010_population,M6602,string,int32,20635472,0,0,0,1,2
2010_population,M6604,string,int32,20635472,0,0,0,1,2
2010_population,M6606,string,int32,20635472,0,0,0,2,2
2010_population,M6631,string,int32,20635472,0,0,0,1,2
2010_population,M6632,string,int32,20635472,0,0,0,1,2
2010_population,M6633,string,int32,20635472,0,0,0,1,2
2010_population,M6641,string,int32,20635472,0,0,0,1,2
2010_population,M6642,string,int32,20635472,0,0,0,1,2
2010_population,M6643,string,int32,20635472,0,0,0,1,2
2010_population,M6660,string,int32,20635472,0,0,0,1,2
2010_population,M6681,string,int32,20635472,0,0,0,2,2
2010_population,M6682,string,int32,20635472,0,0,0,2,2
2010_population,M6691,string,int32,20635472,0,0,0,1,2
2010_population,M6692,string,int32,20635472,0,0,0,1,2
2010_population,M6693,string,int32,20635472,0,0,0,1,2
2010_population,M6800,string,int32,20635472,0,0,0,1,2
2010_population,V0001,string,int32,20635472,0,0,0,11,53
2010_population,V0002,string,int32,20635472,0,0,10616346,13,72202
2010_population,V0010,double,double,20635472,0,20635359,0,1.0000000000002,105.680103451216
2010_population,V0011,string,double,20635472,0,0,0,1100015001001,5300108005051
2010_population,V0300,double,int32,20635472,0,0,0,1,6192332
2010_population,V0502,string,int32,20635472,0,0,18661364,1,20
2010_population,V0504,string,int32,20635472,0,0,20540401,1,60
2010_population,V0601,string,int32,20635472,0,0,0,1,2
2010_population,V0604,string,int32,20635472,0,0,0,1,9
2010_population,V0605,string,int32,8433823,0,0,8428946,1,28
2010_population,V0606,string,int32,20635472,0,0,0,1,9
2010_population,V0613,string,int32,3604927,0,0,0,1,9
2010_population,V0614,string,int32,20635472,0,0,0,1,9
2010_population,V0615,string,int32,20635472,0,0,0,1,9
2010_population,V0616,string,int32,20635472,0,0,0,1,9
2010_population,V0617,string,int32,20635472,0,0,0,1,9
2010_population,V0618,string,int32,20635472,0,0,0,1,3
2010_population,V0619,string,int32,7582849,0,0,0,1,3
2010_population,V0620,string,int32,2724989,0,0,0,1,3
2010_population,V0621,string,int32,46196,0,0,0,1908,2010
2010_population,V0622,string,int32,2724989,0,0,0,1,2
2010_population,V0623,string,int32,3880903,0,0,3880869,0,110
2010_population,V0624,string,int32,8404971,0,0,8404942,0,108
2010_population,V0625,string,int32,3264468,0,0,0,1,2
2010_population,V0626,string,int32,2100081,0,0,0,1,2
2010_population,V0627,string,int32,19101734,0,0,0,1,2
2010_population,V0628,string,int32,20635472,0,0,0,1,4
2010_population,V0629,string,int32,6386972,0,0,6308979,1,12
2010_population,V0630,string,int32,3249015,0,0,3234498,1,10
2010_population,V0631,string,int32,925899,0,0,0,1,5
2010_population,V0632,string,int32,556058,0,0,0,1,2
2010_population,V0633,string,int32,11972446,0,0,7389944,1,14
2010_population,V0634,string,int32,8956940,0,0,0,1,2
2010_population,V0635,string,int32,1126886,0,0,0,1,3
2010_population,V0636,string,int32,6386972,0,0,0,1,3
2010_population,V0637,string,int32,17420766,0,0,0,1,3
2010_population,V0638,string,int32,316316,0,0,314639,1,99
2010_population,V0639,string,int32,8861748,0,0,0,1,4
2010_population,V0640,string,int32,17420766,0,0,0,1,5
2010_population,V0641,string,int32,17420766,0,0,0,1,2
2010_population,V0642,string,int32,9369514,0,0,0,1,2
2010_population,V0643,string,int32,9038607,0,0,0,1,2
2010_population,V0644,string,int32,8829183,0,0,0,1,2
2010_population,V0645,string,int32,8591583,0,0,0,1,2
2010_population,V0648,string,int32,8591583,0,0,0,1,7
2010_population,V0649,string,int32,159770,0,0,0,1,2
2010_population,V0650,string,int32,4245074,0,0,0,1,3
2010_population,V0651,string,int32,8406957,0,0,0,0,2
2010_population,V0652,string,int32,372594,0,0,0,0,2
2010_population,V0653,double,int32,9151107,0,0,0,1,140
2010_population,V0654,string,int32,8269659,0,0,0,1,2
2010_population,V0655,string,int32,739015,0,0,0,1,2
2010_population,V0656,string,int32,17420766,0,0,0,0,9
2010_population,V0657,string,int32,17420766,0,0,0,0,9
2010_population,V0658,string,int32,17420766,0,0,0,0,9
2010_population,V0659,string,int32,17420766,0,0,0,0,9
2010_population,V0660,string,int32,9151107,0,0,0,1,5
2010_population,V0661,string,int32,6897286,0,0,0,1,2
2010_population,V0662,string,int32,6434240,0,0,0,1,5
2010_population,V0663,string,int32,8817455,0,0,0,1,2
2010_population,V0664,string,int32,5553465,0,0,0,1,1
2010_population,V0665,string,int32,5553465,0,0,0,1,2
2010_population,V0667,string,int32,5553465,0,0,0,1,2
2010_population,V0668,string,int32,107135,0,0,0,1,2
2010_population,V0669,string,int32,8817455,0,0,0,1,2
2010_population,V0670,string,int32,20635472,0,0,0,1,9
2010_population,V0671,string,int32,12445963,0,0,12439288,1,40
2010_population,V1001,string,int32,20635472,0,0,0,1,5
2010_population,V1002,string,int32,20635472,0,0,17482763,1,15
2010_population,V1003,string,int32,20635472,0,0,20635472,1,66
2010_population,V1004,string,int32,20635472,0,0,14775493,0,42
2010_population,V1005,string,int32,20635472,0,0,0,1,8
2010_population,V1006,string,int32,20635472,0,0,0,1,2
2010_population,V5020,string,int32,20475882,0,0,20475882,1,9
2010_population,V5030,string,int32,20475882,0,0,0,1,3
2010_population,V5040,string,int32,20475882,0,0,0,0,1
2010_population,V5060,double,int32,20475882,0,0,0,1,60
2010_population,V5070,double,double,20475882,0,7703708,0,0,975000
2010_population,V5080,double,double,20475882,0,18721784,0,0,1911.76471
2010_population,V5090,string,int32,18462177,0,0,0,1,9
2010_population,V5100,string,int32,1190973,0,0,0,1,3
2010_population,V5110,string,int32,9151107,0,0,0,1,2
2010_population,V5120,string,int32,9151107,0,0,0,1,2
2010_population,V5130,string,int32,20475882,0,0,20444935,1,60
2010_population,V6033,double,int32,20635472,0,0,0,1,911
2010_population,V6036,double,int32,20635472,0,0,0,0,139
2010_population,V6037,double,int32,299588,0,0,0,0,11
2010_population,V6040,string,int32,20635472,0,0,0,1,2
2010_population,V6121,string,int32,20635472,0,0,1442267,0,999
2010_population,V6222,string,int32,2678793,0,0,0,1100000,9900000
2010_population,V6224,string,int32,46196,0,0,0,8000004,8000999
2010_population,V6252,string,int32,3223299,0,0,0,1100000,9900000
2010_population,V6254,string,int32,3222571,0,0,0,1100015,9999999
2010_population,V6256,string,int32,41169,0,0,0,8000004,8000999
2010_population,V6262,string,int32,2075052,0,0,0,1100000,9900000
2010_population,V6264,string,int32,2074232,0,0,0,1100015,9999999
2010_population,V6266,string,int32,25029,0,0,0,8000004,8000999
2010_population,V6352,string,int32,1072462,0,0,33847,85,863
2010_population,V6354,string,int32,39492,0,0,1969,97,863
2010_population,V6356,string,int32,14932,0,0,628,97,863
2010_population,V6362,string,int32,520229,0,0,0,1100000,9900000
2010_population,V6364,string,int32,519968,0,0,0,1100015,9999999
2010_population,V6366,string,int32,3056,0,0,0,8000012,8000999
2010_population,V6400,string,int32,20635472,0,0,0,1,5
2010_population,V6461,string,int32,9151107,0,0,665881,0,9629
2010_population,V6462,string,int32,9151107,0,0,677439,0,9922
2010_population,V6471,string,int32,9151107,0,0,2553457,0,99000
2010_population,V6472,string,int32,9151107,0,0,2513009,0,99000
2010_population,V6511,double,int32,8406957,0,0,0,0,952513
2010_population,V6513,double,int32,9151107,0,0,0,0,952513
2010_population,V6514,double,double,9151107,0,6661969,0,0,1867.67
2010_population,V6521,double,int32,372594,0,0,0,0,954010
2010_population,V6524,double,double,372594,0,277298,0,0,1870.60784
2010_population,V6525,double,int32,9151107,0,0,0,0,1906523
2010_population,V6526,double,double,9151107,0,6700773,0,0,3738.28039
2010_population,V6527,double,int32,17420766,0,0,0,0,1906523
2010_population,V6528,double,double,17420766,0,8673694,0,0,3738.28039
2010_population,V6529,double,int32,20564500,0,0,0,0,2006523
2010_population,V6530,double,double,20564500,0,17394702,0,0,3934.35882
2010_population,V6531,double,double,20564500,0,8395307,0,0,975000
2010_population,V6532,double,double,20564500,0,19123844,0,0,1911.76471
2010_population,V6591,double,int32,17420766,0,0,0,0,999996
2010_population,V6602,string,int32,1088349,0,0,0,1100000,9900000
2010_population,V6604,string,int32,1088349,0,0,0,1100015,9999999
2010_population,V6606,string,int32,3910,0,0,0,8000008,8000999
2010_population,V6631,double,int32,5553465,0,0,0,0,31
2010_population,V6632,double,int32,5553465,0,0,0,0,31
2010_population,V6633,double,int32,8817455,0,0,0,0,31
2010_population,V6641,double,int32,5553465,0,0,0,0,31
2010_population,V6642,double,int32,5553465,0,0,0,0,25
2010_population,V6643,double,int32,5553465,0,0,0,0,31
2010_population,V6660,double,int32,5553465,0,0,0,0,91
2010_population,V6664,string,int32,8817455,0,0,0,0,1
2010_population,V6681,string,int32,68772,0,0,51322,1,99
2010_population,V6682,string,int32,68791,0,0,0,1932,9999
2010_population,V6691,double,int32,475527,0,0,0,0,9
2010_population,V6692,double,int32,475527,0,0,0,0,9
2010_population,V6693,double,int32,8817455,0,0,0,0,9
2010_population,V6800,double,int32,8817603,0,0,0,0,31
2010_population,V6900,string,int32,17420766,0,0,0,1,2
2010_population,V6910,string,int32,9859100,0,0,0,1,2
2010_population,V6920,string,int32,17420766,0,0,0,1,2
2010_population,V6930,string,int32,9151107,0,0,0,1,7
2010_population,V6940,string,int32,6177365,0,0,0,1,5
2010_population,abbrev_state,string,string,20635472,20635472,0,0,,
2010_population,code_muni,double,int32,20635472,0,0,0,1100015,5300108
2010_population,code_region,double,int32,20635472,0,0,0,1,5
2010_population,code_state,double,int32,20635472,0,0,0,11,53
2010_population,code_weighting,double,double,20635472,0,0,0,1100015001001,5300108005051
2010_population,name_region,string,string,20635472,20635472,0,0,,
2010_population,name_state,string,string,20635472,20635472,0,0,,
2010_tracts_basico,Cod_Grandes Regiões,string,int32,310120,0,0,0,1,5
2010_tracts_basico,Cod_RM,string,int32,310120,0,0,0,0,42
2010_tracts_basico,Cod_UF,string,int32,310120,0,0,0,11,53
2010_tracts_basico,Cod_bairro,string,double,310120,0,0,0,1100015000,5300108000
2010_tracts_basico,Cod_distrito,string,int32,310120,0,0,0,110001505,530010805
2010_tracts_basico,Cod_meso,string,int32,310120,0,0,0,1101,5301
2010_tracts_basico,Cod_micro,string,int32,310120,0,0,0,11001,53001
2010_tracts_basico,Cod_municipio,string,int32,310120,0,0,0,1100015,5300108
2010_tracts_basico,Cod_setor,string,double,310120,0,0,0,110001505000001,530010805300158
2010_tracts_basico,Cod_subdistrito,string,double,310120,0,0,0,11000150500,53001080530
2010_tracts_basico,Nome_Grande_Regiao,string,string,310120,310120,0,0,,
2010_tracts_basico,Nome_da_RM,string,string,310120,310120,0,0,,
2010_tracts_basico,Nome_da_UF,string,string,310120,310120,0,0,,
2010_tracts_basico,Nome_da_meso,string,string,310120,310120,0,0,,
2010_tracts_basico,Nome_da_micro,string,string,310120,310120,0,0,,
2010_tracts_basico,Nome_do_bairro,string,string,310120,310034,0,0,1,249
2010_tracts_basico,Nome_do_distrito,string,string,310120,310120,0,0,,
2010_tracts_basico,Nome_do_municipio,string,string,310120,310120,0,0,,
2010_tracts_basico,Nome_do_subdistrito,string,string,310120,310114,0,0,2000,2000
2010_tracts_basico,Situacao_setor,string,int32,310120,0,0,0,1,8
2010_tracts_basico,V001,double,int32,309347,0,0,0,1,1861
2010_tracts_basico,V002,double,int32,309347,0,0,0,1,5315
2010_tracts_basico,V003,double,double,309347,0,302583,0,1,54
2010_tracts_basico,V004,double,double,309347,0,303660,0,0,220.69
2010_tracts_basico,V005,double,double,309347,0,300063,0,0,84006.67
2010_tracts_basico,V006,double,double,309347,0,301442,0,0,45663439232.58
2010_tracts_basico,V007,double,double,308993,0,298942,0,16.92,100808
2010_tracts_basico,V008,double,double,308993,0,300690,0,0,49798334170
2010_tracts_basico,V009,double,double,310117,0,304141,0,0,48093.81
2010_tracts_basico,V010,double,double,310117,0,304756,0,0,32720644596.52
2010_tracts_basico,V011,double,double,309749,0,302662,0,10,75093.84
2010_tracts_basico,V012,double,double,309749,0,303611,0,0,49120135320.79
2010_tracts_basico,abbrev_state,string,string,310120,310120,0,0,,
2010_tracts_basico,code_district,double,int32,310120,0,0,0,110001505,530010805
2010_tracts_basico,code_meso,double,int32,310120,0,0,0,1101,5301
2010_tracts_basico,code_metro,double,int32,310120,0,0,0,0,42
2010_tracts_basico,code_micro,double,int32,310120,0,0,0,11001,53001
2010_tracts_basico,code_muni,double,int32,310120,0,0,0,1100015,5300108
2010_tracts_basico,code_neighborhood,double,double,310120,0,0,0,1100015000,5300108000
2010_tracts_basico,code_region,double,int32,310120,0,0,0,1,5
2010_tracts_basico,code_situacao,double,int32,310120,0,0,0,1,8
2010_tracts_basico,code_state,double,int32,310120,0,0,0,11,53
2010_tracts_basico,code_subdistrict,double,double,310120,0,0,0,11000150500,53001080530
2010_tracts_basico,code_tract,double,double,310120,0,0,0,110001505000001,530010805300158
2010_tracts_basico,code_weighting,double,double,310120,0,0,0,1100015001001,5300108005051
2010_tracts_basico,name_district,string,string,310120,310120,0,0,,
2010_tracts_basico,name_meso,string,string,310120,310120,0,0,,
2010_tracts_basico,name_metro,string,string,310120,310120,0,0,,
2010_tracts_basico,name_micro,string,string,310120,310120,0,0,,
2010_tracts_basico,name_muni,string,string,310120,310120,0,0,,
2010_tracts_basico,name_neighborhood,string,string,310120,310034,0,0,1,249
2010_tracts_basico,name_region,string,string,310120,310120,0,0,,
2010_tracts_basico,name_state,string,string,310120,310120,0,0,,
2010_tracts_basico,name_subdistrict,string,string,310120,310114,0,0,2000,2000
2010_tracts_domicilio,Cod_setor,string,double,310120,0,0,0,110001505000001,530010805300158
2010_tracts_domicilio,abbrev_state,string,string,310120,310120,0,0,,
2010_tracts_domicilio,code_muni,double,int32,310120,0,0,0,1100015,5300108
2010_tracts_domicilio,code_region,double,int32,310120,0,0,0,1,5
2010_tracts_domicilio,code_situacao,double,int32,310120,0,0,0,1,8
2010_tracts_domicilio,code_state,double,int32,310120,0,0,0,11,53
2010_tracts_domicilio,code_tract,double,double,310120,0,0,0,110001505000001,530010805300158
2010_tracts_domicilio,code_weighting,double,double,310120,0,0,0,1100015001001,5300108005051
2010_tracts_domicilio,domicilio01_Situacao_setor,string,int32,310120,0,0,0,1,8
2010_tracts_domicilio,domicilio01_V001,double,int32,310120,0,0,0,1,4289
2010_tracts_domicilio,domicilio01_V002,double,int32,310120,0,0,0,0,1861
2010_tracts_domicilio,domicilio01_V003,double,int32,303818,0,0,0,0,1408
2010_tracts_domicilio,domicilio01_V004,double,int32,303818,0,0,0,0,934
2010_tracts_domicilio,domicilio01_V005,double,int32,303818,0,0,0,0,764
2010_tracts_domicilio,domicilio01_V006,double,int32,303818,0,0,0,0,1210
2010_tracts_domicilio,domicilio01_V007,double,int32,303818,0,0,0,0,747
2010_tracts_domicilio,domicilio01_V008,double,int32,303818,0,0,0,0,1124
2010_tracts_domicilio,domicilio01_V009,double,int32,303818,0,0,0,0,472
2010_tracts_domicilio,domicilio01_V010,double,int32,303818,0,0,0,0,482
2010_tracts_domicilio,domicilio01_V011,double,int32,303818,0,0,0,0,773
2010_tracts_domicilio,domicilio01_V012,double,int32,303818,0,0,0,0,1842
2010_tracts_domicilio,domicilio01_V013,double,int32,303818,0,0,0,0,789
2010_tracts_domicilio,domicilio01_V014,double,int32,303818,0,0,0,0,323
2010_tracts_domicilio,domicilio01_V015,double,int32,303818,0,0,0,0,840
2010_tracts_domicilio,domicilio01_V016,double,int32,303818,0,0,0,0,1861
2010_tracts_domicilio,domicilio01_V017,double,int32,303818,0,0,0,0,1700
2010_tracts_domicilio,domicilio01_V018,double,int32,303818,0,0,0,0,799
2010_tracts_domicilio,domicilio01_V019,double,int32,303818,0,0,0,0,1059
2010_tracts_domicilio,domicilio01_V020,double,int32,303818,0,0,0,0,649
2010_tracts_domicilio,domicilio01_V021,double,int32,303818,0,0,0,0,688
2010_tracts_domicilio,domicilio01_V022,double,int32,303818,0,0,0,0,656
2010_tracts_domicilio,domicilio01_V023,double,int32,303818,0,0,0,0,680
2010_tracts_domicilio,domicilio01_V024,double,int32,303818,0,0,0,0,1850
2010_tracts_domicilio,domicilio01_V025,double,int32,303818,0,0,0,0,1760
2010_tracts_domicilio,domicilio01_V026,double,int32,303818,0,0,0,0,744
2010_tracts_domicilio,domicilio01_V027,double,int32,303818,0,0,0,0,559
2010_tracts_domicilio,domicilio01_V028,double,int32,303818,0,0,0,0,329
2010_tracts_domicilio,domicilio01_V029,double,int32,303818,0,0,0,0,367
2010_tracts_domicilio,domicilio01_V030,double,int32,303818,0,0,0,0,196
2010_tracts_domicilio,domicilio01_V031,double,int32,303818,0,0,0,0,92
2010_tracts_domicilio,domicilio01_V032,double,int32,303818,0,0,0,0,54
2010_tracts_domicilio,domicilio01_V033,double,int32,303818,0,0,0,0,141
2010_tracts_domicilio,domicilio01_V034,double,int32,303818,0,0,0,0,681
2010_tracts_domicilio,domicilio01_V035,double,int32,303818,0,0,0,0,1670
2010_tracts_domicilio,domicilio01_V036,double,int32,303818,0,0,0,0,1290
2010_tracts_domicilio,domicilio01_V037,double,int32,303818,0,0,0,0,917
2010_tracts_domicilio,domicilio01_V038,double,int32,303818,0,0,0,0,624
2010_tracts_domicilio,domicilio01_V039,double,int32,303818,0,0,0,0,163
2010_tracts_domicilio,domicilio01_V040,double,int32,303818,0,0,0,0,644
2010_tracts_domicilio,domicilio01_V041,double,int32,303818,0,0,0,0,368
2010_tracts_domicilio,domicilio01_V042,double,int32,303818,0,0,0,0,498
2010_tracts_domicilio,domicilio01_V043,double,int32,303818,0,0,0,0,1861
2010_tracts_domicilio,domicilio01_V044,double,int32,303818,0,0,0,0,1804
2010_tracts_domicilio,domicilio01_V045,double,int32,303818,0,0,0,0,498
2010_tracts_domicilio,domicilio01_V046,double,int32,303818,0,0,0,0,680
2010_tracts_domicilio,domicilio01_V047,double,int32,303818,0,0,0,0,1289
2010_tracts_domicilio,domicilio01_V048,double,int32,303818,0,0,0,0,434
2010_tracts_domicilio,domicilio01_V049,double,int32,303818,0,0,0,0,696
2010_tracts_domicilio,domicilio01_V050,double,int32,303818,0,0,0,0,407
2010_tracts_domicilio,domicilio01_V051,double,int32,303818,0,0,0,0,555
2010_tracts_domicilio,domicilio01_V052,double,int32,303818,0,0,0,0,485
2010_tracts_domicilio,domicilio01_V053,double,int32,303818,0,0,0,0,369
2010_tracts_domicilio,domicilio01_V054,double,int32,303818,0,0,0,0,312
2010_tracts_domicilio,domicilio01_V055,double,int32,303818,0,0,0,0,194
2010_tracts_domicilio,domicilio01_V056,double,int32,303818,0,0,0,0,73
2010_tracts_domicilio,domicilio01_V057,double,int32,303818,0,0,0,0,139
2010_tracts_domicilio,domicilio01_V058,double,int32,303818,0,0,0,0,90
2010_tracts_domicilio,domicilio01_V059,double,int32,303818,0,0,0,0,158
2010_tracts_domicilio,domicilio01_V060,double,int32,303818,0,0,0,0,285
2010_tracts_domicilio,domicilio01_V061,double,int32,303818,0,0,0,0,223
2010_tracts_domicilio,domicilio01_V062,double,int32,303818,0,0,0,0,320
2010_tracts_domicilio,domicilio01_V063,double,int32,303818,0,0,0,0,284
2010_tracts_domicilio,domicilio01_V064,double,int32,303818,0,0,0,0,265
2010_tracts_domicilio,domicilio01_V065,double,int32,303818,0,0,0,0,273
2010_tracts_domicilio,domicilio01_V066,double,int32,303818,0,0,0,0,172
2010_tracts_domicilio,domicilio01_V067,double,int32,303818,0,0,0,0,347
2010_tracts_domicilio,domicilio01_V068,double,int32,303818,0,0,0,0,213
2010_tracts_domicilio,domicilio01_V069,double,int32,303818,0,0,0,0,60
2010_tracts_domicilio,domicilio01_V070,double,int32,303818,0,0,0,0,80
2010_tracts_domicilio,domicilio01_V071,double,int32,303818,0,0,0,0,47
2010_tracts_domicilio,domicilio01_V072,double,int32,303818,0,0,0,0,24
2010_tracts_domicilio,domicilio01_V073,double,int32,303818,0,0,0,0,13
2010_tracts_domicilio,domicilio01_V074,double,int32,303818,0,0,0,0,29
2010_tracts_domicilio,domicilio01_V075,double,int32,303818,0,0,0,0,277
2010_tracts_domicilio,domicilio01_V076,double,int32,303818,0,0,0,0,139
2010_tracts_domicilio,domicilio01_V077,double,int32,303818,0,0,0,0,69
2010_tracts_domicilio,domicilio01_V078,double,int32,303818,0,0,0,0,42
2010_tracts_domicilio,domicilio01_V079,double,int32,303818,0,0,0,0,25
2010_tracts_domicilio,domicilio01_V080,double,int32,303818,0,0,0,0,13
2010_tracts_domicilio,domicilio01_V081,double,int32,303818,0,0,0,0,235
2010_tracts_domicilio,domicilio01_V082,double,int32,303818,0,0,0,0,238
2010_tracts_domicilio,domicilio01_V083,double,int32,303818,0,0,0,0,245
2010_tracts_domicilio,domicilio01_V084,double,int32,303818,0,0,0,0,153
2010_tracts_domicilio,domicilio01_V085,double,int32,303818,0,0,0,0,106
2010_tracts_domicilio,domicilio01_V086,double,int32,303818,0,0,0,0,89
2010_tracts_domicilio,domicilio01_V087,double,int32,303818,0,0,0,0,208
2010_tracts_domicilio,domicilio01_V088,double,int32,303818,0,0,0,0,174
2010_tracts_domicilio,domicilio01_V089,double,int32,303818,0,0,0,0,88
2010_tracts_domicilio,domicilio01_V090,double,int32,303818,0,0,0,0,39
2010_tracts_domicilio,domicilio01_V091,double,int32,303818,0,0,0,0,25
2010_tracts_domicilio,domicilio01_V092,double,int32,303818,0,0,0,0,8
2010_tracts_domicilio,domicilio01_V093,double,int32,303818,0,0,0,0,7
2010_tracts_domicilio,domicilio01_V094,double,int32,303818,0,0,0,0,98
2010_tracts_domicilio,domicilio01_V095,double,int32,303818,0,0,0,0,42
2010_tracts_domicilio,domicilio01_V096,double,int32,303818,0,0,0,0,24
2010_tracts_domicilio,domicilio01_V097,double,int32,303818,0,0,0,0,7
2010_tracts_domicilio,domicilio01_V098,double,int32,303818,0,0,0,0,5
2010_tracts_domicilio,domicilio01_V099,double,int32,303818,0,0,0,0,14
2010_tracts_domicilio,domicilio01_V100,double,int32,303818,0,0,0,0,1088
2010_tracts_domicilio,domicilio01_V101,double,int32,303818,0,0,0,0,744
2010_tracts_domicilio,domicilio01_V102,double,int32,303818,0,0,0,0,881
2010_tracts_domicilio,domicilio01_V103,double,int32,303818,0,0,0,0,409
2010_tracts_domicilio,domicilio01_V104,double,int32,303818,0,0,0,0,482
2010_tracts_domicilio,domicilio01_V105,double,int32,303818,0,0,0,0,773
2010_tracts_domicilio,domicilio01_V106,double,int32,303818,0,0,0,0,1380
2010_tracts_domicilio,domicilio01_V107,double,int32,303818,0,0,0,0,713
2010_tracts_domicilio,domicilio01_V108,double,int32,303818,0,0,0,0,323
2010_tracts_domicilio,domicilio01_V109,double,int32,303818,0,0,0,0,816
2010_tracts_domicilio,domicilio01_V110,double,int32,303818,0,0,0,0,1408
2010_tracts_domicilio,domicilio01_V111,double,int32,303818,0,0,0,0,979
2010_tracts_domicilio,domicilio01_V112,double,int32,303818,0,0,0,0,798
2010_tracts_domicilio,domicilio01_V113,double,int32,303818,0,0,0,0,1047
2010_tracts_domicilio,domicilio01_V114,double,int32,303818,0,0,0,0,649
2010_tracts_domicilio,domicilio01_V115,double,int32,303818,0,0,0,0,674
2010_tracts_domicilio,domicilio01_V116,double,int32,303818,0,0,0,0,656
2010_tracts_domicilio,domicilio01_V117,double,int32,303818,0,0,0,0,361
2010_tracts_domicilio,domicilio01_V118,double,int32,303818,0,0,0,0,1389
2010_tracts_domicilio,domicilio01_V119,double,int32,303818,0,0,0,0,1258
2010_tracts_domicilio,domicilio01_V120,double,int32,303818,0,0,0,0,454
2010_tracts_domicilio,domicilio01_V121,double,int32,303818,0,0,0,0,201
2010_tracts_domicilio,domicilio01_V122,double,int32,303818,0,0,0,0,419
2010_tracts_domicilio,domicilio01_V123,double,int32,303818,0,0,0,0,586
2010_tracts_domicilio,domicilio01_V124,double,int32,303818,0,0,0,0,1306
2010_tracts_domicilio,domicilio01_V125,double,int32,303818,0,0,0,0,1252
2010_tracts_domicilio,domicilio01_V126,double,int32,303818,0,0,0,0,914
2010_tracts_domicilio,domicilio01_V127,double,int32,303818,0,0,0,0,624
2010_tracts_domicilio,domicilio01_V128,double,int32,303818,0,0,0,0,163
2010_tracts_domicilio,domicilio01_V129,double,int32,303818,0,0,0,0,644
2010_tracts_domicilio,domicilio01_V130,double,int32,303818,0,0,0,0,201
2010_tracts_domicilio,domicilio01_V131,double,int32,303818,0,0,0,0,298
2010_tracts_domicilio,domicilio01_V132,double,int32,303818,0,0,0,0,1405
2010_tracts_domicilio,domicilio01_V133,double,int32,303818,0,0,0,0,1387
2010_tracts_domicilio,domicilio01_V134,double,int32,303818,0,0,0,0,498
2010_tracts_domicilio,domicilio01_V135,double,int32,303818,0,0,0,0,499
2010_tracts_domicilio,domicilio01_V136,double,int32,303818,0,0,0,0,1257
2010_tracts_domicilio,domicilio01_V137,double,int32,303818,0,0,0,0,425
2010_tracts_domicilio,domicilio01_V138,double,int32,303818,0,0,0,0,630
2010_tracts_domicilio,domicilio01_V139,double,int32,303818,0,0,0,0,576
2010_tracts_domicilio,domicilio01_V140,double,int32,303818,0,0,0,0,468
2010_tracts_domicilio,domicilio01_V141,double,int32,303818,0,0,0,0,314
2010_tracts_domicilio,domicilio01_V142,double,int32,303818,0,0,0,0,284
2010_tracts_domicilio,domicilio01_V143,double,int32,303818,0,0,0,0,293
2010_tracts_domicilio,domicilio01_V144,double,int32,303818,0,0,0,0,136
2010_tracts_domicilio,domicilio01_V145,double,int32,303818,0,0,0,0,933
2010_tracts_domicilio,domicilio01_V146,double,int32,303818,0,0,0,0,303
2010_tracts_domicilio,domicilio01_V147,double,int32,303818,0,0,0,0,65
2010_tracts_domicilio,domicilio01_V148,double,int32,303818,0,0,0,0,356
2010_tracts_domicilio,domicilio01_V149,double,int32,303818,0,0,0,0,934
2010_tracts_domicilio,domicilio01_V150,double,int32,303818,0,0,0,0,934
2010_tracts_domicilio,domicilio01_V151,double,int32,303818,0,0,0,0,428
2010_tracts_domicilio,domicilio01_V152,double,int32,303818,0,0,0,0,336
2010_tracts_domicilio,domicilio01_V153,double,int32,303818,0,0,0,0,195
2010_tracts_domicilio,domicilio01_V154,double,int32,303818,0,0,0,0,305
2010_tracts_domicilio,domicilio01_V155,double,int32,303818,0,0,0,0,227
2010_tracts_domicilio,domicilio01_V156,double,int32,303818,0,0,0,0,140
2010_tracts_domicilio,domicilio01_V157,double,int32,303818,0,0,0,0,934
2010_tracts_domicilio,domicilio01_V158,double,int32,303818,0,0,0,0,558
2010_tracts_domicilio,domicilio01_V159,double,int32,303818,0,0,0,0,728
2010_tracts_domicilio,domicilio01_V160,double,int32,303818,0,0,0,0,303
2010_tracts_domicilio,domicilio01_V161,double,int32,303818,0,0,0,0,365
2010_tracts_domicilio,domicilio01_V162,double,int32,303818,0,0,0,0,320
2010_tracts_domicilio,domicilio01_V163,double,int32,303818,0,0,0,0,934
2010_tracts_domicilio,domicilio01_V164,double,int32,303818,0,0,0,0,934
2010_tracts_domicilio,domicilio01_V165,double,int32,303818,0,0,0,0,443
2010_tracts_domicilio,domicilio01_V166,double,int32,303818,0,0,0,0,369
2010_tracts_domicilio,domicilio01_V167,double,int32,303818,0,0,0,0,56
2010_tracts_domicilio,domicilio01_V168,double,int32,303818,0,0,0,0,248
2010_tracts_domicilio,domicilio01_V169,double,int32,303818,0,0,0,0,30
2010_tracts_domicilio,domicilio01_V170,double,int32,303818,0,0,0,0,195
2010_tracts_domicilio,domicilio01_V171,double,int32,303818,0,0,0,0,934
2010_tracts_domicilio,domicilio01_V172,double,int32,303818,0,0,0,0,934
2010_tracts_domicilio,domicilio01_V173,double,int32,303818,0,0,0,0,407
2010_tracts_domicilio,domicilio01_V174,double,int32,303818,0,0,0,0,285
2010_tracts_domicilio,domicilio01_V175,double,int32,303818,0,0,0,0,934
2010_tracts_domicilio,domicilio01_V176,double,int32,303818,0,0,0,0,225
2010_tracts_domicilio,domicilio01_V177,double,int32,303818,0,0,0,0,294
2010_tracts_domicilio,domicilio01_V178,double,int32,303818,0,0,0,0,662
2010_tracts_domicilio,domicilio01_V179,double,int32,303818,0,0,0,0,617
2010_tracts_domicilio,domicilio01_V180,double,int32,303818,0,0,0,0,541
2010_tracts_domicilio,domicilio01_V181,double,int32,303818,0,0,0,0,350
2010_tracts_domicilio,domicilio01_V182,double,int32,303818,0,0,0,0,249
2010_tracts_domicilio,domicilio01_V183,double,int32,303818,0,0,0,0,249
2010_tracts_domicilio,domicilio01_V184,double,int32,303818,0,0,0,0,762
2010_tracts_domicilio,domicilio01_V185,double,int32,303818,0,0,0,0,542
2010_tracts_domicilio,domicilio01_V186,double,int32,303818,0,0,0,0,14
2010_tracts_domicilio,domicilio01_V187,double,int32,303818,0,0,0,0,227
2010_tracts_domicilio,domicilio01_V188,double,int32,303818,0,0,0,0,764
2010_tracts_domicilio,domicilio01_V189,double,int32,303818,0,0,0,0,754
2010_tracts_domicilio,domicilio01_V190,double,int32,303818,0,0,0,0,446
2010_tracts_domicilio,domicilio01_V191,double,int32,303818,0,0,0,0,383
2010_tracts_domicilio,domicilio01_V192,double,int32,303818,0,0,0,0,308
2010_tracts_domicilio,domicilio01_V193,double,int32,303818,0,0,0,0,245
2010_tracts_domicilio,domicilio01_V194,double,int32,303818,0,0,0,0,173
2010_tracts_domicilio,domicilio01_V195,double,int32,303818,0,0,0,0,32
2010_tracts_domicilio,domicilio01_V196,double,int32,303818,0,0,0,0,764
2010_tracts_domicilio,domicilio01_V197,double,int32,303818,0,0,0,0,748
2010_tracts_domicilio,domicilio01_V198,double,int32,303818,0,0,0,0,519
2010_tracts_domicilio,domicilio01_V199,double,int32,303818,0,0,0,0,556
2010_tracts_domicilio,domicilio01_V200,double,int32,303818,0,0,0,0,495
2010_tracts_domicilio,domicilio01_V201,double,int32,303818,0,0,0,0,272
2010_tracts_domicilio,domicilio01_V202,double,int32,303818,0,0,0,0,764
2010_tracts_domicilio,domicilio01_V203,double,int32,303818,0,0,0,0,703
2010_tracts_domicilio,domicilio01_V204,double,int32,303818,0,0,0,0,604
2010_tracts_domicilio,domicilio01_V205,double,int32,303818,0,0,0,0,16
2010_tracts_domicilio,domicilio01_V206,double,int32,303818,0,0,0,0,23
2010_tracts_domicilio,domicilio01_V207,double,int32,303818,0,0,0,0,244
2010_tracts_domicilio,domicilio01_V208,double,int32,303818,0,0,0,0,8
2010_tracts_domicilio,domicilio01_V209,double,int32,303818,0,0,0,0,264
2010_tracts_domicilio,domicilio01_V210,double,int32,303818,0,0,0,0,764
2010_tracts_domicilio,domicilio01_V211,double,int32,303818,0,0,0,0,764
2010_tracts_domicilio,domicilio01_V212,double,int32,303818,0,0,0,0,294
2010_tracts_domicilio,domicilio01_V213,double,int32,303818,0,0,0,0,5
2010_tracts_domicilio,domicilio01_V214,double,int32,303818,0,0,0,0,711
2010_tracts_domicilio,domicilio01_V215,double,int32,303818,0,0,0,0,424
2010_tracts_domicilio,domicilio01_V216,double,int32,303818,0,0,0,0,329
2010_tracts_domicilio,domicilio01_V217,double,int32,303818,0,0,0,0,1654
2010_tracts_domicilio,domicilio01_V218,double,int32,303818,0,0,0,0,686
2010_tracts_domicilio,domicilio01_V219,double,int32,303818,0,0,0,0,214
2010_tracts_domicilio,domicilio01_V220,double,int32,303818,0,0,0,0,740
2010_tracts_domicilio,domicilio01_V221,double,int32,303818,0,0,0,0,1670
2010_tracts_domicilio,domicilio01_V222,double,int32,303818,0,0,0,0,1546
2010_tracts_domicilio,domicilio01_V223,double,int32,303818,0,0,0,0,798
2010_tracts_domicilio,domicilio01_V224,double,int32,303818,0,0,0,0,1052
2010_tracts_domicilio,domicilio01_V225,double,int32,303818,0,0,0,0,649
2010_tracts_domicilio,domicilio01_V226,double,int32,303818,0,0,0,0,673
2010_tracts_domicilio,domicilio01_V227,double,int32,303818,0,0,0,0,646
2010_tracts_domicilio,domicilio01_V228,double,int32,303818,0,0,0,0,220
2010_tracts_domicilio,domicilio01_V229,double,int32,303818,0,0,0,0,1660
2010_tracts_domicilio,domicilio01_V230,double,int32,303818,0,0,0,0,480
2010_tracts_domicilio,domicilio01_V231,double,int32,303818,0,0,0,0,546
2010_tracts_domicilio,domicilio01_V232,double,int32,303818,0,0,0,0,323
2010_tracts_domicilio,domicilio01_V233,double,int32,303818,0,0,0,0,682
2010_tracts_domicilio,domicilio01_V234,double,int32,303818,0,0,0,0,655
2010_tracts_domicilio,domicilio01_V235,double,int32,303818,0,0,0,0,438
2010_tracts_domicilio,domicilio01_V236,double,int32,303818,0,0,0,0,396
2010_tracts_domicilio,domicilio01_V237,double,int32,303818,0,0,0,0,559
2010_tracts_domicilio,domicilio01_V238,double,int32,303818,0,0,0,0,492
2010_tracts_domicilio,domicilio01_V239,double,int32,303818,0,0,0,0,424
2010_tracts_domicilio,domicilio01_V240,double,int32,303818,0,0,0,0,517
2010_tracts_domicilio,domicilio01_V241,double,int32,303818,0,0,0,0,679
2010_tracts_domicilio,domicilio02_Situacao_setor,string,int32,310120,0,0,0,1,8
2010_tracts_domicilio,domicilio02_V001,double,int32,310120,0,0,0,1,5315
2010_tracts_domicilio,domicilio02_V002,double,int32,303818,0,0,0,0,5315
2010_tracts_domicilio,domicilio02_V003,double,int32,303818,0,0,0,0,4906
2010_tracts_domicilio,domicilio02_V004,double,int32,303818,0,0,0,0,2574
2010_tracts_domicilio,domicilio02_V005,double,int32,303818,0,0,0,0,2592
2010_tracts_domicilio,domicilio02_V006,double,int32,303818,0,0,0,0,4782
2010_tracts_domicilio,domicilio02_V007,double,int32,303818,0,0,0,0,2521
2010_tracts_domicilio,domicilio02_V008,double,int32,303818,0,0,0,0,3023
2010_tracts_domicilio,domicilio02_V009,double,int32,303818,0,0,0,0,2459
2010_tracts_domicilio,domicilio02_V010,double,int32,303818,0,0,0,0,2062
2010_tracts_domicilio,domicilio02_V011,double,int32,303818,0,0,0,0,2519
2010_tracts_domicilio,domicilio02_V012,double,int32,303818,0,0,0,0,5255
2010_tracts_domicilio,domicilio02_V013,double,int32,303818,0,0,0,0,2913
2010_tracts_domicilio,domicilio02_V014,double,int32,303818,0,0,0,0,1733
2010_tracts_domicilio,domicilio02_V015,double,int32,303818,0,0,0,0,4217
2010_tracts_domicilio,domicilio02_V016,double,int32,303818,0,0,0,0,5315
2010_tracts_domicilio,domicilio02_V017,double,int32,303818,0,0,0,0,4837
2010_tracts_domicilio,domicilio02_V018,double,int32,303818,0,0,0,0,2990
2010_tracts_domicilio,domicilio02_V019,double,int32,303818,0,0,0,0,4463
2010_tracts_domicilio,domicilio02_V020,double,int32,303818,0,0,0,0,2692
2010_tracts_domicilio,domicilio02_V021,double,int32,303818,0,0,0,0,2655
2010_tracts_domicilio,domicilio02_V022,double,int32,303818,0,0,0,0,3881
2010_tracts_domicilio,domicilio02_V023,double,int32,303818,0,0,0,0,3704
2010_tracts_domicilio,domicilio02_V024,double,int32,303818,0,0,0,0,5280
2010_tracts_domicilio,domicilio02_V025,double,int32,303818,0,0,0,0,4943
2010_tracts_domicilio,domicilio02_V026,double,int32,303818,0,0,0,0,2146
2010_tracts_domicilio,domicilio02_V027,double,int32,303818,0,0,0,0,1932
2010_tracts_domicilio,domicilio02_V028,double,int32,303818,0,0,0,0,1888
2010_tracts_domicilio,domicilio02_V029,double,int32,303818,0,0,0,0,3719
2010_tracts_domicilio,domicilio02_V030,double,int32,303818,0,0,0,0,4926
2010_tracts_domicilio,domicilio02_V031,double,int32,303818,0,0,0,0,3864
2010_tracts_domicilio,domicilio02_V032,double,int32,303818,0,0,0,0,3306
2010_tracts_domicilio,domicilio02_V033,double,int32,303818,0,0,0,0,2920
2010_tracts_domicilio,domicilio02_V034,double,int32,303818,0,0,0,0,739
2010_tracts_domicilio,domicilio02_V035,double,int32,303818,0,0,0,0,4823
2010_tracts_domicilio,domicilio02_V036,double,int32,303818,0,0,0,0,1465
2010_tracts_domicilio,domicilio02_V037,double,int32,303818,0,0,0,0,2735
2010_tracts_domicilio,domicilio02_V038,double,int32,303818,0,0,0,0,5315
2010_tracts_domicilio,domicilio02_V039,double,int32,303818,0,0,0,0,5234
2010_tracts_domicilio,domicilio02_V040,double,int32,303818,0,0,0,0,2218
2010_tracts_domicilio,domicilio02_V041,double,int32,303818,0,0,0,0,3709
2010_tracts_domicilio,domicilio02_V042,double,int32,303818,0,0,0,0,4843
2010_tracts_domicilio,domicilio02_V043,double,int32,303818,0,0,0,0,1703
2010_tracts_domicilio,domicilio02_V044,double,int32,303818,0,0,0,0,2774
2010_tracts_domicilio,domicilio02_V045,double,int32,310120,0,0,0,0,4289
2010_tracts_domicilio,domicilio02_V046,double,int32,303818,0,0,0,0,2662
2010_tracts_domicilio,domicilio02_V047,double,int32,303818,0,0,0,0,2458
2010_tracts_domicilio,domicilio02_V048,double,int32,303818,0,0,0,0,1178
2010_tracts_domicilio,domicilio02_V049,double,int32,303818,0,0,0,0,1270
2010_tracts_domicilio,domicilio02_V050,double,int32,303818,0,0,0,0,2382
2010_tracts_domicilio,domicilio02_V051,double,int32,303818,0,0,0,0,1251
2010_tracts_domicilio,domicilio02_V052,double,int32,303818,0,0,0,0,1523
2010_tracts_domicilio,domicilio02_V053,double,int32,303818,0,0,0,0,1448
2010_tracts_domicilio,domicilio02_V054,double,int32,303818,0,0,0,0,1042
2010_tracts_domicilio,domicilio02_V055,double,int32,303818,0,0,0,0,1244
2010_tracts_domicilio,domicilio02_V056,double,int32,303818,0,0,0,0,2621
2010_tracts_domicilio,domicilio02_V057,double,int32,303818,0,0,0,0,1546
2010_tracts_domicilio,domicilio02_V058,double,int32,303818,0,0,0,0,873
2010_tracts_domicilio,domicilio02_V059,double,int32,303818,0,0,0,0,2085
2010_tracts_domicilio,domicilio02_V060,double,int32,303818,0,0,0,0,2653
2010_tracts_domicilio,domicilio02_V061,double,int32,303818,0,0,0,0,2418
2010_tracts_domicilio,domicilio02_V062,double,int32,303818,0,0,0,0,1608
2010_tracts_domicilio,domicilio02_V063,double,int32,303818,0,0,0,0,2447
2010_tracts_domicilio,domicilio02_V064,double,int32,303818,0,0,0,0,1457
2010_tracts_domicilio,domicilio02_V065,double,int32,303818,0,0,0,0,1304
2010_tracts_domicilio,domicilio02_V066,double,int32,303818,0,0,0,0,1918
2010_tracts_domicilio,domicilio02_V067,double,int32,303818,0,0,0,0,1897
2010_tracts_domicilio,domicilio02_V068,double,int32,303818,0,0,0,0,2639
2010_tracts_domicilio,domicilio02_V069,double,int32,303818,0,0,0,0,2459
2010_tracts_domicilio,domicilio02_V070,double,int32,303818,0,0,0,0,982
2010_tracts_domicilio,domicilio02_V071,double,int32,303818,0,0,0,0,919
2010_tracts_domicilio,domicilio02_V072,double,int32,303818,0,0,0,0,907
2010_tracts_domicilio,domicilio02_V073,double,int32,303818,0,0,0,0,1904
2010_tracts_domicilio,domicilio02_V074,double,int32,303818,0,0,0,0,2381
2010_tracts_domicilio,domicilio02_V075,double,int32,303818,0,0,0,0,1837
2010_tracts_domicilio,domicilio02_V076,double,int32,303818,0,0,0,0,1515
2010_tracts_domicilio,domicilio02_V077,double,int32,303818,0,0,0,0,1553
2010_tracts_domicilio,domicilio02_V078,double,int32,303818,0,0,0,0,391
2010_tracts_domicilio,domicilio02_V079,double,int32,303818,0,0,0,0,2414
2010_tracts_domicilio,domicilio02_V080,double,int32,303818,0,0,0,0,710
2010_tracts_domicilio,domicilio02_V081,double,int32,303818,0,0,0,0,1403
2010_tracts_domicilio,domicilio02_V082,double,int32,303818,0,0,0,0,2653
2010_tracts_domicilio,domicilio02_V083,double,int32,303818,0,0,0,0,2571
2010_tracts_domicilio,domicilio02_V084,double,int32,303818,0,0,0,0,1237
2010_tracts_domicilio,domicilio02_V085,double,int32,303818,0,0,0,0,1902
2010_tracts_domicilio,domicilio02_V086,double,int32,303818,0,0,0,0,2424
2010_tracts_domicilio,domicilio02_V087,double,int32,303818,0,0,0,0,919
2010_tracts_domicilio,domicilio02_V088,double,int32,303818,0,0,0,0,1407
2010_tracts_domicilio,domicilio02_V089,double,int32,310120,0,0,0,0,2778
2010_tracts_domicilio,domicilio02_V090,double,int32,303818,0,0,0,0,2778
2010_tracts_domicilio,domicilio02_V091,double,int32,303818,0,0,0,0,2517
2010_tracts_domicilio,domicilio02_V092,double,int32,303818,0,0,0,0,1396
2010_tracts_domicilio,domicilio02_V093,double,int32,303818,0,0,0,0,1322
2010_tracts_domicilio,domicilio02_V094,double,int32,303818,0,0,0,0,2400
2010_tracts_domicilio,domicilio02_V095,double,int32,303818,0,0,0,0,1307
2010_tracts_domicilio,domicilio02_V096,double,int32,303818,0,0,0,0,1500
2010_tracts_domicilio,domicilio02_V097,double,int32,303818,0,0,0,0,1184
2010_tracts_domicilio,domicilio02_V098,double,int32,303818,0,0,0,0,1020
2010_tracts_domicilio,domicilio02_V099,double,int32,303818,0,0,0,0,1275
2010_tracts_domicilio,domicilio02_V100,double,int32,303818,0,0,0,0,2715
2010_tracts_domicilio,domicilio02_V101,double,int32,303818,0,0,0,0,1388
2010_tracts_domicilio,domicilio02_V102,double,int32,303818,0,0,0,0,860
2010_tracts_domicilio,domicilio02_V103,double,int32,303818,0,0,0,0,2132
2010_tracts_domicilio,domicilio02_V104,double,int32,303818,0,0,0,0,2778
2010_tracts_domicilio,domicilio02_V105,double,int32,303818,0,0,0,0,2419
2010_tracts_domicilio,domicilio02_V106,double,int32,303818,0,0,0,0,1460
2010_tracts_domicilio,domicilio02_V107,double,int32,303818,0,0,0,0,2016
2010_tracts_domicilio,domicilio02_V108,double,int32,303818,0,0,0,0,1266
2010_tracts_domicilio,domicilio02_V109,double,int32,303818,0,0,0,0,1351
2010_tracts_domicilio,domicilio02_V110,double,int32,303818,0,0,0,0,1963
2010_tracts_domicilio,domicilio02_V111,double,int32,303818,0,0,0,0,1807
2010_tracts_domicilio,domicilio02_V112,double,int32,303818,0,0,0,0,2746
2010_tracts_domicilio,domicilio02_V113,double,int32,303818,0,0,0,0,2505
2010_tracts_domicilio,domicilio02_V114,double,int32,303818,0,0,0,0,1164
2010_tracts_domicilio,domicilio02_V115,double,int32,303818,0,0,0,0,1013
2010_tracts_domicilio,domicilio02_V116,double,int32,303818,0,0,0,0,981
2010_tracts_domicilio,domicilio02_V117,double,int32,303818,0,0,0,0,1880
2010_tracts_domicilio,domicilio02_V118,double,int32,303818,0,0,0,0,2584
2010_tracts_domicilio,domicilio02_V119,double,int32,303818,0,0,0,0,2028
2010_tracts_domicilio,domicilio02_V120,double,int32,303818,0,0,0,0,1791
2010_tracts_domicilio,domicilio02_V121,double,int32,303818,0,0,0,0,1367
2010_tracts_domicilio,domicilio02_V122,double,int32,303818,0,0,0,0,348
2010_tracts_domicilio,domicilio02_V123,double,int32,303818,0,0,0,0,2409
2010_tracts_domicilio,domicilio02_V124,double,int32,303818,0,0,0,0,755
2010_tracts_domicilio,domicilio02_V125,double,int32,303818,0,0,0,0,1332
2010_tracts_domicilio,domicilio02_V126,double,int32,303818,0,0,0,0,2777
2010_tracts_domicilio,domicilio02_V127,double,int32,303818,0,0,0,0,2747
2010_tracts_domicilio,domicilio02_V128,double,int32,303818,0,0,0,0,1265
2010_tracts_domicilio,domicilio02_V129,double,int32,303818,0,0,0,0,1807
2010_tracts_domicilio,domicilio02_V130,double,int32,303818,0,0,0,0,2419
2010_tracts_domicilio,domicilio02_V131,double,int32,303818,0,0,0,0,903
2010_tracts_domicilio,domicilio02_V132,double,int32,303818,0,0,0,0,1367
2010_tracts_domicilio,name_region,string,string,310120,310120,0,0,,
2010_tracts_domicilio,name_state,string,string,310120,310120,0,0,,
2010_tracts_domiciliorenda,Cod_setor,string,double,310120,0,0,0,110001505000001,530010805300158
2010_tracts_domiciliorenda,Situacao_setor,string,int32,310120,0,0,0,1,8
2010_tracts_domiciliorenda,V001,double,int32,303818,0,0,0,0,275
2010_tracts_domiciliorenda,V002,double,int32,303818,0,0,0,0,21399134
2010_tracts_domiciliorenda,V003,double,int32,303818,0,0,0,0,21399134
2010_tracts_domiciliorenda,V004,double,int32,303818,0,0,0,0,864920
2010_tracts_domiciliorenda,V005,double,int32,303818,0,0,0,0,367
2010_tracts_domiciliorenda,V006,double,int32,303818,0,0,0,0,303
2010_tracts_domiciliorenda,V007,double,int32,303818,0,0,0,0,439
2010_tracts_domiciliorenda,V008,double,int32,303818,0,0,0,0,632
2010_tracts_domiciliorenda,V009,double,int32,303818,0,0,0,0,636
2010_tracts_domiciliorenda,V010,double,int32,303818,0,0,0,0,206
2010_tracts_domiciliorenda,V011,double,int32,303818,0,0,0,0,212
2010_tracts_domiciliorenda,V012,double,int32,303818,0,0,0,0,306
2010_tracts_domiciliorenda,V013,double,int32,303818,0,0,0,0,312
2010_tracts_domiciliorenda,V014,double,int32,303818,0,0,0,0,663
2010_tracts_domiciliorenda,abbrev_state,string,string,310120,310120,0,0,,
2010_tracts_domiciliorenda,code_muni,double,int32,310120,0,0,0,1100015,5300108
2010_tracts_domiciliorenda,code_region,double,int32,310120,0,0,0,1,5
2010_tracts_domiciliorenda,code_situacao,double,int32,310120,0,0,0,1,8
2010_tracts_domiciliorenda,code_state,double,int32,310120,0,0,0,11,53
2010_tracts_domiciliorenda,code_tract,double,double,310120,0,0,0,110001505000001,530010805300158
2010_tracts_domiciliorenda,code_weighting,double,double,310120,0,0,0,1100015001001,5300108005051
2010_tracts_domiciliorenda,name_region,string,string,310120,310120,0,0,,
2010_tracts_domiciliorenda,name_state,string,string,310120,310120,0,0,,
2010_tracts_entorno,Cod_setor,string,double,310120,0,0,0,110001505000001,530010805300158
2010_tracts_entorno,abbrev_state,string,string,310120,310120,0,0,,
2010_tracts_entorno,code_muni,double,int32,310120,0,0,0,1100015,5300108
2010_tracts_entorno,code_region,double,int32,310120,0,0,0,1,5
2010_tracts_entorno,code_situacao,double,int32,310120,0,0,0,1,8
2010_tracts_entorno,code_state,double,int32,310120,0,0,0,11,53
2010_tracts_entorno,code_tract,double,double,310120,0,0,0,110001505000001,530010805300158
2010_tracts_entorno,code_weighting,double,double,310120,0,0,0,1100015001001,5300108005051
2010_tracts_entorno,entorno01_Cod_Grandes Regiões,string,int32,225220,0,0,0,1,5
2010_tracts_entorno,entorno01_Cod_RM,string,int32,225220,0,0,0,0,42
2010_tracts_entorno,entorno01_Cod_UF,string,int32,225220,0,0,0,11,52
2010_tracts_entorno,entorno01_Cod_bairro,string,double,225220,0,0,0,1100015000,5222302000
2010_tracts_entorno,entorno01_Cod_distrito,string,int32,225220,0,0,0,110001505,522230205
2010_tracts_entorno,entorno01_Cod_meso,string,int32,225220,0,0,0,1101,5205
2010_tracts_entorno,entorno01_Cod_micro,string,int32,225220,0,0,0,11001,52018
2010_tracts_entorno,entorno01_Cod_municipio,string,int32,225220,0,0,0,1100015,5222302
2010_tracts_entorno,entorno01_Cod_subdistrito,string,double,225220,0,0,0,11000150500,52223020500
2010_tracts_entorno,entorno01_Nome_Grande_Regiao,string,string,225220,225220,0,0,,
2010_tracts_entorno,entorno01_Nome_da_RM,string,string,225220,225220,0,0,,
2010_tracts_entorno,entorno01_Nome_da_UF,string,string,225220,225220,0,0,,
2010_tracts_entorno,entorno01_Nome_da_meso,string,string,225220,225220,0,0,,
2010_tracts_entorno,entorno01_Nome_da_micro,string,string,225220,225220,0,0,,
2010_tracts_entorno,entorno01_Nome_do_bairro,string,string,225220,225134,0,0,1,249
2010_tracts_entorno,entorno01_Nome_do_distrito,string,string,225220,225220,0,0,,
2010_tracts_entorno,entorno01_Nome_do_municipio,string,string,225220,225220,0,0,,
2010_tracts_entorno,entorno01_Nome_do_subdistrito,string,string,225220,225220,0,0,,
2010_tracts_entorno,entorno01_Setor_Precoleta,string,int32,225220,0,0,0,1,2
2010_tracts_entorno,entorno01_Situacao_setor,string,int32,310120,0,0,0,1,8
2010_tracts_entorno,entorno01_V001,double,int32,303818,0,0,0,0,1861
2010_tracts_entorno,entorno01_V002,double,int32,303818,0,0,0,0,789
2010_tracts_entorno,entorno01_V003,double,int32,303818,0,0,0,0,810
2010_tracts_entorno,entorno01_V004,double,int32,303818,0,0,0,0,665
2010_tracts_entorno,entorno01_V005,double,int32,303818,0,0,0,0,635
2010_tracts_entorno,entorno01_V006,double,int32,303818,0,0,0,0,481
2010_tracts_entorno,entorno01_V007,double,int32,303818,0,0,0,0,419
2010_tracts_entorno,entorno01_V008,double,int32,303818,0,0,0,0,1105
2010_tracts_entorno,entorno01_V009,double,int32,303818,0,0,0,0,616
2010_tracts_entorno,entorno01_V010,double,int32,303818,0,0,0,0,882
2010_tracts_entorno,entorno01_V011,double,int32,303818,0,0,0,0,339
2010_tracts_entorno,entorno01_V012,double,int32,303818,0,0,0,0,481
2010_tracts_entorno,entorno01_V013,double,int32,303818,0,0,0,0,334
2010_tracts_entorno,entorno01_V014,double,int32,303818,0,0,0,0,822
2010_tracts_entorno,entorno01_V015,double,int32,303818,0,0,0,0,762
2010_tracts_entorno,entorno01_V016,double,int32,303818,0,0,0,0,882
2010_tracts_entorno,entorno01_V017,double,int32,303818,0,0,0,0,665
2010_tracts_entorno,entorno01_V018,double,int32,303818,0,0,0,0,383
2010_tracts_entorno,entorno01_V019,double,int32,303818,0,0,0,0,388
2010_tracts_entorno,entorno01_V020,double,int32,303818,0,0,0,0,841
2010_tracts_entorno,entorno01_V021,double,int32,303818,0,0,0,0,775
2010_tracts_entorno,entorno01_V022,double,int32,303818,0,0,0,0,880
2010_tracts_entorno,entorno01_V023,double,int32,303818,0,0,0,0,665
2010_tracts_entorno,entorno01_V024,double,int32,303818,0,0,0,0,358
2010_tracts_entorno,entorno01_V025,double,int32,303818,0,0,0,0,482
2010_tracts_entorno,entorno01_V026,double,int32,303818,0,0,0,0,841
2010_tracts_entorno,entorno01_V027,double,int32,303818,0,0,0,0,762
2010_tracts_entorno,entorno01_V028,double,int32,303818,0,0,0,0,882
2010_tracts_entorno,entorno01_V029,double,int32,303818,0,0,0,0,665
2010_tracts_entorno,entorno01_V030,double,int32,303818,0,0,0,0,358
2010_tracts_entorno,entorno01_V031,double,int32,303818,0,0,0,0,402
2010_tracts_entorno,entorno01_V032,double,int32,303818,0,0,0,0,762
2010_tracts_entorno,entorno01_V033,double,int32,303818,0,0,0,0,852
2010_tracts_entorno,entorno01_V034,double,int32,303818,0,0,0,0,882
2010_tracts_entorno,entorno01_V035,double,int32,303818,0,0,0,0,445
2010_tracts_entorno,entorno01_V036,double,int32,303818,0,0,0,0,358
2010_tracts_entorno,entorno01_V037,double,int32,303818,0,0,0,0,419
2010_tracts_entorno,entorno01_V038,double,int32,303818,0,0,0,0,524
2010_tracts_entorno,entorno01_V039,double,int32,303818,0,0,0,0,1105
2010_tracts_entorno,entorno01_V040,double,int32,303818,0,0,0,0,332
2010_tracts_entorno,entorno01_V041,double,int32,303818,0,0,0,0,882
2010_tracts_entorno,entorno01_V042,double,int32,303818,0,0,0,0,291
2010_tracts_entorno,entorno01_V043,double,int32,303818,0,0,0,0,482
2010_tracts_entorno,entorno01_V044,double,int32,303818,0,0,0,0,779
2010_tracts_entorno,entorno01_V045,double,int32,303818,0,0,0,0,990
2010_tracts_entorno,entorno01_V046,double,int32,303818,0,0,0,0,882
2010_tracts_entorno,entorno01_V047,double,int32,303818,0,0,0,0,665
2010_tracts_entorno,entorno01_V048,double,int32,303818,0,0,0,0,368
2010_tracts_entorno,entorno01_V049,double,int32,303818,0,0,0,0,400
2010_tracts_entorno,entorno01_V050,double,int32,303818,0,0,0,0,689
2010_tracts_entorno,entorno01_V051,double,int32,303818,0,0,0,0,1105
2010_tracts_entorno,entorno01_V052,double,int32,303818,0,0,0,0,433
2010_tracts_entorno,entorno01_V053,double,int32,303818,0,0,0,0,882
2010_tracts_entorno,entorno01_V054,double,int32,303818,0,0,0,0,252
2010_tracts_entorno,entorno01_V055,double,int32,303818,0,0,0,0,461
2010_tracts_entorno,entorno01_V056,double,int32,303818,0,0,0,0,661
2010_tracts_entorno,entorno01_V057,double,int32,303818,0,0,0,0,1105
2010_tracts_entorno,entorno01_V058,double,int32,303818,0,0,0,0,249
2010_tracts_entorno,entorno01_V059,double,int32,303818,0,0,0,0,882
2010_tracts_entorno,entorno01_V060,double,int32,303818,0,0,0,0,172
2010_tracts_entorno,entorno01_V061,double,int32,303818,0,0,0,0,482
2010_tracts_entorno,entorno01_V062,double,int32,303818,0,0,0,0,1199
2010_tracts_entorno,entorno01_V063,double,int32,303818,0,0,0,0,955
2010_tracts_entorno,entorno01_V064,double,int32,303818,0,0,0,0,532
2010_tracts_entorno,entorno01_V065,double,int32,303818,0,0,0,0,729
2010_tracts_entorno,entorno01_V066,double,int32,303818,0,0,0,0,1287
2010_tracts_entorno,entorno01_V067,double,int32,303818,0,0,0,0,600
2010_tracts_entorno,entorno01_V068,double,int32,303818,0,0,0,0,729
2010_tracts_entorno,entorno01_V069,double,int32,303818,0,0,0,0,643
2010_tracts_entorno,entorno01_V070,double,int32,303818,0,0,0,0,983
2010_tracts_entorno,entorno01_V071,double,int32,303818,0,0,0,0,1199
2010_tracts_entorno,entorno01_V072,double,int32,303818,0,0,0,0,547
2010_tracts_entorno,entorno01_V073,double,int32,303818,0,0,0,0,702
2010_tracts_entorno,entorno01_V074,double,int32,303818,0,0,0,0,983
2010_tracts_entorno,entorno01_V075,double,int32,303818,0,0,0,0,1199
2010_tracts_entorno,entorno01_V076,double,int32,303818,0,0,0,0,545
2010_tracts_entorno,entorno01_V077,double,int32,303818,0,0,0,0,702
2010_tracts_entorno,entorno01_V078,double,int32,303818,0,0,0,0,983
2010_tracts_entorno,entorno01_V079,double,int32,303818,0,0,0,0,1199
2010_tracts_entorno,entorno01_V080,double,int32,303818,0,0,0,0,545
2010_tracts_entorno,entorno01_V081,double,int32,303818,0,0,0,0,702
2010_tracts_entorno,entorno01_V082,double,int32,303818,0,0,0,0,1199
2010_tracts_entorno,entorno01_V083,double,int32,303818,0,0,0,0,1043
2010_tracts_entorno,entorno01_V084,double,int32,303818,0,0,0,0,502
2010_tracts_entorno,entorno01_V085,double,int32,303818,0,0,0,0,702
2010_tracts_entorno,entorno01_V086,double,int32,303818,0,0,0,0,605
2010_tracts_entorno,entorno01_V087,double,int32,303818,0,0,0,0,1287
2010_tracts_entorno,entorno01_V088,double,int32,303818,0,0,0,0,435
2010_tracts_entorno,entorno01_V089,double,int32,303818,0,0,0,0,789
2010_tracts_entorno,entorno01_V090,double,int32,303818,0,0,0,0,962
2010_tracts_entorno,entorno01_V091,double,int32,303818,0,0,0,0,1199
2010_tracts_entorno,entorno01_V092,double,int32,303818,0,0,0,0,592
2010_tracts_entorno,entorno01_V093,double,int32,303818,0,0,0,0,729
2010_tracts_entorno,entorno01_V094,double,int32,303818,0,0,0,0,741
2010_tracts_entorno,entorno01_V095,double,int32,303818,0,0,0,0,1287
2010_tracts_entorno,entorno01_V096,double,int32,303818,0,0,0,0,632
2010_tracts_entorno,entorno01_V097,double,int32,303818,0,0,0,0,729
2010_tracts_entorno,entorno01_V098,double,int32,303818,0,0,0,0,801
2010_tracts_entorno,entorno01_V099,double,int32,303818,0,0,0,0,1286
2010_tracts_entorno,entorno01_V100,double,int32,303818,0,0,0,0,499
2010_tracts_entorno,entorno01_V101,double,int32,303818,0,0,0,0,784
2010_tracts_entorno,entorno01_V102,double,int32,303818,0,0,0,0,1198
2010_tracts_entorno,entorno01_V103,double,int32,303818,0,0,0,0,695
2010_tracts_entorno,entorno01_V104,double,int32,303818,0,0,0,0,615
2010_tracts_entorno,entorno01_V105,double,int32,303818,0,0,0,0,710
2010_tracts_entorno,entorno01_V106,double,int32,303818,0,0,0,0,155
2010_tracts_entorno,entorno01_V107,double,int32,303818,0,0,0,0,254
2010_tracts_entorno,entorno01_V108,double,int32,303818,0,0,0,0,1198
2010_tracts_entorno,entorno01_V109,double,int32,303818,0,0,0,0,527
2010_tracts_entorno,entorno01_V110,double,int32,303818,0,0,0,0,795
2010_tracts_entorno,entorno01_V111,double,int32,303818,0,0,0,0,442
2010_tracts_entorno,entorno01_V112,double,int32,303818,0,0,0,0,169
2010_tracts_entorno,entorno01_V113,double,int32,303818,0,0,0,0,259
2010_tracts_entorno,entorno01_V114,double,int32,303818,0,0,0,0,982
2010_tracts_entorno,entorno01_V115,double,int32,303818,0,0,0,0,1198
2010_tracts_entorno,entorno01_V116,double,int32,303818,0,0,0,0,726
2010_tracts_entorno,entorno01_V117,double,int32,303818,0,0,0,0,613
2010_tracts_entorno,entorno01_V118,double,int32,303818,0,0,0,0,148
2010_tracts_entorno,entorno01_V119,double,int32,303818,0,0,0,0,254
2010_tracts_entorno,entorno01_V120,double,int32,303818,0,0,0,0,982
2010_tracts_entorno,entorno01_V121,double,int32,303818,0,0,0,0,1198
2010_tracts_entorno,entorno01_V122,double,int32,303818,0,0,0,0,717
2010_tracts_entorno,entorno01_V123,double,int32,303818,0,0,0,0,666
2010_tracts_entorno,entorno01_V124,double,int32,303818,0,0,0,0,136
2010_tracts_entorno,entorno01_V125,double,int32,303818,0,0,0,0,259
2010_tracts_entorno,entorno01_V126,double,int32,303818,0,0,0,0,982
2010_tracts_entorno,entorno01_V127,double,int32,303818,0,0,0,0,1198
2010_tracts_entorno,entorno01_V128,double,int32,303818,0,0,0,0,726
2010_tracts_entorno,entorno01_V129,double,int32,303818,0,0,0,0,613
2010_tracts_entorno,entorno01_V130,double,int32,303818,0,0,0,0,138
2010_tracts_entorno,entorno01_V131,double,int32,303818,0,0,0,0,254
2010_tracts_entorno,entorno01_V132,double,int32,303818,0,0,0,0,1198
2010_tracts_entorno,entorno01_V133,double,int32,303818,0,0,0,0,957
2010_tracts_entorno,entorno01_V134,double,int32,303818,0,0,0,0,712
2010_tracts_entorno,entorno01_V135,double,int32,303818,0,0,0,0,676
2010_tracts_entorno,entorno01_V136,double,int32,303818,0,0,0,0,102
2010_tracts_entorno,entorno01_V137,double,int32,303818,0,0,0,0,259
2010_tracts_entorno,entorno01_V138,double,int32,303818,0,0,0,0,601
2010_tracts_entorno,entorno01_V139,double,int32,303818,0,0,0,0,1198
2010_tracts_entorno,entorno01_V140,double,int32,303818,0,0,0,0,365
2010_tracts_entorno,entorno01_V141,double,int32,303818,0,0,0,0,799
2010_tracts_entorno,entorno01_V142,double,int32,303818,0,0,0,0,91
2010_tracts_entorno,entorno01_V143,double,int32,303818,0,0,0,0,259
2010_tracts_entorno,entorno01_V144,double,int32,303818,0,0,0,0,957
2010_tracts_entorno,entorno01_V145,double,int32,303818,0,0,0,0,1198
2010_tracts_entorno,entorno01_V146,double,int32,303818,0,0,0,0,682
2010_tracts_entorno,entorno01_V147,double,int32,303818,0,0,0,0,664
2010_tracts_entorno,entorno01_V148,double,int32,303818,0,0,0,0,167
2010_tracts_entorno,entorno01_V149,double,int32,303818,0,0,0,0,259
2010_tracts_entorno,entorno01_V150,double,int32,303818,0,0,0,0,646
2010_tracts_entorno,entorno01_V151,double,int32,303818,0,0,0,0,1198
2010_tracts_entorno,entorno01_V152,double,int32,303818,0,0,0,0,655
2010_tracts_entorno,entorno01_V153,double,int32,303818,0,0,0,0,798
2010_tracts_entorno,entorno01_V154,double,int32,303818,0,0,0,0,211
2010_tracts_entorno,entorno01_V155,double,int32,303818,0,0,0,0,170
2010_tracts_entorno,entorno01_V156,double,int32,303818,0,0,0,0,801
2010_tracts_entorno,entorno01_V157,double,int32,303818,0,0,0,0,1198
2010_tracts_entorno,entorno01_V158,double,int32,303818,0,0,0,0,514
2010_tracts_entorno,entorno01_V159,double,int32,303818,0,0,0,0,798
2010_tracts_entorno,entorno01_V160,double,int32,303818,0,0,0,0,107
2010_tracts_entorno,entorno01_V161,double,int32,303818,0,0,0,0,213
2010_tracts_entorno,entorno01_V162,double,int32,303818,0,0,0,0,1197
2010_tracts_entorno,entorno01_V163,double,int32,303818,0,0,0,0,979
2010_tracts_entorno,entorno01_V164,double,int32,303818,0,0,0,0,687
2010_tracts_entorno,entorno01_V165,double,int32,303818,0,0,0,0,623
2010_tracts_entorno,entorno01_V166,double,int32,303818,0,0,0,0,1279
2010_tracts_entorno,entorno01_V167,double,int32,303818,0,0,0,0,601
2010_tracts_entorno,entorno01_V168,double,int32,303818,0,0,0,0,899
2010_tracts_entorno,entorno01_V169,double,int32,303818,0,0,0,0,460
2010_tracts_entorno,entorno01_V170,double,int32,303818,0,0,0,0,982
2010_tracts_entorno,entorno01_V171,double,int32,303818,0,0,0,0,1197
2010_tracts_entorno,entorno01_V172,double,int32,303818,0,0,0,0,630
2010_tracts_entorno,entorno01_V173,double,int32,303818,0,0,0,0,663
2010_tracts_entorno,entorno01_V174,double,int32,303818,0,0,0,0,982
2010_tracts_entorno,entorno01_V175,double,int32,303818,0,0,0,0,1197
2010_tracts_entorno,entorno01_V176,double,int32,303818,0,0,0,0,616
2010_tracts_entorno,entorno01_V177,double,int32,303818,0,0,0,0,862
2010_tracts_entorno,entorno01_V178,double,int32,303818,0,0,0,0,982
2010_tracts_entorno,entorno01_V179,double,int32,303818,0,0,0,0,1197
2010_tracts_entorno,entorno01_V180,double,int32,303818,0,0,0,0,616
2010_tracts_entorno,entorno01_V181,double,int32,303818,0,0,0,0,788
2010_tracts_entorno,entorno01_V182,double,int32,303818,0,0,0,0,1197
2010_tracts_entorno,entorno01_V183,double,int32,303818,0,0,0,0,988
2010_tracts_entorno,entorno01_V184,double,int32,303818,0,0,0,0,609
2010_tracts_entorno,entorno01_V185,double,int32,303818,0,0,0,0,903
2010_tracts_entorno,entorno01_V186,double,int32,303818,0,0,0,0,593
2010_tracts_entorno,entorno01_V187,double,int32,303818,0,0,0,0,1279
2010_tracts_entorno,entorno01_V188,double,int32,303818,0,0,0,0,504
2010_tracts_entorno,entorno01_V189,double,int32,303818,0,0,0,0,916
2010_tracts_entorno,entorno01_V190,double,int32,303818,0,0,0,0,956
2010_tracts_entorno,entorno01_V191,double,int32,303818,0,0,0,0,1197
2010_tracts_entorno,entorno01_V192,double,int32,303818,0,0,0,0,704
2010_tracts_entorno,entorno01_V193,double,int32,303818,0,0,0,0,701
2010_tracts_entorno,entorno01_V194,double,int32,303818,0,0,0,0,758
2010_tracts_entorno,entorno01_V195,double,int32,303818,0,0,0,0,1279
2010_tracts_entorno,entorno01_V196,double,int32,303818,0,0,0,0,504
2010_tracts_entorno,entorno01_V197,double,int32,303818,0,0,0,0,839
2010_tracts_entorno,entorno01_V198,double,int32,303818,0,0,0,0,802
2010_tracts_entorno,entorno01_V199,double,int32,303818,0,0,0,0,1278
2010_tracts_entorno,entorno01_V200,double,int32,303818,0,0,0,0,444
2010_tracts_entorno,entorno01_V201,double,int32,303818,0,0,0,0,901
2010_tracts_entorno,entorno02_Cod_Grandes Regiões,string,int32,225220,0,0,0,1,5
2010_tracts_entorno,entorno02_Cod_RM,string,int32,225220,0,0,0,0,42
2010_tracts_entorno,entorno02_Cod_UF,string,int32,225220,0,0,0,11,52
2010_tracts_entorno,entorno02_Cod_bairro,string,double,225220,0,0,0,1100015000,5222302000
2010_tracts_entorno,entorno02_Cod_distrito,string,int32,225220,0,0,0,110001505,522230205
2010_tracts_entorno,entorno02_Cod_meso,string,int32,225220,0,0,0,1101,5205
2010_tracts_entorno,entorno02_Cod_micro,string,int32,225220,0,0,0,11001,52018
2010_tracts_entorno,entorno02_Cod_municipio,string,int32,225220,0,0,0,1100015,5222302
2010_tracts_entorno,entorno02_Cod_subdistrito,string,double,225220,0,0,0,11000150500,52223020500
2010_tracts_entorno,entorno02_Nome_Grande_Regiao,string,string,225220,225220,0,0,,
2010_tracts_entorno,entorno02_Nome_da_RM,string,string,225220,225220,0,0,,
2010_tracts_entorno,entorno02_Nome_da_UF,string,string,225220,225220,0,0,,
2010_tracts_entorno,entorno02_Nome_da_meso,string,string,225220,225220,0,0,,
2010_tracts_entorno,entorno02_Nome_da_micro,string,string,225220,225220,0,0,,
2010_tracts_entorno,entorno02_Nome_do_bairro,string,string,225220,225134,0,0,1,249
2010_tracts_entorno,entorno02_Nome_do_distrito,string,string,225220,225220,0,0,,
2010_tracts_entorno,entorno02_Nome_do_municipio,string,string,225220,225220,0,0,,
2010_tracts_entorno,entorno02_Nome_do_subdistrito,string,string,225220,225220,0,0,,
2010_tracts_entorno,entorno02_Setor_Precoleta,string,int32,225220,0,0,0,1,2
2010_tracts_entorno,entorno02_Situacao_setor,string,int32,310120,0,0,0,1,8
2010_tracts_entorno,entorno02_V202,double,int32,303818,0,0,0,0,1163
2010_tracts_entorno,entorno02_V203,double,int32,303818,0,0,0,0,835
2010_tracts_entorno,entorno02_V204,double,int32,303818,0,0,0,0,733
2010_tracts_entorno,entorno02_V205,double,int32,303818,0,0,0,0,1091
2010_tracts_entorno,entorno02_V206,double,int32,303818,0,0,0,0,222
2010_tracts_entorno,entorno02_V207,double,int32,303818,0,0,0,0,382
2010_tracts_entorno,entorno02_V208,double,int32,303818,0,0,0,0,1163
2010_tracts_entorno,entorno02_V209,double,int32,303818,0,0,0,0,476
2010_tracts_entorno,entorno02_V210,double,int32,303818,0,0,0,0,782
2010_tracts_entorno,entorno02_V211,double,int32,303818,0,0,0,0,617
2010_tracts_entorno,entorno02_V212,double,int32,303818,0,0,0,0,396
2010_tracts_entorno,entorno02_V213,double,int32,303818,0,0,0,0,323
2010_tracts_entorno,entorno02_V214,double,int32,303818,0,0,0,0,983
2010_tracts_entorno,entorno02_V215,double,int32,303818,0,0,0,0,1163
2010_tracts_entorno,entorno02_V216,double,int32,303818,0,0,0,0,704
2010_tracts_entorno,entorno02_V217,double,int32,303818,0,0,0,0,990
2010_tracts_entorno,entorno02_V218,double,int32,303818,0,0,0,0,214
2010_tracts_entorno,entorno02_V219,double,int32,303818,0,0,0,0,380
2010_tracts_entorno,entorno02_V220,double,int32,303818,0,0,0,0,983
2010_tracts_entorno,entorno02_V221,double,int32,303818,0,0,0,0,1163
2010_tracts_entorno,entorno02_V222,double,int32,303818,0,0,0,0,695
2010_tracts_entorno,entorno02_V223,double,int32,303818,0,0,0,0,1102
2010_tracts_entorno,entorno02_V224,double,int32,303818,0,0,0,0,220
2010_tracts_entorno,entorno02_V225,double,int32,303818,0,0,0,0,422
2010_tracts_entorno,entorno02_V226,double,int32,303818,0,0,0,0,983
2010_tracts_entorno,entorno02_V227,double,int32,303818,0,0,0,0,1163
2010_tracts_entorno,entorno02_V228,double,int32,303818,0,0,0,0,689
2010_tracts_entorno,entorno02_V229,double,int32,303818,0,0,0,0,1087
2010_tracts_entorno,entorno02_V230,double,int32,303818,0,0,0,0,209
2010_tracts_entorno,entorno02_V231,double,int32,303818,0,0,0,0,424
2010_tracts_entorno,entorno02_V232,double,int32,303818,0,0,0,0,1163
2010_tracts_entorno,entorno02_V233,double,int32,303818,0,0,0,0,972
2010_tracts_entorno,entorno02_V234,double,int32,303818,0,0,0,0,544
2010_tracts_entorno,entorno02_V235,double,int32,303818,0,0,0,0,1102
2010_tracts_entorno,entorno02_V236,double,int32,303818,0,0,0,0,122
2010_tracts_entorno,entorno02_V237,double,int32,303818,0,0,0,0,424
2010_tracts_entorno,entorno02_V238,double,int32,303818,0,0,0,0,602
2010_tracts_entorno,entorno02_V239,double,int32,303818,0,0,0,0,1163
2010_tracts_entorno,entorno02_V240,double,int32,303818,0,0,0,0,436
2010_tracts_entorno,entorno02_V241,double,int32,303818,0,0,0,0,1102
2010_tracts_entorno,entorno02_V242,double,int32,303818,0,0,0,0,22
2010_tracts_entorno,entorno02_V243,double,int32,303818,0,0,0,0,424
2010_tracts_entorno,entorno02_V244,double,int32,303818,0,0,0,0,956
2010_tracts_entorno,entorno02_V245,double,int32,303818,0,0,0,0,1163
2010_tracts_entorno,entorno02_V246,double,int32,303818,0,0,0,0,787
2010_tracts_entorno,entorno02_V247,double,int32,303818,0,0,0,0,1080
2010_tracts_entorno,entorno02_V248,double,int32,303818,0,0,0,0,380
2010_tracts_entorno,entorno02_V249,double,int32,303818,0,0,0,0,364
2010_tracts_entorno,entorno02_V250,double,int32,303818,0,0,0,0,610
2010_tracts_entorno,entorno02_V251,double,int32,303818,0,0,0,0,1163
2010_tracts_entorno,entorno02_V252,double,int32,303818,0,0,0,0,749
2010_tracts_entorno,entorno02_V253,double,int32,303818,0,0,0,0,1005
2010_tracts_entorno,entorno02_V254,double,int32,303818,0,0,0,0,350
2010_tracts_entorno,entorno02_V255,double,int32,303818,0,0,0,0,424
2010_tracts_entorno,entorno02_V256,double,int32,303818,0,0,0,0,797
2010_tracts_entorno,entorno02_V257,double,int32,303818,0,0,0,0,1163
2010_tracts_entorno,entorno02_V258,double,int32,303818,0,0,0,0,561
2010_tracts_entorno,entorno02_V259,double,int32,303818,0,0,0,0,1101
2010_tracts_entorno,entorno02_V260,double,int32,303818,0,0,0,0,227
2010_tracts_entorno,entorno02_V261,double,int32,303818,0,0,0,0,424
2010_tracts_entorno,entorno02_V262,double,int32,303818,0,0,0,0,221
2010_tracts_entorno,entorno02_V263,double,int32,303818,0,0,0,0,397
2010_tracts_entorno,entorno02_V264,double,int32,303818,0,0,0,0,275
2010_tracts_entorno,entorno02_V265,double,int32,303818,0,0,0,0,319
2010_tracts_entorno,entorno02_V266,double,int32,303818,0,0,0,0,340
2010_tracts_entorno,entorno02_V267,double,int32,303818,0,0,0,0,364
2010_tracts_entorno,entorno02_V268,double,int32,303818,0,0,0,0,504
2010_tracts_entorno,entorno02_V269,double,int32,303818,0,0,0,0,431
2010_tracts_entorno,entorno02_V270,double,int32,303818,0,0,0,0,635
2010_tracts_entorno,entorno02_V271,double,int32,303818,0,0,0,0,552
2010_tracts_entorno,entorno02_V272,double,int32,303818,0,0,0,0,307
2010_tracts_entorno,entorno02_V273,double,int32,303818,0,0,0,0,274
2010_tracts_entorno,entorno02_V274,double,int32,303818,0,0,0,0,342
2010_tracts_entorno,entorno02_V275,double,int32,303818,0,0,0,0,249
2010_tracts_entorno,entorno02_V276,double,int32,303818,0,0,0,0,331
2010_tracts_entorno,entorno02_V277,double,int32,303818,0,0,0,0,319
2010_tracts_entorno,entorno02_V278,double,int32,303818,0,0,0,0,433
2010_tracts_entorno,entorno02_V279,double,int32,303818,0,0,0,0,247
2010_tracts_entorno,entorno02_V280,double,int32,303818,0,0,0,0,595
2010_tracts_entorno,entorno02_V281,double,int32,303818,0,0,0,0,204
2010_tracts_entorno,entorno02_V282,double,int32,303818,0,0,0,0,738
2010_tracts_entorno,entorno02_V283,double,int32,303818,0,0,0,0,348
2010_tracts_entorno,entorno02_V284,double,int32,303818,0,0,0,0,307
2010_tracts_entorno,entorno02_V285,double,int32,303818,0,0,0,0,187
2010_tracts_entorno,entorno02_V286,double,int32,303818,0,0,0,0,198
2010_tracts_entorno,entorno02_V287,double,int32,303818,0,0,0,0,323
2010_tracts_entorno,entorno02_V288,double,int32,303818,0,0,0,0,318
2010_tracts_entorno,entorno02_V289,double,int32,303818,0,0,0,0,319
2010_tracts_entorno,entorno02_V290,double,int32,303818,0,0,0,0,442
2010_tracts_entorno,entorno02_V291,double,int32,303818,0,0,0,0,302
2010_tracts_entorno,entorno02_V292,double,int32,303818,0,0,0,0,595
2010_tracts_entorno,entorno02_V293,double,int32,303818,0,0,0,0,504
2010_tracts_entorno,entorno02_V294,double,int32,303818,0,0,0,0,738
2010_tracts_entorno,entorno02_V295,double,int32,303818,0,0,0,0,320
2010_tracts_entorno,entorno02_V296,double,int32,303818,0,0,0,0,336
2010_tracts_entorno,entorno02_V297,double,int32,303818,0,0,0,0,305
2010_tracts_entorno,entorno02_V298,double,int32,303818,0,0,0,0,235
2010_tracts_entorno,entorno02_V299,double,int32,303818,0,0,0,0,397
2010_tracts_entorno,entorno02_V300,double,int32,303818,0,0,0,0,318
2010_tracts_entorno,entorno02_V301,double,int32,303818,0,0,0,0,319
2010_tracts_entorno,entorno02_V302,double,int32,303818,0,0,0,0,442
2010_tracts_entorno,entorno02_V303,double,int32,303818,0,0,0,0,333
2010_tracts_entorno,entorno02_V304,double,int32,303818,0,0,0,0,593
2010_tracts_entorno,entorno02_V305,double,int32,303818,0,0,0,0,504
2010_tracts_entorno,entorno02_V306,double,int32,303818,0,0,0,0,635
2010_tracts_entorno,entorno02_V307,double,int32,303818,0,0,0,0,378
2010_tracts_entorno,entorno02_V308,double,int32,303818,0,0,0,0,307
2010_tracts_entorno,entorno02_V309,double,int32,303818,0,0,0,0,305
2010_tracts_entorno,entorno02_V310,double,int32,303818,0,0,0,0,208
2010_tracts_entorno,entorno02_V311,double,int32,303818,0,0,0,0,347
2010_tracts_entorno,entorno02_V312,double,int32,303818,0,0,0,0,318
2010_tracts_entorno,entorno02_V313,double,int32,303818,0,0,0,0,319
2010_tracts_entorno,entorno02_V314,double,int32,303818,0,0,0,0,442
2010_tracts_entorno,entorno02_V315,double,int32,303818,0,0,0,0,331
2010_tracts_entorno,entorno02_V316,double,int32,303818,0,0,0,0,595
2010_tracts_entorno,entorno02_V317,double,int32,303818,0,0,0,0,504
2010_tracts_entorno,entorno02_V318,double,int32,303818,0,0,0,0,738
2010_tracts_entorno,entorno02_V319,double,int32,303818,0,0,0,0,568
2010_tracts_entorno,entorno02_V320,double,int32,303818,0,0,0,0,305
2010_tracts_entorno,entorno02_V321,double,int32,303818,0,0,0,0,305
2010_tracts_entorno,entorno02_V322,double,int32,303818,0,0,0,0,185
2010_tracts_entorno,entorno02_V323,double,int32,303818,0,0,0,0,396
2010_tracts_entorno,entorno02_V324,double,int32,303818,0,0,0,0,297
2010_tracts_entorno,entorno02_V325,double,int32,303818,0,0,0,0,319
2010_tracts_entorno,entorno02_V326,double,int32,303818,0,0,0,0,442
2010_tracts_entorno,entorno02_V327,double,int32,303818,0,0,0,0,366
2010_tracts_entorno,entorno02_V328,double,int32,303818,0,0,0,0,595
2010_tracts_entorno,entorno02_V329,double,int32,303818,0,0,0,0,341
2010_tracts_entorno,entorno02_V330,double,int32,303818,0,0,0,0,635
2010_tracts_entorno,entorno02_V331,double,int32,303818,0,0,0,0,579
2010_tracts_entorno,entorno02_V332,double,int32,303818,0,0,0,0,217
2010_tracts_entorno,entorno02_V333,double,int32,303818,0,0,0,0,307
2010_tracts_entorno,entorno02_V334,double,int32,303818,0,0,0,0,99
2010_tracts_entorno,entorno02_V335,double,int32,303818,0,0,0,0,397
2010_tracts_entorno,entorno02_V336,double,int32,303818,0,0,0,0,120
2010_tracts_entorno,entorno02_V337,double,int32,303818,0,0,0,0,331
2010_tracts_entorno,entorno02_V338,double,int32,303818,0,0,0,0,192
2010_tracts_entorno,entorno02_V339,double,int32,303818,0,0,0,0,375
2010_tracts_entorno,entorno02_V340,double,int32,303818,0,0,0,0,222
2010_tracts_entorno,entorno02_V341,double,int32,303818,0,0,0,0,595
2010_tracts_entorno,entorno02_V342,double,int32,303818,0,0,0,0,550
2010_tracts_entorno,entorno02_V343,double,int32,303818,0,0,0,0,738
2010_tracts_entorno,entorno02_V344,double,int32,303818,0,0,0,0,145
2010_tracts_entorno,entorno02_V345,double,int32,303818,0,0,0,0,336
2010_tracts_entorno,entorno02_V346,double,int32,303818,0,0,0,0,300
2010_tracts_entorno,entorno02_V347,double,int32,303818,0,0,0,0,387
2010_tracts_entorno,entorno02_V348,double,int32,303818,0,0,0,0,319
2010_tracts_entorno,entorno02_V349,double,int32,303818,0,0,0,0,331
2010_tracts_entorno,entorno02_V350,double,int32,303818,0,0,0,0,361
2010_tracts_entorno,entorno02_V351,double,int32,303818,0,0,0,0,357
2010_tracts_entorno,entorno02_V352,double,int32,303818,0,0,0,0,595
2010_tracts_entorno,entorno02_V353,double,int32,303818,0,0,0,0,504
2010_tracts_entorno,entorno02_V354,double,int32,303818,0,0,0,0,738
2010_tracts_entorno,entorno02_V355,double,int32,303818,0,0,0,0,465
2010_tracts_entorno,entorno02_V356,double,int32,303818,0,0,0,0,307
2010_tracts_entorno,entorno02_V357,double,int32,303818,0,0,0,0,331
2010_tracts_entorno,entorno02_V358,double,int32,303818,0,0,0,0,279
2010_tracts_entorno,entorno02_V359,double,int32,303818,0,0,0,0,369
2010_tracts_entorno,entorno02_V360,double,int32,303818,0,0,0,0,284
2010_tracts_entorno,entorno02_V361,double,int32,303818,0,0,0,0,331
2010_tracts_entorno,entorno02_V362,double,int32,303818,0,0,0,0,259
2010_tracts_entorno,entorno02_V363,double,int32,303818,0,0,0,0,442
2010_tracts_entorno,entorno02_V364,double,int32,303818,0,0,0,0,226
2010_tracts_entorno,entorno02_V365,double,int32,303818,0,0,0,0,595
2010_tracts_entorno,entorno02_V366,double,int32,303818,0,0,0,0,360
2010_tracts_entorno,entorno02_V367,double,int32,303818,0,0,0,0,738
2010_tracts_entorno,entorno02_V368,double,int32,303818,0,0,0,0,283
2010_tracts_entorno,entorno02_V369,double,int32,303818,0,0,0,0,335
2010_tracts_entorno,entorno02_V370,double,int32,303818,0,0,0,0,278
2010_tracts_entorno,entorno02_V371,double,int32,303818,0,0,0,0,397
2010_tracts_entorno,entorno02_V372,double,int32,303818,0,0,0,0,226
2010_tracts_entorno,entorno02_V373,double,int32,303818,0,0,0,0,331
2010_tracts_entorno,entorno02_V374,double,int32,303818,0,0,0,0,306
2010_tracts_entorno,entorno02_V375,double,int32,303818,0,0,0,0,375
2010_tracts_entorno,entorno02_V376,double,int32,303818,0,0,0,0,188
2010_tracts_entorno,entorno02_V377,double,int32,303818,0,0,0,0,595
2010_tracts_entorno,entorno02_V378,double,int32,303818,0,0,0,0,356
2010_tracts_entorno,entorno02_V379,double,int32,303818,0,0,0,0,738
2010_tracts_entorno,entorno02_V380,double,int32,303818,0,0,0,0,156
2010_tracts_entorno,entorno02_V381,double,int32,303818,0,0,0,0,335
2010_tracts_entorno,entorno02_V382,double,int32,303818,0,0,0,0,749
2010_tracts_entorno,entorno02_V383,double,int32,303818,0,0,0,0,760
2010_tracts_entorno,entorno02_V384,double,int32,303818,0,0,0,0,658
2010_tracts_entorno,entorno02_V385,double,int32,303818,0,0,0,0,457
2010_tracts_entorno,entorno02_V386,double,int32,303818,0,0,0,0,781
2010_tracts_entorno,entorno02_V387,double,int32,303818,0,0,0,0,614
2010_tracts_entorno,entorno02_V388,double,int32,303818,0,0,0,0,658
2010_tracts_entorno,entorno02_V389,double,int32,303818,0,0,0,0,354
2010_tracts_entorno,entorno02_V390,double,int32,303818,0,0,0,0,778
2010_tracts_entorno,entorno02_V391,double,int32,303818,0,0,0,0,680
2010_tracts_entorno,entorno02_V392,double,int32,303818,0,0,0,0,569
2010_tracts_entorno,entorno02_V393,double,int32,303818,0,0,0,0,658
2010_tracts_entorno,entorno02_V394,double,int32,303818,0,0,0,0,749
2010_tracts_entorno,entorno02_V395,double,int32,303818,0,0,0,0,765
2010_tracts_entorno,entorno02_V396,double,int32,303818,0,0,0,0,569
2010_tracts_entorno,entorno02_V397,double,int32,303818,0,0,0,0,658
2010_tracts_entorno,entorno02_V398,double,int32,303818,0,0,0,0,778
2010_tracts_entorno,entorno02_V399,double,int32,303818,0,0,0,0,753
2010_tracts_entorno,entorno02_V400,double,int32,303818,0,0,0,0,569
2010_tracts_entorno,entorno02_V401,double,int32,303818,0,0,0,0,658
2010_tracts_entorno,entorno02_V402,double,int32,303818,0,0,0,0,726
2010_tracts_entorno,entorno02_V403,double,int32,303818,0,0,0,0,765
2010_tracts_entorno,entorno02_V404,double,int32,303818,0,0,0,0,658
2010_tracts_entorno,entorno02_V405,double,int32,303818,0,0,0,0,569
2010_tracts_entorno,entorno02_V406,double,int32,303818,0,0,0,0,381
2010_tracts_entorno,entorno02_V407,double,int32,303818,0,0,0,0,781
2010_tracts_entorno,entorno02_V408,double,int32,303818,0,0,0,0,390
2010_tracts_entorno,entorno02_V409,double,int32,303818,0,0,0,0,658
2010_tracts_entorno,entorno02_V410,double,int32,303818,0,0,0,0,763
2010_tracts_entorno,entorno02_V411,double,int32,303818,0,0,0,0,752
2010_tracts_entorno,entorno02_V412,double,int32,303818,0,0,0,0,569
2010_tracts_entorno,entorno02_V413,double,int32,303818,0,0,0,0,658
2010_tracts_entorno,entorno02_V414,double,int32,303818,0,0,0,0,558
2010_tracts_entorno,entorno02_V415,double,int32,303818,0,0,0,0,781
2010_tracts_entorno,entorno02_V416,double,int32,303818,0,0,0,0,411
2010_tracts_entorno,entorno02_V417,double,int32,303818,0,0,0,0,658
2010_tracts_entorno,entorno02_V418,double,int32,303818,0,0,0,0,475
2010_tracts_entorno,entorno02_V419,double,int32,303818,0,0,0,0,781
2010_tracts_entorno,entorno02_V420,double,int32,303818,0,0,0,0,372
2010_tracts_entorno,entorno02_V421,double,int32,303818,0,0,0,0,658
2010_tracts_entorno,entorno03_Cod_Grandes Regiões,string,int32,225220,0,0,0,1,5
2010_tracts_entorno,entorno03_Cod_RM,string,int32,225220,0,0,0,0,42
2010_tracts_entorno,entorno03_Cod_UF,string,int32,225220,0,0,0,11,52
2010_tracts_entorno,entorno03_Cod_bairro,string,double,225220,0,0,0,1100015000,5222302000
2010_tracts_entorno,entorno03_Cod_distrito,string,int32,225220,0,0,0,110001505,522230205
2010_tracts_entorno,entorno03_Cod_meso,string,int32,225220,0,0,0,1101,5205
2010_tracts_entorno,entorno03_Cod_micro,string,int32,225220,0,0,0,11001,52018
2010_tracts_entorno,entorno03_Cod_municipio,string,int32,225220,0,0,0,1100015,5222302
2010_tracts_entorno,entorno03_Cod_subdistrito,string,double,225220,0,0,0,11000150500,52223020500
2010_tracts_entorno,entorno03_Nome_Grande_Regiao,string,string,225220,225220,0,0,,
2010_tracts_entorno,entorno03_Nome_da_RM,string,string,225220,225220,0,0,,
2010_tracts_entorno,entorno03_Nome_da_UF,string,string,225220,225220,0,0,,
2010_tracts_entorno,entorno03_Nome_da_meso,string,string,225220,225220,0,0,,
2010_tracts_entorno,entorno03_Nome_da_micro,string,string,225220,225220,0,0,,
2010_tracts_entorno,entorno03_Nome_do_bairro,string,string,225220,225134,0,0,1,249
2010_tracts_entorno,entorno03_Nome_do_distrito,string,string,225220,225220,0,0,,
2010_tracts_entorno,entorno03_Nome_do_municipio,string,string,225220,225220,0,0,,
2010_tracts_entorno,entorno03_Nome_do_subdistrito,string,string,225220,225220,0,0,,
2010_tracts_entorno,entorno03_Setor_Precoleta,string,double,225220,0,1,0,5.42101086242752e-20,2
2010_tracts_entorno,entorno03_Situacao_setor,string,int32,310120,0,0,0,1,8
2010_tracts_entorno,entorno03_V422,double,int32,303818,0,0,0,0,5315
2010_tracts_entorno,entorno03_V423,double,int32,303818,0,0,0,0,2997
2010_tracts_entorno,entorno03_V424,double,int32,303818,0,0,0,0,3278
2010_tracts_entorno,entorno03_V425,double,int32,303818,0,0,0,0,1743
2010_tracts_entorno,entorno03_V426,double,int32,303818,0,0,0,0,1915
2010_tracts_entorno,entorno03_V427,double,int32,303818,0,0,0,0,2059
2010_tracts_entorno,entorno03_V428,double,int32,303818,0,0,0,0,1569
2010_tracts_entorno,entorno03_V429,double,int32,303818,0,0,0,0,3409
2010_tracts_entorno,entorno03_V430,double,int32,303818,0,0,0,0,2588
2010_tracts_entorno,entorno03_V431,double,int32,303818,0,0,0,0,2654
2010_tracts_entorno,entorno03_V432,double,int32,303818,0,0,0,0,893
2010_tracts_entorno,entorno03_V433,double,int32,303818,0,0,0,0,2059
2010_tracts_entorno,entorno03_V434,double,int32,303818,0,0,0,0,1414
2010_tracts_entorno,entorno03_V435,double,int32,303818,0,0,0,0,3154
2010_tracts_entorno,entorno03_V436,double,int32,303818,0,0,0,0,3219
2010_tracts_entorno,entorno03_V437,double,int32,303818,0,0,0,0,2654
2010_tracts_entorno,entorno03_V438,double,int32,303818,0,0,0,0,1743
2010_tracts_entorno,entorno03_V439,double,int32,303818,0,0,0,0,1569
2010_tracts_entorno,entorno03_V440,double,int32,303818,0,0,0,0,1510
2010_tracts_entorno,entorno03_V441,double,int32,303818,0,0,0,0,2890
2010_tracts_entorno,entorno03_V442,double,int32,303818,0,0,0,0,3278
2010_tracts_entorno,entorno03_V443,double,int32,303818,0,0,0,0,2648
2010_tracts_entorno,entorno03_V444,double,int32,303818,0,0,0,0,1743
2010_tracts_entorno,entorno03_V445,double,int32,303818,0,0,0,0,1471
2010_tracts_entorno,entorno03_V446,double,int32,303818,0,0,0,0,2062
2010_tracts_entorno,entorno03_V447,double,int32,303818,0,0,0,0,3061
2010_tracts_entorno,entorno03_V448,double,int32,303818,0,0,0,0,3248
2010_tracts_entorno,entorno03_V449,double,int32,303818,0,0,0,0,2654
2010_tracts_entorno,entorno03_V450,double,int32,303818,0,0,0,0,1743
2010_tracts_entorno,entorno03_V451,double,int32,303818,0,0,0,0,1471
2010_tracts_entorno,entorno03_V452,double,int32,303818,0,0,0,0,1679
2010_tracts_entorno,entorno03_V453,double,int32,303818,0,0,0,0,2505
2010_tracts_entorno,entorno03_V454,double,int32,303818,0,0,0,0,3299
2010_tracts_entorno,entorno03_V455,double,int32,303818,0,0,0,0,2654
2010_tracts_entorno,entorno03_V456,double,int32,303818,0,0,0,0,1408
2010_tracts_entorno,entorno03_V457,double,int32,303818,0,0,0,0,1203
2010_tracts_entorno,entorno03_V458,double,int32,303818,0,0,0,0,1756
2010_tracts_entorno,entorno03_V459,double,int32,303818,0,0,0,0,1685
2010_tracts_entorno,entorno03_V460,double,int32,303818,0,0,0,0,3409
2010_tracts_entorno,entorno03_V461,double,int32,303818,0,0,0,0,696
2010_tracts_entorno,entorno03_V462,double,int32,303818,0,0,0,0,2654
2010_tracts_entorno,entorno03_V463,double,int32,303818,0,0,0,0,1011
2010_tracts_entorno,entorno03_V464,double,int32,303818,0,0,0,0,2062
2010_tracts_entorno,entorno03_V465,double,int32,303818,0,0,0,0,2596
2010_tracts_entorno,entorno03_V466,double,int32,303818,0,0,0,0,3409
2010_tracts_entorno,entorno03_V467,double,int32,303818,0,0,0,0,2654
2010_tracts_entorno,entorno03_V468,double,int32,303818,0,0,0,0,1743
2010_tracts_entorno,entorno03_V469,double,int32,303818,0,0,0,0,1454
2010_tracts_entorno,entorno03_V470,double,int32,303818,0,0,0,0,1679
2010_tracts_entorno,entorno03_V471,double,int32,303818,0,0,0,0,2741
2010_tracts_entorno,entorno03_V472,double,int32,303818,0,0,0,0,3409
2010_tracts_entorno,entorno03_V473,double,int32,303818,0,0,0,0,1172
2010_tracts_entorno,entorno03_V474,double,int32,303818,0,0,0,0,2654
2010_tracts_entorno,entorno03_V475,double,int32,303818,0,0,0,0,1090
2010_tracts_entorno,entorno03_V476,double,int32,303818,0,0,0,0,1977
2010_tracts_entorno,entorno03_V477,double,int32,303818,0,0,0,0,2503
2010_tracts_entorno,entorno03_V478,double,int32,303818,0,0,0,0,3409
2010_tracts_entorno,entorno03_V479,double,int32,303818,0,0,0,0,833
2010_tracts_entorno,entorno03_V480,double,int32,303818,0,0,0,0,2654
2010_tracts_entorno,entorno03_V481,double,int32,303818,0,0,0,0,680
2010_tracts_entorno,entorno03_V482,double,int32,303818,0,0,0,0,2062
2010_tracts_entorno,entorno03_V483,double,int32,303818,0,0,0,0,3388
2010_tracts_entorno,entorno03_V484,double,int32,303818,0,0,0,0,3867
2010_tracts_entorno,entorno03_V485,double,int32,303818,0,0,0,0,1727
2010_tracts_entorno,entorno03_V486,double,int32,303818,0,0,0,0,2702
2010_tracts_entorno,entorno03_V487,double,int32,303818,0,0,0,0,3886
2010_tracts_entorno,entorno03_V488,double,int32,303818,0,0,0,0,2209
2010_tracts_entorno,entorno03_V489,double,int32,303818,0,0,0,0,2702
2010_tracts_entorno,entorno03_V490,double,int32,303818,0,0,0,0,2665
2010_tracts_entorno,entorno03_V491,double,int32,303818,0,0,0,0,3232
2010_tracts_entorno,entorno03_V492,double,int32,303818,0,0,0,0,3388
2010_tracts_entorno,entorno03_V493,double,int32,303818,0,0,0,0,2304
2010_tracts_entorno,entorno03_V494,double,int32,303818,0,0,0,0,2905
2010_tracts_entorno,entorno03_V495,double,int32,303818,0,0,0,0,3232
2010_tracts_entorno,entorno03_V496,double,int32,303818,0,0,0,0,3867
2010_tracts_entorno,entorno03_V497,double,int32,303818,0,0,0,0,1655
2010_tracts_entorno,entorno03_V498,double,int32,303818,0,0,0,0,2913
2010_tracts_entorno,entorno03_V499,double,int32,303818,0,0,0,0,3232
2010_tracts_entorno,entorno03_V500,double,int32,303818,0,0,0,0,3388
2010_tracts_entorno,entorno03_V501,double,int32,303818,0,0,0,0,2259
2010_tracts_entorno,entorno03_V502,double,int32,303818,0,0,0,0,2913
2010_tracts_entorno,entorno03_V503,double,int32,303818,0,0,0,0,3388
2010_tracts_entorno,entorno03_V504,double,int32,303818,0,0,0,0,3853
2010_tracts_entorno,entorno03_V505,double,int32,303818,0,0,0,0,1468
2010_tracts_entorno,entorno03_V506,double,int32,303818,0,0,0,0,2913
2010_tracts_entorno,entorno03_V507,double,int32,303818,0,0,0,0,1685
2010_tracts_entorno,entorno03_V508,double,int32,303818,0,0,0,0,3886
2010_tracts_entorno,entorno03_V509,double,int32,303818,0,0,0,0,1191
2010_tracts_entorno,entorno03_V510,double,int32,303818,0,0,0,0,2913
2010_tracts_entorno,entorno03_V511,double,int32,303818,0,0,0,0,3139
2010_tracts_entorno,entorno03_V512,double,int32,303818,0,0,0,0,3771
2010_tracts_entorno,entorno03_V513,double,int32,303818,0,0,0,0,2334
2010_tracts_entorno,entorno03_V514,double,int32,303818,0,0,0,0,2902
2010_tracts_entorno,entorno03_V515,double,int32,303818,0,0,0,0,2992
2010_tracts_entorno,entorno03_V516,double,int32,303818,0,0,0,0,3886
2010_tracts_entorno,entorno03_V517,double,int32,303818,0,0,0,0,2445
2010_tracts_entorno,entorno03_V518,double,int32,303818,0,0,0,0,2874
2010_tracts_entorno,entorno03_V519,double,int32,303818,0,0,0,0,2960
2010_tracts_entorno,entorno03_V520,double,int32,303818,0,0,0,0,3882
2010_tracts_entorno,entorno03_V521,double,int32,303818,0,0,0,0,2047
2010_tracts_entorno,entorno03_V522,double,int32,303818,0,0,0,0,2754
2010_tracts_entorno,entorno03_V523,double,int32,303818,0,0,0,0,3386
2010_tracts_entorno,entorno03_V524,double,int32,303818,0,0,0,0,2592
2010_tracts_entorno,entorno03_V525,double,int32,303818,0,0,0,0,2510
2010_tracts_entorno,entorno03_V526,double,int32,303818,0,0,0,0,2542
2010_tracts_entorno,entorno03_V527,double,int32,303818,0,0,0,0,545
2010_tracts_entorno,entorno03_V528,double,int32,303818,0,0,0,0,1019
2010_tracts_entorno,entorno03_V529,double,int32,303818,0,0,0,0,3386
2010_tracts_entorno,entorno03_V530,double,int32,303818,0,0,0,0,1728
2010_tracts_entorno,entorno03_V531,double,int32,303818,0,0,0,0,2990
2010_tracts_entorno,entorno03_V532,double,int32,303818,0,0,0,0,1457
2010_tracts_entorno,entorno03_V533,double,int32,303818,0,0,0,0,702
2010_tracts_entorno,entorno03_V534,double,int32,303818,0,0,0,0,1042
2010_tracts_entorno,entorno03_V535,double,int32,303818,0,0,0,0,3219
2010_tracts_entorno,entorno03_V536,double,int32,303818,0,0,0,0,3386
2010_tracts_entorno,entorno03_V537,double,int32,303818,0,0,0,0,2798
2010_tracts_entorno,entorno03_V538,double,int32,303818,0,0,0,0,2391
2010_tracts_entorno,entorno03_V539,double,int32,303818,0,0,0,0,667
2010_tracts_entorno,entorno03_V540,double,int32,303818,0,0,0,0,1019
2010_tracts_entorno,entorno03_V541,double,int32,303818,0,0,0,0,3219
2010_tracts_entorno,entorno03_V542,double,int32,303818,0,0,0,0,3386
2010_tracts_entorno,entorno03_V543,double,int32,303818,0,0,0,0,2296
2010_tracts_entorno,entorno03_V544,double,int32,303818,0,0,0,0,2531
2010_tracts_entorno,entorno03_V545,double,int32,303818,0,0,0,0,551
2010_tracts_entorno,entorno03_V546,double,int32,303818,0,0,0,0,1042
2010_tracts_entorno,entorno03_V547,double,int32,303818,0,0,0,0,3219
2010_tracts_entorno,entorno03_V548,double,int32,303818,0,0,0,0,3386
2010_tracts_entorno,entorno03_V549,double,int32,303818,0,0,0,0,2721
2010_tracts_entorno,entorno03_V550,double,int32,303818,0,0,0,0,2391
2010_tracts_entorno,entorno03_V551,double,int32,303818,0,0,0,0,680
2010_tracts_entorno,entorno03_V552,double,int32,303818,0,0,0,0,1019
2010_tracts_entorno,entorno03_V553,double,int32,303818,0,0,0,0,3386
2010_tracts_entorno,entorno03_V554,double,int32,303818,0,0,0,0,3018
2010_tracts_entorno,entorno03_V555,double,int32,303818,0,0,0,0,2383
2010_tracts_entorno,entorno03_V556,double,int32,303818,0,0,0,0,2542
2010_tracts_entorno,entorno03_V557,double,int32,303818,0,0,0,0,377
2010_tracts_entorno,entorno03_V558,double,int32,303818,0,0,0,0,1042
2010_tracts_entorno,entorno03_V559,double,int32,303818,0,0,0,0,1723
2010_tracts_entorno,entorno03_V560,double,int32,303818,0,0,0,0,3386
2010_tracts_entorno,entorno03_V561,double,int32,303818,0,0,0,0,1047
2010_tracts_entorno,entorno03_V562,double,int32,303818,0,0,0,0,2990
2010_tracts_entorno,entorno03_V563,double,int32,303818,0,0,0,0,377
2010_tracts_entorno,entorno03_V564,double,int32,303818,0,0,0,0,1042
2010_tracts_entorno,entorno03_V565,double,int32,303818,0,0,0,0,3075
2010_tracts_entorno,entorno03_V566,double,int32,303818,0,0,0,0,3386
2010_tracts_entorno,entorno03_V567,double,int32,303818,0,0,0,0,2176
2010_tracts_entorno,entorno03_V568,double,int32,303818,0,0,0,0,2901
2010_tracts_entorno,entorno03_V569,double,int32,303818,0,0,0,0,683
2010_tracts_entorno,entorno03_V570,double,int32,303818,0,0,0,0,1042
2010_tracts_entorno,entorno03_V571,double,int32,303818,0,0,0,0,2184
2010_tracts_entorno,entorno03_V572,double,int32,303818,0,0,0,0,3386
2010_tracts_entorno,entorno03_V573,double,int32,303818,0,0,0,0,2433
2010_tracts_entorno,entorno03_V574,double,int32,303818,0,0,0,0,2990
2010_tracts_entorno,entorno03_V575,double,int32,303818,0,0,0,0,854
2010_tracts_entorno,entorno03_V576,double,int32,303818,0,0,0,0,717
2010_tracts_entorno,entorno03_V577,double,int32,303818,0,0,0,0,2963
2010_tracts_entorno,entorno03_V578,double,int32,303818,0,0,0,0,3386
2010_tracts_entorno,entorno03_V579,double,int32,303818,0,0,0,0,1954
2010_tracts_entorno,entorno03_V580,double,int32,303818,0,0,0,0,2990
2010_tracts_entorno,entorno03_V581,double,int32,303818,0,0,0,0,441
2010_tracts_entorno,entorno03_V582,double,int32,303818,0,0,0,0,845
2010_tracts_entorno,entorno03_V583,double,int32,303818,0,0,0,0,3383
2010_tracts_entorno,entorno03_V584,double,int32,303818,0,0,0,0,3231
2010_tracts_entorno,entorno03_V585,double,int32,303818,0,0,0,0,2302
2010_tracts_entorno,entorno03_V586,double,int32,303818,0,0,0,0,2445
2010_tracts_entorno,entorno03_V587,double,int32,303818,0,0,0,0,3838
2010_tracts_entorno,entorno03_V588,double,int32,303818,0,0,0,0,2204
2010_tracts_entorno,entorno03_V589,double,int32,303818,0,0,0,0,2851
2010_tracts_entorno,entorno03_V590,double,int32,303818,0,0,0,0,1771
2010_tracts_entorno,entorno03_V591,double,int32,303818,0,0,0,0,3231
2010_tracts_entorno,entorno03_V592,double,int32,303818,0,0,0,0,3383
2010_tracts_entorno,entorno03_V593,double,int32,303818,0,0,0,0,1894
2010_tracts_entorno,entorno03_V594,double,int32,303818,0,0,0,0,2477
2010_tracts_entorno,entorno03_V595,double,int32,303818,0,0,0,0,3231
2010_tracts_entorno,entorno03_V596,double,int32,303818,0,0,0,0,3383
2010_tracts_entorno,entorno03_V597,double,int32,303818,0,0,0,0,2058
2010_tracts_entorno,entorno03_V598,double,int32,303818,0,0,0,0,2695
2010_tracts_entorno,entorno03_V599,double,int32,303818,0,0,0,0,3231
2010_tracts_entorno,entorno03_V600,double,int32,303818,0,0,0,0,3383
2010_tracts_entorno,entorno03_V601,double,int32,303818,0,0,0,0,1987
2010_tracts_entorno,entorno03_V602,double,int32,303818,0,0,0,0,2436
2010_tracts_entorno,entorno03_V603,double,int32,303818,0,0,0,0,3383
2010_tracts_entorno,entorno03_V604,double,int32,303818,0,0,0,0,3394
2010_tracts_entorno,entorno03_V605,double,int32,303818,0,0,0,0,1638
2010_tracts_entorno,entorno03_V606,double,int32,303818,0,0,0,0,2865
2010_tracts_entorno,entorno03_V607,double,int32,303818,0,0,0,0,1687
2010_tracts_entorno,entorno03_V608,double,int32,303818,0,0,0,0,3838
2010_tracts_entorno,entorno03_V609,double,int32,303818,0,0,0,0,1534
2010_tracts_entorno,entorno03_V610,double,int32,303818,0,0,0,0,2900
2010_tracts_entorno,entorno03_V611,double,int32,303818,0,0,0,0,3077
2010_tracts_entorno,entorno03_V612,double,int32,303818,0,0,0,0,3383
2010_tracts_entorno,entorno03_V613,double,int32,303818,0,0,0,0,2382
2010_tracts_entorno,entorno03_V614,double,int32,303818,0,0,0,0,2212
2010_tracts_entorno,entorno03_V615,double,int32,303818,0,0,0,0,2921
2010_tracts_entorno,entorno03_V616,double,int32,303818,0,0,0,0,3838
2010_tracts_entorno,entorno03_V617,double,int32,303818,0,0,0,0,2326
2010_tracts_entorno,entorno03_V618,double,int32,303818,0,0,0,0,2654
2010_tracts_entorno,entorno03_V619,double,int32,303818,0,0,0,0,2965
2010_tracts_entorno,entorno03_V620,double,int32,303818,0,0,0,0,3834
2010_tracts_entorno,entorno03_V621,double,int32,303818,0,0,0,0,1773
2010_tracts_entorno,entorno03_V622,double,int32,303818,0,0,0,0,2838
2010_tracts_entorno,entorno04_Cod_Grandes Regiões,string,int32,225220,0,0,0,1,5
2010_tracts_entorno,entorno04_Cod_RM,string,int32,225220,0,0,0,0,42
2010_tracts_entorno,entorno04_Cod_UF,string,int32,225220,0,0,0,11,52
2010_tracts_entorno,entorno04_Cod_bairro,string,double,225220,0,0,0,1100015000,5222302000
2010_tracts_entorno,entorno04_Cod_distrito,string,int32,225220,0,0,0,110001505,522230205
2010_tracts_entorno,entorno04_Cod_meso,string,int32,225220,0,0,0,1101,5205
2010_tracts_entorno,entorno04_Cod_micro,string,int32,225220,0,0,0,11001,52018
2010_tracts_entorno,entorno04_Cod_municipio,string,int32,225220,0,0,0,1100015,5222302
2010_tracts_entorno,entorno04_Cod_subdistrito,string,double,225220,0,0,0,11000150500,52223020500
2010_tracts_entorno,entorno04_Nome_Grande_Regiao,string,string,225220,225220,0,0,,
2010_tracts_entorno,entorno04_Nome_da_RM,string,string,225220,225220,0,0,,
2010_tracts_entorno,entorno04_Nome_da_UF,string,string,225220,225220,0,0,,
2010_tracts_entorno,entorno04_Nome_da_meso,string,string,225220,225220,0,0,,
2010_tracts_entorno,entorno04_Nome_da_micro,string,string,225220,225220,0,0,,
2010_tracts_entorno,entorno04_Nome_do_bairro,string,string,225220,225134,0,0,1,249
2010_tracts_entorno,entorno04_Nome_do_distrito,string,string,225220,225220,0,0,,
2010_tracts_entorno,entorno04_Nome_do_municipio,string,string,225220,225220,0,0,,
2010_tracts_entorno,entorno04_Nome_do_subdistrito,string,string,225220,225220,0,0,,
2010_tracts_entorno,entorno04_Setor_Precoleta,string,int32,225220,0,0,0,1,2
2010_tracts_entorno,entorno04_Situacao_setor,string,int32,310120,0,0,0,1,8
2010_tracts_entorno,entorno04_V623,double,int32,303818,0,0,0,0,3299
2010_tracts_entorno,entorno04_V624,double,int32,303818,0,0,0,0,2630
2010_tracts_entorno,entorno04_V625,double,int32,303818,0,0,0,0,3110
2010_tracts_entorno,entorno04_V626,double,int32,303818,0,0,0,0,3613
2010_tracts_entorno,entorno04_V627,double,int32,303818,0,0,0,0,859
2010_tracts_entorno,entorno04_V628,double,int32,303818,0,0,0,0,1624
2010_tracts_entorno,entorno04_V629,double,int32,303818,0,0,0,0,3299
2010_tracts_entorno,entorno04_V630,double,int32,303818,0,0,0,0,1720
2010_tracts_entorno,entorno04_V631,double,int32,303818,0,0,0,0,3380
2010_tracts_entorno,entorno04_V632,double,int32,303818,0,0,0,0,2578
2010_tracts_entorno,entorno04_V633,double,int32,303818,0,0,0,0,1679
2010_tracts_entorno,entorno04_V634,double,int32,303818,0,0,0,0,1400
2010_tracts_entorno,entorno04_V635,double,int32,303818,0,0,0,0,3216
2010_tracts_entorno,entorno04_V636,double,int32,303818,0,0,0,0,3299
2010_tracts_entorno,entorno04_V637,double,int32,303818,0,0,0,0,3188
2010_tracts_entorno,entorno04_V638,double,int32,303818,0,0,0,0,3337
2010_tracts_entorno,entorno04_V639,double,int32,303818,0,0,0,0,1208
2010_tracts_entorno,entorno04_V640,double,int32,303818,0,0,0,0,1605
2010_tracts_entorno,entorno04_V641,double,int32,303818,0,0,0,0,3216
2010_tracts_entorno,entorno04_V642,double,int32,303818,0,0,0,0,3299
2010_tracts_entorno,entorno04_V643,double,int32,303818,0,0,0,0,2633
2010_tracts_entorno,entorno04_V644,double,int32,303818,0,0,0,0,3659
2010_tracts_entorno,entorno04_V645,double,int32,303818,0,0,0,0,1095
2010_tracts_entorno,entorno04_V646,double,int32,303818,0,0,0,0,1795
2010_tracts_entorno,entorno04_V647,double,int32,303818,0,0,0,0,3216
2010_tracts_entorno,entorno04_V648,double,int32,303818,0,0,0,0,3299
2010_tracts_entorno,entorno04_V649,double,int32,303818,0,0,0,0,3111
2010_tracts_entorno,entorno04_V650,double,int32,303818,0,0,0,0,3597
2010_tracts_entorno,entorno04_V651,double,int32,303818,0,0,0,0,1128
2010_tracts_entorno,entorno04_V652,double,int32,303818,0,0,0,0,1803
2010_tracts_entorno,entorno04_V653,double,int32,303818,0,0,0,0,3299
2010_tracts_entorno,entorno04_V654,double,int32,303818,0,0,0,0,3080
2010_tracts_entorno,entorno04_V655,double,int32,303818,0,0,0,0,1924
2010_tracts_entorno,entorno04_V656,double,int32,303818,0,0,0,0,3659
2010_tracts_entorno,entorno04_V657,double,int32,303818,0,0,0,0,406
2010_tracts_entorno,entorno04_V658,double,int32,303818,0,0,0,0,1803
2010_tracts_entorno,entorno04_V659,double,int32,303818,0,0,0,0,1682
2010_tracts_entorno,entorno04_V660,double,int32,303818,0,0,0,0,3299
2010_tracts_entorno,entorno04_V661,double,int32,303818,0,0,0,0,1205
2010_tracts_entorno,entorno04_V662,double,int32,303818,0,0,0,0,3659
2010_tracts_entorno,entorno04_V663,double,int32,303818,0,0,0,0,111
2010_tracts_entorno,entorno04_V664,double,int32,303818,0,0,0,0,1803
2010_tracts_entorno,entorno04_V665,double,int32,303818,0,0,0,0,3059
2010_tracts_entorno,entorno04_V666,double,int32,303818,0,0,0,0,3299
2010_tracts_entorno,entorno04_V667,double,int32,303818,0,0,0,0,3217
2010_tracts_entorno,entorno04_V668,double,int32,303818,0,0,0,0,3581
2010_tracts_entorno,entorno04_V669,double,int32,303818,0,0,0,0,1711
2010_tracts_entorno,entorno04_V670,double,int32,303818,0,0,0,0,1605
2010_tracts_entorno,entorno04_V671,double,int32,303818,0,0,0,0,2193
2010_tracts_entorno,entorno04_V672,double,int32,303818,0,0,0,0,3299
2010_tracts_entorno,entorno04_V673,double,int32,303818,0,0,0,0,2803
2010_tracts_entorno,entorno04_V674,double,int32,303818,0,0,0,0,3380
2010_tracts_entorno,entorno04_V675,double,int32,303818,0,0,0,0,1552
2010_tracts_entorno,entorno04_V676,double,int32,303818,0,0,0,0,1803
2010_tracts_entorno,entorno04_V677,double,int32,303818,0,0,0,0,2947
2010_tracts_entorno,entorno04_V678,double,int32,303818,0,0,0,0,3299
2010_tracts_entorno,entorno04_V679,double,int32,303818,0,0,0,0,2171
2010_tracts_entorno,entorno04_V680,double,int32,303818,0,0,0,0,3657
2010_tracts_entorno,entorno04_V681,double,int32,303818,0,0,0,0,1018
2010_tracts_entorno,entorno04_V682,double,int32,303818,0,0,0,0,1803
2010_tracts_entorno,entorno04_V683,double,int32,303818,0,0,0,0,1124
2010_tracts_entorno,entorno04_V684,double,int32,303818,0,0,0,0,2191
2010_tracts_entorno,entorno04_V685,double,int32,303818,0,0,0,0,1136
2010_tracts_entorno,entorno04_V686,double,int32,303818,0,0,0,0,1472
2010_tracts_entorno,entorno04_V687,double,int32,303818,0,0,0,0,1514
2010_tracts_entorno,entorno04_V688,double,int32,303818,0,0,0,0,1099
2010_tracts_entorno,entorno04_V689,double,int32,303818,0,0,0,0,1330
2010_tracts_entorno,entorno04_V690,double,int32,303818,0,0,0,0,1204
2010_tracts_entorno,entorno04_V691,double,int32,303818,0,0,0,0,1940
2010_tracts_entorno,entorno04_V692,double,int32,303818,0,0,0,0,1852
2010_tracts_entorno,entorno04_V693,double,int32,303818,0,0,0,0,940
2010_tracts_entorno,entorno04_V694,double,int32,303818,0,0,0,0,1083
2010_tracts_entorno,entorno04_V695,double,int32,303818,0,0,0,0,1922
2010_tracts_entorno,entorno04_V696,double,int32,303818,0,0,0,0,1405
2010_tracts_entorno,entorno04_V697,double,int32,303818,0,0,0,0,1609
2010_tracts_entorno,entorno04_V698,double,int32,303818,0,0,0,0,1241
2010_tracts_entorno,entorno04_V699,double,int32,303818,0,0,0,0,1907
2010_tracts_entorno,entorno04_V700,double,int32,303818,0,0,0,0,812
2010_tracts_entorno,entorno04_V701,double,int32,303818,0,0,0,0,1603
2010_tracts_entorno,entorno04_V702,double,int32,303818,0,0,0,0,570
2010_tracts_entorno,entorno04_V703,double,int32,303818,0,0,0,0,2439
2010_tracts_entorno,entorno04_V704,double,int32,303818,0,0,0,0,1159
2010_tracts_entorno,entorno04_V705,double,int32,303818,0,0,0,0,1083
2010_tracts_entorno,entorno04_V706,double,int32,303818,0,0,0,0,768
2010_tracts_entorno,entorno04_V707,double,int32,303818,0,0,0,0,1376
2010_tracts_entorno,entorno04_V708,double,int32,303818,0,0,0,0,1786
2010_tracts_entorno,entorno04_V709,double,int32,303818,0,0,0,0,1609
2010_tracts_entorno,entorno04_V710,double,int32,303818,0,0,0,0,1291
2010_tracts_entorno,entorno04_V711,double,int32,303818,0,0,0,0,1828
2010_tracts_entorno,entorno04_V712,double,int32,303818,0,0,0,0,1640
2010_tracts_entorno,entorno04_V713,double,int32,303818,0,0,0,0,1603
2010_tracts_entorno,entorno04_V714,double,int32,303818,0,0,0,0,1330
2010_tracts_entorno,entorno04_V715,double,int32,303818,0,0,0,0,2439
2010_tracts_entorno,entorno04_V716,double,int32,303818,0,0,0,0,1028
2010_tracts_entorno,entorno04_V717,double,int32,303818,0,0,0,0,1423
2010_tracts_entorno,entorno04_V718,double,int32,303818,0,0,0,0,1040
2010_tracts_entorno,entorno04_V719,double,int32,303818,0,0,0,0,1220
2010_tracts_entorno,entorno04_V720,double,int32,303818,0,0,0,0,2191
2010_tracts_entorno,entorno04_V721,double,int32,303818,0,0,0,0,1609
2010_tracts_entorno,entorno04_V722,double,int32,303818,0,0,0,0,1472
2010_tracts_entorno,entorno04_V723,double,int32,303818,0,0,0,0,1332
2010_tracts_entorno,entorno04_V724,double,int32,303818,0,0,0,0,1170
2010_tracts_entorno,entorno04_V725,double,int32,303818,0,0,0,0,1598
2010_tracts_entorno,entorno04_V726,double,int32,303818,0,0,0,0,1330
2010_tracts_entorno,entorno04_V727,double,int32,303818,0,0,0,0,2063
2010_tracts_entorno,entorno04_V728,double,int32,303818,0,0,0,0,1305
2010_tracts_entorno,entorno04_V729,double,int32,303818,0,0,0,0,927
2010_tracts_entorno,entorno04_V730,double,int32,303818,0,0,0,0,1083
2010_tracts_entorno,entorno04_V731,double,int32,303818,0,0,0,0,1054
2010_tracts_entorno,entorno04_V732,double,int32,303818,0,0,0,0,1907
2010_tracts_entorno,entorno04_V733,double,int32,303818,0,0,0,0,1609
2010_tracts_entorno,entorno04_V734,double,int32,303818,0,0,0,0,1241
2010_tracts_entorno,entorno04_V735,double,int32,303818,0,0,0,0,1741
2010_tracts_entorno,entorno04_V736,double,int32,303818,0,0,0,0,1648
2010_tracts_entorno,entorno04_V737,double,int32,303818,0,0,0,0,1603
2010_tracts_entorno,entorno04_V738,double,int32,303818,0,0,0,0,1330
2010_tracts_entorno,entorno04_V739,double,int32,303818,0,0,0,0,2439
2010_tracts_entorno,entorno04_V740,double,int32,303818,0,0,0,0,1734
2010_tracts_entorno,entorno04_V741,double,int32,303818,0,0,0,0,923
2010_tracts_entorno,entorno04_V742,double,int32,303818,0,0,0,0,1040
2010_tracts_entorno,entorno04_V743,double,int32,303818,0,0,0,0,930
2010_tracts_entorno,entorno04_V744,double,int32,303818,0,0,0,0,2185
2010_tracts_entorno,entorno04_V745,double,int32,303818,0,0,0,0,1232
2010_tracts_entorno,entorno04_V746,double,int32,303818,0,0,0,0,1467
2010_tracts_entorno,entorno04_V747,double,int32,303818,0,0,0,0,1211
2010_tracts_entorno,entorno04_V748,double,int32,303818,0,0,0,0,1673
2010_tracts_entorno,entorno04_V749,double,int32,303818,0,0,0,0,1603
2010_tracts_entorno,entorno04_V750,double,int32,303818,0,0,0,0,1239
2010_tracts_entorno,entorno04_V751,double,int32,303818,0,0,0,0,2063
2010_tracts_entorno,entorno04_V752,double,int32,303818,0,0,0,0,1714
2010_tracts_entorno,entorno04_V753,double,int32,303818,0,0,0,0,690
2010_tracts_entorno,entorno04_V754,double,int32,303818,0,0,0,0,1265
2010_tracts_entorno,entorno04_V755,double,int32,303818,0,0,0,0,474
2010_tracts_entorno,entorno04_V756,double,int32,303818,0,0,0,0,2191
2010_tracts_entorno,entorno04_V757,double,int32,303818,0,0,0,0,477
2010_tracts_entorno,entorno04_V758,double,int32,303818,0,0,0,0,1609
2010_tracts_entorno,entorno04_V759,double,int32,303818,0,0,0,0,593
2010_tracts_entorno,entorno04_V760,double,int32,303818,0,0,0,0,1907
2010_tracts_entorno,entorno04_V761,double,int32,303818,0,0,0,0,572
2010_tracts_entorno,entorno04_V762,double,int32,303818,0,0,0,0,1603
2010_tracts_entorno,entorno04_V763,double,int32,303818,0,0,0,0,1726
2010_tracts_entorno,entorno04_V764,double,int32,303818,0,0,0,0,2439
2010_tracts_entorno,entorno04_V765,double,int32,303818,0,0,0,0,323
2010_tracts_entorno,entorno04_V766,double,int32,303818,0,0,0,0,1423
2010_tracts_entorno,entorno04_V767,double,int32,303818,0,0,0,0,1689
2010_tracts_entorno,entorno04_V768,double,int32,303818,0,0,0,0,2139
2010_tracts_entorno,entorno04_V769,double,int32,303818,0,0,0,0,1265
2010_tracts_entorno,entorno04_V770,double,int32,303818,0,0,0,0,1436
2010_tracts_entorno,entorno04_V771,double,int32,303818,0,0,0,0,1156
2010_tracts_entorno,entorno04_V772,double,int32,303818,0,0,0,0,1876
2010_tracts_entorno,entorno04_V773,double,int32,303818,0,0,0,0,1603
2010_tracts_entorno,entorno04_V774,double,int32,303818,0,0,0,0,1330
2010_tracts_entorno,entorno04_V775,double,int32,303818,0,0,0,0,2439
2010_tracts_entorno,entorno04_V776,double,int32,303818,0,0,0,0,1522
2010_tracts_entorno,entorno04_V777,double,int32,303818,0,0,0,0,927
2010_tracts_entorno,entorno04_V778,double,int32,303818,0,0,0,0,1400
2010_tracts_entorno,entorno04_V779,double,int32,303818,0,0,0,0,1689
2010_tracts_entorno,entorno04_V780,double,int32,303818,0,0,0,0,2025
2010_tracts_entorno,entorno04_V781,double,int32,303818,0,0,0,0,1212
2010_tracts_entorno,entorno04_V782,double,int32,303818,0,0,0,0,1609
2010_tracts_entorno,entorno04_V783,double,int32,303818,0,0,0,0,901
2010_tracts_entorno,entorno04_V784,double,int32,303818,0,0,0,0,1907
2010_tracts_entorno,entorno04_V785,double,int32,303818,0,0,0,0,637
2010_tracts_entorno,entorno04_V786,double,int32,303818,0,0,0,0,1603
2010_tracts_entorno,entorno04_V787,double,int32,303818,0,0,0,0,1284
2010_tracts_entorno,entorno04_V788,double,int32,303818,0,0,0,0,2439
2010_tracts_entorno,entorno04_V789,double,int32,303818,0,0,0,0,1019
2010_tracts_entorno,entorno04_V790,double,int32,303818,0,0,0,0,1419
2010_tracts_entorno,entorno04_V791,double,int32,303818,0,0,0,0,1446
2010_tracts_entorno,entorno04_V792,double,int32,303818,0,0,0,0,2191
2010_tracts_entorno,entorno04_V793,double,int32,303818,0,0,0,0,1002
2010_tracts_entorno,entorno04_V794,double,int32,303818,0,0,0,0,1609
2010_tracts_entorno,entorno04_V795,double,int32,303818,0,0,0,0,1093
2010_tracts_entorno,entorno04_V796,double,int32,303818,0,0,0,0,1907
2010_tracts_entorno,entorno04_V797,double,int32,303818,0,0,0,0,559
2010_tracts_entorno,entorno04_V798,double,int32,303818,0,0,0,0,1603
2010_tracts_entorno,entorno04_V799,double,int32,303818,0,0,0,0,874
2010_tracts_entorno,entorno04_V800,double,int32,303818,0,0,0,0,2439
2010_tracts_entorno,entorno04_V801,double,int32,303818,0,0,0,0,536
2010_tracts_entorno,entorno04_V802,double,int32,303818,0,0,0,0,1419
2010_tracts_entorno,entorno04_V803,double,int32,303818,0,0,0,0,2534
2010_tracts_entorno,entorno04_V804,double,int32,303818,0,0,0,0,3347
2010_tracts_entorno,entorno04_V805,double,int32,303818,0,0,0,0,1994
2010_tracts_entorno,entorno04_V806,double,int32,303818,0,0,0,0,1749
2010_tracts_entorno,entorno04_V807,double,int32,303818,0,0,0,0,2958
2010_tracts_entorno,entorno04_V808,double,int32,303818,0,0,0,0,2550
2010_tracts_entorno,entorno04_V809,double,int32,303818,0,0,0,0,1994
2010_tracts_entorno,entorno04_V810,double,int32,303818,0,0,0,0,1333
2010_tracts_entorno,entorno04_V811,double,int32,303818,0,0,0,0,2680
2010_tracts_entorno,entorno04_V812,double,int32,303818,0,0,0,0,2799
2010_tracts_entorno,entorno04_V813,double,int32,303818,0,0,0,0,1922
2010_tracts_entorno,entorno04_V814,double,int32,303818,0,0,0,0,1994
2010_tracts_entorno,entorno04_V815,double,int32,303818,0,0,0,0,2534
2010_tracts_entorno,entorno04_V816,double,int32,303818,0,0,0,0,3347
2010_tracts_entorno,entorno04_V817,double,int32,303818,0,0,0,0,1917
2010_tracts_entorno,entorno04_V818,double,int32,303818,0,0,0,0,1994
2010_tracts_entorno,entorno04_V819,double,int32,303818,0,0,0,0,2648
2010_tracts_entorno,entorno04_V820,double,int32,303818,0,0,0,0,2807
2010_tracts_entorno,entorno04_V821,double,int32,303818,0,0,0,0,1707
2010_tracts_entorno,entorno04_V822,double,int32,303818,0,0,0,0,1994
2010_tracts_entorno,entorno04_V823,double,int32,303818,0,0,0,0,2450
2010_tracts_entorno,entorno04_V824,double,int32,303818,0,0,0,0,3338
2010_tracts_entorno,entorno04_V825,double,int32,303818,0,0,0,0,1994
2010_tracts_entorno,entorno04_V826,double,int32,303818,0,0,0,0,1935
2010_tracts_entorno,entorno04_V827,double,int32,303818,0,0,0,0,1140
2010_tracts_entorno,entorno04_V828,double,int32,303818,0,0,0,0,3347
2010_tracts_entorno,entorno04_V829,double,int32,303818,0,0,0,0,1082
2010_tracts_entorno,entorno04_V830,double,int32,303818,0,0,0,0,1994
2010_tracts_entorno,entorno04_V831,double,int32,303818,0,0,0,0,2633
2010_tracts_entorno,entorno04_V832,double,int32,303818,0,0,0,0,3268
2010_tracts_entorno,entorno04_V833,double,int32,303818,0,0,0,0,1702
2010_tracts_entorno,entorno04_V834,double,int32,303818,0,0,0,0,1994
2010_tracts_entorno,entorno04_V835,double,int32,303818,0,0,0,0,2243
2010_tracts_entorno,entorno04_V836,double,int32,303818,0,0,0,0,2998
2010_tracts_entorno,entorno04_V837,double,int32,303818,0,0,0,0,1510
2010_tracts_entorno,entorno04_V838,double,int32,303818,0,0,0,0,1994
2010_tracts_entorno,entorno04_V839,double,int32,303818,0,0,0,0,1950
2010_tracts_entorno,entorno04_V840,double,int32,303818,0,0,0,0,3347
2010_tracts_entorno,entorno04_V841,double,int32,303818,0,0,0,0,1448
2010_tracts_entorno,entorno04_V842,double,int32,303818,0,0,0,0,1994
2010_tracts_entorno,entorno05_Cod_Grandes Regiões,string,int32,225214,0,0,0,1,5
2010_tracts_entorno,entorno05_Cod_RM,string,int32,225214,0,0,0,0,42
2010_tracts_entorno,entorno05_Cod_UF,string,int32,225214,0,0,0,11,52
2010_tracts_entorno,entorno05_Cod_bairro,string,double,225214,0,0,0,1100015000,5222302000
2010_tracts_entorno,entorno05_Cod_distrito,string,int32,225214,0,0,0,110001505,522230205
2010_tracts_entorno,entorno05_Cod_meso,string,int32,225214,0,0,0,1101,5205
2010_tracts_entorno,entorno05_Cod_micro,string,int32,225214,0,0,0,11001,52018
2010_tracts_entorno,entorno05_Cod_municipio,string,int32,225214,0,0,0,1100015,5222302
2010_tracts_entorno,entorno05_Cod_subdistrito,string,double,225214,0,0,0,11000150500,52223020500
2010_tracts_entorno,entorno05_Nome_Grande_Regiao,string,string,225214,225214,0,0,,
2010_tracts_entorno,entorno05_Nome_da_RM,string,string,225214,225214,0,0,,
2010_tracts_entorno,entorno05_Nome_da_UF,string,string,225214,225214,0,0,,
2010_tracts_entorno,entorno05_Nome_da_meso,string,string,225214,225214,0,0,,
2010_tracts_entorno,entorno05_Nome_da_micro,string,string,225214,225214,0,0,,
2010_tracts_entorno,entorno05_Nome_do_bairro,string,string,225214,225128,0,0,1,249
2010_tracts_entorno,entorno05_Nome_do_distrito,string,string,225214,225214,0,0,,
2010_tracts_entorno,entorno05_Nome_do_municipio,string,string,225214,225214,0,0,,
2010_tracts_entorno,entorno05_Nome_do_subdistrito,string,string,225214,225214,0,0,,
2010_tracts_entorno,entorno05_Setor_Precoleta,string,int32,225214,0,0,0,1,2
2010_tracts_entorno,entorno05_Situacao_setor,string,int32,310114,0,0,0,1,8
2010_tracts_entorno,entorno05_V1000,double,int32,303812,0,0,0,0,3304
2010_tracts_entorno,entorno05_V1001,double,int32,303812,0,0,0,0,481
2010_tracts_entorno,entorno05_V1002,double,int32,303812,0,0,0,0,1152
2010_tracts_entorno,entorno05_V1003,double,int32,303812,0,0,0,0,2399
2010_tracts_entorno,entorno05_V1004,double,int32,303812,0,0,0,0,2084
2010_tracts_entorno,entorno05_V1005,double,int32,303812,0,0,0,0,893
2010_tracts_entorno,entorno05_V1006,double,int32,303812,0,0,0,0,1149
2010_tracts_entorno,entorno05_V1007,double,int32,303812,0,0,0,0,500
2010_tracts_entorno,entorno05_V1008,double,int32,303812,0,0,0,0,618
2010_tracts_entorno,entorno05_V1009,double,int32,303812,0,0,0,0,2261
2010_tracts_entorno,entorno05_V1010,double,int32,303812,0,0,0,0,2794
2010_tracts_entorno,entorno05_V1011,double,int32,303812,0,0,0,0,1032
2010_tracts_entorno,entorno05_V1012,double,int32,303812,0,0,0,0,974
2010_tracts_entorno,entorno05_V1013,double,int32,303812,0,0,0,0,2486
2010_tracts_entorno,entorno05_V1014,double,int32,303812,0,0,0,0,1711
2010_tracts_entorno,entorno05_V1015,double,int32,303812,0,0,0,0,805
2010_tracts_entorno,entorno05_V1016,double,int32,303812,0,0,0,0,1208
2010_tracts_entorno,entorno05_V1017,double,int32,303812,0,0,0,0,463
2010_tracts_entorno,entorno05_V1018,double,int32,303812,0,0,0,0,784
2010_tracts_entorno,entorno05_V1019,double,int32,303812,0,0,0,0,1819
2010_tracts_entorno,entorno05_V1020,double,int32,303812,0,0,0,0,3292
2010_tracts_entorno,entorno05_V1021,double,int32,303812,0,0,0,0,262
2010_tracts_entorno,entorno05_V1022,double,int32,303812,0,0,0,0,1069
2010_tracts_entorno,entorno05_V1023,double,int32,303812,0,0,0,0,1451
2010_tracts_entorno,entorno05_V1024,double,int32,303812,0,0,0,0,2486
2010_tracts_entorno,entorno05_V1025,double,int32,303812,0,0,0,0,359
2010_tracts_entorno,entorno05_V1026,double,int32,303812,0,0,0,0,1230
2010_tracts_entorno,entorno05_V1027,double,int32,303812,0,0,0,0,382
2010_tracts_entorno,entorno05_V1028,double,int32,303812,0,0,0,0,793
2010_tracts_entorno,entorno05_V1029,double,int32,303812,0,0,0,0,973
2010_tracts_entorno,entorno05_V1030,double,int32,303812,0,0,0,0,3304
2010_tracts_entorno,entorno05_V1031,double,int32,303812,0,0,0,0,42
2010_tracts_entorno,entorno05_V1032,double,int32,303812,0,0,0,0,1152
2010_tracts_entorno,entorno05_V1033,double,int32,303812,0,0,0,0,2486
2010_tracts_entorno,entorno05_V1034,double,int32,303812,0,0,0,0,2077
2010_tracts_entorno,entorno05_V1035,double,int32,303812,0,0,0,0,904
2010_tracts_entorno,entorno05_V1036,double,int32,303812,0,0,0,0,1026
2010_tracts_entorno,entorno05_V1037,double,int32,303812,0,0,0,0,703
2010_tracts_entorno,entorno05_V1038,double,int32,303812,0,0,0,0,542
2010_tracts_entorno,entorno05_V1039,double,int32,303812,0,0,0,0,2261
2010_tracts_entorno,entorno05_V1040,double,int32,303812,0,0,0,0,3224
2010_tracts_entorno,entorno05_V1041,double,int32,303812,0,0,0,0,1086
2010_tracts_entorno,entorno05_V1042,double,int32,303812,0,0,0,0,1152
2010_tracts_entorno,entorno05_V1043,double,int32,303812,0,0,0,0,1443
2010_tracts_entorno,entorno05_V1044,double,int32,303812,0,0,0,0,2486
2010_tracts_entorno,entorno05_V1045,double,int32,303812,0,0,0,0,861
2010_tracts_entorno,entorno05_V1046,double,int32,303812,0,0,0,0,993
2010_tracts_entorno,entorno05_V1047,double,int32,303812,0,0,0,0,355
2010_tracts_entorno,entorno05_V1048,double,int32,303812,0,0,0,0,784
2010_tracts_entorno,entorno05_V1049,double,int32,303812,0,0,0,0,2239
2010_tracts_entorno,entorno05_V1050,double,int32,303812,0,0,0,0,2976
2010_tracts_entorno,entorno05_V1051,double,int32,303812,0,0,0,0,974
2010_tracts_entorno,entorno05_V1052,double,int32,303812,0,0,0,0,948
2010_tracts_entorno,entorno05_V1053,double,int32,303812,0,0,0,0,1058
2010_tracts_entorno,entorno05_V1054,double,int32,303812,0,0,0,0,2486
2010_tracts_entorno,entorno05_V1055,double,int32,303812,0,0,0,0,944
2010_tracts_entorno,entorno05_V1056,double,int32,303812,0,0,0,0,1013
2010_tracts_entorno,entorno05_V1057,double,int32,303812,0,0,0,0,407
2010_tracts_entorno,entorno05_V1058,double,int32,303812,0,0,0,0,784
2010_tracts_entorno,entorno05_V1059,double,int32,303812,0,0,0,0,2030
2010_tracts_entorno,entorno05_V1060,double,int32,303812,0,0,0,0,3304
2010_tracts_entorno,entorno05_V1061,double,int32,303812,0,0,0,0,385
2010_tracts_entorno,entorno05_V1062,double,int32,303812,0,0,0,0,1086
2010_tracts_entorno,entorno05_V843,double,int32,303812,0,0,0,0,83
2010_tracts_entorno,entorno05_V844,double,int32,303812,0,0,0,0,128
2010_tracts_entorno,entorno05_V845,double,int32,303812,0,0,0,0,361
2010_tracts_entorno,entorno05_V846,double,int32,303812,0,0,0,0,531
2010_tracts_entorno,entorno05_V847,double,int32,303812,0,0,0,0,429
2010_tracts_entorno,entorno05_V848,double,int32,303812,0,0,0,0,638
2010_tracts_entorno,entorno05_V849,double,int32,303812,0,0,0,0,412
2010_tracts_entorno,entorno05_V850,double,int32,303812,0,0,0,0,503
2010_tracts_entorno,entorno05_V851,double,int32,303812,0,0,0,0,2434
2010_tracts_entorno,entorno05_V852,double,int32,303812,0,0,0,0,2710
2010_tracts_entorno,entorno05_V853,double,int32,303812,0,0,0,0,414
2010_tracts_entorno,entorno05_V854,double,int32,303812,0,0,0,0,260
2010_tracts_entorno,entorno05_V855,double,int32,303812,0,0,0,0,119
2010_tracts_entorno,entorno05_V856,double,int32,303812,0,0,0,0,74
2010_tracts_entorno,entorno05_V857,double,int32,303812,0,0,0,0,469
2010_tracts_entorno,entorno05_V858,double,int32,303812,0,0,0,0,274
2010_tracts_entorno,entorno05_V859,double,int32,303812,0,0,0,0,574
2010_tracts_entorno,entorno05_V860,double,int32,303812,0,0,0,0,344
2010_tracts_entorno,entorno05_V861,double,int32,303812,0,0,0,0,646
2010_tracts_entorno,entorno05_V862,double,int32,303812,0,0,0,0,303
2010_tracts_entorno,entorno05_V863,double,int32,303812,0,0,0,0,2782
2010_tracts_entorno,entorno05_V864,double,int32,303812,0,0,0,0,1799
2010_tracts_entorno,entorno05_V865,double,int32,303812,0,0,0,0,414
2010_tracts_entorno,entorno05_V866,double,int32,303812,0,0,0,0,192
2010_tracts_entorno,entorno05_V867,double,int32,303812,0,0,0,0,115
2010_tracts_entorno,entorno05_V868,double,int32,303812,0,0,0,0,108
2010_tracts_entorno,entorno05_V869,double,int32,303812,0,0,0,0,468
2010_tracts_entorno,entorno05_V870,double,int32,303812,0,0,0,0,411
2010_tracts_entorno,entorno05_V871,double,int32,303812,0,0,0,0,375
2010_tracts_entorno,entorno05_V872,double,int32,303812,0,0,0,0,494
2010_tracts_entorno,entorno05_V873,double,int32,303812,0,0,0,0,617
2010_tracts_entorno,entorno05_V874,double,int32,303812,0,0,0,0,423
2010_tracts_entorno,entorno05_V875,double,int32,303812,0,0,0,0,2245
2010_tracts_entorno,entorno05_V876,double,int32,303812,0,0,0,0,2607
2010_tracts_entorno,entorno05_V877,double,int32,303812,0,0,0,0,414
2010_tracts_entorno,entorno05_V878,double,int32,303812,0,0,0,0,266
2010_tracts_entorno,entorno05_V879,double,int32,303812,0,0,0,0,96
2010_tracts_entorno,entorno05_V880,double,int32,303812,0,0,0,0,128
2010_tracts_entorno,entorno05_V881,double,int32,303812,0,0,0,0,275
2010_tracts_entorno,entorno05_V882,double,int32,303812,0,0,0,0,531
2010_tracts_entorno,entorno05_V883,double,int32,303812,0,0,0,0,326
2010_tracts_entorno,entorno05_V884,double,int32,303812,0,0,0,0,638
2010_tracts_entorno,entorno05_V885,double,int32,303812,0,0,0,0,375
2010_tracts_entorno,entorno05_V886,double,int32,303812,0,0,0,0,504
2010_tracts_entorno,entorno05_V887,double,int32,303812,0,0,0,0,2303
2010_tracts_entorno,entorno05_V888,double,int32,303812,0,0,0,0,2739
2010_tracts_entorno,entorno05_V889,double,int32,303812,0,0,0,0,414
2010_tracts_entorno,entorno05_V890,double,int32,303812,0,0,0,0,246
2010_tracts_entorno,entorno05_V891,double,int32,303812,0,0,0,0,96
2010_tracts_entorno,entorno05_V892,double,int32,303812,0,0,0,0,108
2010_tracts_entorno,entorno05_V893,double,int32,303812,0,0,0,0,275
2010_tracts_entorno,entorno05_V894,double,int32,303812,0,0,0,0,449
2010_tracts_entorno,entorno05_V895,double,int32,303812,0,0,0,0,375
2010_tracts_entorno,entorno05_V896,double,int32,303812,0,0,0,0,534
2010_tracts_entorno,entorno05_V897,double,int32,303812,0,0,0,0,598
2010_tracts_entorno,entorno05_V898,double,int32,303812,0,0,0,0,504
2010_tracts_entorno,entorno05_V899,double,int32,303812,0,0,0,0,2303
2010_tracts_entorno,entorno05_V900,double,int32,303812,0,0,0,0,2685
2010_tracts_entorno,entorno05_V901,double,int32,303812,0,0,0,0,414
2010_tracts_entorno,entorno05_V902,double,int32,303812,0,0,0,0,235
2010_tracts_entorno,entorno05_V903,double,int32,303812,0,0,0,0,96
2010_tracts_entorno,entorno05_V904,double,int32,303812,0,0,0,0,128
2010_tracts_entorno,entorno05_V905,double,int32,303812,0,0,0,0,236
2010_tracts_entorno,entorno05_V906,double,int32,303812,0,0,0,0,531
2010_tracts_entorno,entorno05_V907,double,int32,303812,0,0,0,0,325
2010_tracts_entorno,entorno05_V908,double,int32,303812,0,0,0,0,636
2010_tracts_entorno,entorno05_V909,double,int32,303812,0,0,0,0,373
2010_tracts_entorno,entorno05_V910,double,int32,303812,0,0,0,0,504
2010_tracts_entorno,entorno05_V911,double,int32,303812,0,0,0,0,2421
2010_tracts_entorno,entorno05_V912,double,int32,303812,0,0,0,0,2739
2010_tracts_entorno,entorno05_V913,double,int32,303812,0,0,0,0,414
2010_tracts_entorno,entorno05_V914,double,int32,303812,0,0,0,0,327
2010_tracts_entorno,entorno05_V915,double,int32,303812,0,0,0,0,38
2010_tracts_entorno,entorno05_V916,double,int32,303812,0,0,0,0,128
2010_tracts_entorno,entorno05_V917,double,int32,303812,0,0,0,0,120
2010_tracts_entorno,entorno05_V918,double,int32,303812,0,0,0,0,531
2010_tracts_entorno,entorno05_V919,double,int32,303812,0,0,0,0,176
2010_tracts_entorno,entorno05_V920,double,int32,303812,0,0,0,0,638
2010_tracts_entorno,entorno05_V921,double,int32,303812,0,0,0,0,208
2010_tracts_entorno,entorno05_V922,double,int32,303812,0,0,0,0,646
2010_tracts_entorno,entorno05_V923,double,int32,303812,0,0,0,0,1244
2010_tracts_entorno,entorno05_V924,double,int32,303812,0,0,0,0,2782
2010_tracts_entorno,entorno05_V925,double,int32,303812,0,0,0,0,414
2010_tracts_entorno,entorno05_V926,double,int32,303812,0,0,0,0,375
2010_tracts_entorno,entorno05_V927,double,int32,303812,0,0,0,0,102
2010_tracts_entorno,entorno05_V928,double,int32,303812,0,0,0,0,126
2010_tracts_entorno,entorno05_V929,double,int32,303812,0,0,0,0,388
2010_tracts_entorno,entorno05_V930,double,int32,303812,0,0,0,0,518
2010_tracts_entorno,entorno05_V931,double,int32,303812,0,0,0,0,431
2010_tracts_entorno,entorno05_V932,double,int32,303812,0,0,0,0,627
2010_tracts_entorno,entorno05_V933,double,int32,303812,0,0,0,0,430
2010_tracts_entorno,entorno05_V934,double,int32,303812,0,0,0,0,636
2010_tracts_entorno,entorno05_V935,double,int32,303812,0,0,0,0,2237
2010_tracts_entorno,entorno05_V936,double,int32,303812,0,0,0,0,2687
2010_tracts_entorno,entorno05_V937,double,int32,303812,0,0,0,0,414
2010_tracts_entorno,entorno05_V938,double,int32,303812,0,0,0,0,261
2010_tracts_entorno,entorno05_V939,double,int32,303812,0,0,0,0,85
2010_tracts_entorno,entorno05_V940,double,int32,303812,0,0,0,0,113
2010_tracts_entorno,entorno05_V941,double,int32,303812,0,0,0,0,353
2010_tracts_entorno,entorno05_V942,double,int32,303812,0,0,0,0,488
2010_tracts_entorno,entorno05_V943,double,int32,303812,0,0,0,0,410
2010_tracts_entorno,entorno05_V944,double,int32,303812,0,0,0,0,578
2010_tracts_entorno,entorno05_V945,double,int32,303812,0,0,0,0,395
2010_tracts_entorno,entorno05_V946,double,int32,303812,0,0,0,0,646
2010_tracts_entorno,entorno05_V947,double,int32,303812,0,0,0,0,1995
2010_tracts_entorno,entorno05_V948,double,int32,303812,0,0,0,0,2782
2010_tracts_entorno,entorno05_V949,double,int32,303812,0,0,0,0,261
2010_tracts_entorno,entorno05_V950,double,int32,303812,0,0,0,0,414
2010_tracts_entorno,entorno05_V951,double,int32,303812,0,0,0,0,62
2010_tracts_entorno,entorno05_V952,double,int32,303812,0,0,0,0,128
2010_tracts_entorno,entorno05_V953,double,int32,303812,0,0,0,0,303
2010_tracts_entorno,entorno05_V954,double,int32,303812,0,0,0,0,531
2010_tracts_entorno,entorno05_V955,double,int32,303812,0,0,0,0,345
2010_tracts_entorno,entorno05_V956,double,int32,303812,0,0,0,0,638
2010_tracts_entorno,entorno05_V957,double,int32,303812,0,0,0,0,415
2010_tracts_entorno,entorno05_V958,double,int32,303812,0,0,0,0,646
2010_tracts_entorno,entorno05_V959,double,int32,303812,0,0,0,0,1872
2010_tracts_entorno,entorno05_V960,double,int32,303812,0,0,0,0,2781
2010_tracts_entorno,entorno05_V961,double,int32,303812,0,0,0,0,270
2010_tracts_entorno,entorno05_V962,double,int32,303812,0,0,0,0,414
2010_tracts_entorno,entorno05_V963,double,int32,303812,0,0,0,0,2399
2010_tracts_entorno,entorno05_V964,double,int32,303812,0,0,0,0,1898
2010_tracts_entorno,entorno05_V965,double,int32,303812,0,0,0,0,852
2010_tracts_entorno,entorno05_V966,double,int32,303812,0,0,0,0,1014
2010_tracts_entorno,entorno05_V967,double,int32,303812,0,0,0,0,477
2010_tracts_entorno,entorno05_V968,double,int32,303812,0,0,0,0,699
2010_tracts_entorno,entorno05_V969,double,int32,303812,0,0,0,0,2261
2010_tracts_entorno,entorno05_V970,double,int32,303812,0,0,0,0,3304
2010_tracts_entorno,entorno05_V971,double,int32,303812,0,0,0,0,508
2010_tracts_entorno,entorno05_V972,double,int32,303812,0,0,0,0,1152
2010_tracts_entorno,entorno05_V973,double,int32,303812,0,0,0,0,2486
2010_tracts_entorno,entorno05_V974,double,int32,303812,0,0,0,0,1241
2010_tracts_entorno,entorno05_V975,double,int32,303812,0,0,0,0,1070
2010_tracts_entorno,entorno05_V976,double,int32,303812,0,0,0,0,585
2010_tracts_entorno,entorno05_V977,double,int32,303812,0,0,0,0,681
2010_tracts_entorno,entorno05_V978,double,int32,303812,0,0,0,0,120
2010_tracts_entorno,entorno05_V979,double,int32,303812,0,0,0,0,2924
2010_tracts_entorno,entorno05_V980,double,int32,303812,0,0,0,0,1905
2010_tracts_entorno,entorno05_V981,double,int32,303812,0,0,0,0,1031
2010_tracts_entorno,entorno05_V982,double,int32,303812,0,0,0,0,849
2010_tracts_entorno,entorno05_V983,double,int32,303812,0,0,0,0,2486
2010_tracts_entorno,entorno05_V984,double,int32,303812,0,0,0,0,1995
2010_tracts_entorno,entorno05_V985,double,int32,303812,0,0,0,0,902
2010_tracts_entorno,entorno05_V986,double,int32,303812,0,0,0,0,1036
2010_tracts_entorno,entorno05_V987,double,int32,303812,0,0,0,0,490
2010_tracts_entorno,entorno05_V988,double,int32,303812,0,0,0,0,601
2010_tracts_entorno,entorno05_V989,double,int32,303812,0,0,0,0,2261
2010_tracts_entorno,entorno05_V990,double,int32,303812,0,0,0,0,2530
2010_tracts_entorno,entorno05_V991,double,int32,303812,0,0,0,0,1065
2010_tracts_entorno,entorno05_V992,double,int32,303812,0,0,0,0,974
2010_tracts_entorno,entorno05_V993,double,int32,303812,0,0,0,0,2399
2010_tracts_entorno,entorno05_V994,double,int32,303812,0,0,0,0,2091
2010_tracts_entorno,entorno05_V995,double,int32,303812,0,0,0,0,786
2010_tracts_entorno,entorno05_V996,double,int32,303812,0,0,0,0,1190
2010_tracts_entorno,entorno05_V997,double,int32,303812,0,0,0,0,500
2010_tracts_entorno,entorno05_V998,double,int32,303812,0,0,0,0,758
2010_tracts_entorno,entorno05_V999,double,int32,303812,0,0,0,0,2261
2010_tracts_entorno,name_region,string,string,310120,310120,0,0,,
2010_tracts_entorno,name_state,string,string,310120,310120,0,0,,
2010_tracts_pessoa,Cod_setor,string,double,310114,0,0,0,110001505000001,530010805300158
2010_tracts_pessoa,abbrev_state,string,string,310114,310114,0,0,,
2010_tracts_pessoa,code_muni,double,int32,310114,0,0,0,1100015,5300108
2010_tracts_pessoa,code_region,double,int32,310114,0,0,0,1,5
2010_tracts_pessoa,code_situacao,double,int32,310114,0,0,0,1,8
2010_tracts_pessoa,code_state,double,int32,310114,0,0,0,11,53
2010_tracts_pessoa,code_tract,double,double,310114,0,0,0,110001505000001,530010805300158
2010_tracts_pessoa,code_weighting,double,double,310114,0,0,0,1100015001001,5300108005051
2010_tracts_pessoa,name_region,string,string,310114,310114,0,0,,
2010_tracts_pessoa,name_state,string,string,310114,310114,0,0,,
2010_tracts_pessoa,pessoa01_Situacao_setor,string,int32,310114,0,0,0,1,8
2010_tracts_pessoa,pessoa01_V001,double,int32,310114,0,0,0,0,4720
2010_tracts_pessoa,pessoa01_V002,double,int32,303819,0,0,0,0,67
2010_tracts_pessoa,pessoa01_V003,double,int32,303819,0,0,0,0,162
2010_tracts_pessoa,pessoa01_V004,double,int32,303819,0,0,0,0,169
2010_tracts_pessoa,pessoa01_V005,double,int32,303819,0,0,0,0,129
2010_tracts_pessoa,pessoa01_V006,double,int32,303819,0,0,0,0,130
2010_tracts_pessoa,pessoa01_V007,double,int32,303819,0,0,0,0,167
2010_tracts_pessoa,pessoa01_V008,double,int32,303819,0,0,0,0,164
2010_tracts_pessoa,pessoa01_V009,double,int32,303819,0,0,0,0,148
2010_tracts_pessoa,pessoa01_V010,double,int32,303819,0,0,0,0,139
2010_tracts_pessoa,pessoa01_V011,double,int32,303819,0,0,0,0,123
2010_tracts_pessoa,pessoa01_V012,double,int32,303819,0,0,0,0,148
2010_tracts_pessoa,pessoa01_V013,double,int32,303819,0,0,0,0,123
2010_tracts_pessoa,pessoa01_V014,double,int32,303819,0,0,0,0,135
2010_tracts_pessoa,pessoa01_V015,double,int32,303819,0,0,0,0,104
2010_tracts_pessoa,pessoa01_V016,double,int32,303819,0,0,0,0,140
2010_tracts_pessoa,pessoa01_V017,double,int32,303819,0,0,0,0,229
2010_tracts_pessoa,pessoa01_V018,double,int32,303819,0,0,0,0,249
2010_tracts_pessoa,pessoa01_V019,double,int32,303819,0,0,0,0,256
2010_tracts_pessoa,pessoa01_V020,double,int32,303819,0,0,0,0,316
2010_tracts_pessoa,pessoa01_V021,double,int32,303819,0,0,0,0,273
2010_tracts_pessoa,pessoa01_V022,double,int32,303819,0,0,0,0,261
2010_tracts_pessoa,pessoa01_V023,double,int32,303819,0,0,0,0,217
2010_tracts_pessoa,pessoa01_V024,double,int32,303819,0,0,0,0,242
2010_tracts_pessoa,pessoa01_V025,double,int32,303819,0,0,0,0,247
2010_tracts_pessoa,pessoa01_V026,double,int32,303819,0,0,0,0,209
2010_tracts_pessoa,pessoa01_V027,double,int32,303819,0,0,0,0,218
2010_tracts_pessoa,pessoa01_V028,double,int32,303819,0,0,0,0,204
2010_tracts_pessoa,pessoa01_V029,double,int32,303819,0,0,0,0,182
2010_tracts_pessoa,pessoa01_V030,double,int32,303819,0,0,0,0,152
2010_tracts_pessoa,pessoa01_V031,double,int32,303819,0,0,0,0,177
2010_tracts_pessoa,pessoa01_V032,double,int32,303819,0,0,0,0,122
2010_tracts_pessoa,pessoa01_V033,double,int32,303819,0,0,0,0,140
2010_tracts_pessoa,pessoa01_V034,double,int32,303819,0,0,0,0,239
2010_tracts_pessoa,pessoa01_V035,double,int32,303819,0,0,0,0,91
2010_tracts_pessoa,pessoa01_V036,double,int32,303819,0,0,0,0,102
2010_tracts_pessoa,pessoa01_V037,double,int32,303819,0,0,0,0,190
2010_tracts_pessoa,pessoa01_V038,double,int32,303819,0,0,0,0,104
2010_tracts_pessoa,pessoa01_V039,double,int32,303819,0,0,0,0,72
2010_tracts_pessoa,pessoa01_V040,double,int32,303819,0,0,0,0,82
2010_tracts_pessoa,pessoa01_V041,double,int32,303819,0,0,0,0,76
2010_tracts_pessoa,pessoa01_V042,double,int32,303819,0,0,0,0,73
2010_tracts_pessoa,pessoa01_V043,double,int32,303819,0,0,0,0,68
2010_tracts_pessoa,pessoa01_V044,double,int32,303819,0,0,0,0,96
2010_tracts_pessoa,pessoa01_V045,double,int32,303819,0,0,0,0,70
2010_tracts_pessoa,pessoa01_V046,double,int32,303819,0,0,0,0,93
2010_tracts_pessoa,pessoa01_V047,double,int32,303819,0,0,0,0,134
2010_tracts_pessoa,pessoa01_V048,double,int32,303819,0,0,0,0,77
2010_tracts_pessoa,pessoa01_V049,double,int32,303819,0,0,0,0,56
2010_tracts_pessoa,pessoa01_V050,double,int32,303819,0,0,0,0,43
2010_tracts_pessoa,pessoa01_V051,double,int32,303819,0,0,0,0,84
2010_tracts_pessoa,pessoa01_V052,double,int32,303819,0,0,0,0,57
2010_tracts_pessoa,pessoa01_V053,double,int32,303819,0,0,0,0,49
2010_tracts_pessoa,pessoa01_V054,double,int32,303819,0,0,0,0,38
2010_tracts_pessoa,pessoa01_V055,double,int32,303819,0,0,0,0,42
2010_tracts_pessoa,pessoa01_V056,double,int32,303819,0,0,0,0,45
2010_tracts_pessoa,pessoa01_V057,double,int32,303819,0,0,0,0,56
2010_tracts_pessoa,pessoa01_V058,double,int32,303819,0,0,0,0,33
2010_tracts_pessoa,pessoa01_V059,double,int32,303819,0,0,0,0,33
2010_tracts_pessoa,pessoa01_V060,double,int32,303819,0,0,0,0,29
2010_tracts_pessoa,pessoa01_V061,double,int32,303819,0,0,0,0,27
2010_tracts_pessoa,pessoa01_V062,double,int32,303819,0,0,0,0,29
2010_tracts_pessoa,pessoa01_V063,double,int32,303819,0,0,0,0,25
2010_tracts_pessoa,pessoa01_V064,double,int32,303819,0,0,0,0,28
2010_tracts_pessoa,pessoa01_V065,double,int32,303819,0,0,0,0,24
2010_tracts_pessoa,pessoa01_V066,double,int32,303819,0,0,0,0,39
2010_tracts_pessoa,pessoa01_V067,double,int32,303819,0,0,0,0,34
2010_tracts_pessoa,pessoa01_V068,double,int32,303819,0,0,0,0,25
2010_tracts_pessoa,pessoa01_V069,double,int32,303819,0,0,0,0,26
2010_tracts_pessoa,pessoa01_V070,double,int32,303819,0,0,0,0,22
2010_tracts_pessoa,pessoa01_V071,double,int32,303819,0,0,0,0,29
2010_tracts_pessoa,pessoa01_V072,double,int32,303819,0,0,0,0,27
2010_tracts_pessoa,pessoa01_V073,double,int32,303819,0,0,0,0,27
2010_tracts_pessoa,pessoa01_V074,double,int32,303819,0,0,0,0,21
2010_tracts_pessoa,pessoa01_V075,double,int32,303819,0,0,0,0,24
2010_tracts_pessoa,pessoa01_V076,double,int32,303819,0,0,0,0,24
2010_tracts_pessoa,pessoa01_V077,double,int32,303819,0,0,0,0,180
2010_tracts_pessoa,pessoa01_V078,double,int32,303819,0,0,0,0,1761
2010_tracts_pessoa,pessoa01_V079,double,int32,303819,0,0,0,0,1088
2010_tracts_pessoa,pessoa01_V080,double,int32,303819,0,0,0,0,1359
2010_tracts_pessoa,pessoa01_V081,double,int32,303819,0,0,0,0,207
2010_tracts_pessoa,pessoa01_V082,double,int32,303819,0,0,0,0,301
2010_tracts_pessoa,pessoa01_V083,double,int32,303819,0,0,0,0,508
2010_tracts_pessoa,pessoa01_V084,double,int32,303819,0,0,0,0,615
2010_tracts_pessoa,pessoa01_V085,double,int32,303819,0,0,0,0,573
2010_tracts_pessoa,pessoa02_Situacao_setor,string,int32,310114,0,0,0,1,8
2010_tracts_pessoa,pessoa02_V001,double,int32,303819,0,0,0,0,3954
2010_tracts_pessoa,pessoa02_V002,double,int32,303819,0,0,0,0,45
2010_tracts_pessoa,pessoa02_V003,double,int32,303819,0,0,0,0,79
2010_tracts_pessoa,pessoa02_V004,double,int32,303819,0,0,0,0,82
2010_tracts_pessoa,pessoa02_V005,double,int32,303819,0,0,0,0,60
2010_tracts_pessoa,pessoa02_V006,double,int32,303819,0,0,0,0,72
2010_tracts_pessoa,pessoa02_V007,double,int32,303819,0,0,0,0,74
2010_tracts_pessoa,pessoa02_V008,double,int32,303819,0,0,0,0,93
2010_tracts_pessoa,pessoa02_V009,double,int32,303819,0,0,0,0,94
2010_tracts_pessoa,pessoa02_V010,double,int32,303819,0,0,0,0,64
2010_tracts_pessoa,pessoa02_V011,double,int32,303819,0,0,0,0,73
2010_tracts_pessoa,pessoa02_V012,double,int32,303819,0,0,0,0,93
2010_tracts_pessoa,pessoa02_V013,double,int32,303819,0,0,0,0,88
2010_tracts_pessoa,pessoa02_V014,double,int32,303819,0,0,0,0,88
2010_tracts_pessoa,pessoa02_V015,double,int32,303819,0,0,0,0,82
2010_tracts_pessoa,pessoa02_V016,double,int32,303819,0,0,0,0,140
2010_tracts_pessoa,pessoa02_V017,double,int32,303819,0,0,0,0,226
2010_tracts_pessoa,pessoa02_V018,double,int32,303819,0,0,0,0,249
2010_tracts_pessoa,pessoa02_V019,double,int32,303819,0,0,0,0,256
2010_tracts_pessoa,pessoa02_V020,double,int32,303819,0,0,0,0,316
2010_tracts_pessoa,pessoa02_V021,double,int32,303819,0,0,0,0,273
2010_tracts_pessoa,pessoa02_V022,double,int32,303819,0,0,0,0,261
2010_tracts_pessoa,pessoa02_V023,double,int32,303819,0,0,0,0,217
2010_tracts_pessoa,pessoa02_V024,double,int32,303819,0,0,0,0,242
2010_tracts_pessoa,pessoa02_V025,double,int32,303819,0,0,0,0,247
2010_tracts_pessoa,pessoa02_V026,double,int32,303819,0,0,0,0,209
2010_tracts_pessoa,pessoa02_V027,double,int32,303819,0,0,0,0,203
2010_tracts_pessoa,pessoa02_V028,double,int32,303819,0,0,0,0,204
2010_tracts_pessoa,pessoa02_V029,double,int32,303819,0,0,0,0,182
2010_tracts_pessoa,pessoa02_V030,double,int32,303819,0,0,0,0,152
2010_tracts_pessoa,pessoa02_V031,double,int32,303819,0,0,0,0,146
2010_tracts_pessoa,pessoa02_V032,double,int32,303819,0,0,0,0,122
2010_tracts_pessoa,pessoa02_V033,double,int32,303819,0,0,0,0,113
2010_tracts_pessoa,pessoa02_V034,double,int32,303819,0,0,0,0,148
2010_tracts_pessoa,pessoa02_V035,double,int32,303819,0,0,0,0,84
2010_tracts_pessoa,pessoa02_V036,double,int32,303819,0,0,0,0,85
2010_tracts_pessoa,pessoa02_V037,double,int32,303819,0,0,0,0,68
2010_tracts_pessoa,pessoa02_V038,double,int32,303819,0,0,0,0,58
2010_tracts_pessoa,pessoa02_V039,double,int32,303819,0,0,0,0,62
2010_tracts_pessoa,pessoa02_V040,double,int32,303819,0,0,0,0,47
2010_tracts_pessoa,pessoa02_V041,double,int32,303819,0,0,0,0,47
2010_tracts_pessoa,pessoa02_V042,double,int32,303819,0,0,0,0,47
2010_tracts_pessoa,pessoa02_V043,double,int32,303819,0,0,0,0,42
2010_tracts_pessoa,pessoa02_V044,double,int32,303819,0,0,0,0,45
2010_tracts_pessoa,pessoa02_V045,double,int32,303819,0,0,0,0,40
2010_tracts_pessoa,pessoa02_V046,double,int32,303819,0,0,0,0,58
2010_tracts_pessoa,pessoa02_V047,double,int32,303819,0,0,0,0,113
2010_tracts_pessoa,pessoa02_V048,double,int32,303819,0,0,0,0,39
2010_tracts_pessoa,pessoa02_V049,double,int32,303819,0,0,0,0,43
2010_tracts_pessoa,pessoa02_V050,double,int32,303819,0,0,0,0,26
2010_tracts_pessoa,pessoa02_V051,double,int32,303819,0,0,0,0,72
2010_tracts_pessoa,pessoa02_V052,double,int32,303819,0,0,0,0,36
2010_tracts_pessoa,pessoa02_V053,double,int32,303819,0,0,0,0,30
2010_tracts_pessoa,pessoa02_V054,double,int32,303819,0,0,0,0,31
2010_tracts_pessoa,pessoa02_V055,double,int32,303819,0,0,0,0,34
2010_tracts_pessoa,pessoa02_V056,double,int32,303819,0,0,0,0,33
2010_tracts_pessoa,pessoa02_V057,double,int32,303819,0,0,0,0,31
2010_tracts_pessoa,pessoa02_V058,double,int32,303819,0,0,0,0,19
2010_tracts_pessoa,pessoa02_V059,double,int32,303819,0,0,0,0,19
2010_tracts_pessoa,pessoa02_V060,double,int32,303819,0,0,0,0,26
2010_tracts_pessoa,pessoa02_V061,double,int32,303819,0,0,0,0,21
2010_tracts_pessoa,pessoa02_V062,double,int32,303819,0,0,0,0,18
2010_tracts_pessoa,pessoa02_V063,double,int32,303819,0,0,0,0,15
2010_tracts_pessoa,pessoa02_V064,double,int32,303819,0,0,0,0,16
2010_tracts_pessoa,pessoa02_V065,double,int32,303819,0,0,0,0,13
2010_tracts_pessoa,pessoa02_V066,double,int32,303819,0,0,0,0,13
2010_tracts_pessoa,pessoa02_V067,double,int32,303819,0,0,0,0,27
2010_tracts_pessoa,pessoa02_V068,double,int32,303819,0,0,0,0,12
2010_tracts_pessoa,pessoa02_V069,double,int32,303819,0,0,0,0,16
2010_tracts_pessoa,pessoa02_V070,double,int32,303819,0,0,0,0,11
2010_tracts_pessoa,pessoa02_V071,double,int32,303819,0,0,0,0,24
2010_tracts_pessoa,pessoa02_V072,double,int32,303819,0,0,0,0,18
2010_tracts_pessoa,pessoa02_V073,double,int32,303819,0,0,0,0,15
2010_tracts_pessoa,pessoa02_V074,double,int32,303819,0,0,0,0,10
2010_tracts_pessoa,pessoa02_V075,double,int32,303819,0,0,0,0,12
2010_tracts_pessoa,pessoa02_V076,double,int32,303819,0,0,0,0,10
2010_tracts_pessoa,pessoa02_V077,double,int32,303819,0,0,0,0,51
2010_tracts_pessoa,pessoa02_V078,double,int32,303819,0,0,0,0,1022
2010_tracts_pessoa,pessoa02_V079,double,int32,303819,0,0,0,0,540
2010_tracts_pessoa,pessoa02_V080,double,int32,303819,0,0,0,0,775
2010_tracts_pessoa,pessoa02_V081,double,int32,303819,0,0,0,0,81
2010_tracts_pessoa,pessoa02_V082,double,int32,303819,0,0,0,0,174
2010_tracts_pessoa,pessoa02_V083,double,int32,303819,0,0,0,0,323
2010_tracts_pessoa,pessoa02_V084,double,int32,303819,0,0,0,0,315
2010_tracts_pessoa,pessoa02_V085,double,int32,303819,0,0,0,0,511
2010_tracts_pessoa,pessoa02_V086,double,int32,303819,0,0,0,0,2491
2010_tracts_pessoa,pessoa02_V087,double,int32,303819,0,0,0,0,55
2010_tracts_pessoa,pessoa02_V088,double,int32,303819,0,0,0,0,83
2010_tracts_pessoa,pessoa02_V089,double,int32,303819,0,0,0,0,87
2010_tracts_pessoa,pessoa02_V090,double,int32,303819,0,0,0,0,69
2010_tracts_pessoa,pessoa02_V091,double,int32,303819,0,0,0,0,74
2010_tracts_pessoa,pessoa02_V092,double,int32,303819,0,0,0,0,94
2010_tracts_pessoa,pessoa02_V093,double,int32,303819,0,0,0,0,77
2010_tracts_pessoa,pessoa02_V094,double,int32,303819,0,0,0,0,111
2010_tracts_pessoa,pessoa02_V095,double,int32,303819,0,0,0,0,138
2010_tracts_pessoa,pessoa02_V096,double,int32,303819,0,0,0,0,121
2010_tracts_pessoa,pessoa02_V097,double,int32,303819,0,0,0,0,125
2010_tracts_pessoa,pessoa02_V098,double,int32,303819,0,0,0,0,96
2010_tracts_pessoa,pessoa02_V099,double,int32,303819,0,0,0,0,77
2010_tracts_pessoa,pessoa02_V100,double,int32,303819,0,0,0,0,61
2010_tracts_pessoa,pessoa02_V101,double,int32,303819,0,0,0,0,75
2010_tracts_pessoa,pessoa02_V102,double,int32,303819,0,0,0,0,97
2010_tracts_pessoa,pessoa02_V103,double,int32,303819,0,0,0,0,90
2010_tracts_pessoa,pessoa02_V104,double,int32,303819,0,0,0,0,74
2010_tracts_pessoa,pessoa02_V105,double,int32,303819,0,0,0,0,87
2010_tracts_pessoa,pessoa02_V106,double,int32,303819,0,0,0,0,83
2010_tracts_pessoa,pessoa02_V107,double,int32,303819,0,0,0,0,94
2010_tracts_pessoa,pessoa02_V108,double,int32,303819,0,0,0,0,91
2010_tracts_pessoa,pessoa02_V109,double,int32,303819,0,0,0,0,87
2010_tracts_pessoa,pessoa02_V110,double,int32,303819,0,0,0,0,77
2010_tracts_pessoa,pessoa02_V111,double,int32,303819,0,0,0,0,76
2010_tracts_pessoa,pessoa02_V112,double,int32,303819,0,0,0,0,150
2010_tracts_pessoa,pessoa02_V113,double,int32,303819,0,0,0,0,79
2010_tracts_pessoa,pessoa02_V114,double,int32,303819,0,0,0,0,64
2010_tracts_pessoa,pessoa02_V115,double,int32,303819,0,0,0,0,71
2010_tracts_pessoa,pessoa02_V116,double,int32,303819,0,0,0,0,69
2010_tracts_pessoa,pessoa02_V117,double,int32,303819,0,0,0,0,68
2010_tracts_pessoa,pessoa02_V118,double,int32,303819,0,0,0,0,81
2010_tracts_pessoa,pessoa02_V119,double,int32,303819,0,0,0,0,91
2010_tracts_pessoa,pessoa02_V120,double,int32,303819,0,0,0,0,50
2010_tracts_pessoa,pessoa02_V121,double,int32,303819,0,0,0,0,65
2010_tracts_pessoa,pessoa02_V122,double,int32,303819,0,0,0,0,146
2010_tracts_pessoa,pessoa02_V123,double,int32,303819,0,0,0,0,53
2010_tracts_pessoa,pessoa02_V124,double,int32,303819,0,0,0,0,44
2010_tracts_pessoa,pessoa02_V125,double,int32,303819,0,0,0,0,39
2010_tracts_pessoa,pessoa02_V126,double,int32,303819,0,0,0,0,65
2010_tracts_pessoa,pessoa02_V127,double,int32,303819,0,0,0,0,42
2010_tracts_pessoa,pessoa02_V128,double,int32,303819,0,0,0,0,38
2010_tracts_pessoa,pessoa02_V129,double,int32,303819,0,0,0,0,67
2010_tracts_pessoa,pessoa02_V130,double,int32,303819,0,0,0,0,32
2010_tracts_pessoa,pessoa02_V131,double,int32,303819,0,0,0,0,41
2010_tracts_pessoa,pessoa02_V132,double,int32,303819,0,0,0,0,39
2010_tracts_pessoa,pessoa02_V133,double,int32,303819,0,0,0,0,46
2010_tracts_pessoa,pessoa02_V134,double,int32,303819,0,0,0,0,31
2010_tracts_pessoa,pessoa02_V135,double,int32,303819,0,0,0,0,25
2010_tracts_pessoa,pessoa02_V136,double,int32,303819,0,0,0,0,24
2010_tracts_pessoa,pessoa02_V137,double,int32,303819,0,0,0,0,25
2010_tracts_pessoa,pessoa02_V138,double,int32,303819,0,0,0,0,26
2010_tracts_pessoa,pessoa02_V139,double,int32,303819,0,0,0,0,21
2010_tracts_pessoa,pessoa02_V140,double,int32,303819,0,0,0,0,25
2010_tracts_pessoa,pessoa02_V141,double,int32,303819,0,0,0,0,27
2010_tracts_pessoa,pessoa02_V142,double,int32,303819,0,0,0,0,28
2010_tracts_pessoa,pessoa02_V143,double,int32,303819,0,0,0,0,22
2010_tracts_pessoa,pessoa02_V144,double,int32,303819,0,0,0,0,26
2010_tracts_pessoa,pessoa02_V145,double,int32,303819,0,0,0,0,18
2010_tracts_pessoa,pessoa02_V146,double,int32,303819,0,0,0,0,19
2010_tracts_pessoa,pessoa02_V147,double,int32,303819,0,0,0,0,17
2010_tracts_pessoa,pessoa02_V148,double,int32,303819,0,0,0,0,18
2010_tracts_pessoa,pessoa02_V149,double,int32,303819,0,0,0,0,23
2010_tracts_pessoa,pessoa02_V150,double,int32,303819,0,0,0,0,15
2010_tracts_pessoa,pessoa02_V151,double,int32,303819,0,0,0,0,26
2010_tracts_pessoa,pessoa02_V152,double,int32,303819,0,0,0,0,18
2010_tracts_pessoa,pessoa02_V153,double,int32,303819,0,0,0,0,16
2010_tracts_pessoa,pessoa02_V154,double,int32,303819,0,0,0,0,13
2010_tracts_pessoa,pessoa02_V155,double,int32,303819,0,0,0,0,14
2010_tracts_pessoa,pessoa02_V156,double,int32,303819,0,0,0,0,15
2010_tracts_pessoa,pessoa02_V157,double,int32,303819,0,0,0,0,15
2010_tracts_pessoa,pessoa02_V158,double,int32,303819,0,0,0,0,18
2010_tracts_pessoa,pessoa02_V159,double,int32,303819,0,0,0,0,12
2010_tracts_pessoa,pessoa02_V160,double,int32,303819,0,0,0,0,13
2010_tracts_pessoa,pessoa02_V161,double,int32,303819,0,0,0,0,14
2010_tracts_pessoa,pessoa02_V162,double,int32,303819,0,0,0,0,129
2010_tracts_pessoa,pessoa02_V163,double,int32,303819,0,0,0,0,868
2010_tracts_pessoa,pessoa02_V164,double,int32,303819,0,0,0,0,787
2010_tracts_pessoa,pessoa02_V165,double,int32,303819,0,0,0,0,735
2010_tracts_pessoa,pessoa02_V166,double,int32,303819,0,0,0,0,131
2010_tracts_pessoa,pessoa02_V167,double,int32,303819,0,0,0,0,135
2010_tracts_pessoa,pessoa02_V168,double,int32,303819,0,0,0,0,185
2010_tracts_pessoa,pessoa02_V169,double,int32,303819,0,0,0,0,312
2010_tracts_pessoa,pessoa02_V170,double,int32,303819,0,0,0,0,154
2010_tracts_pessoa,pessoa03_Situacao_setor,string,int32,310114,0,0,0,1,8
2010_tracts_pessoa,pessoa03_V001,double,int32,310114,0,0,0,1,5315
2010_tracts_pessoa,pessoa03_V002,double,int32,303819,0,0,0,0,2486
2010_tracts_pessoa,pessoa03_V003,double,int32,303819,0,0,0,0,2099
2010_tracts_pessoa,pessoa03_V004,double,int32,303819,0,0,0,0,793
2010_tracts_pessoa,pessoa03_V005,double,int32,303819,0,0,0,0,4092
2010_tracts_pessoa,pessoa03_V006,double,int32,303819,0,0,0,0,3714
2010_tracts_pessoa,pessoa03_V007,double,int32,303819,0,0,0,0,249
2010_tracts_pessoa,pessoa03_V008,double,int32,303819,0,0,0,0,135
2010_tracts_pessoa,pessoa03_V009,double,int32,303819,0,0,0,0,92
2010_tracts_pessoa,pessoa03_V010,double,int32,303819,0,0,0,0,564
2010_tracts_pessoa,pessoa03_V011,double,int32,303819,0,0,0,0,826
2010_tracts_pessoa,pessoa03_V012,double,int32,303819,0,0,0,0,339
2010_tracts_pessoa,pessoa03_V013,double,int32,303819,0,0,0,0,241
2010_tracts_pessoa,pessoa03_V014,double,int32,303819,0,0,0,0,105
2010_tracts_pessoa,pessoa03_V015,double,int32,303819,0,0,0,0,508
2010_tracts_pessoa,pessoa03_V016,double,int32,303819,0,0,0,0,681
2010_tracts_pessoa,pessoa03_V017,double,int32,303819,0,0,0,0,354
2010_tracts_pessoa,pessoa03_V018,double,int32,303819,0,0,0,0,249
2010_tracts_pessoa,pessoa03_V019,double,int32,303819,0,0,0,0,117
2010_tracts_pessoa,pessoa03_V020,double,int32,303819,0,0,0,0,473
2010_tracts_pessoa,pessoa03_V021,double,int32,303819,0,0,0,0,496
2010_tracts_pessoa,pessoa03_V022,double,int32,303819,0,0,0,0,231
2010_tracts_pessoa,pessoa03_V023,double,int32,303819,0,0,0,0,182
2010_tracts_pessoa,pessoa03_V024,double,int32,303819,0,0,0,0,93
2010_tracts_pessoa,pessoa03_V025,double,int32,303819,0,0,0,0,452
2010_tracts_pessoa,pessoa03_V026,double,int32,303819,0,0,0,0,341
2010_tracts_pessoa,pessoa03_V027,double,int32,303819,0,0,0,0,153
2010_tracts_pessoa,pessoa03_V028,double,int32,303819,0,0,0,0,112
2010_tracts_pessoa,pessoa03_V029,double,int32,303819,0,0,0,0,64
2010_tracts_pessoa,pessoa03_V030,double,int32,303819,0,0,0,0,270
2010_tracts_pessoa,pessoa03_V031,double,int32,303819,0,0,0,0,207
2010_tracts_pessoa,pessoa03_V032,double,int32,303819,0,0,0,0,168
2010_tracts_pessoa,pessoa03_V033,double,int32,303819,0,0,0,0,70
2010_tracts_pessoa,pessoa03_V034,double,int32,303819,0,0,0,0,29
2010_tracts_pessoa,pessoa03_V035,double,int32,303819,0,0,0,0,211
2010_tracts_pessoa,pessoa03_V036,double,int32,303819,0,0,0,0,135
2010_tracts_pessoa,pessoa03_V037,double,int32,303819,0,0,0,0,565
2010_tracts_pessoa,pessoa03_V038,double,int32,303819,0,0,0,0,217
2010_tracts_pessoa,pessoa03_V039,double,int32,303819,0,0,0,0,85
2010_tracts_pessoa,pessoa03_V040,double,int32,303819,0,0,0,0,802
2010_tracts_pessoa,pessoa03_V041,double,int32,303819,0,0,0,0,448
2010_tracts_pessoa,pessoa03_V042,double,int32,303819,0,0,0,0,665
2010_tracts_pessoa,pessoa03_V043,double,int32,303819,0,0,0,0,231
2010_tracts_pessoa,pessoa03_V044,double,int32,303819,0,0,0,0,67
2010_tracts_pessoa,pessoa03_V045,double,int32,303819,0,0,0,0,742
2010_tracts_pessoa,pessoa03_V046,double,int32,303819,0,0,0,0,359
2010_tracts_pessoa,pessoa03_V047,double,int32,303819,0,0,0,0,538
2010_tracts_pessoa,pessoa03_V048,double,int32,303819,0,0,0,0,309
2010_tracts_pessoa,pessoa03_V049,double,int32,303819,0,0,0,0,58
2010_tracts_pessoa,pessoa03_V050,double,int32,303819,0,0,0,0,544
2010_tracts_pessoa,pessoa03_V051,double,int32,303819,0,0,0,0,186
2010_tracts_pessoa,pessoa03_V052,double,int32,303819,0,0,0,0,319
2010_tracts_pessoa,pessoa03_V053,double,int32,303819,0,0,0,0,222
2010_tracts_pessoa,pessoa03_V054,double,int32,303819,0,0,0,0,88
2010_tracts_pessoa,pessoa03_V055,double,int32,303819,0,0,0,0,349
2010_tracts_pessoa,pessoa03_V056,double,int32,303819,0,0,0,0,137
2010_tracts_pessoa,pessoa03_V057,double,int32,303819,0,0,0,0,252
2010_tracts_pessoa,pessoa03_V058,double,int32,303819,0,0,0,0,197
2010_tracts_pessoa,pessoa03_V059,double,int32,303819,0,0,0,0,86
2010_tracts_pessoa,pessoa03_V060,double,int32,303819,0,0,0,0,271
2010_tracts_pessoa,pessoa03_V061,double,int32,303819,0,0,0,0,152
2010_tracts_pessoa,pessoa03_V062,double,int32,303819,0,0,0,0,208
2010_tracts_pessoa,pessoa03_V063,double,int32,303819,0,0,0,0,125
2010_tracts_pessoa,pessoa03_V064,double,int32,303819,0,0,0,0,57
2010_tracts_pessoa,pessoa03_V065,double,int32,303819,0,0,0,0,285
2010_tracts_pessoa,pessoa03_V066,double,int32,303819,0,0,0,0,117
2010_tracts_pessoa,pessoa03_V067,double,int32,303819,0,0,0,0,219
2010_tracts_pessoa,pessoa03_V068,double,int32,303819,0,0,0,0,124
2010_tracts_pessoa,pessoa03_V069,double,int32,303819,0,0,0,0,43
2010_tracts_pessoa,pessoa03_V070,double,int32,303819,0,0,0,0,182
2010_tracts_pessoa,pessoa03_V071,double,int32,303819,0,0,0,0,97
2010_tracts_pessoa,pessoa03_V072,double,int32,303819,0,0,0,0,143
2010_tracts_pessoa,pessoa03_V073,double,int32,303819,0,0,0,0,68
2010_tracts_pessoa,pessoa03_V074,double,int32,303819,0,0,0,0,41
2010_tracts_pessoa,pessoa03_V075,double,int32,303819,0,0,0,0,93
2010_tracts_pessoa,pessoa03_V076,double,int32,303819,0,0,0,0,68
2010_tracts_pessoa,pessoa03_V077,double,int32,303819,0,0,0,0,202
2010_tracts_pessoa,pessoa03_V078,double,int32,303819,0,0,0,0,88
2010_tracts_pessoa,pessoa03_V079,double,int32,303819,0,0,0,0,67
2010_tracts_pessoa,pessoa03_V080,double,int32,303819,0,0,0,0,150
2010_tracts_pessoa,pessoa03_V081,double,int32,303819,0,0,0,0,188
2010_tracts_pessoa,pessoa03_V082,double,int32,303819,0,0,0,0,365
2010_tracts_pessoa,pessoa03_V083,double,int32,303819,0,0,0,0,87
2010_tracts_pessoa,pessoa03_V084,double,int32,303819,0,0,0,0,75
2010_tracts_pessoa,pessoa03_V085,double,int32,303819,0,0,0,0,197
2010_tracts_pessoa,pessoa03_V086,double,int32,303819,0,0,0,0,84
2010_tracts_pessoa,pessoa03_V087,double,int32,303819,0,0,0,0,86
2010_tracts_pessoa,pessoa03_V088,double,int32,303819,0,0,0,0,38
2010_tracts_pessoa,pessoa03_V089,double,int32,303819,0,0,0,0,23
2010_tracts_pessoa,pessoa03_V090,double,int32,303819,0,0,0,0,106
2010_tracts_pessoa,pessoa03_V091,double,int32,303819,0,0,0,0,160
2010_tracts_pessoa,pessoa03_V092,double,int32,303819,0,0,0,0,136
2010_tracts_pessoa,pessoa03_V093,double,int32,303819,0,0,0,0,76
2010_tracts_pessoa,pessoa03_V094,double,int32,303819,0,0,0,0,30
2010_tracts_pessoa,pessoa03_V095,double,int32,303819,0,0,0,0,152
2010_tracts_pessoa,pessoa03_V096,double,int32,303819,0,0,0,0,195
2010_tracts_pessoa,pessoa03_V097,double,int32,303819,0,0,0,0,225
2010_tracts_pessoa,pessoa03_V098,double,int32,303819,0,0,0,0,124
2010_tracts_pessoa,pessoa03_V099,double,int32,303819,0,0,0,0,57
2010_tracts_pessoa,pessoa03_V100,double,int32,303819,0,0,0,0,250
2010_tracts_pessoa,pessoa03_V101,double,int32,303819,0,0,0,0,255
2010_tracts_pessoa,pessoa03_V102,double,int32,303819,0,0,0,0,141
2010_tracts_pessoa,pessoa03_V103,double,int32,303819,0,0,0,0,106
2010_tracts_pessoa,pessoa03_V104,double,int32,303819,0,0,0,0,50
2010_tracts_pessoa,pessoa03_V105,double,int32,303819,0,0,0,0,274
2010_tracts_pessoa,pessoa03_V106,double,int32,303819,0,0,0,0,182
2010_tracts_pessoa,pessoa03_V107,double,int32,303819,0,0,0,0,106
2010_tracts_pessoa,pessoa03_V108,double,int32,303819,0,0,0,0,71
2010_tracts_pessoa,pessoa03_V109,double,int32,303819,0,0,0,0,36
2010_tracts_pessoa,pessoa03_V110,double,int32,303819,0,0,0,0,157
2010_tracts_pessoa,pessoa03_V111,double,int32,303819,0,0,0,0,111
2010_tracts_pessoa,pessoa03_V112,double,int32,303819,0,0,0,0,113
2010_tracts_pessoa,pessoa03_V113,double,int32,303819,0,0,0,0,43
2010_tracts_pessoa,pessoa03_V114,double,int32,303819,0,0,0,0,22
2010_tracts_pessoa,pessoa03_V115,double,int32,303819,0,0,0,0,161
2010_tracts_pessoa,pessoa03_V116,double,int32,303819,0,0,0,0,71
2010_tracts_pessoa,pessoa03_V117,double,int32,303819,0,0,0,0,564
2010_tracts_pessoa,pessoa03_V118,double,int32,303819,0,0,0,0,217
2010_tracts_pessoa,pessoa03_V119,double,int32,303819,0,0,0,0,48
2010_tracts_pessoa,pessoa03_V120,double,int32,303819,0,0,0,0,751
2010_tracts_pessoa,pessoa03_V121,double,int32,303819,0,0,0,0,238
2010_tracts_pessoa,pessoa03_V122,double,int32,303819,0,0,0,0,606
2010_tracts_pessoa,pessoa03_V123,double,int32,303819,0,0,0,0,231
2010_tracts_pessoa,pessoa03_V124,double,int32,303819,0,0,0,0,35
2010_tracts_pessoa,pessoa03_V125,double,int32,303819,0,0,0,0,706
2010_tracts_pessoa,pessoa03_V126,double,int32,303819,0,0,0,0,201
2010_tracts_pessoa,pessoa03_V127,double,int32,303819,0,0,0,0,507
2010_tracts_pessoa,pessoa03_V128,double,int32,303819,0,0,0,0,165
2010_tracts_pessoa,pessoa03_V129,double,int32,303819,0,0,0,0,35
2010_tracts_pessoa,pessoa03_V130,double,int32,303819,0,0,0,0,480
2010_tracts_pessoa,pessoa03_V131,double,int32,303819,0,0,0,0,86
2010_tracts_pessoa,pessoa03_V132,double,int32,303819,0,0,0,0,282
2010_tracts_pessoa,pessoa03_V133,double,int32,303819,0,0,0,0,120
2010_tracts_pessoa,pessoa03_V134,double,int32,303819,0,0,0,0,44
2010_tracts_pessoa,pessoa03_V135,double,int32,303819,0,0,0,0,300
2010_tracts_pessoa,pessoa03_V136,double,int32,303819,0,0,0,0,67
2010_tracts_pessoa,pessoa03_V137,double,int32,303819,0,0,0,0,151
2010_tracts_pessoa,pessoa03_V138,double,int32,303819,0,0,0,0,109
2010_tracts_pessoa,pessoa03_V139,double,int32,303819,0,0,0,0,43
2010_tracts_pessoa,pessoa03_V140,double,int32,303819,0,0,0,0,232
2010_tracts_pessoa,pessoa03_V141,double,int32,303819,0,0,0,0,74
2010_tracts_pessoa,pessoa03_V142,double,int32,303819,0,0,0,0,120
2010_tracts_pessoa,pessoa03_V143,double,int32,303819,0,0,0,0,59
2010_tracts_pessoa,pessoa03_V144,double,int32,303819,0,0,0,0,46
2010_tracts_pessoa,pessoa03_V145,double,int32,303819,0,0,0,0,168
2010_tracts_pessoa,pessoa03_V146,double,int32,303819,0,0,0,0,70
2010_tracts_pessoa,pessoa03_V147,double,int32,303819,0,0,0,0,105
2010_tracts_pessoa,pessoa03_V148,double,int32,303819,0,0,0,0,75
2010_tracts_pessoa,pessoa03_V149,double,int32,303819,0,0,0,0,24
2010_tracts_pessoa,pessoa03_V150,double,int32,303819,0,0,0,0,129
2010_tracts_pessoa,pessoa03_V151,double,int32,303819,0,0,0,0,52
2010_tracts_pessoa,pessoa03_V152,double,int32,303819,0,0,0,0,90
2010_tracts_pessoa,pessoa03_V153,double,int32,303819,0,0,0,0,31
2010_tracts_pessoa,pessoa03_V154,double,int32,303819,0,0,0,0,21
2010_tracts_pessoa,pessoa03_V155,double,int32,303819,0,0,0,0,67
2010_tracts_pessoa,pessoa03_V156,double,int32,303819,0,0,0,0,39
2010_tracts_pessoa,pessoa03_V157,double,int32,303819,0,0,0,0,114
2010_tracts_pessoa,pessoa03_V158,double,int32,303819,0,0,0,0,45
2010_tracts_pessoa,pessoa03_V159,double,int32,303819,0,0,0,0,33
2010_tracts_pessoa,pessoa03_V160,double,int32,303819,0,0,0,0,87
2010_tracts_pessoa,pessoa03_V161,double,int32,303819,0,0,0,0,101
2010_tracts_pessoa,pessoa03_V162,double,int32,303819,0,0,0,0,119
2010_tracts_pessoa,pessoa03_V163,double,int32,303819,0,0,0,0,45
2010_tracts_pessoa,pessoa03_V164,double,int32,303819,0,0,0,0,32
2010_tracts_pessoa,pessoa03_V165,double,int32,303819,0,0,0,0,189
2010_tracts_pessoa,pessoa03_V166,double,int32,303819,0,0,0,0,35
2010_tracts_pessoa,pessoa03_V167,double,int32,303819,0,0,0,0,60
2010_tracts_pessoa,pessoa03_V168,double,int32,303819,0,0,0,0,37
2010_tracts_pessoa,pessoa03_V169,double,int32,303819,0,0,0,0,24
2010_tracts_pessoa,pessoa03_V170,double,int32,303819,0,0,0,0,107
2010_tracts_pessoa,pessoa03_V171,double,int32,303819,0,0,0,0,133
2010_tracts_pessoa,pessoa03_V172,double,int32,303819,0,0,0,0,92
2010_tracts_pessoa,pessoa03_V173,double,int32,303819,0,0,0,0,90
2010_tracts_pessoa,pessoa03_V174,double,int32,303819,0,0,0,0,28
2010_tracts_pessoa,pessoa03_V175,double,int32,303819,0,0,0,0,169
2010_tracts_pessoa,pessoa03_V176,double,int32,303819,0,0,0,0,204
2010_tracts_pessoa,pessoa03_V177,double,int32,303819,0,0,0,0,129
2010_tracts_pessoa,pessoa03_V178,double,int32,303819,0,0,0,0,125
2010_tracts_pessoa,pessoa03_V179,double,int32,303819,0,0,0,0,60
2010_tracts_pessoa,pessoa03_V180,double,int32,303819,0,0,0,0,252
2010_tracts_pessoa,pessoa03_V181,double,int32,303819,0,0,0,0,241
2010_tracts_pessoa,pessoa03_V182,double,int32,303819,0,0,0,0,133
2010_tracts_pessoa,pessoa03_V183,double,int32,303819,0,0,0,0,102
2010_tracts_pessoa,pessoa03_V184,double,int32,303819,0,0,0,0,49
2010_tracts_pessoa,pessoa03_V185,double,int32,303819,0,0,0,0,267
2010_tracts_pessoa,pessoa03_V186,double,int32,303819,0,0,0,0,159
2010_tracts_pessoa,pessoa03_V187,double,int32,303819,0,0,0,0,97
2010_tracts_pessoa,pessoa03_V188,double,int32,303819,0,0,0,0,60
2010_tracts_pessoa,pessoa03_V189,double,int32,303819,0,0,0,0,29
2010_tracts_pessoa,pessoa03_V190,double,int32,303819,0,0,0,0,217
2010_tracts_pessoa,pessoa03_V191,double,int32,303819,0,0,0,0,102
2010_tracts_pessoa,pessoa03_V192,double,int32,303819,0,0,0,0,112
2010_tracts_pessoa,pessoa03_V193,double,int32,303819,0,0,0,0,42
2010_tracts_pessoa,pessoa03_V194,double,int32,303819,0,0,0,0,20
2010_tracts_pessoa,pessoa03_V195,double,int32,303819,0,0,0,0,104
2010_tracts_pessoa,pessoa03_V196,double,int32,303819,0,0,0,0,64
2010_tracts_pessoa,pessoa03_V197,double,int32,303819,0,0,0,0,270
2010_tracts_pessoa,pessoa03_V198,double,int32,303819,0,0,0,0,76
2010_tracts_pessoa,pessoa03_V199,double,int32,303819,0,0,0,0,42
2010_tracts_pessoa,pessoa03_V200,double,int32,303819,0,0,0,0,282
2010_tracts_pessoa,pessoa03_V201,double,int32,303819,0,0,0,0,210
2010_tracts_pessoa,pessoa03_V202,double,int32,303819,0,0,0,0,217
2010_tracts_pessoa,pessoa03_V203,double,int32,303819,0,0,0,0,127
2010_tracts_pessoa,pessoa03_V204,double,int32,303819,0,0,0,0,32
2010_tracts_pessoa,pessoa03_V205,double,int32,303819,0,0,0,0,289
2010_tracts_pessoa,pessoa03_V206,double,int32,303819,0,0,0,0,158
2010_tracts_pessoa,pessoa03_V207,double,int32,303819,0,0,0,0,158
2010_tracts_pessoa,pessoa03_V208,double,int32,303819,0,0,0,0,144
2010_tracts_pessoa,pessoa03_V209,double,int32,303819,0,0,0,0,25
2010_tracts_pessoa,pessoa03_V210,double,int32,303819,0,0,0,0,200
2010_tracts_pessoa,pessoa03_V211,double,int32,303819,0,0,0,0,100
2010_tracts_pessoa,pessoa03_V212,double,int32,303819,0,0,0,0,169
2010_tracts_pessoa,pessoa03_V213,double,int32,303819,0,0,0,0,102
2010_tracts_pessoa,pessoa03_V214,double,int32,303819,0,0,0,0,49
2010_tracts_pessoa,pessoa03_V215,double,int32,303819,0,0,0,0,173
2010_tracts_pessoa,pessoa03_V216,double,int32,303819,0,0,0,0,70
2010_tracts_pessoa,pessoa03_V217,double,int32,303819,0,0,0,0,119
2010_tracts_pessoa,pessoa03_V218,double,int32,303819,0,0,0,0,88
2010_tracts_pessoa,pessoa03_V219,double,int32,303819,0,0,0,0,50
2010_tracts_pessoa,pessoa03_V220,double,int32,303819,0,0,0,0,127
2010_tracts_pessoa,pessoa03_V221,double,int32,303819,0,0,0,0,78
2010_tracts_pessoa,pessoa03_V222,double,int32,303819,0,0,0,0,99
2010_tracts_pessoa,pessoa03_V223,double,int32,303819,0,0,0,0,67
2010_tracts_pessoa,pessoa03_V224,double,int32,303819,0,0,0,0,21
2010_tracts_pessoa,pessoa03_V225,double,int32,303819,0,0,0,0,149
2010_tracts_pessoa,pessoa03_V226,double,int32,303819,0,0,0,0,47
2010_tracts_pessoa,pessoa03_V227,double,int32,303819,0,0,0,0,130
2010_tracts_pessoa,pessoa03_V228,double,int32,303819,0,0,0,0,49
2010_tracts_pessoa,pessoa03_V229,double,int32,303819,0,0,0,0,25
2010_tracts_pessoa,pessoa03_V230,double,int32,303819,0,0,0,0,70
2010_tracts_pessoa,pessoa03_V231,double,int32,303819,0,0,0,0,45
2010_tracts_pessoa,pessoa03_V232,double,int32,303819,0,0,0,0,93
2010_tracts_pessoa,pessoa03_V233,double,int32,303819,0,0,0,0,38
2010_tracts_pessoa,pessoa03_V234,double,int32,303819,0,0,0,0,24
2010_tracts_pessoa,pessoa03_V235,double,int32,303819,0,0,0,0,54
2010_tracts_pessoa,pessoa03_V236,double,int32,303819,0,0,0,0,29
2010_tracts_pessoa,pessoa03_V237,double,int32,303819,0,0,0,0,113
2010_tracts_pessoa,pessoa03_V238,double,int32,303819,0,0,0,0,43
2010_tracts_pessoa,pessoa03_V239,double,int32,303819,0,0,0,0,38
2010_tracts_pessoa,pessoa03_V240,double,int32,303819,0,0,0,0,94
2010_tracts_pessoa,pessoa03_V241,double,int32,303819,0,0,0,0,87
2010_tracts_pessoa,pessoa03_V242,double,int32,303819,0,0,0,0,246
2010_tracts_pessoa,pessoa03_V243,double,int32,303819,0,0,0,0,46
2010_tracts_pessoa,pessoa03_V244,double,int32,303819,0,0,0,0,46
2010_tracts_pessoa,pessoa03_V245,double,int32,303819,0,0,0,0,105
2010_tracts_pessoa,pessoa03_V246,double,int32,303819,0,0,0,0,49
2010_tracts_pessoa,pessoa03_V247,double,int32,303819,0,0,0,0,83
2010_tracts_pessoa,pessoa03_V248,double,int32,303819,0,0,0,0,19
2010_tracts_pessoa,pessoa03_V249,double,int32,303819,0,0,0,0,10
2010_tracts_pessoa,pessoa03_V250,double,int32,303819,0,0,0,0,106
2010_tracts_pessoa,pessoa03_V251,double,int32,303819,0,0,0,0,45
2010_tracts_pessoa,pessoa04_Situacao_setor,string,int32,310114,0,0,0,1,8
2010_tracts_pessoa,pessoa04_V001,double,int32,310114,0,0,0,0,135
2010_tracts_pessoa,pessoa04_V002,double,int32,303819,0,0,0,0,66
2010_tracts_pessoa,pessoa04_V003,double,int32,303819,0,0,0,0,18
2010_tracts_pessoa,pessoa04_V004,double,int32,303819,0,0,0,0,135
2010_tracts_pessoa,pessoa04_V005,double,int32,303819,0,0,0,0,129
2010_tracts_pessoa,pessoa04_V006,double,int32,303819,0,0,0,0,225
2010_tracts_pessoa,pessoa04_V007,double,int32,303819,0,0,0,0,124
2010_tracts_pessoa,pessoa04_V008,double,int32,303819,0,0,0,0,48
2010_tracts_pessoa,pessoa04_V009,double,int32,303819,0,0,0,0,230
2010_tracts_pessoa,pessoa04_V010,double,int32,303819,0,0,0,0,196
2010_tracts_pessoa,pessoa04_V011,double,int32,303819,0,0,0,0,141
2010_tracts_pessoa,pessoa04_V012,double,int32,303819,0,0,0,0,91
2010_tracts_pessoa,pessoa04_V013,double,int32,303819,0,0,0,0,41
2010_tracts_pessoa,pessoa04_V014,double,int32,303819,0,0,0,0,274
2010_tracts_pessoa,pessoa04_V015,double,int32,303819,0,0,0,0,140
2010_tracts_pessoa,pessoa04_V016,double,int32,303819,0,0,0,0,106
2010_tracts_pessoa,pessoa04_V017,double,int32,303819,0,0,0,0,66
2010_tracts_pessoa,pessoa04_V018,double,int32,303819,0,0,0,0,30
2010_tracts_pessoa,pessoa04_V019,double,int32,303819,0,0,0,0,157
2010_tracts_pessoa,pessoa04_V020,double,int32,303819,0,0,0,0,85
2010_tracts_pessoa,pessoa04_V021,double,int32,303819,0,0,0,0,110
2010_tracts_pessoa,pessoa04_V022,double,int32,303819,0,0,0,0,39
2010_tracts_pessoa,pessoa04_V023,double,int32,303819,0,0,0,0,21
2010_tracts_pessoa,pessoa04_V024,double,int32,303819,0,0,0,0,160
2010_tracts_pessoa,pessoa04_V025,double,int32,303819,0,0,0,0,55
2010_tracts_pessoa,pessoa04_V026,double,int32,303819,0,0,0,0,557
2010_tracts_pessoa,pessoa04_V027,double,int32,303819,0,0,0,0,210
2010_tracts_pessoa,pessoa04_V028,double,int32,303819,0,0,0,0,42
2010_tracts_pessoa,pessoa04_V029,double,int32,303819,0,0,0,0,731
2010_tracts_pessoa,pessoa04_V030,double,int32,303819,0,0,0,0,116
2010_tracts_pessoa,pessoa04_V031,double,int32,303819,0,0,0,0,586
2010_tracts_pessoa,pessoa04_V032,double,int32,303819,0,0,0,0,209
2010_tracts_pessoa,pessoa04_V033,double,int32,303819,0,0,0,0,31
2010_tracts_pessoa,pessoa04_V034,double,int32,303819,0,0,0,0,663
2010_tracts_pessoa,pessoa04_V035,double,int32,303819,0,0,0,0,92
2010_tracts_pessoa,pessoa04_V036,double,int32,303819,0,0,0,0,489
2010_tracts_pessoa,pessoa04_V037,double,int32,303819,0,0,0,0,162
2010_tracts_pessoa,pessoa04_V038,double,int32,303819,0,0,0,0,25
2010_tracts_pessoa,pessoa04_V039,double,int32,303819,0,0,0,0,465
2010_tracts_pessoa,pessoa04_V040,double,int32,303819,0,0,0,0,69
2010_tracts_pessoa,pessoa04_V041,double,int32,303819,0,0,0,0,266
2010_tracts_pessoa,pessoa04_V042,double,int32,303819,0,0,0,0,117
2010_tracts_pessoa,pessoa04_V043,double,int32,303819,0,0,0,0,42
2010_tracts_pessoa,pessoa04_V044,double,int32,303819,0,0,0,0,290
2010_tracts_pessoa,pessoa04_V045,double,int32,303819,0,0,0,0,47
2010_tracts_pessoa,pessoa04_V046,double,int32,303819,0,0,0,0,141
2010_tracts_pessoa,pessoa04_V047,double,int32,303819,0,0,0,0,109
2010_tracts_pessoa,pessoa04_V048,double,int32,303819,0,0,0,0,43
2010_tracts_pessoa,pessoa04_V049,double,int32,303819,0,0,0,0,218
2010_tracts_pessoa,pessoa04_V050,double,int32,303819,0,0,0,0,37
2010_tracts_pessoa,pessoa04_V051,double,int32,303819,0,0,0,0,116
2010_tracts_pessoa,pessoa04_V052,double,int32,303819,0,0,0,0,58
2010_tracts_pessoa,pessoa04_V053,double,int32,303819,0,0,0,0,46
2010_tracts_pessoa,pessoa04_V054,double,int32,303819,0,0,0,0,162
2010_tracts_pessoa,pessoa04_V055,double,int32,303819,0,0,0,0,36
2010_tracts_pessoa,pessoa04_V056,double,int32,303819,0,0,0,0,105
2010_tracts_pessoa,pessoa04_V057,double,int32,303819,0,0,0,0,75
2010_tracts_pessoa,pessoa04_V058,double,int32,303819,0,0,0,0,23
2010_tracts_pessoa,pessoa04_V059,double,int32,303819,0,0,0,0,119
2010_tracts_pessoa,pessoa04_V060,double,int32,303819,0,0,0,0,24
2010_tracts_pessoa,pessoa04_V061,double,int32,303819,0,0,0,0,90
2010_tracts_pessoa,pessoa04_V062,double,int32,303819,0,0,0,0,30
2010_tracts_pessoa,pessoa04_V063,double,int32,303819,0,0,0,0,21
2010_tracts_pessoa,pessoa04_V064,double,int32,303819,0,0,0,0,63
2010_tracts_pessoa,pessoa04_V065,double,int32,303819,0,0,0,0,21
2010_tracts_pessoa,pessoa04_V066,double,int32,303819,0,0,0,0,114
2010_tracts_pessoa,pessoa04_V067,double,int32,303819,0,0,0,0,45
2010_tracts_pessoa,pessoa04_V068,double,int32,303819,0,0,0,0,31
2010_tracts_pessoa,pessoa04_V069,double,int32,303819,0,0,0,0,61
2010_tracts_pessoa,pessoa04_V070,double,int32,303819,0,0,0,0,23
2010_tracts_pessoa,pessoa04_V071,double,int32,303819,0,0,0,0,115
2010_tracts_pessoa,pessoa04_V072,double,int32,303819,0,0,0,0,21
2010_tracts_pessoa,pessoa04_V073,double,int32,303819,0,0,0,0,30
2010_tracts_pessoa,pessoa04_V074,double,int32,303819,0,0,0,0,124
2010_tracts_pessoa,pessoa04_V075,double,int32,303819,0,0,0,0,18
2010_tracts_pessoa,pessoa04_V076,double,int32,303819,0,0,0,0,54
2010_tracts_pessoa,pessoa04_V077,double,int32,303819,0,0,0,0,17
2010_tracts_pessoa,pessoa04_V078,double,int32,303819,0,0,0,0,18
2010_tracts_pessoa,pessoa04_V079,double,int32,303819,0,0,0,0,107
2010_tracts_pessoa,pessoa04_V080,double,int32,303819,0,0,0,0,47
2010_tracts_pessoa,pessoa04_V081,double,int32,303819,0,0,0,0,85
2010_tracts_pessoa,pessoa04_V082,double,int32,303819,0,0,0,0,79
2010_tracts_pessoa,pessoa04_V083,double,int32,303819,0,0,0,0,28
2010_tracts_pessoa,pessoa04_V084,double,int32,303819,0,0,0,0,141
2010_tracts_pessoa,pessoa04_V085,double,int32,303819,0,0,0,0,114
2010_tracts_pessoa,pessoa04_V086,double,int32,303819,0,0,0,0,129
2010_tracts_pessoa,pessoa04_V087,double,int32,303819,0,0,0,0,125
2010_tracts_pessoa,pessoa04_V088,double,int32,303819,0,0,0,0,55
2010_tracts_pessoa,pessoa04_V089,double,int32,303819,0,0,0,0,251
2010_tracts_pessoa,pessoa04_V090,double,int32,303819,0,0,0,0,158
2010_tracts_pessoa,pessoa04_V091,double,int32,303819,0,0,0,0,133
2010_tracts_pessoa,pessoa04_V092,double,int32,303819,0,0,0,0,102
2010_tracts_pessoa,pessoa04_V093,double,int32,303819,0,0,0,0,49
2010_tracts_pessoa,pessoa04_V094,double,int32,303819,0,0,0,0,267
2010_tracts_pessoa,pessoa04_V095,double,int32,303819,0,0,0,0,144
2010_tracts_pessoa,pessoa04_V096,double,int32,303819,0,0,0,0,97
2010_tracts_pessoa,pessoa04_V097,double,int32,303819,0,0,0,0,60
2010_tracts_pessoa,pessoa04_V098,double,int32,303819,0,0,0,0,29
2010_tracts_pessoa,pessoa04_V099,double,int32,303819,0,0,0,0,217
2010_tracts_pessoa,pessoa04_V100,double,int32,303819,0,0,0,0,100
2010_tracts_pessoa,pessoa04_V101,double,int32,303819,0,0,0,0,112
2010_tracts_pessoa,pessoa04_V102,double,int32,303819,0,0,0,0,42
2010_tracts_pessoa,pessoa04_V103,double,int32,303819,0,0,0,0,20
2010_tracts_pessoa,pessoa04_V104,double,int32,303819,0,0,0,0,98
2010_tracts_pessoa,pessoa04_V105,double,int32,303819,0,0,0,0,44
2010_tracts_pessoa,pessoa04_V106,double,int32,303819,0,0,0,0,270
2010_tracts_pessoa,pessoa04_V107,double,int32,303819,0,0,0,0,74
2010_tracts_pessoa,pessoa04_V108,double,int32,303819,0,0,0,0,40
2010_tracts_pessoa,pessoa04_V109,double,int32,303819,0,0,0,0,280
2010_tracts_pessoa,pessoa04_V110,double,int32,303819,0,0,0,0,115
2010_tracts_pessoa,pessoa04_V111,double,int32,303819,0,0,0,0,216
2010_tracts_pessoa,pessoa04_V112,double,int32,303819,0,0,0,0,126
2010_tracts_pessoa,pessoa04_V113,double,int32,303819,0,0,0,0,28
2010_tracts_pessoa,pessoa04_V114,double,int32,303819,0,0,0,0,287
2010_tracts_pessoa,pessoa04_V115,double,int32,303819,0,0,0,0,90
2010_tracts_pessoa,pessoa04_V116,double,int32,303819,0,0,0,0,158
2010_tracts_pessoa,pessoa04_V117,double,int32,303819,0,0,0,0,144
2010_tracts_pessoa,pessoa04_V118,double,int32,303819,0,0,0,0,25
2010_tracts_pessoa,pessoa04_V119,double,int32,303819,0,0,0,0,200
2010_tracts_pessoa,pessoa04_V120,double,int32,303819,0,0,0,0,72
2010_tracts_pessoa,pessoa04_V121,double,int32,303819,0,0,0,0,169
2010_tracts_pessoa,pessoa04_V122,double,int32,303819,0,0,0,0,99
2010_tracts_pessoa,pessoa04_V123,double,int32,303819,0,0,0,0,49
2010_tracts_pessoa,pessoa04_V124,double,int32,303819,0,0,0,0,165
2010_tracts_pessoa,pessoa04_V125,double,int32,303819,0,0,0,0,46
2010_tracts_pessoa,pessoa04_V126,double,int32,303819,0,0,0,0,119
2010_tracts_pessoa,pessoa04_V127,double,int32,303819,0,0,0,0,87
2010_tracts_pessoa,pessoa04_V128,double,int32,303819,0,0,0,0,50
2010_tracts_pessoa,pessoa04_V129,double,int32,303819,0,0,0,0,127
2010_tracts_pessoa,pessoa04_V130,double,int32,303819,0,0,0,0,34
2010_tracts_pessoa,pessoa04_V131,double,int32,303819,0,0,0,0,99
2010_tracts_pessoa,pessoa04_V132,double,int32,303819,0,0,0,0,66
2010_tracts_pessoa,pessoa04_V133,double,int32,303819,0,0,0,0,21
2010_tracts_pessoa,pessoa04_V134,double,int32,303819,0,0,0,0,149
2010_tracts_pessoa,pessoa04_V135,double,int32,303819,0,0,0,0,26
2010_tracts_pessoa,pessoa04_V136,double,int32,303819,0,0,0,0,130
2010_tracts_pessoa,pessoa04_V137,double,int32,303819,0,0,0,0,48
2010_tracts_pessoa,pessoa04_V138,double,int32,303819,0,0,0,0,25
2010_tracts_pessoa,pessoa04_V139,double,int32,303819,0,0,0,0,68
2010_tracts_pessoa,pessoa04_V140,double,int32,303819,0,0,0,0,19
2010_tracts_pessoa,pessoa04_V141,double,int32,303819,0,0,0,0,92
2010_tracts_pessoa,pessoa04_V142,double,int32,303819,0,0,0,0,38
2010_tracts_pessoa,pessoa04_V143,double,int32,303819,0,0,0,0,24
2010_tracts_pessoa,pessoa04_V144,double,int32,303819,0,0,0,0,52
2010_tracts_pessoa,pessoa04_V145,double,int32,303819,0,0,0,0,18
2010_tracts_pessoa,pessoa04_V146,double,int32,303819,0,0,0,0,113
2010_tracts_pessoa,pessoa04_V147,double,int32,303819,0,0,0,0,43
2010_tracts_pessoa,pessoa04_V148,double,int32,303819,0,0,0,0,38
2010_tracts_pessoa,pessoa04_V149,double,int32,303819,0,0,0,0,94
2010_tracts_pessoa,pessoa04_V150,double,int32,303819,0,0,0,0,25
2010_tracts_pessoa,pessoa04_V151,double,int32,303819,0,0,0,0,228
2010_tracts_pessoa,pessoa04_V152,double,int32,303819,0,0,0,0,23
2010_tracts_pessoa,pessoa04_V153,double,int32,303819,0,0,0,0,36
2010_tracts_pessoa,pessoa04_V154,double,int32,303819,0,0,0,0,70
2010_tracts_pessoa,pessoa04_V155,double,int32,303819,0,0,0,0,15
2010_tracts_pessoa,pessoa05_Situacao_setor,string,int32,310114,0,0,0,1,8
2010_tracts_pessoa,pessoa05_V001,double,int32,310114,0,0,0,0,136
2010_tracts_pessoa,pessoa05_V002,double,int32,303819,0,0,0,0,67
2010_tracts_pessoa,pessoa05_V003,double,int32,303819,0,0,0,0,42
2010_tracts_pessoa,pessoa05_V004,double,int32,303819,0,0,0,0,279
2010_tracts_pessoa,pessoa05_V005,double,int32,303819,0,0,0,0,401
2010_tracts_pessoa,pessoa05_V006,double,int32,303819,0,0,0,0,122
2010_tracts_pessoa,pessoa05_V007,double,int32,303819,0,0,0,0,70
2010_tracts_pessoa,pessoa05_V008,double,int32,303819,0,0,0,0,50
2010_tracts_pessoa,pessoa05_V009,double,int32,303819,0,0,0,0,323
2010_tracts_pessoa,pessoa05_V010,double,int32,303819,0,0,0,0,432
2010_tracts_pessoa,pessoa06_Situacao_setor,string,int32,310114,0,0,0,1,8
2010_tracts_pessoa,pessoa06_V001,double,int32,310114,0,0,0,0,8
2010_tracts_pessoa,pessoa06_V002,double,int32,303819,0,0,0,0,8
2010_tracts_pessoa,pessoa06_V003,double,int32,303819,0,0,0,0,12
2010_tracts_pessoa,pessoa06_V004,double,int32,303819,0,0,0,0,10
2010_tracts_pessoa,pessoa06_V005,double,int32,303819,0,0,0,0,14
2010_tracts_pessoa,pessoa06_V006,double,int32,303819,0,0,0,0,17
2010_tracts_pessoa,pessoa06_V007,double,int32,303819,0,0,0,0,20
2010_tracts_pessoa,pessoa06_V008,double,int32,303819,0,0,0,0,13
2010_tracts_pessoa,pessoa06_V009,double,int32,303819,0,0,0,0,20
2010_tracts_pessoa,pessoa06_V010,double,int32,303819,0,0,0,0,27
2010_tracts_pessoa,pessoa06_V011,double,int32,303819,0,0,0,0,28
2010_tracts_pessoa,pessoa06_V012,double,int32,303819,0,0,0,0,35
2010_tracts_pessoa,pessoa06_V013,double,int32,303819,0,0,0,0,38
2010_tracts_pessoa,pessoa06_V014,double,int32,303819,0,0,0,0,45
2010_tracts_pessoa,pessoa06_V015,double,int32,303819,0,0,0,0,51
2010_tracts_pessoa,pessoa06_V016,double,int32,303819,0,0,0,0,50
2010_tracts_pessoa,pessoa06_V017,double,int32,303819,0,0,0,0,41
2010_tracts_pessoa,pessoa06_V018,double,int32,303819,0,0,0,0,51
2010_tracts_pessoa,pessoa06_V019,double,int32,303819,0,0,0,0,58
2010_tracts_pessoa,pessoa06_V020,double,int32,303819,0,0,0,0,70
2010_tracts_pessoa,pessoa06_V021,double,int32,303819,0,0,0,0,89
2010_tracts_pessoa,pessoa06_V022,double,int32,303819,0,0,0,0,62
2010_tracts_pessoa,pessoa06_V023,double,int32,303819,0,0,0,0,64
2010_tracts_pessoa,pessoa06_V024,double,int32,303819,0,0,0,0,60
2010_tracts_pessoa,pessoa06_V025,double,int32,303819,0,0,0,0,59
2010_tracts_pessoa,pessoa06_V026,double,int32,303819,0,0,0,0,52
2010_tracts_pessoa,pessoa06_V027,double,int32,303819,0,0,0,0,67
2010_tracts_pessoa,pessoa06_V028,double,int32,303819,0,0,0,0,48
2010_tracts_pessoa,pessoa06_V029,double,int32,303819,0,0,0,0,42
2010_tracts_pessoa,pessoa06_V030,double,int32,303819,0,0,0,0,76
2010_tracts_pessoa,pessoa06_V031,double,int32,303819,0,0,0,0,37
2010_tracts_pessoa,pessoa06_V032,double,int32,303819,0,0,0,0,43
2010_tracts_pessoa,pessoa06_V033,double,int32,303819,0,0,0,0,40
2010_tracts_pessoa,pessoa06_V034,double,int32,303819,0,0,0,0,31
2010_tracts_pessoa,pessoa06_V035,double,int32,303819,0,0,0,0,65
2010_tracts_pessoa,pessoa06_V036,double,int32,303819,0,0,0,0,29
2010_tracts_pessoa,pessoa06_V037,double,int32,303819,0,0,0,0,38
2010_tracts_pessoa,pessoa06_V038,double,int32,303819,0,0,0,0,64
2010_tracts_pessoa,pessoa06_V039,double,int32,303819,0,0,0,0,28
2010_tracts_pessoa,pessoa06_V040,double,int32,303819,0,0,0,0,42
2010_tracts_pessoa,pessoa06_V041,double,int32,303819,0,0,0,0,30
2010_tracts_pessoa,pessoa06_V042,double,int32,303819,0,0,0,0,44
2010_tracts_pessoa,pessoa06_V043,double,int32,303819,0,0,0,0,29
2010_tracts_pessoa,pessoa06_V044,double,int32,303819,0,0,0,0,23
2010_tracts_pessoa,pessoa06_V045,double,int32,303819,0,0,0,0,22
2010_tracts_pessoa,pessoa06_V046,double,int32,303819,0,0,0,0,23
2010_tracts_pessoa,pessoa06_V047,double,int32,303819,0,0,0,0,18
2010_tracts_pessoa,pessoa06_V048,double,int32,303819,0,0,0,0,19
2010_tracts_pessoa,pessoa06_V049,double,int32,303819,0,0,0,0,20
2010_tracts_pessoa,pessoa06_V050,double,int32,303819,0,0,0,0,27
2010_tracts_pessoa,pessoa06_V051,double,int32,303819,0,0,0,0,19
2010_tracts_pessoa,pessoa06_V052,double,int32,303819,0,0,0,0,18
2010_tracts_pessoa,pessoa06_V053,double,int32,303819,0,0,0,0,18
2010_tracts_pessoa,pessoa06_V054,double,int32,303819,0,0,0,0,16
2010_tracts_pessoa,pessoa06_V055,double,int32,303819,0,0,0,0,31
2010_tracts_pessoa,pessoa06_V056,double,int32,303819,0,0,0,0,16
2010_tracts_pessoa,pessoa06_V057,double,int32,303819,0,0,0,0,10
2010_tracts_pessoa,pessoa06_V058,double,int32,303819,0,0,0,0,19
2010_tracts_pessoa,pessoa06_V059,double,int32,303819,0,0,0,0,11
2010_tracts_pessoa,pessoa06_V060,double,int32,303819,0,0,0,0,24
2010_tracts_pessoa,pessoa06_V061,double,int32,303819,0,0,0,0,16
2010_tracts_pessoa,pessoa06_V062,double,int32,303819,0,0,0,0,10
2010_tracts_pessoa,pessoa06_V063,double,int32,303819,0,0,0,0,10
2010_tracts_pessoa,pessoa06_V064,double,int32,303819,0,0,0,0,11
2010_tracts_pessoa,pessoa06_V065,double,int32,303819,0,0,0,0,8
2010_tracts_pessoa,pessoa06_V066,double,int32,303819,0,0,0,0,9
2010_tracts_pessoa,pessoa06_V067,double,int32,303819,0,0,0,0,8
2010_tracts_pessoa,pessoa06_V068,double,int32,303819,0,0,0,0,9
2010_tracts_pessoa,pessoa06_V069,double,int32,303819,0,0,0,0,8
2010_tracts_pessoa,pessoa06_V070,double,int32,303819,0,0,0,0,6
2010_tracts_pessoa,pessoa06_V071,double,int32,303819,0,0,0,0,21
2010_tracts_pessoa,pessoa06_V072,double,int32,303819,0,0,0,0,2
2010_tracts_pessoa,pessoa06_V073,double,int32,303819,0,0,0,0,3
2010_tracts_pessoa,pessoa06_V074,double,int32,303819,0,0,0,0,3
2010_tracts_pessoa,pessoa06_V075,double,int32,303819,0,0,0,0,3
2010_tracts_pessoa,pessoa06_V076,double,int32,303819,0,0,0,0,3
2010_tracts_pessoa,pessoa06_V077,double,int32,303819,0,0,0,0,2
2010_tracts_pessoa,pessoa06_V078,double,int32,303819,0,0,0,0,3
2010_tracts_pessoa,pessoa06_V079,double,int32,303819,0,0,0,0,4
2010_tracts_pessoa,pessoa06_V080,double,int32,303819,0,0,0,0,8
2010_tracts_pessoa,pessoa06_V081,double,int32,303819,0,0,0,0,10
2010_tracts_pessoa,pessoa06_V082,double,int32,303819,0,0,0,0,12
2010_tracts_pessoa,pessoa06_V083,double,int32,303819,0,0,0,0,10
2010_tracts_pessoa,pessoa06_V084,double,int32,303819,0,0,0,0,14
2010_tracts_pessoa,pessoa06_V085,double,int32,303819,0,0,0,0,16
2010_tracts_pessoa,pessoa06_V086,double,int32,303819,0,0,0,0,20
2010_tracts_pessoa,pessoa06_V087,double,int32,303819,0,0,0,0,18
2010_tracts_pessoa,pessoa06_V088,double,int32,303819,0,0,0,0,18
2010_tracts_pessoa,pessoa06_V089,double,int32,303819,0,0,0,0,22
2010_tracts_pessoa,pessoa06_V090,double,int32,303819,0,0,0,0,24
2010_tracts_pessoa,pessoa06_V091,double,int32,303819,0,0,0,0,24
2010_tracts_pessoa,pessoa06_V092,double,int32,303819,0,0,0,0,50
2010_tracts_pessoa,pessoa06_V093,double,int32,303819,0,0,0,0,35
2010_tracts_pessoa,pessoa06_V094,double,int32,303819,0,0,0,0,42
2010_tracts_pessoa,pessoa06_V095,double,int32,303819,0,0,0,0,35
2010_tracts_pessoa,pessoa06_V096,double,int32,303819,0,0,0,0,23
2010_tracts_pessoa,pessoa06_V097,double,int32,303819,0,0,0,0,31
2010_tracts_pessoa,pessoa06_V098,double,int32,303819,0,0,0,0,25
2010_tracts_pessoa,pessoa06_V099,double,int32,303819,0,0,0,0,20
2010_tracts_pessoa,pessoa06_V100,double,int32,303819,0,0,0,0,26
2010_tracts_pessoa,pessoa06_V101,double,int32,303819,0,0,0,0,76
2010_tracts_pessoa,pessoa06_V102,double,int32,303819,0,0,0,0,25
2010_tracts_pessoa,pessoa06_V103,double,int32,303819,0,0,0,0,14
2010_tracts_pessoa,pessoa06_V104,double,int32,303819,0,0,0,0,18
2010_tracts_pessoa,pessoa06_V105,double,int32,303819,0,0,0,0,16
2010_tracts_pessoa,pessoa06_V106,double,int32,303819,0,0,0,0,19
2010_tracts_pessoa,pessoa06_V107,double,int32,303819,0,0,0,0,14
2010_tracts_pessoa,pessoa06_V108,double,int32,303819,0,0,0,0,20
2010_tracts_pessoa,pessoa06_V109,double,int32,303819,0,0,0,0,13
2010_tracts_pessoa,pessoa06_V110,double,int32,303819,0,0,0,0,20
2010_tracts_pessoa,pessoa06_V111,double,int32,303819,0,0,0,0,29
2010_tracts_pessoa,pessoa06_V112,double,int32,303819,0,0,0,0,13
2010_tracts_pessoa,pessoa06_V113,double,int32,303819,0,0,0,0,11
2010_tracts_pessoa,pessoa06_V114,double,int32,303819,0,0,0,0,11
2010_tracts_pessoa,pessoa06_V115,double,int32,303819,0,0,0,0,13
2010_tracts_pessoa,pessoa06_V116,double,int32,303819,0,0,0,0,11
2010_tracts_pessoa,pessoa06_V117,double,int32,303819,0,0,0,0,11
2010_tracts_pessoa,pessoa06_V118,double,int32,303819,0,0,0,0,11
2010_tracts_pessoa,pessoa06_V119,double,int32,303819,0,0,0,0,12
2010_tracts_pessoa,pessoa06_V120,double,int32,303819,0,0,0,0,10
2010_tracts_pessoa,pessoa06_V121,double,int32,303819,0,0,0,0,10
2010_tracts_pessoa,pessoa06_V122,double,int32,303819,0,0,0,0,9
2010_tracts_pessoa,pessoa06_V123,double,int32,303819,0,0,0,0,11
2010_tracts_pessoa,pessoa06_V124,double,int32,303819,0,0,0,0,8
2010_tracts_pessoa,pessoa06_V125,double,int32,303819,0,0,0,0,10
2010_tracts_pessoa,pessoa06_V126,double,int32,303819,0,0,0,0,9
2010_tracts_pessoa,pessoa06_V127,double,int32,303819,0,0,0,0,9
2010_tracts_pessoa,pessoa06_V128,double,int32,303819,0,0,0,0,8
2010_tracts_pessoa,pessoa06_V129,double,int32,303819,0,0,0,0,7
2010_tracts_pessoa,pessoa06_V130,double,int32,303819,0,0,0,0,7
2010_tracts_pessoa,pessoa06_V131,double,int32,303819,0,0,0,0,6
2010_tracts_pessoa,pessoa06_V132,double,int32,303819,0,0,0,0,7
2010_tracts_pessoa,pessoa06_V133,double,int32,303819,0,0,0,0,7
2010_tracts_pessoa,pessoa06_V134,double,int32,303819,0,0,0,0,7
2010_tracts_pessoa,pessoa06_V135,double,int32,303819,0,0,0,0,7
2010_tracts_pessoa,pessoa06_V136,double,int32,303819,0,0,0,0,7
2010_tracts_pessoa,pessoa06_V137,double,int32,303819,0,0,0,0,5
2010_tracts_pessoa,pessoa06_V138,double,int32,303819,0,0,0,0,5
2010_tracts_pessoa,pessoa06_V139,double,int32,303819,0,0,0,0,5
2010_tracts_pessoa,pessoa06_V140,double,int32,303819,0,0,0,0,4
2010_tracts_pessoa,pessoa06_V141,double,int32,303819,0,0,0,0,4
2010_tracts_pessoa,pessoa06_V142,double,int32,303819,0,0,0,0,13
2010_tracts_pessoa,pessoa06_V143,double,int32,303819,0,0,0,0,8
2010_tracts_pessoa,pessoa06_V144,double,int32,303819,0,0,0,0,8
2010_tracts_pessoa,pessoa06_V145,double,int32,303819,0,0,0,0,12
2010_tracts_pessoa,pessoa06_V146,double,int32,303819,0,0,0,0,10
2010_tracts_pessoa,pessoa06_V147,double,int32,303819,0,0,0,0,14
2010_tracts_pessoa,pessoa06_V148,double,int32,303819,0,0,0,0,17
2010_tracts_pessoa,pessoa06_V149,double,int32,303819,0,0,0,0,20
2010_tracts_pessoa,pessoa06_V150,double,int32,303819,0,0,0,0,13
2010_tracts_pessoa,pessoa06_V151,double,int32,303819,0,0,0,0,19
2010_tracts_pessoa,pessoa06_V152,double,int32,303819,0,0,0,0,26
2010_tracts_pessoa,pessoa06_V153,double,int32,303819,0,0,0,0,26
2010_tracts_pessoa,pessoa06_V154,double,int32,303819,0,0,0,0,30
2010_tracts_pessoa,pessoa06_V155,double,int32,303819,0,0,0,0,32
2010_tracts_pessoa,pessoa06_V156,double,int32,303819,0,0,0,0,34
2010_tracts_pessoa,pessoa06_V157,double,int32,303819,0,0,0,0,42
2010_tracts_pessoa,pessoa06_V158,double,int32,303819,0,0,0,0,40
2010_tracts_pessoa,pessoa06_V159,double,int32,303819,0,0,0,0,39
2010_tracts_pessoa,pessoa06_V160,double,int32,303819,0,0,0,0,41
2010_tracts_pessoa,pessoa06_V161,double,int32,303819,0,0,0,0,45
2010_tracts_pessoa,pessoa06_V162,double,int32,303819,0,0,0,0,55
2010_tracts_pessoa,pessoa06_V163,double,int32,303819,0,0,0,0,48
2010_tracts_pessoa,pessoa06_V164,double,int32,303819,0,0,0,0,39
2010_tracts_pessoa,pessoa06_V165,double,int32,303819,0,0,0,0,37
2010_tracts_pessoa,pessoa06_V166,double,int32,303819,0,0,0,0,50
2010_tracts_pessoa,pessoa06_V167,double,int32,303819,0,0,0,0,59
2010_tracts_pessoa,pessoa06_V168,double,int32,303819,0,0,0,0,51
2010_tracts_pessoa,pessoa06_V169,double,int32,303819,0,0,0,0,58
2010_tracts_pessoa,pessoa06_V170,double,int32,303819,0,0,0,0,48
2010_tracts_pessoa,pessoa06_V171,double,int32,303819,0,0,0,0,41
2010_tracts_pessoa,pessoa06_V172,double,int32,303819,0,0,0,0,40
2010_tracts_pessoa,pessoa06_V173,double,int32,303819,0,0,0,0,30
2010_tracts_pessoa,pessoa06_V174,double,int32,303819,0,0,0,0,43
2010_tracts_pessoa,pessoa06_V175,double,int32,303819,0,0,0,0,38
2010_tracts_pessoa,pessoa06_V176,double,int32,303819,0,0,0,0,30
2010_tracts_pessoa,pessoa06_V177,double,int32,303819,0,0,0,0,64
2010_tracts_pessoa,pessoa06_V178,double,int32,303819,0,0,0,0,23
2010_tracts_pessoa,pessoa06_V179,double,int32,303819,0,0,0,0,36
2010_tracts_pessoa,pessoa06_V180,double,int32,303819,0,0,0,0,62
2010_tracts_pessoa,pessoa06_V181,double,int32,303819,0,0,0,0,27
2010_tracts_pessoa,pessoa06_V182,double,int32,303819,0,0,0,0,29
2010_tracts_pessoa,pessoa06_V183,double,int32,303819,0,0,0,0,20
2010_tracts_pessoa,pessoa06_V184,double,int32,303819,0,0,0,0,42
2010_tracts_pessoa,pessoa06_V185,double,int32,303819,0,0,0,0,28
2010_tracts_pessoa,pessoa06_V186,double,int32,303819,0,0,0,0,23
2010_tracts_pessoa,pessoa06_V187,double,int32,303819,0,0,0,0,22
2010_tracts_pessoa,pessoa06_V188,double,int32,303819,0,0,0,0,22
2010_tracts_pessoa,pessoa06_V189,double,int32,303819,0,0,0,0,15
2010_tracts_pessoa,pessoa06_V190,double,int32,303819,0,0,0,0,19
2010_tracts_pessoa,pessoa06_V191,double,int32,303819,0,0,0,0,17
2010_tracts_pessoa,pessoa06_V192,double,int32,303819,0,0,0,0,18
2010_tracts_pessoa,pessoa06_V193,double,int32,303819,0,0,0,0,16
2010_tracts_pessoa,pessoa06_V194,double,int32,303819,0,0,0,0,18
2010_tracts_pessoa,pessoa06_V195,double,int32,303819,0,0,0,0,16
2010_tracts_pessoa,pessoa06_V196,double,int32,303819,0,0,0,0,16
2010_tracts_pessoa,pessoa06_V197,double,int32,303819,0,0,0,0,31
2010_tracts_pessoa,pessoa06_V198,double,int32,303819,0,0,0,0,15
2010_tracts_pessoa,pessoa06_V199,double,int32,303819,0,0,0,0,10
2010_tracts_pessoa,pessoa06_V200,double,int32,303819,0,0,0,0,19
2010_tracts_pessoa,pessoa06_V201,double,int32,303819,0,0,0,0,10
2010_tracts_pessoa,pessoa06_V202,double,int32,303819,0,0,0,0,24
2010_tracts_pessoa,pessoa06_V203,double,int32,303819,0,0,0,0,16
2010_tracts_pessoa,pessoa06_V204,double,int32,303819,0,0,0,0,10
2010_tracts_pessoa,pessoa06_V205,double,int32,303819,0,0,0,0,10
2010_tracts_pessoa,pessoa06_V206,double,int32,303819,0,0,0,0,11
2010_tracts_pessoa,pessoa06_V207,double,int32,303819,0,0,0,0,8
2010_tracts_pessoa,pessoa06_V208,double,int32,303819,0,0,0,0,9
2010_tracts_pessoa,pessoa06_V209,double,int32,303819,0,0,0,0,7
2010_tracts_pessoa,pessoa06_V210,double,int32,303819,0,0,0,0,7
2010_tracts_pessoa,pessoa06_V211,double,int32,303819,0,0,0,0,8
2010_tracts_pessoa,pessoa06_V212,double,int32,303819,0,0,0,0,6
2010_tracts_pessoa,pessoa06_V213,double,int32,303819,0,0,0,0,21
2010_tracts_pessoa,pessoa07_Situacao_setor,string,int32,310114,0,0,0,1,8
2010_tracts_pessoa,pessoa07_V001,double,int32,310114,0,0,0,0,152
2010_tracts_pessoa,pessoa07_V002,double,int32,303819,0,0,0,0,155
2010_tracts_pessoa,pessoa07_V003,double,int32,303819,0,0,0,0,95
2010_tracts_pessoa,pessoa07_V004,double,int32,303819,0,0,0,0,118
2010_tracts_pessoa,pessoa07_V005,double,int32,303819,0,0,0,0,131
2010_tracts_pessoa,pessoa07_V006,double,int32,303819,0,0,0,0,117
2010_tracts_pessoa,pessoa07_V007,double,int32,303819,0,0,0,0,160
2010_tracts_pessoa,pessoa07_V008,double,int32,303819,0,0,0,0,158
2010_tracts_pessoa,pessoa07_V009,double,int32,303819,0,0,0,0,109
2010_tracts_pessoa,pessoa07_V010,double,int32,303819,0,0,0,0,118
2010_tracts_pessoa,pessoa07_V011,double,int32,303819,0,0,0,0,116
2010_tracts_pessoa,pessoa07_V012,double,int32,303819,0,0,0,0,146
2010_tracts_pessoa,pessoa07_V013,double,int32,303819,0,0,0,0,124
2010_tracts_pessoa,pessoa07_V014,double,int32,303819,0,0,0,0,112
2010_tracts_pessoa,pessoa07_V015,double,int32,303819,0,0,0,0,97
2010_tracts_pessoa,pessoa07_V016,double,int32,303819,0,0,0,0,127
2010_tracts_pessoa,pessoa07_V017,double,int32,303819,0,0,0,0,121
2010_tracts_pessoa,pessoa07_V018,double,int32,303819,0,0,0,0,134
2010_tracts_pessoa,pessoa07_V019,double,int32,303819,0,0,0,0,98
2010_tracts_pessoa,pessoa07_V020,double,int32,303819,0,0,0,0,126
2010_tracts_pessoa,pessoa07_V021,double,int32,303819,0,0,0,0,95
2010_tracts_pessoa,pessoa07_V022,double,int32,303819,0,0,0,0,104
2010_tracts_pessoa,pessoa07_V023,double,int32,303819,0,0,0,0,60
2010_tracts_pessoa,pessoa07_V024,double,int32,303819,0,0,0,0,81
2010_tracts_pessoa,pessoa07_V025,double,int32,303819,0,0,0,0,72
2010_tracts_pessoa,pessoa07_V026,double,int32,303819,0,0,0,0,50
2010_tracts_pessoa,pessoa07_V027,double,int32,303819,0,0,0,0,50
2010_tracts_pessoa,pessoa07_V028,double,int32,303819,0,0,0,0,96
2010_tracts_pessoa,pessoa07_V029,double,int32,303819,0,0,0,0,88
2010_tracts_pessoa,pessoa07_V030,double,int32,303819,0,0,0,0,41
2010_tracts_pessoa,pessoa07_V031,double,int32,303819,0,0,0,0,57
2010_tracts_pessoa,pessoa07_V032,double,int32,303819,0,0,0,0,35
2010_tracts_pessoa,pessoa07_V033,double,int32,303819,0,0,0,0,52
2010_tracts_pessoa,pessoa07_V034,double,int32,303819,0,0,0,0,25
2010_tracts_pessoa,pessoa07_V035,double,int32,303819,0,0,0,0,36
2010_tracts_pessoa,pessoa07_V036,double,int32,303819,0,0,0,0,35
2010_tracts_pessoa,pessoa07_V037,double,int32,303819,0,0,0,0,35
2010_tracts_pessoa,pessoa07_V038,double,int32,303819,0,0,0,0,23
2010_tracts_pessoa,pessoa07_V039,double,int32,303819,0,0,0,0,26
2010_tracts_pessoa,pessoa07_V040,double,int32,303819,0,0,0,0,29
2010_tracts_pessoa,pessoa07_V041,double,int32,303819,0,0,0,0,35
2010_tracts_pessoa,pessoa07_V042,double,int32,303819,0,0,0,0,46
2010_tracts_pessoa,pessoa07_V043,double,int32,303819,0,0,0,0,36
2010_tracts_pessoa,pessoa07_V044,double,int32,303819,0,0,0,0,43
2010_tracts_pessoa,pessoa07_V045,double,int32,303819,0,0,0,0,50
2010_tracts_pessoa,pessoa07_V046,double,int32,303819,0,0,0,0,55
2010_tracts_pessoa,pessoa07_V047,double,int32,303819,0,0,0,0,43
2010_tracts_pessoa,pessoa07_V048,double,int32,303819,0,0,0,0,44
2010_tracts_pessoa,pessoa07_V049,double,int32,303819,0,0,0,0,33
2010_tracts_pessoa,pessoa07_V050,double,int32,303819,0,0,0,0,40
2010_tracts_pessoa,pessoa07_V051,double,int32,303819,0,0,0,0,98
2010_tracts_pessoa,pessoa07_V052,double,int32,303819,0,0,0,0,84
2010_tracts_pessoa,pessoa07_V053,double,int32,303819,0,0,0,0,92
2010_tracts_pessoa,pessoa07_V054,double,int32,303819,0,0,0,0,56
2010_tracts_pessoa,pessoa07_V055,double,int32,303819,0,0,0,0,99
2010_tracts_pessoa,pessoa07_V056,double,int32,303819,0,0,0,0,85
2010_tracts_pessoa,pessoa07_V057,double,int32,303819,0,0,0,0,46
2010_tracts_pessoa,pessoa07_V058,double,int32,303819,0,0,0,0,44
2010_tracts_pessoa,pessoa07_V059,double,int32,303819,0,0,0,0,45
2010_tracts_pessoa,pessoa07_V060,double,int32,303819,0,0,0,0,56
2010_tracts_pessoa,pessoa07_V061,double,int32,303819,0,0,0,0,64
2010_tracts_pessoa,pessoa07_V062,double,int32,303819,0,0,0,0,48
2010_tracts_pessoa,pessoa07_V063,double,int32,303819,0,0,0,0,54
2010_tracts_pessoa,pessoa07_V064,double,int32,303819,0,0,0,0,43
2010_tracts_pessoa,pessoa07_V065,double,int32,303819,0,0,0,0,39
2010_tracts_pessoa,pessoa07_V066,double,int32,303819,0,0,0,0,41
2010_tracts_pessoa,pessoa07_V067,double,int32,303819,0,0,0,0,41
2010_tracts_pessoa,pessoa07_V068,double,int32,303819,0,0,0,0,46
2010_tracts_pessoa,pessoa07_V069,double,int32,303819,0,0,0,0,31
2010_tracts_pessoa,pessoa07_V070,double,int32,303819,0,0,0,0,27
2010_tracts_pessoa,pessoa07_V071,double,int32,303819,0,0,0,0,28
2010_tracts_pessoa,pessoa07_V072,double,int32,303819,0,0,0,0,32
2010_tracts_pessoa,pessoa07_V073,double,int32,303819,0,0,0,0,23
2010_tracts_pessoa,pessoa07_V074,double,int32,303819,0,0,0,0,24
2010_tracts_pessoa,pessoa07_V075,double,int32,303819,0,0,0,0,24
2010_tracts_pessoa,pessoa07_V076,double,int32,303819,0,0,0,0,25
2010_tracts_pessoa,pessoa07_V077,double,int32,303819,0,0,0,0,23
2010_tracts_pessoa,pessoa07_V078,double,int32,303819,0,0,0,0,17
2010_tracts_pessoa,pessoa07_V079,double,int32,303819,0,0,0,0,17
2010_tracts_pessoa,pessoa07_V080,double,int32,303819,0,0,0,0,19
2010_tracts_pessoa,pessoa07_V081,double,int32,303819,0,0,0,0,18
2010_tracts_pessoa,pessoa07_V082,double,int32,303819,0,0,0,0,18
2010_tracts_pessoa,pessoa07_V083,double,int32,303819,0,0,0,0,13
2010_tracts_pessoa,pessoa07_V084,double,int32,303819,0,0,0,0,12
2010_tracts_pessoa,pessoa07_V085,double,int32,303819,0,0,0,0,18
2010_tracts_pessoa,pessoa07_V086,double,int32,303819,0,0,0,0,13
2010_tracts_pessoa,pessoa07_V087,double,int32,303819,0,0,0,0,11
2010_tracts_pessoa,pessoa07_V088,double,int32,303819,0,0,0,0,12
2010_tracts_pessoa,pessoa07_V089,double,int32,303819,0,0,0,0,12
2010_tracts_pessoa,pessoa07_V090,double,int32,303819,0,0,0,0,10
2010_tracts_pessoa,pessoa07_V091,double,int32,303819,0,0,0,0,11
2010_tracts_pessoa,pessoa07_V092,double,int32,303819,0,0,0,0,14
2010_tracts_pessoa,pessoa07_V093,double,int32,303819,0,0,0,0,11
2010_tracts_pessoa,pessoa07_V094,double,int32,303819,0,0,0,0,9
2010_tracts_pessoa,pessoa07_V095,double,int32,303819,0,0,0,0,11
2010_tracts_pessoa,pessoa07_V096,double,int32,303819,0,0,0,0,13
2010_tracts_pessoa,pessoa07_V097,double,int32,303819,0,0,0,0,10
2010_tracts_pessoa,pessoa07_V098,double,int32,303819,0,0,0,0,8
2010_tracts_pessoa,pessoa07_V099,double,int32,303819,0,0,0,0,8
2010_tracts_pessoa,pessoa07_V100,double,int32,303819,0,0,0,0,8
2010_tracts_pessoa,pessoa07_V101,double,int32,303818,0,0,0,0,9
2010_tracts_pessoa,pessoa07_V102,double,int32,303819,0,0,0,0,41
2010_tracts_pessoa,pessoa07_V103,double,int32,303819,0,0,0,0,11
2010_tracts_pessoa,pessoa07_V104,double,int32,303819,0,0,0,0,9
2010_tracts_pessoa,pessoa07_V105,double,int32,303819,0,0,0,0,9
2010_tracts_pessoa,pessoa07_V106,double,int32,303819,0,0,0,0,9
2010_tracts_pessoa,pessoa07_V107,double,int32,303819,0,0,0,0,10
2010_tracts_pessoa,pessoa07_V108,double,int32,303819,0,0,0,0,12
2010_tracts_pessoa,pessoa07_V109,double,int32,303819,0,0,0,0,15
2010_tracts_pessoa,pessoa07_V110,double,int32,303819,0,0,0,0,17
2010_tracts_pessoa,pessoa07_V111,double,int32,303819,0,0,0,0,21
2010_tracts_pessoa,pessoa07_V112,double,int32,303819,0,0,0,0,17
2010_tracts_pessoa,pessoa07_V113,double,int32,303819,0,0,0,0,18
2010_tracts_pessoa,pessoa07_V114,double,int32,303819,0,0,0,0,22
2010_tracts_pessoa,pessoa07_V115,double,int32,303819,0,0,0,0,19
2010_tracts_pessoa,pessoa07_V116,double,int32,303819,0,0,0,0,17
2010_tracts_pessoa,pessoa07_V117,double,int32,303819,0,0,0,0,14
2010_tracts_pessoa,pessoa07_V118,double,int32,303819,0,0,0,0,15
2010_tracts_pessoa,pessoa07_V119,double,int32,303819,0,0,0,0,12
2010_tracts_pessoa,pessoa07_V120,double,int32,303819,0,0,0,0,13
2010_tracts_pessoa,pessoa07_V121,double,int32,303819,0,0,0,0,10
2010_tracts_pessoa,pessoa07_V122,double,int32,303819,0,0,0,0,10
2010_tracts_pessoa,pessoa07_V123,double,int32,303819,0,0,0,0,10
2010_tracts_pessoa,pessoa07_V124,double,int32,303819,0,0,0,0,8
2010_tracts_pessoa,pessoa07_V125,double,int32,303819,0,0,0,0,6
2010_tracts_pessoa,pessoa07_V126,double,int32,303819,0,0,0,0,8
2010_tracts_pessoa,pessoa07_V127,double,int32,303819,0,0,0,0,10
2010_tracts_pessoa,pessoa07_V128,double,int32,303819,0,0,0,0,9
2010_tracts_pessoa,pessoa07_V129,double,int32,303819,0,0,0,0,6
2010_tracts_pessoa,pessoa07_V130,double,int32,303819,0,0,0,0,12
2010_tracts_pessoa,pessoa07_V131,double,int32,303819,0,0,0,0,4
2010_tracts_pessoa,pessoa07_V132,double,int32,303819,0,0,0,0,7
2010_tracts_pessoa,pessoa07_V133,double,int32,303819,0,0,0,0,5
2010_tracts_pessoa,pessoa07_V134,double,int32,303819,0,0,0,0,5
2010_tracts_pessoa,pessoa07_V135,double,int32,303819,0,0,0,0,7
2010_tracts_pessoa,pessoa07_V136,double,int32,303819,0,0,0,0,4
2010_tracts_pessoa,pessoa07_V137,double,int32,303819,0,0,0,0,4
2010_tracts_pessoa,pessoa07_V138,double,int32,303819,0,0,0,0,5
2010_tracts_pessoa,pessoa07_V139,double,int32,303819,0,0,0,0,3
2010_tracts_pessoa,pessoa07_V140,double,int32,303819,0,0,0,0,4
2010_tracts_pessoa,pessoa07_V141,double,int32,303819,0,0,0,0,3
2010_tracts_pessoa,pessoa07_V142,double,int32,303819,0,0,0,0,5
2010_tracts_pessoa,pessoa07_V143,double,int32,303819,0,0,0,0,7
2010_tracts_pessoa,pessoa07_V144,double,int32,303819,0,0,0,0,4
2010_tracts_pessoa,pessoa07_V145,double,int32,303819,0,0,0,0,2
2010_tracts_pessoa,pessoa07_V146,double,int32,303819,0,0,0,0,2
2010_tracts_pessoa,pessoa07_V147,double,int32,303819,0,0,0,0,6
2010_tracts_pessoa,pessoa07_V148,double,int32,303819,0,0,0,0,3
2010_tracts_pessoa,pessoa07_V149,double,int32,303819,0,0,0,0,2
2010_tracts_pessoa,pessoa07_V150,double,int32,303819,0,0,0,0,2
2010_tracts_pessoa,pessoa07_V151,double,int32,303819,0,0,0,0,4
2010_tracts_pessoa,pessoa07_V152,double,int32,303819,0,0,0,0,4
2010_tracts_pessoa,pessoa07_V153,double,int32,303819,0,0,0,0,15
2010_tracts_pessoa,pessoa07_V154,double,int32,303819,0,0,0,0,80
2010_tracts_pessoa,pessoa07_V155,double,int32,303819,0,0,0,0,81
2010_tracts_pessoa,pessoa07_V156,double,int32,303819,0,0,0,0,50
2010_tracts_pessoa,pessoa07_V157,double,int32,303819,0,0,0,0,60
2010_tracts_pessoa,pessoa07_V158,double,int32,303819,0,0,0,0,68
2010_tracts_pessoa,pessoa07_V159,double,int32,303819,0,0,0,0,58
2010_tracts_pessoa,pessoa07_V160,double,int32,303819,0,0,0,0,79
2010_tracts_pessoa,pessoa07_V161,double,int32,303819,0,0,0,0,70
2010_tracts_pessoa,pessoa07_V162,double,int32,303819,0,0,0,0,59
2010_tracts_pessoa,pessoa07_V163,double,int32,303819,0,0,0,0,62
2010_tracts_pessoa,pessoa07_V164,double,int32,303819,0,0,0,0,63
2010_tracts_pessoa,pessoa07_V165,double,int32,303819,0,0,0,0,83
2010_tracts_pessoa,pessoa07_V166,double,int32,303819,0,0,0,0,73
2010_tracts_pessoa,pessoa07_V167,double,int32,303819,0,0,0,0,61
2010_tracts_pessoa,pessoa07_V168,double,int32,303819,0,0,0,0,62
2010_tracts_pessoa,pessoa07_V169,double,int32,303819,0,0,0,0,85
2010_tracts_pessoa,pessoa07_V170,double,int32,303819,0,0,0,0,86
2010_tracts_pessoa,pessoa07_V171,double,int32,303819,0,0,0,0,87
2010_tracts_pessoa,pessoa07_V172,double,int32,303819,0,0,0,0,71
2010_tracts_pessoa,pessoa07_V173,double,int32,303819,0,0,0,0,84
2010_tracts_pessoa,pessoa07_V174,double,int32,303819,0,0,0,0,50
2010_tracts_pessoa,pessoa07_V175,double,int32,303819,0,0,0,0,61
2010_tracts_pessoa,pessoa07_V176,double,int32,303819,0,0,0,0,31
2010_tracts_pessoa,pessoa07_V177,double,int32,303819,0,0,0,0,41
2010_tracts_pessoa,pessoa07_V178,double,int32,303819,0,0,0,0,43
2010_tracts_pessoa,pessoa07_V179,double,int32,303819,0,0,0,0,36
2010_tracts_pessoa,pessoa07_V180,double,int32,303819,0,0,0,0,32
2010_tracts_pessoa,pessoa07_V181,double,int32,303819,0,0,0,0,46
2010_tracts_pessoa,pessoa07_V182,double,int32,303819,0,0,0,0,60
2010_tracts_pessoa,pessoa07_V183,double,int32,303819,0,0,0,0,27
2010_tracts_pessoa,pessoa07_V184,double,int32,303819,0,0,0,0,27
2010_tracts_pessoa,pessoa07_V185,double,int32,303819,0,0,0,0,23
2010_tracts_pessoa,pessoa07_V186,double,int32,303819,0,0,0,0,27
2010_tracts_pessoa,pessoa07_V187,double,int32,303819,0,0,0,0,18
2010_tracts_pessoa,pessoa07_V188,double,int32,303819,0,0,0,0,17
2010_tracts_pessoa,pessoa07_V189,double,int32,303819,0,0,0,0,32
2010_tracts_pessoa,pessoa07_V190,double,int32,303819,0,0,0,0,19
2010_tracts_pessoa,pessoa07_V191,double,int32,303819,0,0,0,0,11
2010_tracts_pessoa,pessoa07_V192,double,int32,303819,0,0,0,0,16
2010_tracts_pessoa,pessoa07_V193,double,int32,303819,0,0,0,0,20
2010_tracts_pessoa,pessoa07_V194,double,int32,303819,0,0,0,0,22
2010_tracts_pessoa,pessoa07_V195,double,int32,303819,0,0,0,0,21
2010_tracts_pessoa,pessoa07_V196,double,int32,303819,0,0,0,0,13
2010_tracts_pessoa,pessoa07_V197,double,int32,303819,0,0,0,0,22
2010_tracts_pessoa,pessoa07_V198,double,int32,303819,0,0,0,0,23
2010_tracts_pessoa,pessoa07_V199,double,int32,303819,0,0,0,0,26
2010_tracts_pessoa,pessoa07_V200,double,int32,303819,0,0,0,0,24
2010_tracts_pessoa,pessoa07_V201,double,int32,303819,0,0,0,0,24
2010_tracts_pessoa,pessoa07_V202,double,int32,303819,0,0,0,0,20
2010_tracts_pessoa,pessoa07_V203,double,int32,303819,0,0,0,0,21
2010_tracts_pessoa,pessoa07_V204,double,int32,303819,0,0,0,0,64
2010_tracts_pessoa,pessoa08_Situacao_setor,string,int32,310114,0,0,0,1,8
2010_tracts_pessoa,pessoa08_V001,double,int32,310114,0,0,0,0,57
2010_tracts_pessoa,pessoa08_V002,double,int32,303819,0,0,0,0,49
2010_tracts_pessoa,pessoa08_V003,double,int32,303819,0,0,0,0,28
2010_tracts_pessoa,pessoa08_V004,double,int32,303819,0,0,0,0,26
2010_tracts_pessoa,pessoa08_V005,double,int32,303819,0,0,0,0,23
2010_tracts_pessoa,pessoa08_V006,double,int32,303819,0,0,0,0,20
2010_tracts_pessoa,pessoa08_V007,double,int32,303819,0,0,0,0,21
2010_tracts_pessoa,pessoa08_V008,double,int32,303819,0,0,0,0,23
2010_tracts_pessoa,pessoa08_V009,double,int32,303819,0,0,0,0,32
2010_tracts_pessoa,pessoa08_V010,double,int32,303819,0,0,0,0,30
2010_tracts_pessoa,pessoa08_V011,double,int32,303819,0,0,0,0,23
2010_tracts_pessoa,pessoa08_V012,double,int32,303819,0,0,0,0,26
2010_tracts_pessoa,pessoa08_V013,double,int32,303819,0,0,0,0,24
2010_tracts_pessoa,pessoa08_V014,double,int32,303819,0,0,0,0,19
2010_tracts_pessoa,pessoa08_V015,double,int32,303819,0,0,0,0,22
2010_tracts_pessoa,pessoa08_V016,double,int32,303819,0,0,0,0,23
2010_tracts_pessoa,pessoa08_V017,double,int32,303819,0,0,0,0,22
2010_tracts_pessoa,pessoa08_V018,double,int32,303819,0,0,0,0,22
2010_tracts_pessoa,pessoa08_V019,double,int32,303819,0,0,0,0,18
2010_tracts_pessoa,pessoa08_V020,double,int32,303819,0,0,0,0,18
2010_tracts_pessoa,pessoa08_V021,double,int32,303819,0,0,0,0,22
2010_tracts_pessoa,pessoa08_V022,double,int32,303819,0,0,0,0,14
2010_tracts_pessoa,pessoa08_V023,double,int32,303819,0,0,0,0,16
2010_tracts_pessoa,pessoa08_V024,double,int32,303819,0,0,0,0,13
2010_tracts_pessoa,pessoa08_V025,double,int32,303819,0,0,0,0,17
2010_tracts_pessoa,pessoa08_V026,double,int32,303819,0,0,0,0,13
2010_tracts_pessoa,pessoa08_V027,double,int32,303819,0,0,0,0,11
2010_tracts_pessoa,pessoa08_V028,double,int32,303819,0,0,0,0,11
2010_tracts_pessoa,pessoa08_V029,double,int32,303819,0,0,0,0,12
2010_tracts_pessoa,pessoa08_V030,double,int32,303819,0,0,0,0,10
2010_tracts_pessoa,pessoa08_V031,double,int32,303819,0,0,0,0,13
2010_tracts_pessoa,pessoa08_V032,double,int32,303819,0,0,0,0,10
2010_tracts_pessoa,pessoa08_V033,double,int32,303819,0,0,0,0,9
2010_tracts_pessoa,pessoa08_V034,double,int32,303819,0,0,0,0,11
2010_tracts_pessoa,pessoa08_V035,double,int32,303819,0,0,0,0,8
2010_tracts_pessoa,pessoa08_V036,double,int32,303819,0,0,0,0,8
2010_tracts_pessoa,pessoa08_V037,double,int32,303819,0,0,0,0,9
2010_tracts_pessoa,pessoa08_V038,double,int32,303819,0,0,0,0,10
2010_tracts_pessoa,pessoa08_V039,double,int32,303819,0,0,0,0,7
2010_tracts_pessoa,pessoa08_V040,double,int32,303819,0,0,0,0,9
2010_tracts_pessoa,pessoa08_V041,double,int32,303819,0,0,0,0,11
2010_tracts_pessoa,pessoa08_V042,double,int32,303819,0,0,0,0,6
2010_tracts_pessoa,pessoa08_V043,double,int32,303819,0,0,0,0,7
2010_tracts_pessoa,pessoa08_V044,double,int32,303819,0,0,0,0,6
2010_tracts_pessoa,pessoa08_V045,double,int32,303819,0,0,0,0,7
2010_tracts_pessoa,pessoa08_V046,double,int32,303819,0,0,0,0,6
2010_tracts_pessoa,pessoa08_V047,double,int32,303819,0,0,0,0,6
2010_tracts_pessoa,pessoa08_V048,double,int32,303819,0,0,0,0,6
2010_tracts_pessoa,pessoa08_V049,double,int32,303819,0,0,0,0,5
2010_tracts_pessoa,pessoa08_V050,double,int32,303819,0,0,0,0,5
2010_tracts_pessoa,pessoa08_V051,double,int32,303819,0,0,0,0,24
2010_tracts_pessoa,pessoa08_V052,double,int32,303819,0,0,0,0,8
2010_tracts_pessoa,pessoa08_V053,double,int32,303819,0,0,0,0,6
2010_tracts_pessoa,pessoa08_V054,double,int32,303819,0,0,0,0,5
2010_tracts_pessoa,pessoa08_V055,double,int32,303819,0,0,0,0,5
2010_tracts_pessoa,pessoa08_V056,double,int32,303819,0,0,0,0,7
2010_tracts_pessoa,pessoa08_V057,double,int32,303819,0,0,0,0,7
2010_tracts_pessoa,pessoa08_V058,double,int32,303819,0,0,0,0,9
2010_tracts_pessoa,pessoa08_V059,double,int32,303819,0,0,0,0,12
2010_tracts_pessoa,pessoa08_V060,double,int32,303819,0,0,0,0,10
2010_tracts_pessoa,pessoa08_V061,double,int32,303819,0,0,0,0,10
2010_tracts_pessoa,pessoa08_V062,double,int32,303819,0,0,0,0,10
2010_tracts_pessoa,pessoa08_V063,double,int32,303819,0,0,0,0,11
2010_tracts_pessoa,pessoa08_V064,double,int32,303819,0,0,0,0,14
2010_tracts_pessoa,pessoa08_V065,double,int32,303819,0,0,0,0,10
2010_tracts_pessoa,pessoa08_V066,double,int32,303819,0,0,0,0,9
2010_tracts_pessoa,pessoa08_V067,double,int32,303819,0,0,0,0,9
2010_tracts_pessoa,pessoa08_V068,double,int32,303819,0,0,0,0,9
2010_tracts_pessoa,pessoa08_V069,double,int32,303819,0,0,0,0,8
2010_tracts_pessoa,pessoa08_V070,double,int32,303819,0,0,0,0,7
2010_tracts_pessoa,pessoa08_V071,double,int32,303819,0,0,0,0,6
2010_tracts_pessoa,pessoa08_V072,double,int32,303819,0,0,0,0,6
2010_tracts_pessoa,pessoa08_V073,double,int32,303819,0,0,0,0,7
2010_tracts_pessoa,pessoa08_V074,double,int32,303819,0,0,0,0,5
2010_tracts_pessoa,pessoa08_V075,double,int32,303819,0,0,0,0,6
2010_tracts_pessoa,pessoa08_V076,double,int32,303819,0,0,0,0,8
2010_tracts_pessoa,pessoa08_V077,double,int32,303819,0,0,0,0,6
2010_tracts_pessoa,pessoa08_V078,double,int32,303819,0,0,0,0,5
2010_tracts_pessoa,pessoa08_V079,double,int32,303819,0,0,0,0,6
2010_tracts_pessoa,pessoa08_V080,double,int32,303819,0,0,0,0,4
2010_tracts_pessoa,pessoa08_V081,double,int32,303819,0,0,0,0,3
2010_tracts_pessoa,pessoa08_V082,double,int32,303819,0,0,0,0,3
2010_tracts_pessoa,pessoa08_V083,double,int32,303819,0,0,0,0,4
2010_tracts_pessoa,pessoa08_V084,double,int32,303819,0,0,0,0,4
2010_tracts_pessoa,pessoa08_V085,double,int32,303819,0,0,0,0,3
2010_tracts_pessoa,pessoa08_V086,double,int32,303819,0,0,0,0,3
2010_tracts_pessoa,pessoa08_V087,double,int32,303819,0,0,0,0,4
2010_tracts_pessoa,pessoa08_V088,double,int32,303819,0,0,0,0,3
2010_tracts_pessoa,pessoa08_V089,double,int32,303819,0,0,0,0,3
2010_tracts_pessoa,pessoa08_V090,double,int32,303819,0,0,0,0,3
2010_tracts_pessoa,pessoa08_V091,double,int32,303819,0,0,0,0,3
2010_tracts_pessoa,pessoa08_V092,double,int32,303819,0,0,0,0,4
2010_tracts_pessoa,pessoa08_V093,double,int32,303819,0,0,0,0,3
2010_tracts_pessoa,pessoa08_V094,double,int32,303819,0,0,0,0,2
2010_tracts_pessoa,pessoa08_V095,double,int32,303819,0,0,0,0,2
2010_tracts_pessoa,pessoa08_V096,double,int32,303819,0,0,0,0,2
2010_tracts_pessoa,pessoa08_V097,double,int32,303819,0,0,0,0,2
2010_tracts_pessoa,pessoa08_V098,double,int32,303819,0,0,0,0,2
2010_tracts_pessoa,pessoa08_V099,double,int32,303819,0,0,0,0,2
2010_tracts_pessoa,pessoa08_V100,double,int32,303819,0,0,0,0,3
2010_tracts_pessoa,pessoa08_V101,double,int32,303819,0,0,0,0,2
2010_tracts_pessoa,pessoa08_V102,double,int32,303819,0,0,0,0,7
2010_tracts_pessoa,pessoa08_V103,double,int32,303819,0,0,0,0,72
2010_tracts_pessoa,pessoa08_V104,double,int32,303819,0,0,0,0,74
2010_tracts_pessoa,pessoa08_V105,double,int32,303819,0,0,0,0,49
2010_tracts_pessoa,pessoa08_V106,double,int32,303819,0,0,0,0,58
2010_tracts_pessoa,pessoa08_V107,double,int32,303819,0,0,0,0,67
2010_tracts_pessoa,pessoa08_V108,double,int32,303819,0,0,0,0,59
2010_tracts_pessoa,pessoa08_V109,double,int32,303819,0,0,0,0,81
2010_tracts_pessoa,pessoa08_V110,double,int32,303819,0,0,0,0,88
2010_tracts_pessoa,pessoa08_V111,double,int32,303819,0,0,0,0,55
2010_tracts_pessoa,pessoa08_V112,double,int32,303819,0,0,0,0,66
2010_tracts_pessoa,pessoa08_V113,double,int32,303819,0,0,0,0,61
2010_tracts_pessoa,pessoa08_V114,double,int32,303819,0,0,0,0,63
2010_tracts_pessoa,pessoa08_V115,double,int32,303819,0,0,0,0,83
2010_tracts_pessoa,pessoa08_V116,double,int32,303819,0,0,0,0,57
2010_tracts_pessoa,pessoa08_V117,double,int32,303819,0,0,0,0,49
2010_tracts_pessoa,pessoa08_V118,double,int32,303819,0,0,0,0,85
2010_tracts_pessoa,pessoa08_V119,double,int32,303819,0,0,0,0,40
2010_tracts_pessoa,pessoa08_V120,double,int32,303819,0,0,0,0,57
2010_tracts_pessoa,pessoa08_V121,double,int32,303819,0,0,0,0,47
2010_tracts_pessoa,pessoa08_V122,double,int32,303819,0,0,0,0,42
2010_tracts_pessoa,pessoa08_V123,double,int32,303819,0,0,0,0,50
2010_tracts_pessoa,pessoa08_V124,double,int32,303819,0,0,0,0,43
2010_tracts_pessoa,pessoa08_V125,double,int32,303819,0,0,0,0,33
2010_tracts_pessoa,pessoa08_V126,double,int32,303819,0,0,0,0,40
2010_tracts_pessoa,pessoa08_V127,double,int32,303819,0,0,0,0,42
2010_tracts_pessoa,pessoa08_V128,double,int32,303819,0,0,0,0,26
2010_tracts_pessoa,pessoa08_V129,double,int32,303819,0,0,0,0,23
2010_tracts_pessoa,pessoa08_V130,double,int32,303819,0,0,0,0,50
2010_tracts_pessoa,pessoa08_V131,double,int32,303819,0,0,0,0,28
2010_tracts_pessoa,pessoa08_V132,double,int32,303819,0,0,0,0,20
2010_tracts_pessoa,pessoa08_V133,double,int32,303819,0,0,0,0,30
2010_tracts_pessoa,pessoa08_V134,double,int32,303819,0,0,0,0,14
2010_tracts_pessoa,pessoa08_V135,double,int32,303819,0,0,0,0,25
2010_tracts_pessoa,pessoa08_V136,double,int32,303819,0,0,0,0,13
2010_tracts_pessoa,pessoa08_V137,double,int32,303819,0,0,0,0,19
2010_tracts_pessoa,pessoa08_V138,double,int32,303819,0,0,0,0,18
2010_tracts_pessoa,pessoa08_V139,double,int32,303819,0,0,0,0,18
2010_tracts_pessoa,pessoa08_V140,double,int32,303819,0,0,0,0,18
2010_tracts_pessoa,pessoa08_V141,double,int32,303819,0,0,0,0,17
2010_tracts_pessoa,pessoa08_V142,double,int32,303819,0,0,0,0,12
2010_tracts_pessoa,pessoa08_V143,double,int32,303819,0,0,0,0,13
2010_tracts_pessoa,pessoa08_V144,double,int32,303819,0,0,0,0,25
2010_tracts_pessoa,pessoa08_V145,double,int32,303819,0,0,0,0,23
2010_tracts_pessoa,pessoa08_V146,double,int32,303819,0,0,0,0,21
2010_tracts_pessoa,pessoa08_V147,double,int32,303819,0,0,0,0,27
2010_tracts_pessoa,pessoa08_V148,double,int32,303819,0,0,0,0,29
2010_tracts_pessoa,pessoa08_V149,double,int32,303819,0,0,0,0,19
2010_tracts_pessoa,pessoa08_V150,double,int32,303819,0,0,0,0,20
2010_tracts_pessoa,pessoa08_V151,double,int32,303819,0,0,0,0,13
2010_tracts_pessoa,pessoa08_V152,double,int32,303819,0,0,0,0,19
2010_tracts_pessoa,pessoa08_V153,double,int32,303819,0,0,0,0,43
2010_tracts_pessoa,pessoa08_V154,double,int32,303819,0,0,0,0,27
2010_tracts_pessoa,pessoa08_V155,double,int32,303819,0,0,0,0,43
2010_tracts_pessoa,pessoa08_V156,double,int32,303819,0,0,0,0,34
2010_tracts_pessoa,pessoa08_V157,double,int32,303819,0,0,0,0,73
2010_tracts_pessoa,pessoa08_V158,double,int32,303819,0,0,0,0,73
2010_tracts_pessoa,pessoa08_V159,double,int32,303819,0,0,0,0,32
2010_tracts_pessoa,pessoa08_V160,double,int32,303819,0,0,0,0,24
2010_tracts_pessoa,pessoa08_V161,double,int32,303819,0,0,0,0,29
2010_tracts_pessoa,pessoa08_V162,double,int32,303819,0,0,0,0,24
2010_tracts_pessoa,pessoa08_V163,double,int32,303819,0,0,0,0,54
2010_tracts_pessoa,pessoa08_V164,double,int32,303819,0,0,0,0,38
2010_tracts_pessoa,pessoa08_V165,double,int32,303819,0,0,0,0,28
2010_tracts_pessoa,pessoa08_V166,double,int32,303819,0,0,0,0,23
2010_tracts_pessoa,pessoa08_V167,double,int32,303819,0,0,0,0,24
2010_tracts_pessoa,pessoa08_V168,double,int32,303819,0,0,0,0,27
2010_tracts_pessoa,pessoa08_V169,double,int32,303819,0,0,0,0,22
2010_tracts_pessoa,pessoa08_V170,double,int32,303819,0,0,0,0,25
2010_tracts_pessoa,pessoa08_V171,double,int32,303819,0,0,0,0,17
2010_tracts_pessoa,pessoa08_V172,double,int32,303819,0,0,0,0,16
2010_tracts_pessoa,pessoa08_V173,double,int32,303819,0,0,0,0,14
2010_tracts_pessoa,pessoa08_V174,double,int32,303819,0,0,0,0,16
2010_tracts_pessoa,pessoa08_V175,double,int32,303819,0,0,0,0,12
2010_tracts_pessoa,pessoa08_V176,double,int32,303819,0,0,0,0,14
2010_tracts_pessoa,pessoa08_V177,double,int32,303819,0,0,0,0,12
2010_tracts_pessoa,pessoa08_V178,double,int32,303819,0,0,0,0,12
2010_tracts_pessoa,pessoa08_V179,double,int32,303819,0,0,0,0,11
2010_tracts_pessoa,pessoa08_V180,double,int32,303819,0,0,0,0,10
2010_tracts_pessoa,pessoa08_V181,double,int32,303819,0,0,0,0,11
2010_tracts_pessoa,pessoa08_V182,double,int32,303819,0,0,0,0,10
2010_tracts_pessoa,pessoa08_V183,double,int32,303819,0,0,0,0,12
2010_tracts_pessoa,pessoa08_V184,double,int32,303819,0,0,0,0,9
2010_tracts_pessoa,pessoa08_V185,double,int32,303819,0,0,0,0,8
2010_tracts_pessoa,pessoa08_V186,double,int32,303819,0,0,0,0,8
2010_tracts_pessoa,pessoa08_V187,double,int32,303819,0,0,0,0,8
2010_tracts_pessoa,pessoa08_V188,double,int32,303819,0,0,0,0,8
2010_tracts_pessoa,pessoa08_V189,double,int32,303819,0,0,0,0,8
2010_tracts_pessoa,pessoa08_V190,double,int32,303819,0,0,0,0,9
2010_tracts_pessoa,pessoa08_V191,double,int32,303819,0,0,0,0,7
2010_tracts_pessoa,pessoa08_V192,double,int32,303819,0,0,0,0,6
2010_tracts_pessoa,pessoa08_V193,double,int32,303819,0,0,0,0,7
2010_tracts_pessoa,pessoa08_V194,double,int32,303819,0,0,0,0,8
2010_tracts_pessoa,pessoa08_V195,double,int32,303819,0,0,0,0,8
2010_tracts_pessoa,pessoa08_V196,double,int32,303819,0,0,0,0,6
2010_tracts_pessoa,pessoa08_V197,double,int32,303819,0,0,0,0,6
2010_tracts_pessoa,pessoa08_V198,double,int32,303819,0,0,0,0,7
2010_tracts_pessoa,pessoa08_V199,double,int32,303819,0,0,0,0,7
2010_tracts_pessoa,pessoa08_V200,double,int32,303819,0,0,0,0,6
2010_tracts_pessoa,pessoa08_V201,double,int32,303819,0,0,0,0,7
2010_tracts_pessoa,pessoa08_V202,double,int32,303819,0,0,0,0,6
2010_tracts_pessoa,pessoa08_V203,double,int32,303819,0,0,0,0,6
2010_tracts_pessoa,pessoa08_V204,double,int32,303819,0,0,0,0,25
2010_tracts_pessoa,pessoa08_V205,double,int32,303819,0,0,0,0,3
2010_tracts_pessoa,pessoa08_V206,double,int32,303819,0,0,0,0,4
2010_tracts_pessoa,pessoa08_V207,double,int32,303819,0,0,0,0,7
2010_tracts_pessoa,pessoa08_V208,double,int32,303819,0,0,0,0,6
2010_tracts_pessoa,pessoa08_V209,double,int32,303819,0,0,0,0,7
2010_tracts_pessoa,pessoa08_V210,double,int32,303819,0,0,0,0,8
2010_tracts_pessoa,pessoa08_V211,double,int32,303819,0,0,0,0,8
2010_tracts_pessoa,pessoa08_V212,double,int32,303819,0,0,0,0,9
2010_tracts_pessoa,pessoa08_V213,double,int32,303819,0,0,0,0,11
2010_tracts_pessoa,pessoa08_V214,double,int32,303819,0,0,0,0,10
2010_tracts_pessoa,pessoa08_V215,double,int32,303819,0,0,0,0,11
2010_tracts_pessoa,pessoa08_V216,double,int32,303819,0,0,0,0,12
2010_tracts_pessoa,pessoa08_V217,double,int32,303819,0,0,0,0,10
2010_tracts_pessoa,pessoa08_V218,double,int32,303819,0,0,0,0,11
2010_tracts_pessoa,pessoa08_V219,double,int32,303819,0,0,0,0,9
2010_tracts_pessoa,pessoa08_V220,double,int32,303819,0,0,0,0,9
2010_tracts_pessoa,pessoa08_V221,double,int32,303819,0,0,0,0,7
2010_tracts_pessoa,pessoa08_V222,double,int32,303819,0,0,0,0,7
2010_tracts_pessoa,pessoa08_V223,double,int32,303819,0,0,0,0,7
2010_tracts_pessoa,pessoa08_V224,double,int32,303819,0,0,0,0,6
2010_tracts_pessoa,pessoa08_V225,double,int32,303819,0,0,0,0,6
2010_tracts_pessoa,pessoa08_V226,double,int32,303819,0,0,0,0,5
2010_tracts_pessoa,pessoa08_V227,double,int32,303819,0,0,0,0,4
2010_tracts_pessoa,pessoa08_V228,double,int32,303819,0,0,0,0,5
2010_tracts_pessoa,pessoa08_V229,double,int32,303819,0,0,0,0,5
2010_tracts_pessoa,pessoa08_V230,double,int32,303819,0,0,0,0,4
2010_tracts_pessoa,pessoa08_V231,double,int32,303819,0,0,0,0,3
2010_tracts_pessoa,pessoa08_V232,double,int32,303819,0,0,0,0,6
2010_tracts_pessoa,pessoa08_V233,double,int32,303819,0,0,0,0,3
2010_tracts_pessoa,pessoa08_V234,double,int32,303819,0,0,0,0,5
2010_tracts_pessoa,pessoa08_V235,double,int32,303819,0,0,0,0,4
2010_tracts_pessoa,pessoa08_V236,double,int32,303819,0,0,0,0,2
2010_tracts_pessoa,pessoa08_V237,double,int32,303819,0,0,0,0,3
2010_tracts_pessoa,pessoa08_V238,double,int32,303819,0,0,0,0,3
2010_tracts_pessoa,pessoa08_V239,double,int32,303819,0,0,0,0,2
2010_tracts_pessoa,pessoa08_V240,double,int32,303819,0,0,0,0,3
2010_tracts_pessoa,pessoa08_V241,double,int32,303819,0,0,0,0,2
2010_tracts_pessoa,pessoa08_V242,double,int32,303819,0,0,0,0,3
2010_tracts_pessoa,pessoa08_V243,double,int32,303819,0,0,0,0,3
2010_tracts_pessoa,pessoa08_V244,double,int32,303819,0,0,0,0,2
2010_tracts_pessoa,pessoa08_V245,double,int32,303819,0,0,0,0,3
2010_tracts_pessoa,pessoa08_V246,double,int32,303819,0,0,0,0,2
2010_tracts_pessoa,pessoa08_V247,double,int32,303819,0,0,0,0,2
2010_tracts_pessoa,pessoa08_V248,double,int32,303819,0,0,0,0,2
2010_tracts_pessoa,pessoa08_V249,double,int32,303819,0,0,0,0,4
2010_tracts_pessoa,pessoa08_V250,double,int32,303819,0,0,0,0,2
2010_tracts_pessoa,pessoa08_V251,double,int32,303819,0,0,0,0,2
2010_tracts_pessoa,pessoa08_V252,double,int32,303819,0,0,0,0,2
2010_tracts_pessoa,pessoa08_V253,double,int32,303819,0,0,0,0,2
2010_tracts_pessoa,pessoa08_V254,double,int32,303819,0,0,0,0,3
2010_tracts_pessoa,pessoa09_Situacao_setor,string,int32,310114,0,0,0,1,8
2010_tracts_pessoa,pessoa09_V001,double,int32,310114,0,0,0,0,10
2010_tracts_pessoa,pessoa09_V002,double,int32,303819,0,0,0,0,78
2010_tracts_pessoa,pessoa09_V003,double,int32,303819,0,0,0,0,46
2010_tracts_pessoa,pessoa09_V004,double,int32,303819,0,0,0,0,47
2010_tracts_pessoa,pessoa09_V005,double,int32,303819,0,0,0,0,78
2010_tracts_pessoa,pessoa09_V006,double,int32,303819,0,0,0,0,50
2010_tracts_pessoa,pessoa09_V007,double,int32,303819,0,0,0,0,29
2010_tracts_pessoa,pessoa09_V008,double,int32,303819,0,0,0,0,14
2010_tracts_pessoa,pessoa09_V009,double,int32,303819,0,0,0,0,7
2010_tracts_pessoa,pessoa09_V010,double,int32,303819,0,0,0,0,5
2010_tracts_pessoa,pessoa09_V011,double,int32,303819,0,0,0,0,4
2010_tracts_pessoa,pessoa09_V012,double,int32,303819,0,0,0,0,5
2010_tracts_pessoa,pessoa09_V013,double,int32,303819,0,0,0,0,3
2010_tracts_pessoa,pessoa09_V014,double,int32,303819,0,0,0,0,3
2010_tracts_pessoa,pessoa09_V015,double,int32,303819,0,0,0,0,5
2010_tracts_pessoa,pessoa09_V016,double,int32,303819,0,0,0,0,5
2010_tracts_pessoa,pessoa09_V017,double,int32,303819,0,0,0,0,70
2010_tracts_pessoa,pessoa09_V018,double,int32,303819,0,0,0,0,35
2010_tracts_pessoa,pessoa09_V019,double,int32,303819,0,0,0,0,40
2010_tracts_pessoa,pessoa09_V020,double,int32,303819,0,0,0,0,16
2010_tracts_pessoa,pessoa09_V021,double,int32,303819,0,0,0,0,19
2010_tracts_pessoa,pessoa09_V022,double,int32,303819,0,0,0,0,23
2010_tracts_pessoa,pessoa09_V023,double,int32,303819,0,0,0,0,11
2010_tracts_pessoa,pessoa09_V024,double,int32,303819,0,0,0,0,6
2010_tracts_pessoa,pessoa09_V025,double,int32,303819,0,0,0,0,4
2010_tracts_pessoa,pessoa09_V026,double,int32,303819,0,0,0,0,4
2010_tracts_pessoa,pessoa09_V027,double,int32,303819,0,0,0,0,3
2010_tracts_pessoa,pessoa09_V028,double,int32,303819,0,0,0,0,3
2010_tracts_pessoa,pessoa09_V029,double,int32,303819,0,0,0,0,2
2010_tracts_pessoa,pessoa09_V030,double,int32,303819,0,0,0,0,2
2010_tracts_pessoa,pessoa09_V031,double,int32,303819,0,0,0,0,6
2010_tracts_pessoa,pessoa09_V032,double,int32,303819,0,0,0,0,22
2010_tracts_pessoa,pessoa09_V033,double,int32,303819,0,0,0,0,25
2010_tracts_pessoa,pessoa09_V034,double,int32,303819,0,0,0,0,24
2010_tracts_pessoa,pessoa09_V035,double,int32,303819,0,0,0,0,69
2010_tracts_pessoa,pessoa09_V036,double,int32,303819,0,0,0,0,31
2010_tracts_pessoa,pessoa09_V037,double,int32,303819,0,0,0,0,27
2010_tracts_pessoa,pessoa09_V038,double,int32,303819,0,0,0,0,6
2010_tracts_pessoa,pessoa09_V039,double,int32,303819,0,0,0,0,4
2010_tracts_pessoa,pessoa09_V040,double,int32,303819,0,0,0,0,3
2010_tracts_pessoa,pessoa09_V041,double,int32,303819,0,0,0,0,3
2010_tracts_pessoa,pessoa09_V042,double,int32,303819,0,0,0,0,3
2010_tracts_pessoa,pessoa09_V043,double,int32,303819,0,0,0,0,2
2010_tracts_pessoa,pessoa09_V044,double,int32,303819,0,0,0,0,2
2010_tracts_pessoa,pessoa09_V045,double,int32,303819,0,0,0,0,5
2010_tracts_pessoa,pessoa09_V046,double,int32,303819,0,0,0,0,43
2010_tracts_pessoa,pessoa09_V047,double,int32,303819,0,0,0,0,20
2010_tracts_pessoa,pessoa09_V048,double,int32,303819,0,0,0,0,32
2010_tracts_pessoa,pessoa09_V049,double,int32,303819,0,0,0,0,48
2010_tracts_pessoa,pessoa09_V050,double,int32,303819,0,0,0,0,44
2010_tracts_pessoa,pessoa09_V051,double,int32,303819,0,0,0,0,42
2010_tracts_pessoa,pessoa09_V052,double,int32,303819,0,0,0,0,29
2010_tracts_pessoa,pessoa09_V053,double,int32,303819,0,0,0,0,37
2010_tracts_pessoa,pessoa09_V054,double,int32,303819,0,0,0,0,28
2010_tracts_pessoa,pessoa09_V055,double,int32,303819,0,0,0,0,55
2010_tracts_pessoa,pessoa09_V056,double,int32,303819,0,0,0,0,28
2010_tracts_pessoa,pessoa09_V057,double,int32,303819,0,0,0,0,16
2010_tracts_pessoa,pessoa09_V058,double,int32,303819,0,0,0,0,20
2010_tracts_pessoa,pessoa09_V059,double,int32,303819,0,0,0,0,24
2010_tracts_pessoa,pessoa09_V060,double,int32,303819,0,0,0,0,10
2010_tracts_pessoa,pessoa09_V061,double,int32,303819,0,0,0,0,13
2010_tracts_pessoa,pessoa09_V062,double,int32,303819,0,0,0,0,20
2010_tracts_pessoa,pessoa09_V063,double,int32,303819,0,0,0,0,25
2010_tracts_pessoa,pessoa09_V064,double,int32,303819,0,0,0,0,24
2010_tracts_pessoa,pessoa09_V065,double,int32,303819,0,0,0,0,18
2010_tracts_pessoa,pessoa09_V066,double,int32,303819,0,0,0,0,16
2010_tracts_pessoa,pessoa09_V067,double,int32,303819,0,0,0,0,12
2010_tracts_pessoa,pessoa09_V068,double,int32,303819,0,0,0,0,15
2010_tracts_pessoa,pessoa09_V069,double,int32,303819,0,0,0,0,11
2010_tracts_pessoa,pessoa09_V070,double,int32,303819,0,0,0,0,11
2010_tracts_pessoa,pessoa09_V071,double,int32,303819,0,0,0,0,9
2010_tracts_pessoa,pessoa09_V072,double,int32,303819,0,0,0,0,19
2010_tracts_pessoa,pessoa09_V073,double,int32,303819,0,0,0,0,10
2010_tracts_pessoa,pessoa09_V074,double,int32,303819,0,0,0,0,22
2010_tracts_pessoa,pessoa09_V075,double,int32,303819,0,0,0,0,35
2010_tracts_pessoa,pessoa09_V076,double,int32,303819,0,0,0,0,27
2010_tracts_pessoa,pessoa09_V077,double,int32,303819,0,0,0,0,21
2010_tracts_pessoa,pessoa09_V078,double,int32,303819,0,0,0,0,19
2010_tracts_pessoa,pessoa09_V079,double,int32,303819,0,0,0,0,32
2010_tracts_pessoa,pessoa09_V080,double,int32,303819,0,0,0,0,23
2010_tracts_pessoa,pessoa09_V081,double,int32,303819,0,0,0,0,40
2010_tracts_pessoa,pessoa09_V082,double,int32,303819,0,0,0,0,17
2010_tracts_pessoa,pessoa09_V083,double,int32,303819,0,0,0,0,12
2010_tracts_pessoa,pessoa09_V084,double,int32,303819,0,0,0,0,19
2010_tracts_pessoa,pessoa09_V085,double,int32,303819,0,0,0,0,5
2010_tracts_pessoa,pessoa09_V086,double,int32,303819,0,0,0,0,7
2010_tracts_pessoa,pessoa09_V087,double,int32,303819,0,0,0,0,4
2010_tracts_pessoa,pessoa09_V088,double,int32,303819,0,0,0,0,5
2010_tracts_pessoa,pessoa09_V089,double,int32,303819,0,0,0,0,5
2010_tracts_pessoa,pessoa09_V090,double,int32,303819,0,0,0,0,17
2010_tracts_pessoa,pessoa09_V091,double,int32,303819,0,0,0,0,17
2010_tracts_pessoa,pessoa09_V092,double,int32,303819,0,0,0,0,18
2010_tracts_pessoa,pessoa09_V093,double,int32,303819,0,0,0,0,14
2010_tracts_pessoa,pessoa09_V094,double,int32,303819,0,0,0,0,15
2010_tracts_pessoa,pessoa09_V095,double,int32,303819,0,0,0,0,12
2010_tracts_pessoa,pessoa09_V096,double,int32,303819,0,0,0,0,8
2010_tracts_pessoa,pessoa09_V097,double,int32,303819,0,0,0,0,12
2010_tracts_pessoa,pessoa09_V098,double,int32,303819,0,0,0,0,3
2010_tracts_pessoa,pessoa09_V099,double,int32,303819,0,0,0,0,3
2010_tracts_pessoa,pessoa09_V100,double,int32,303819,0,0,0,0,4
2010_tracts_pessoa,pessoa09_V101,double,int32,303819,0,0,0,0,4
2010_tracts_pessoa,pessoa09_V102,double,int32,303819,0,0,0,0,3
2010_tracts_pessoa,pessoa09_V103,double,int32,303819,0,0,0,0,8
2010_tracts_pessoa,pessoa09_V104,double,int32,303819,0,0,0,0,9
2010_tracts_pessoa,pessoa09_V105,double,int32,303819,0,0,0,0,7
2010_tracts_pessoa,pessoa09_V106,double,int32,303819,0,0,0,0,6
2010_tracts_pessoa,pessoa09_V107,double,int32,303819,0,0,0,0,6
2010_tracts_pessoa,pessoa09_V108,double,int32,303819,0,0,0,0,6
2010_tracts_pessoa,pessoa09_V109,double,int32,303819,0,0,0,0,4
2010_tracts_pessoa,pessoa09_V110,double,int32,303819,0,0,0,0,6
2010_tracts_pessoa,pessoa09_V111,double,int32,303819,0,0,0,0,4
2010_tracts_pessoa,pessoa09_V112,double,int32,303819,0,0,0,0,5
2010_tracts_pessoa,pessoa09_V113,double,int32,303819,0,0,0,0,2
2010_tracts_pessoa,pessoa09_V114,double,int32,303819,0,0,0,0,4
2010_tracts_pessoa,pessoa09_V115,double,int32,303819,0,0,0,0,3
2010_tracts_pessoa,pessoa09_V116,double,int32,303819,0,0,0,0,9
2010_tracts_pessoa,pessoa09_V117,double,int32,303819,0,0,0,0,10
2010_tracts_pessoa,pessoa09_V118,double,int32,303819,0,0,0,0,11
2010_tracts_pessoa,pessoa09_V119,double,int32,303819,0,0,0,0,10
2010_tracts_pessoa,pessoa09_V120,double,int32,303819,0,0,0,0,14
2010_tracts_pessoa,pessoa09_V121,double,int32,303819,0,0,0,0,6
2010_tracts_pessoa,pessoa09_V122,double,int32,303819,0,0,0,0,7
2010_tracts_pessoa,pessoa09_V123,double,int32,303819,0,0,0,0,10
2010_tracts_pessoa,pessoa09_V124,double,int32,303819,0,0,0,0,176
2010_tracts_pessoa,pessoa09_V125,double,int32,303819,0,0,0,0,148
2010_tracts_pessoa,pessoa09_V126,double,int32,303819,0,0,0,0,179
2010_tracts_pessoa,pessoa09_V127,double,int32,303819,0,0,0,0,186
2010_tracts_pessoa,pessoa09_V128,double,int32,303819,0,0,0,0,48
2010_tracts_pessoa,pessoa09_V129,double,int32,303819,0,0,0,0,29
2010_tracts_pessoa,pessoa09_V130,double,int32,303819,0,0,0,0,14
2010_tracts_pessoa,pessoa09_V131,double,int32,303819,0,0,0,0,9
2010_tracts_pessoa,pessoa09_V132,double,int32,303819,0,0,0,0,5
2010_tracts_pessoa,pessoa09_V133,double,int32,303819,0,0,0,0,6
2010_tracts_pessoa,pessoa09_V134,double,int32,303819,0,0,0,0,6
2010_tracts_pessoa,pessoa09_V135,double,int32,303819,0,0,0,0,100
2010_tracts_pessoa,pessoa09_V136,double,int32,303819,0,0,0,0,96
2010_tracts_pessoa,pessoa09_V137,double,int32,303819,0,0,0,0,110
2010_tracts_pessoa,pessoa09_V138,double,int32,303819,0,0,0,0,107
2010_tracts_pessoa,pessoa09_V139,double,int32,303819,0,0,0,0,29
2010_tracts_pessoa,pessoa09_V140,double,int32,303819,0,0,0,0,12
2010_tracts_pessoa,pessoa09_V141,double,int32,303819,0,0,0,0,7
2010_tracts_pessoa,pessoa09_V142,double,int32,303819,0,0,0,0,5
2010_tracts_pessoa,pessoa09_V143,double,int32,303819,0,0,0,0,4
2010_tracts_pessoa,pessoa09_V144,double,int32,303819,0,0,0,0,3
2010_tracts_pessoa,pessoa09_V145,double,int32,303819,0,0,0,0,4
2010_tracts_pessoa,pessoa09_V146,double,int32,303819,0,0,0,0,94
2010_tracts_pessoa,pessoa09_V147,double,int32,303819,0,0,0,0,63
2010_tracts_pessoa,pessoa09_V148,double,int32,303819,0,0,0,0,83
2010_tracts_pessoa,pessoa09_V149,double,int32,303819,0,0,0,0,79
2010_tracts_pessoa,pessoa09_V150,double,int32,303819,0,0,0,0,26
2010_tracts_pessoa,pessoa09_V151,double,int32,303819,0,0,0,0,17
2010_tracts_pessoa,pessoa09_V152,double,int32,303819,0,0,0,0,8
2010_tracts_pessoa,pessoa09_V153,double,int32,303819,0,0,0,0,7
2010_tracts_pessoa,pessoa09_V154,double,int32,303819,0,0,0,0,4
2010_tracts_pessoa,pessoa09_V155,double,int32,303819,0,0,0,0,4
2010_tracts_pessoa,pessoa09_V156,double,int32,303819,0,0,0,0,4
2010_tracts_pessoa,pessoa09_V157,double,int32,303819,0,0,0,0,16
2010_tracts_pessoa,pessoa09_V158,double,int32,303819,0,0,0,0,16
2010_tracts_pessoa,pessoa09_V159,double,int32,303819,0,0,0,0,9
2010_tracts_pessoa,pessoa09_V160,double,int32,303819,0,0,0,0,5
2010_tracts_pessoa,pessoa09_V161,double,int32,303819,0,0,0,0,6
2010_tracts_pessoa,pessoa09_V162,double,int32,303819,0,0,0,0,3
2010_tracts_pessoa,pessoa09_V163,double,int32,303819,0,0,0,0,3
2010_tracts_pessoa,pessoa09_V164,double,int32,303819,0,0,0,0,2
2010_tracts_pessoa,pessoa09_V165,double,int32,303819,0,0,0,0,1
2010_tracts_pessoa,pessoa09_V166,double,int32,303819,0,0,0,0,2
2010_tracts_pessoa,pessoa09_V167,double,int32,303819,0,0,0,0,2
2010_tracts_pessoa,pessoa09_V168,double,int32,303819,0,0,0,0,10
2010_tracts_pessoa,pessoa09_V169,double,int32,303819,0,0,0,0,8
2010_tracts_pessoa,pessoa09_V170,double,int32,303819,0,0,0,0,5
2010_tracts_pessoa,pessoa09_V171,double,int32,303819,0,0,0,0,4
2010_tracts_pessoa,pessoa09_V172,double,int32,303819,0,0,0,0,4
2010_tracts_pessoa,pessoa09_V173,double,int32,303819,0,0,0,0,3
2010_tracts_pessoa,pessoa09_V174,double,int32,303819,0,0,0,0,2
2010_tracts_pessoa,pessoa09_V175,double,int32,303819,0,0,0,0,2
2010_tracts_pessoa,pessoa09_V176,double,int32,303819,0,0,0,0,1
2010_tracts_pessoa,pessoa09_V177,double,int32,303819,0,0,0,0,1
2010_tracts_pessoa,pessoa09_V178,double,int32,303819,0,0,0,0,1
2010_tracts_pessoa,pessoa09_V179,double,int32,303819,0,0,0,0,9
2010_tracts_pessoa,pessoa09_V180,double,int32,303819,0,0,0,0,8
2010_tracts_pessoa,pessoa09_V181,double,int32,303819,0,0,0,0,7
2010_tracts_pessoa,pessoa09_V182,double,int32,303819,0,0,0,0,4
2010_tracts_pessoa,pessoa09_V183,double,int32,303819,0,0,0,0,3
2010_tracts_pessoa,pessoa09_V184,double,int32,303819,0,0,0,0,2
2010_tracts_pessoa,pessoa09_V185,double,int32,303819,0,0,0,0,3
2010_tracts_pessoa,pessoa09_V186,double,int32,303819,0,0,0,0,1
2010_tracts_pessoa,pessoa09_V187,double,int32,303819,0,0,0,0,1
2010_tracts_pessoa,pessoa09_V188,double,int32,303819,0,0,0,0,2
2010_tracts_pessoa,pessoa09_V189,double,int32,303819,0,0,0,0,2
2010_tracts_pessoa,pessoa09_V190,double,int32,303819,0,0,0,0,41
2010_tracts_pessoa,pessoa09_V191,double,int32,303819,0,0,0,0,55
2010_tracts_pessoa,pessoa09_V192,double,int32,303819,0,0,0,0,58
2010_tracts_pessoa,pessoa09_V193,double,int32,303819,0,0,0,0,82
2010_tracts_pessoa,pessoa09_V194,double,int32,303819,0,0,0,0,127
2010_tracts_pessoa,pessoa09_V195,double,int32,303819,0,0,0,0,74
2010_tracts_pessoa,pessoa09_V196,double,int32,303819,0,0,0,0,74
2010_tracts_pessoa,pessoa09_V197,double,int32,303819,0,0,0,0,95
2010_tracts_pessoa,pessoa09_V198,double,int32,303819,0,0,0,0,87
2010_tracts_pessoa,pessoa09_V199,double,int32,303819,0,0,0,0,66
2010_tracts_pessoa,pessoa09_V200,double,int32,303819,0,0,0,0,46
2010_tracts_pessoa,pessoa09_V201,double,int32,303819,0,0,0,0,30
2010_tracts_pessoa,pessoa09_V202,double,int32,303819,0,0,0,0,38
2010_tracts_pessoa,pessoa09_V203,double,int32,303819,0,0,0,0,25
2010_tracts_pessoa,pessoa09_V204,double,int32,303819,0,0,0,0,32
2010_tracts_pessoa,pessoa09_V205,double,int32,303819,0,0,0,0,45
2010_tracts_pessoa,pessoa09_V206,double,int32,303819,0,0,0,0,52
2010_tracts_pessoa,pessoa09_V207,double,int32,303819,0,0,0,0,25
2010_tracts_pessoa,pessoa09_V208,double,int32,303819,0,0,0,0,31
2010_tracts_pessoa,pessoa09_V209,double,int32,303819,0,0,0,0,32
2010_tracts_pessoa,pessoa09_V210,double,int32,303819,0,0,0,0,43
2010_tracts_pessoa,pessoa09_V211,double,int32,303819,0,0,0,0,74
2010_tracts_pessoa,pessoa09_V212,double,int32,303819,0,0,0,0,39
2010_tracts_pessoa,pessoa09_V213,double,int32,303819,0,0,0,0,55
2010_tracts_pessoa,pessoa09_V214,double,int32,303819,0,0,0,0,63
2010_tracts_pessoa,pessoa09_V215,double,int32,303819,0,0,0,0,54
2010_tracts_pessoa,pessoa09_V216,double,int32,303819,0,0,0,0,47
2010_tracts_pessoa,pessoa09_V217,double,int32,303819,0,0,0,0,36
2010_tracts_pessoa,pessoa09_V218,double,int32,303819,0,0,0,0,20
2010_tracts_pessoa,pessoa09_V219,double,int32,303819,0,0,0,0,27
2010_tracts_pessoa,pessoa09_V220,double,int32,303819,0,0,0,0,24
2010_tracts_pessoa,pessoa09_V221,double,int32,303819,0,0,0,0,29
2010_tracts_pessoa,pessoa09_V222,double,int32,303819,0,0,0,0,45
2010_tracts_pessoa,pessoa09_V223,double,int32,303819,0,0,0,0,52
2010_tracts_pessoa,pessoa09_V224,double,int32,303819,0,0,0,0,16
2010_tracts_pessoa,pessoa09_V225,double,int32,303819,0,0,0,0,24
2010_tracts_pessoa,pessoa09_V226,double,int32,303819,0,0,0,0,26
2010_tracts_pessoa,pessoa09_V227,double,int32,303819,0,0,0,0,55
2010_tracts_pessoa,pessoa09_V228,double,int32,303819,0,0,0,0,69
2010_tracts_pessoa,pessoa09_V229,double,int32,303819,0,0,0,0,49
2010_tracts_pessoa,pessoa09_V230,double,int32,303819,0,0,0,0,38
2010_tracts_pessoa,pessoa09_V231,double,int32,303819,0,0,0,0,32
2010_tracts_pessoa,pessoa09_V232,double,int32,303819,0,0,0,0,33
2010_tracts_pessoa,pessoa09_V233,double,int32,303819,0,0,0,0,23
2010_tracts_pessoa,pessoa09_V234,double,int32,303819,0,0,0,0,12
2010_tracts_pessoa,pessoa09_V235,double,int32,303819,0,0,0,0,11
2010_tracts_pessoa,pessoa09_V236,double,int32,303819,0,0,0,0,12
2010_tracts_pessoa,pessoa09_V237,double,int32,303819,0,0,0,0,8
2010_tracts_pessoa,pessoa09_V238,double,int32,303819,0,0,0,0,9
2010_tracts_pessoa,pessoa09_V239,double,int32,303819,0,0,0,0,8
2010_tracts_pessoa,pessoa09_V240,double,int32,303819,0,0,0,0,14
2010_tracts_pessoa,pessoa10_Situacao_setor,string,int32,310114,0,0,0,1,8
2010_tracts_pessoa,pessoa10_V001,double,int32,310114,0,0,0,0,1540
2010_tracts_pessoa,pessoa10_V002,double,int32,303819,0,0,0,0,1551
2010_tracts_pessoa,pessoa10_V003,double,int32,303819,0,0,0,0,138
2010_tracts_pessoa,pessoa11_Situacao_setor,string,int32,310114,0,0,0,1,8
2010_tracts_pessoa,pessoa11_V001,double,int32,310114,0,0,0,0,4289
2010_tracts_pessoa,pessoa11_V002,double,int32,303819,0,0,0,0,2662
2010_tracts_pessoa,pessoa11_V003,double,int32,303819,0,0,0,0,1078
2010_tracts_pessoa,pessoa11_V004,double,int32,303819,0,0,0,0,551
2010_tracts_pessoa,pessoa11_V005,double,int32,303819,0,0,0,0,1023
2010_tracts_pessoa,pessoa11_V006,double,int32,303819,0,0,0,0,481
2010_tracts_pessoa,pessoa11_V007,double,int32,303819,0,0,0,0,108
2010_tracts_pessoa,pessoa11_V008,double,int32,303819,0,0,0,0,140
2010_tracts_pessoa,pessoa11_V009,double,int32,303819,0,0,0,0,81
2010_tracts_pessoa,pessoa11_V010,double,int32,303819,0,0,0,0,27
2010_tracts_pessoa,pessoa11_V011,double,int32,303819,0,0,0,0,251
2010_tracts_pessoa,pessoa11_V012,double,int32,303819,0,0,0,0,19
2010_tracts_pessoa,pessoa11_V013,double,int32,303819,0,0,0,0,350
2010_tracts_pessoa,pessoa11_V014,double,int32,303819,0,0,0,0,12
2010_tracts_pessoa,pessoa11_V015,double,int32,303819,0,0,0,0,482
2010_tracts_pessoa,pessoa11_V016,double,int32,303819,0,0,0,0,426
2010_tracts_pessoa,pessoa11_V017,double,int32,303819,0,0,0,0,530
2010_tracts_pessoa,pessoa11_V018,double,int32,303819,0,0,0,0,129
2010_tracts_pessoa,pessoa11_V019,double,int32,303819,0,0,0,0,361
2010_tracts_pessoa,pessoa11_V020,double,int32,303819,0,0,0,0,18
2010_tracts_pessoa,pessoa11_V021,double,int32,303819,0,0,0,0,4289
2010_tracts_pessoa,pessoa11_V022,double,int32,303819,0,0,0,0,126
2010_tracts_pessoa,pessoa11_V023,double,int32,303819,0,0,0,0,11
2010_tracts_pessoa,pessoa11_V024,double,int32,303819,0,0,0,0,16
2010_tracts_pessoa,pessoa11_V025,double,int32,303819,0,0,0,0,25
2010_tracts_pessoa,pessoa11_V026,double,int32,303819,0,0,0,0,13
2010_tracts_pessoa,pessoa11_V027,double,int32,303819,0,0,0,0,11
2010_tracts_pessoa,pessoa11_V028,double,int32,303819,0,0,0,0,11
2010_tracts_pessoa,pessoa11_V029,double,int32,303819,0,0,0,0,15
2010_tracts_pessoa,pessoa11_V030,double,int32,303819,0,0,0,0,47
2010_tracts_pessoa,pessoa11_V031,double,int32,303819,0,0,0,0,12
2010_tracts_pessoa,pessoa11_V032,double,int32,303819,0,0,0,0,15
2010_tracts_pessoa,pessoa11_V033,double,int32,303819,0,0,0,0,12
2010_tracts_pessoa,pessoa11_V034,double,int32,303819,0,0,0,0,18
2010_tracts_pessoa,pessoa11_V035,double,int32,303819,0,0,0,0,91
2010_tracts_pessoa,pessoa11_V036,double,int32,303819,0,0,0,0,85
2010_tracts_pessoa,pessoa11_V037,double,int32,303819,0,0,0,0,73
2010_tracts_pessoa,pessoa11_V038,double,int32,303819,0,0,0,0,82
2010_tracts_pessoa,pessoa11_V039,double,int32,303819,0,0,0,0,72
2010_tracts_pessoa,pessoa11_V040,double,int32,303819,0,0,0,0,88
2010_tracts_pessoa,pessoa11_V041,double,int32,303819,0,0,0,0,88
2010_tracts_pessoa,pessoa11_V042,double,int32,303819,0,0,0,0,67
2010_tracts_pessoa,pessoa11_V043,double,int32,303819,0,0,0,0,73
2010_tracts_pessoa,pessoa11_V044,double,int32,303819,0,0,0,0,86
2010_tracts_pessoa,pessoa11_V045,double,int32,303819,0,0,0,0,93
2010_tracts_pessoa,pessoa11_V046,double,int32,303819,0,0,0,0,94
2010_tracts_pessoa,pessoa11_V047,double,int32,303819,0,0,0,0,64
2010_tracts_pessoa,pessoa11_V048,double,int32,303819,0,0,0,0,73
2010_tracts_pessoa,pessoa11_V049,double,int32,303819,0,0,0,0,93
2010_tracts_pessoa,pessoa11_V050,double,int32,303819,0,0,0,0,88
2010_tracts_pessoa,pessoa11_V051,double,int32,303819,0,0,0,0,88
2010_tracts_pessoa,pessoa11_V052,double,int32,303819,0,0,0,0,82
2010_tracts_pessoa,pessoa11_V053,double,int32,303819,0,0,0,0,140
2010_tracts_pessoa,pessoa11_V054,double,int32,303819,0,0,0,0,227
2010_tracts_pessoa,pessoa11_V055,double,int32,303819,0,0,0,0,250
2010_tracts_pessoa,pessoa11_V056,double,int32,303819,0,0,0,0,262
2010_tracts_pessoa,pessoa11_V057,double,int32,303819,0,0,0,0,338
2010_tracts_pessoa,pessoa11_V058,double,int32,303819,0,0,0,0,294
2010_tracts_pessoa,pessoa11_V059,double,int32,303819,0,0,0,0,288
2010_tracts_pessoa,pessoa11_V060,double,int32,303819,0,0,0,0,228
2010_tracts_pessoa,pessoa11_V061,double,int32,303819,0,0,0,0,252
2010_tracts_pessoa,pessoa11_V062,double,int32,303819,0,0,0,0,257
2010_tracts_pessoa,pessoa11_V063,double,int32,303819,0,0,0,0,220
2010_tracts_pessoa,pessoa11_V064,double,int32,303819,0,0,0,0,215
2010_tracts_pessoa,pessoa11_V065,double,int32,303819,0,0,0,0,209
2010_tracts_pessoa,pessoa11_V066,double,int32,303819,0,0,0,0,193
2010_tracts_pessoa,pessoa11_V067,double,int32,303819,0,0,0,0,158
2010_tracts_pessoa,pessoa11_V068,double,int32,303819,0,0,0,0,149
2010_tracts_pessoa,pessoa11_V069,double,int32,303819,0,0,0,0,127
2010_tracts_pessoa,pessoa11_V070,double,int32,303819,0,0,0,0,115
2010_tracts_pessoa,pessoa11_V071,double,int32,303819,0,0,0,0,152
2010_tracts_pessoa,pessoa11_V072,double,int32,303819,0,0,0,0,89
2010_tracts_pessoa,pessoa11_V073,double,int32,303819,0,0,0,0,85
2010_tracts_pessoa,pessoa11_V074,double,int32,303819,0,0,0,0,94
2010_tracts_pessoa,pessoa11_V075,double,int32,303819,0,0,0,0,63
2010_tracts_pessoa,pessoa11_V076,double,int32,303819,0,0,0,0,63
2010_tracts_pessoa,pessoa11_V077,double,int32,303819,0,0,0,0,51
2010_tracts_pessoa,pessoa11_V078,double,int32,303819,0,0,0,0,51
2010_tracts_pessoa,pessoa11_V079,double,int32,303819,0,0,0,0,49
2010_tracts_pessoa,pessoa11_V080,double,int32,303819,0,0,0,0,48
2010_tracts_pessoa,pessoa11_V081,double,int32,303819,0,0,0,0,45
2010_tracts_pessoa,pessoa11_V082,double,int32,303819,0,0,0,0,40
2010_tracts_pessoa,pessoa11_V083,double,int32,303819,0,0,0,0,58
2010_tracts_pessoa,pessoa11_V084,double,int32,303819,0,0,0,0,113
2010_tracts_pessoa,pessoa11_V085,double,int32,303819,0,0,0,0,39
2010_tracts_pessoa,pessoa11_V086,double,int32,303819,0,0,0,0,54
2010_tracts_pessoa,pessoa11_V087,double,int32,303819,0,0,0,0,26
2010_tracts_pessoa,pessoa11_V088,double,int32,303819,0,0,0,0,83
2010_tracts_pessoa,pessoa11_V089,double,int32,303819,0,0,0,0,36
2010_tracts_pessoa,pessoa11_V090,double,int32,303819,0,0,0,0,30
2010_tracts_pessoa,pessoa11_V091,double,int32,303819,0,0,0,0,33
2010_tracts_pessoa,pessoa11_V092,double,int32,303819,0,0,0,0,40
2010_tracts_pessoa,pessoa11_V093,double,int32,303819,0,0,0,0,37
2010_tracts_pessoa,pessoa11_V094,double,int32,303819,0,0,0,0,37
2010_tracts_pessoa,pessoa11_V095,double,int32,303819,0,0,0,0,19
2010_tracts_pessoa,pessoa11_V096,double,int32,303819,0,0,0,0,21
2010_tracts_pessoa,pessoa11_V097,double,int32,303819,0,0,0,0,26
2010_tracts_pessoa,pessoa11_V098,double,int32,303819,0,0,0,0,21
2010_tracts_pessoa,pessoa11_V099,double,int32,303819,0,0,0,0,32
2010_tracts_pessoa,pessoa11_V100,double,int32,303819,0,0,0,0,23
2010_tracts_pessoa,pessoa11_V101,double,int32,303819,0,0,0,0,16
2010_tracts_pessoa,pessoa11_V102,double,int32,303819,0,0,0,0,40
2010_tracts_pessoa,pessoa11_V103,double,int32,303819,0,0,0,0,15
2010_tracts_pessoa,pessoa11_V104,double,int32,303819,0,0,0,0,29
2010_tracts_pessoa,pessoa11_V105,double,int32,303819,0,0,0,0,16
2010_tracts_pessoa,pessoa11_V106,double,int32,303819,0,0,0,0,16
2010_tracts_pessoa,pessoa11_V107,double,int32,303819,0,0,0,0,16
2010_tracts_pessoa,pessoa11_V108,double,int32,303819,0,0,0,0,25
2010_tracts_pessoa,pessoa11_V109,double,int32,303819,0,0,0,0,19
2010_tracts_pessoa,pessoa11_V110,double,int32,303819,0,0,0,0,16
2010_tracts_pessoa,pessoa11_V111,double,int32,303819,0,0,0,0,11
2010_tracts_pessoa,pessoa11_V112,double,int32,303819,0,0,0,0,20
2010_tracts_pessoa,pessoa11_V113,double,int32,303819,0,0,0,0,13
2010_tracts_pessoa,pessoa11_V114,double,int32,303819,0,0,0,0,23
2010_tracts_pessoa,pessoa11_V115,double,int32,303819,0,0,0,0,11
2010_tracts_pessoa,pessoa11_V116,double,int32,303819,0,0,0,0,12
2010_tracts_pessoa,pessoa11_V117,double,int32,303819,0,0,0,0,9
2010_tracts_pessoa,pessoa11_V118,double,int32,303819,0,0,0,0,7
2010_tracts_pessoa,pessoa11_V119,double,int32,303819,0,0,0,0,20
2010_tracts_pessoa,pessoa11_V120,double,int32,303819,0,0,0,0,7
2010_tracts_pessoa,pessoa11_V121,double,int32,303819,0,0,0,0,7
2010_tracts_pessoa,pessoa11_V122,double,int32,303819,0,0,0,0,6
2010_tracts_pessoa,pessoa11_V123,double,int32,303819,0,0,0,0,10
2010_tracts_pessoa,pessoa11_V124,double,int32,303819,0,0,0,0,8
2010_tracts_pessoa,pessoa11_V125,double,int32,303819,0,0,0,0,6
2010_tracts_pessoa,pessoa11_V126,double,int32,303819,0,0,0,0,5
2010_tracts_pessoa,pessoa11_V127,double,int32,303819,0,0,0,0,5
2010_tracts_pessoa,pessoa11_V128,double,int32,303819,0,0,0,0,3
2010_tracts_pessoa,pessoa11_V129,double,int32,303819,0,0,0,0,3
2010_tracts_pessoa,pessoa11_V130,double,int32,303819,0,0,0,0,3
2010_tracts_pessoa,pessoa11_V131,double,int32,303819,0,0,0,0,3
2010_tracts_pessoa,pessoa11_V132,double,int32,303819,0,0,0,0,3
2010_tracts_pessoa,pessoa11_V133,double,int32,303819,0,0,0,0,3
2010_tracts_pessoa,pessoa11_V134,double,int32,303819,0,0,0,0,5
2010_tracts_pessoa,pessoa12_Situacao_setor,string,int32,310114,0,0,0,1,8
2010_tracts_pessoa,pessoa12_V001,double,int32,310114,0,0,0,0,2778
2010_tracts_pessoa,pessoa12_V002,double,int32,303819,0,0,0,0,2778
2010_tracts_pessoa,pessoa12_V003,double,int32,303819,0,0,0,0,890
2010_tracts_pessoa,pessoa12_V004,double,int32,303819,0,0,0,0,817
2010_tracts_pessoa,pessoa12_V005,double,int32,303819,0,0,0,0,943
2010_tracts_pessoa,pessoa12_V006,double,int32,303819,0,0,0,0,552
2010_tracts_pessoa,pessoa12_V007,double,int32,303819,0,0,0,0,109
2010_tracts_pessoa,pessoa12_V008,double,int32,303819,0,0,0,0,90
2010_tracts_pessoa,pessoa12_V009,double,int32,303819,0,0,0,0,125
2010_tracts_pessoa,pessoa12_V010,double,int32,303819,0,0,0,0,33
2010_tracts_pessoa,pessoa12_V011,double,int32,303819,0,0,0,0,228
2010_tracts_pessoa,pessoa12_V012,double,int32,303819,0,0,0,0,18
2010_tracts_pessoa,pessoa12_V013,double,int32,303819,0,0,0,0,222
2010_tracts_pessoa,pessoa12_V014,double,int32,303819,0,0,0,0,16
2010_tracts_pessoa,pessoa12_V015,double,int32,303819,0,0,0,0,465
2010_tracts_pessoa,pessoa12_V016,double,int32,303819,0,0,0,0,189
2010_tracts_pessoa,pessoa12_V017,double,int32,303819,0,0,0,0,163
2010_tracts_pessoa,pessoa12_V018,double,int32,303819,0,0,0,0,105
2010_tracts_pessoa,pessoa12_V019,double,int32,303819,0,0,0,0,135
2010_tracts_pessoa,pessoa12_V020,double,int32,303819,0,0,0,0,21
2010_tracts_pessoa,pessoa12_V021,double,int32,303819,0,0,0,0,1067
2010_tracts_pessoa,pessoa12_V022,double,int32,303819,0,0,0,0,119
2010_tracts_pessoa,pessoa12_V023,double,int32,303819,0,0,0,0,11
2010_tracts_pessoa,pessoa12_V024,double,int32,303819,0,0,0,0,16
2010_tracts_pessoa,pessoa12_V025,double,int32,303819,0,0,0,0,21
2010_tracts_pessoa,pessoa12_V026,double,int32,303819,0,0,0,0,17
2010_tracts_pessoa,pessoa12_V027,double,int32,303819,0,0,0,0,12
2010_tracts_pessoa,pessoa12_V028,double,int32,303819,0,0,0,0,13
2010_tracts_pessoa,pessoa12_V029,double,int32,303819,0,0,0,0,18
2010_tracts_pessoa,pessoa12_V030,double,int32,303819,0,0,0,0,15
2010_tracts_pessoa,pessoa12_V031,double,int32,303819,0,0,0,0,14
2010_tracts_pessoa,pessoa12_V032,double,int32,303819,0,0,0,0,11
2010_tracts_pessoa,pessoa12_V033,double,int32,303819,0,0,0,0,11
2010_tracts_pessoa,pessoa12_V034,double,int32,303819,0,0,0,0,10
2010_tracts_pessoa,pessoa12_V035,double,int32,303819,0,0,0,0,92
2010_tracts_pessoa,pessoa12_V036,double,int32,303819,0,0,0,0,89
2010_tracts_pessoa,pessoa12_V037,double,int32,303819,0,0,0,0,94
2010_tracts_pessoa,pessoa12_V038,double,int32,303819,0,0,0,0,94
2010_tracts_pessoa,pessoa12_V039,double,int32,303819,0,0,0,0,77
2010_tracts_pessoa,pessoa12_V040,double,int32,303819,0,0,0,0,83
2010_tracts_pessoa,pessoa12_V041,double,int32,303819,0,0,0,0,95
2010_tracts_pessoa,pessoa12_V042,double,int32,303819,0,0,0,0,74
2010_tracts_pessoa,pessoa12_V043,double,int32,303819,0,0,0,0,83
2010_tracts_pessoa,pessoa12_V044,double,int32,303819,0,0,0,0,95
2010_tracts_pessoa,pessoa12_V045,double,int32,303819,0,0,0,0,77
2010_tracts_pessoa,pessoa12_V046,double,int32,303819,0,0,0,0,111
2010_tracts_pessoa,pessoa12_V047,double,int32,303819,0,0,0,0,138
2010_tracts_pessoa,pessoa12_V048,double,int32,303819,0,0,0,0,122
2010_tracts_pessoa,pessoa12_V049,double,int32,303819,0,0,0,0,125
2010_tracts_pessoa,pessoa12_V050,double,int32,303819,0,0,0,0,96
2010_tracts_pessoa,pessoa12_V051,double,int32,303819,0,0,0,0,77
2010_tracts_pessoa,pessoa12_V052,double,int32,303819,0,0,0,0,61
2010_tracts_pessoa,pessoa12_V053,double,int32,303819,0,0,0,0,82
2010_tracts_pessoa,pessoa12_V054,double,int32,303819,0,0,0,0,103
2010_tracts_pessoa,pessoa12_V055,double,int32,303819,0,0,0,0,90
2010_tracts_pessoa,pessoa12_V056,double,int32,303819,0,0,0,0,74
2010_tracts_pessoa,pessoa12_V057,double,int32,303819,0,0,0,0,87
2010_tracts_pessoa,pessoa12_V058,double,int32,303819,0,0,0,0,83
2010_tracts_pessoa,pessoa12_V059,double,int32,303819,0,0,0,0,94
2010_tracts_pessoa,pessoa12_V060,double,int32,303819,0,0,0,0,91
2010_tracts_pessoa,pessoa12_V061,double,int32,303819,0,0,0,0,87
2010_tracts_pessoa,pessoa12_V062,double,int32,303819,0,0,0,0,77
2010_tracts_pessoa,pessoa12_V063,double,int32,303819,0,0,0,0,76
2010_tracts_pessoa,pessoa12_V064,double,int32,303819,0,0,0,0,150
2010_tracts_pessoa,pessoa12_V065,double,int32,303819,0,0,0,0,79
2010_tracts_pessoa,pessoa12_V066,double,int32,303819,0,0,0,0,65
2010_tracts_pessoa,pessoa12_V067,double,int32,303819,0,0,0,0,71
2010_tracts_pessoa,pessoa12_V068,double,int32,303819,0,0,0,0,69
2010_tracts_pessoa,pessoa12_V069,double,int32,303819,0,0,0,0,70
2010_tracts_pessoa,pessoa12_V070,double,int32,303819,0,0,0,0,84
2010_tracts_pessoa,pessoa12_V071,double,int32,303819,0,0,0,0,94
2010_tracts_pessoa,pessoa12_V072,double,int32,303819,0,0,0,0,52
2010_tracts_pessoa,pessoa12_V073,double,int32,303819,0,0,0,0,67
2010_tracts_pessoa,pessoa12_V074,double,int32,303819,0,0,0,0,147
2010_tracts_pessoa,pessoa12_V075,double,int32,303819,0,0,0,0,53
2010_tracts_pessoa,pessoa12_V076,double,int32,303819,0,0,0,0,44
2010_tracts_pessoa,pessoa12_V077,double,int32,303819,0,0,0,0,40
2010_tracts_pessoa,pessoa12_V078,double,int32,303819,0,0,0,0,65
2010_tracts_pessoa,pessoa12_V079,double,int32,303819,0,0,0,0,42
2010_tracts_pessoa,pessoa12_V080,double,int32,303819,0,0,0,0,38
2010_tracts_pessoa,pessoa12_V081,double,int32,303819,0,0,0,0,67
2010_tracts_pessoa,pessoa12_V082,double,int32,303819,0,0,0,0,32
2010_tracts_pessoa,pessoa12_V083,double,int32,303819,0,0,0,0,42
2010_tracts_pessoa,pessoa12_V084,double,int32,303819,0,0,0,0,39
2010_tracts_pessoa,pessoa12_V085,double,int32,303819,0,0,0,0,46
2010_tracts_pessoa,pessoa12_V086,double,int32,303819,0,0,0,0,31
2010_tracts_pessoa,pessoa12_V087,double,int32,303819,0,0,0,0,25
2010_tracts_pessoa,pessoa12_V088,double,int32,303819,0,0,0,0,25
2010_tracts_pessoa,pessoa12_V089,double,int32,303819,0,0,0,0,25
2010_tracts_pessoa,pessoa12_V090,double,int32,303819,0,0,0,0,27
2010_tracts_pessoa,pessoa12_V091,double,int32,303819,0,0,0,0,23
2010_tracts_pessoa,pessoa12_V092,double,int32,303819,0,0,0,0,25
2010_tracts_pessoa,pessoa12_V093,double,int32,303819,0,0,0,0,27
2010_tracts_pessoa,pessoa12_V094,double,int32,303819,0,0,0,0,28
2010_tracts_pessoa,pessoa12_V095,double,int32,303819,0,0,0,0,29
2010_tracts_pessoa,pessoa12_V096,double,int32,303819,0,0,0,0,30
2010_tracts_pessoa,pessoa12_V097,double,int32,303819,0,0,0,0,18
2010_tracts_pessoa,pessoa12_V098,double,int32,303819,0,0,0,0,31
2010_tracts_pessoa,pessoa12_V099,double,int32,303819,0,0,0,0,21
2010_tracts_pessoa,pessoa12_V100,double,int32,303819,0,0,0,0,18
2010_tracts_pessoa,pessoa12_V101,double,int32,303819,0,0,0,0,23
2010_tracts_pessoa,pessoa12_V102,double,int32,303819,0,0,0,0,16
2010_tracts_pessoa,pessoa12_V103,double,int32,303819,0,0,0,0,26
2010_tracts_pessoa,pessoa12_V104,double,int32,303819,0,0,0,0,20
2010_tracts_pessoa,pessoa12_V105,double,int32,303819,0,0,0,0,16
2010_tracts_pessoa,pessoa12_V106,double,int32,303819,0,0,0,0,15
2010_tracts_pessoa,pessoa12_V107,double,int32,303819,0,0,0,0,15
2010_tracts_pessoa,pessoa12_V108,double,int32,303819,0,0,0,0,17
2010_tracts_pessoa,pessoa12_V109,double,int32,303819,0,0,0,0,16
2010_tracts_pessoa,pessoa12_V110,double,int32,303819,0,0,0,0,18
2010_tracts_pessoa,pessoa12_V111,double,int32,303819,0,0,0,0,18
2010_tracts_pessoa,pessoa12_V112,double,int32,303819,0,0,0,0,17
2010_tracts_pessoa,pessoa12_V113,double,int32,303819,0,0,0,0,18
2010_tracts_pessoa,pessoa12_V114,double,int32,303819,0,0,0,0,14
2010_tracts_pessoa,pessoa12_V115,double,int32,303819,0,0,0,0,12
2010_tracts_pessoa,pessoa12_V116,double,int32,303819,0,0,0,0,17
2010_tracts_pessoa,pessoa12_V117,double,int32,303819,0,0,0,0,18
2010_tracts_pessoa,pessoa12_V118,double,int32,303819,0,0,0,0,12
2010_tracts_pessoa,pessoa12_V119,double,int32,303819,0,0,0,0,12
2010_tracts_pessoa,pessoa12_V120,double,int32,303819,0,0,0,0,14
2010_tracts_pessoa,pessoa12_V121,double,int32,303819,0,0,0,0,12
2010_tracts_pessoa,pessoa12_V122,double,int32,303819,0,0,0,0,14
2010_tracts_pessoa,pessoa12_V123,double,int32,303819,0,0,0,0,14
2010_tracts_pessoa,pessoa12_V124,double,int32,303819,0,0,0,0,11
2010_tracts_pessoa,pessoa12_V125,double,int32,303819,0,0,0,0,9
2010_tracts_pessoa,pessoa12_V126,double,int32,303819,0,0,0,0,11
2010_tracts_pessoa,pessoa12_V127,double,int32,303819,0,0,0,0,7
2010_tracts_pessoa,pessoa12_V128,double,int32,303819,0,0,0,0,8
2010_tracts_pessoa,pessoa12_V129,double,int32,303819,0,0,0,0,5
2010_tracts_pessoa,pessoa12_V130,double,int32,303819,0,0,0,0,6
2010_tracts_pessoa,pessoa12_V131,double,int32,303819,0,0,0,0,4
2010_tracts_pessoa,pessoa12_V132,double,int32,303819,0,0,0,0,3
2010_tracts_pessoa,pessoa12_V133,double,int32,303819,0,0,0,0,5
2010_tracts_pessoa,pessoa12_V134,double,int32,303819,0,0,0,0,9
2010_tracts_pessoa,pessoa13_Situacao_setor,string,int32,310114,0,0,0,1,8
2010_tracts_pessoa,pessoa13_V001,double,int32,310114,0,0,0,1,5315
2010_tracts_pessoa,pessoa13_V002,double,int32,303819,0,0,0,0,5315
2010_tracts_pessoa,pessoa13_V003,double,int32,303819,0,0,0,0,1861
2010_tracts_pessoa,pessoa13_V004,double,int32,303819,0,0,0,0,1139
2010_tracts_pessoa,pessoa13_V005,double,int32,303819,0,0,0,0,1932
2010_tracts_pessoa,pessoa13_V006,double,int32,303819,0,0,0,0,942
2010_tracts_pessoa,pessoa13_V007,double,int32,303819,0,0,0,0,217
2010_tracts_pessoa,pessoa13_V008,double,int32,303819,0,0,0,0,142
2010_tracts_pessoa,pessoa13_V009,double,int32,303819,0,0,0,0,201
2010_tracts_pessoa,pessoa13_V010,double,int32,303819,0,0,0,0,46
2010_tracts_pessoa,pessoa13_V011,double,int32,303819,0,0,0,0,451
2010_tracts_pessoa,pessoa13_V012,double,int32,303819,0,0,0,0,32
2010_tracts_pessoa,pessoa13_V013,double,int32,303819,0,0,0,0,572
2010_tracts_pessoa,pessoa13_V014,double,int32,303819,0,0,0,0,24
2010_tracts_pessoa,pessoa13_V015,double,int32,303819,0,0,0,0,925
2010_tracts_pessoa,pessoa13_V016,double,int32,303819,0,0,0,0,533
2010_tracts_pessoa,pessoa13_V017,double,int32,303819,0,0,0,0,593
2010_tracts_pessoa,pessoa13_V018,double,int32,303819,0,0,0,0,234
2010_tracts_pessoa,pessoa13_V019,double,int32,303819,0,0,0,0,429
2010_tracts_pessoa,pessoa13_V020,double,int32,303819,0,0,0,0,32
2010_tracts_pessoa,pessoa13_V021,double,int32,303819,0,0,0,0,4289
2010_tracts_pessoa,pessoa13_V022,double,int32,303819,0,0,0,0,245
2010_tracts_pessoa,pessoa13_V023,double,int32,303819,0,0,0,0,18
2010_tracts_pessoa,pessoa13_V024,double,int32,303819,0,0,0,0,32
2010_tracts_pessoa,pessoa13_V025,double,int32,303819,0,0,0,0,46
2010_tracts_pessoa,pessoa13_V026,double,int32,303819,0,0,0,0,26
2010_tracts_pessoa,pessoa13_V027,double,int32,303819,0,0,0,0,23
2010_tracts_pessoa,pessoa13_V028,double,int32,303819,0,0,0,0,20
2010_tracts_pessoa,pessoa13_V029,double,int32,303819,0,0,0,0,30
2010_tracts_pessoa,pessoa13_V030,double,int32,303819,0,0,0,0,62
2010_tracts_pessoa,pessoa13_V031,double,int32,303819,0,0,0,0,25
2010_tracts_pessoa,pessoa13_V032,double,int32,303819,0,0,0,0,26
2010_tracts_pessoa,pessoa13_V033,double,int32,303819,0,0,0,0,19
2010_tracts_pessoa,pessoa13_V034,double,int32,303819,0,0,0,0,28
2010_tracts_pessoa,pessoa13_V035,double,int32,303819,0,0,0,0,181
2010_tracts_pessoa,pessoa13_V036,double,int32,303819,0,0,0,0,172
2010_tracts_pessoa,pessoa13_V037,double,int32,303819,0,0,0,0,148
2010_tracts_pessoa,pessoa13_V038,double,int32,303819,0,0,0,0,160
2010_tracts_pessoa,pessoa13_V039,double,int32,303819,0,0,0,0,145
2010_tracts_pessoa,pessoa13_V040,double,int32,303819,0,0,0,0,162
2010_tracts_pessoa,pessoa13_V041,double,int32,303819,0,0,0,0,183
2010_tracts_pessoa,pessoa13_V042,double,int32,303819,0,0,0,0,140
2010_tracts_pessoa,pessoa13_V043,double,int32,303819,0,0,0,0,155
2010_tracts_pessoa,pessoa13_V044,double,int32,303819,0,0,0,0,173
2010_tracts_pessoa,pessoa13_V045,double,int32,303819,0,0,0,0,164
2010_tracts_pessoa,pessoa13_V046,double,int32,303819,0,0,0,0,148
2010_tracts_pessoa,pessoa13_V047,double,int32,303819,0,0,0,0,139
2010_tracts_pessoa,pessoa13_V048,double,int32,303819,0,0,0,0,125
2010_tracts_pessoa,pessoa13_V049,double,int32,303819,0,0,0,0,149
2010_tracts_pessoa,pessoa13_V050,double,int32,303819,0,0,0,0,126
2010_tracts_pessoa,pessoa13_V051,double,int32,303819,0,0,0,0,135
2010_tracts_pessoa,pessoa13_V052,double,int32,303819,0,0,0,0,104
2010_tracts_pessoa,pessoa13_V053,double,int32,303819,0,0,0,0,178
2010_tracts_pessoa,pessoa13_V054,double,int32,303819,0,0,0,0,230
2010_tracts_pessoa,pessoa13_V055,double,int32,303819,0,0,0,0,250
2010_tracts_pessoa,pessoa13_V056,double,int32,303819,0,0,0,0,262
2010_tracts_pessoa,pessoa13_V057,double,int32,303819,0,0,0,0,338
2010_tracts_pessoa,pessoa13_V058,double,int32,303819,0,0,0,0,294
2010_tracts_pessoa,pessoa13_V059,double,int32,303819,0,0,0,0,288
2010_tracts_pessoa,pessoa13_V060,double,int32,303819,0,0,0,0,228
2010_tracts_pessoa,pessoa13_V061,double,int32,303819,0,0,0,0,252
2010_tracts_pessoa,pessoa13_V062,double,int32,303819,0,0,0,0,257
2010_tracts_pessoa,pessoa13_V063,double,int32,303819,0,0,0,0,220
2010_tracts_pessoa,pessoa13_V064,double,int32,303819,0,0,0,0,220
2010_tracts_pessoa,pessoa13_V065,double,int32,303819,0,0,0,0,209
2010_tracts_pessoa,pessoa13_V066,double,int32,303819,0,0,0,0,193
2010_tracts_pessoa,pessoa13_V067,double,int32,303819,0,0,0,0,158
2010_tracts_pessoa,pessoa13_V068,double,int32,303819,0,0,0,0,185
2010_tracts_pessoa,pessoa13_V069,double,int32,303819,0,0,0,0,127
2010_tracts_pessoa,pessoa13_V070,double,int32,303819,0,0,0,0,145
2010_tracts_pessoa,pessoa13_V071,double,int32,303819,0,0,0,0,246
2010_tracts_pessoa,pessoa13_V072,double,int32,303819,0,0,0,0,92
2010_tracts_pessoa,pessoa13_V073,double,int32,303819,0,0,0,0,106
2010_tracts_pessoa,pessoa13_V074,double,int32,303819,0,0,0,0,192
2010_tracts_pessoa,pessoa13_V075,double,int32,303819,0,0,0,0,106
2010_tracts_pessoa,pessoa13_V076,double,int32,303819,0,0,0,0,75
2010_tracts_pessoa,pessoa13_V077,double,int32,303819,0,0,0,0,82
2010_tracts_pessoa,pessoa13_V078,double,int32,303819,0,0,0,0,82
2010_tracts_pessoa,pessoa13_V079,double,int32,303819,0,0,0,0,75
2010_tracts_pessoa,pessoa13_V080,double,int32,303819,0,0,0,0,68
2010_tracts_pessoa,pessoa13_V081,double,int32,303819,0,0,0,0,96
2010_tracts_pessoa,pessoa13_V082,double,int32,303819,0,0,0,0,70
2010_tracts_pessoa,pessoa13_V083,double,int32,303819,0,0,0,0,93
2010_tracts_pessoa,pessoa13_V084,double,int32,303819,0,0,0,0,135
2010_tracts_pessoa,pessoa13_V085,double,int32,303819,0,0,0,0,77
2010_tracts_pessoa,pessoa13_V086,double,int32,303819,0,0,0,0,72
2010_tracts_pessoa,pessoa13_V087,double,int32,303819,0,0,0,0,46
2010_tracts_pessoa,pessoa13_V088,double,int32,303819,0,0,0,0,102
2010_tracts_pessoa,pessoa13_V089,double,int32,303819,0,0,0,0,57
2010_tracts_pessoa,pessoa13_V090,double,int32,303819,0,0,0,0,49
2010_tracts_pessoa,pessoa13_V091,double,int32,303819,0,0,0,0,38
2010_tracts_pessoa,pessoa13_V092,double,int32,303819,0,0,0,0,48
2010_tracts_pessoa,pessoa13_V093,double,int32,303819,0,0,0,0,45
2010_tracts_pessoa,pessoa13_V094,double,int32,303819,0,0,0,0,56
2010_tracts_pessoa,pessoa13_V095,double,int32,303819,0,0,0,0,43
2010_tracts_pessoa,pessoa13_V096,double,int32,303819,0,0,0,0,40
2010_tracts_pessoa,pessoa13_V097,double,int32,303819,0,0,0,0,31
2010_tracts_pessoa,pessoa13_V098,double,int32,303819,0,0,0,0,36
2010_tracts_pessoa,pessoa13_V099,double,int32,303819,0,0,0,0,38
2010_tracts_pessoa,pessoa13_V100,double,int32,303819,0,0,0,0,35
2010_tracts_pessoa,pessoa13_V101,double,int32,303819,0,0,0,0,34
2010_tracts_pessoa,pessoa13_V102,double,int32,303819,0,0,0,0,42
2010_tracts_pessoa,pessoa13_V103,double,int32,303819,0,0,0,0,39
2010_tracts_pessoa,pessoa13_V104,double,int32,303819,0,0,0,0,36
2010_tracts_pessoa,pessoa13_V105,double,int32,303819,0,0,0,0,25
2010_tracts_pessoa,pessoa13_V106,double,int32,303819,0,0,0,0,26
2010_tracts_pessoa,pessoa13_V107,double,int32,303819,0,0,0,0,23
2010_tracts_pessoa,pessoa13_V108,double,int32,303819,0,0,0,0,30
2010_tracts_pessoa,pessoa13_V109,double,int32,303819,0,0,0,0,29
2010_tracts_pessoa,pessoa13_V110,double,int32,303819,0,0,0,0,27
2010_tracts_pessoa,pessoa13_V111,double,int32,303819,0,0,0,0,22
2010_tracts_pessoa,pessoa13_V112,double,int32,303819,0,0,0,0,30
2010_tracts_pessoa,pessoa13_V113,double,int32,303819,0,0,0,0,28
2010_tracts_pessoa,pessoa13_V114,double,int32,303819,0,0,0,0,26
2010_tracts_pessoa,pessoa13_V115,double,int32,303819,0,0,0,0,18
2010_tracts_pessoa,pessoa13_V116,double,int32,303819,0,0,0,0,24
2010_tracts_pessoa,pessoa13_V117,double,int32,303819,0,0,0,0,26
2010_tracts_pessoa,pessoa13_V118,double,int32,303819,0,0,0,0,17
2010_tracts_pessoa,pessoa13_V119,double,int32,303819,0,0,0,0,20
2010_tracts_pessoa,pessoa13_V120,double,int32,303819,0,0,0,0,15
2010_tracts_pessoa,pessoa13_V121,double,int32,303819,0,0,0,0,14
2010_tracts_pessoa,pessoa13_V122,double,int32,303819,0,0,0,0,17
2010_tracts_pessoa,pessoa13_V123,double,int32,303819,0,0,0,0,19
2010_tracts_pessoa,pessoa13_V124,double,int32,303819,0,0,0,0,15
2010_tracts_pessoa,pessoa13_V125,double,int32,303819,0,0,0,0,9
2010_tracts_pessoa,pessoa13_V126,double,int32,303819,0,0,0,0,11
2010_tracts_pessoa,pessoa13_V127,double,int32,303819,0,0,0,0,9
2010_tracts_pessoa,pessoa13_V128,double,int32,303819,0,0,0,0,8
2010_tracts_pessoa,pessoa13_V129,double,int32,303819,0,0,0,0,5
2010_tracts_pessoa,pessoa13_V130,double,int32,303819,0,0,0,0,6
2010_tracts_pessoa,pessoa13_V131,double,int32,303819,0,0,0,0,4
2010_tracts_pessoa,pessoa13_V132,double,int32,303819,0,0,0,0,3
2010_tracts_pessoa,pessoa13_V133,double,int32,303819,0,0,0,0,5
2010_tracts_pessoa,pessoa13_V134,double,int32,303819,0,0,0,0,9
2010_tracts_pessoarenda,Cod_setor,string,double,310120,0,0,0,110001505000001,530010805300158
2010_tracts_pessoarenda,Situacao_setor,string,int32,310120,0,0,0,1,8
2010_tracts_pessoarenda,V001,double,int32,303818,0,0,0,0,926
2010_tracts_pessoarenda,V002,double,int32,303818,0,0,0,0,1270
2010_tracts_pessoarenda,V003,double,int32,303818,0,0,0,0,2194
2010_tracts_pessoarenda,V004,double,int32,303818,0,0,0,0,587
2010_tracts_pessoarenda,V005,double,int32,303818,0,0,0,0,470
2010_tracts_pessoarenda,V006,double,int32,303818,0,0,0,0,489
2010_tracts_pessoarenda,V007,double,int32,303818,0,0,0,0,185
2010_tracts_pessoarenda,V008,double,int32,303818,0,0,0,0,270
2010_tracts_pessoarenda,V009,double,int32,303818,0,0,0,0,423
2010_tracts_pessoarenda,V010,double,int32,303818,0,0,0,0,4275
2010_tracts_pessoarenda,V011,double,int32,303818,0,0,0,0,138801
2010_tracts_pessoarenda,V012,double,int32,303818,0,0,0,0,644825
2010_tracts_pessoarenda,V013,double,int32,303818,0,0,0,0,1901240
2010_tracts_pessoarenda,V014,double,int32,303818,0,0,0,0,771807
2010_tracts_pessoarenda,V015,double,int32,303818,0,0,0,0,864764
2010_tracts_pessoarenda,V016,double,int32,303818,0,0,0,0,1948850
2010_tracts_pessoarenda,V017,double,int32,303818,0,0,0,0,1186911
2010_tracts_pessoarenda,V018,double,int32,303818,0,0,0,0,2500100
2010_tracts_pessoarenda,V019,double,int32,303818,0,0,0,0,20583651
2010_tracts_pessoarenda,V020,double,int32,303818,0,0,0,0,4443
2010_tracts_pessoarenda,V021,double,int32,303818,0,0,0,0,3453
2010_tracts_pessoarenda,V022,double,int32,303818,0,0,0,0,21401744
2010_tracts_pessoarenda,V023,double,int32,303818,0,0,0,0,830
2010_tracts_pessoarenda,V024,double,int32,303818,0,0,0,0,908
2010_tracts_pessoarenda,V025,double,int32,303818,0,0,0,0,2028
2010_tracts_pessoarenda,V026,double,int32,303818,0,0,0,0,586
2010_tracts_pessoarenda,V027,double,int32,303818,0,0,0,0,457
2010_tracts_pessoarenda,V028,double,int32,303818,0,0,0,0,299
2010_tracts_pessoarenda,V029,double,int32,303818,0,0,0,0,171
2010_tracts_pessoarenda,V030,double,int32,303818,0,0,0,0,208
2010_tracts_pessoarenda,V031,double,int32,303818,0,0,0,0,332
2010_tracts_pessoarenda,V032,double,int32,303818,0,0,0,0,4275
2010_tracts_pessoarenda,V033,double,int32,303818,0,0,0,0,86902
2010_tracts_pessoarenda,V034,double,int32,303818,0,0,0,0,349290
2010_tracts_pessoarenda,V035,double,int32,303818,0,0,0,0,1774568
2010_tracts_pessoarenda,V036,double,int32,303818,0,0,0,0,770307
2010_tracts_pessoarenda,V037,double,int32,303818,0,0,0,0,839057
2010_tracts_pessoarenda,V038,double,int32,303818,0,0,0,0,1176600
2010_tracts_pessoarenda,V039,double,int32,303818,0,0,0,0,1096611
2010_tracts_pessoarenda,V040,double,int32,303818,0,0,0,0,2014700
2010_tracts_pessoarenda,V041,double,int32,303818,0,0,0,0,13658900
2010_tracts_pessoarenda,V042,double,int32,303818,0,0,0,0,4289
2010_tracts_pessoarenda,V043,double,int32,303818,0,0,0,0,3160
2010_tracts_pessoarenda,V044,double,int32,303818,0,0,0,0,14093476
2010_tracts_pessoarenda,V045,double,int32,303818,0,0,0,0,416
2010_tracts_pessoarenda,V046,double,int32,303818,0,0,0,0,618
2010_tracts_pessoarenda,V047,double,int32,303818,0,0,0,0,745
2010_tracts_pessoarenda,V048,double,int32,303818,0,0,0,0,215
2010_tracts_pessoarenda,V049,double,int32,303818,0,0,0,0,178
2010_tracts_pessoarenda,V050,double,int32,303818,0,0,0,0,264
2010_tracts_pessoarenda,V051,double,int32,303818,0,0,0,0,91
2010_tracts_pessoarenda,V052,double,int32,303818,0,0,0,0,115
2010_tracts_pessoarenda,V053,double,int32,303818,0,0,0,0,125
2010_tracts_pessoarenda,V054,double,int32,303818,0,0,0,0,1829
2010_tracts_pessoarenda,V055,double,int32,303818,0,0,0,0,51899
2010_tracts_pessoarenda,V056,double,int32,303818,0,0,0,0,313190
2010_tracts_pessoarenda,V057,double,int32,303818,0,0,0,0,566026
2010_tracts_pessoarenda,V058,double,int32,303818,0,0,0,0,284250
2010_tracts_pessoarenda,V059,double,int32,303818,0,0,0,0,377309
2010_tracts_pessoarenda,V060,double,int32,303818,0,0,0,0,1096972
2010_tracts_pessoarenda,V061,double,int32,303818,0,0,0,0,559258
2010_tracts_pessoarenda,V062,double,int32,303818,0,0,0,0,1035000
2010_tracts_pessoarenda,V063,double,int32,303818,0,0,0,0,6924751
2010_tracts_pessoarenda,V064,double,int32,303818,0,0,0,0,2290
2010_tracts_pessoarenda,V065,double,int32,303818,0,0,0,0,1436
2010_tracts_pessoarenda,V066,double,int32,303818,0,0,0,0,7308268
2010_tracts_pessoarenda,V067,double,int32,303818,0,0,0,0,926
2010_tracts_pessoarenda,V068,double,int32,303818,0,0,0,0,1270
2010_tracts_pessoarenda,V069,double,int32,303818,0,0,0,0,1841
2010_tracts_pessoarenda,V070,double,int32,303818,0,0,0,0,480
2010_tracts_pessoarenda,V071,double,int32,303818,0,0,0,0,389
2010_tracts_pessoarenda,V072,double,int32,303818,0,0,0,0,489
2010_tracts_pessoarenda,V073,double,int32,303818,0,0,0,0,185
2010_tracts_pessoarenda,V074,double,int32,303818,0,0,0,0,270
2010_tracts_pessoarenda,V075,double,int32,303818,0,0,0,0,423
2010_tracts_pessoarenda,V076,double,int32,303818,0,0,0,0,2836
2010_tracts_pessoarenda,V077,double,int32,303818,0,0,0,0,138801
2010_tracts_pessoarenda,V078,double,int32,303818,0,0,0,0,644825
2010_tracts_pessoarenda,V079,double,int32,303818,0,0,0,0,1388439
2010_tracts_pessoarenda,V080,double,int32,303818,0,0,0,0,625694
2010_tracts_pessoarenda,V081,double,int32,303818,0,0,0,0,819289
2010_tracts_pessoarenda,V082,double,int32,303818,0,0,0,0,1948850
2010_tracts_pessoarenda,V083,double,int32,303818,0,0,0,0,1186911
2010_tracts_pessoarenda,V084,double,int32,303818,0,0,0,0,2500100
2010_tracts_pessoarenda,V085,double,int32,303818,0,0,0,0,20583651
2010_tracts_pessoarenda,V086,double,int32,303818,0,0,0,0,4443
2010_tracts_pessoarenda,V087,double,int32,303818,0,0,0,0,3177
2010_tracts_pessoarenda,V088,double,int32,303818,0,0,0,0,21401744
2010_tracts_pessoarenda,V089,double,int32,303818,0,0,0,0,552
2010_tracts_pessoarenda,V090,double,int32,303818,0,0,0,0,685
2010_tracts_pessoarenda,V091,double,int32,303818,0,0,0,0,1098
2010_tracts_pessoarenda,V092,double,int32,303818,0,0,0,0,331
2010_tracts_pessoarenda,V093,double,int32,303818,0,0,0,0,276
2010_tracts_pessoarenda,V094,double,int32,303818,0,0,0,0,299
2010_tracts_pessoarenda,V095,double,int32,303818,0,0,0,0,171
2010_tracts_pessoarenda,V096,double,int32,303818,0,0,0,0,208
2010_tracts_pessoarenda,V097,double,int32,303818,0,0,0,0,332
2010_tracts_pessoarenda,V098,double,int32,303818,0,0,0,0,1308
2010_tracts_pessoarenda,V099,double,int32,303818,0,0,0,0,86902
2010_tracts_pessoarenda,V100,double,int32,303818,0,0,0,0,349290
2010_tracts_pessoarenda,V101,double,int32,303818,0,0,0,0,844583
2010_tracts_pessoarenda,V102,double,int32,303818,0,0,0,0,433116
2010_tracts_pessoarenda,V103,double,int32,303818,0,0,0,0,586334
2010_tracts_pessoarenda,V104,double,int32,303818,0,0,0,0,1171600
2010_tracts_pessoarenda,V105,double,int32,303818,0,0,0,0,1096611
2010_tracts_pessoarenda,V106,double,int32,303818,0,0,0,0,2014700
2010_tracts_pessoarenda,V107,double,int32,303818,0,0,0,0,13658900
2010_tracts_pessoarenda,V108,double,int32,303818,0,0,0,0,2193
2010_tracts_pessoarenda,V109,double,int32,303818,0,0,0,0,1741
2010_tracts_pessoarenda,V110,double,int32,303818,0,0,0,0,14093476
2010_tracts_pessoarenda,V111,double,int32,303818,0,0,0,0,416
2010_tracts_pessoarenda,V112,double,int32,303818,0,0,0,0,618
2010_tracts_pessoarenda,V113,double,int32,303818,0,0,0,0,745
2010_tracts_pessoarenda,V114,double,int32,303818,0,0,0,0,215
2010_tracts_pessoarenda,V115,double,int32,303818,0,0,0,0,178
2010_tracts_pessoarenda,V116,double,int32,303818,0,0,0,0,264
2010_tracts_pessoarenda,V117,double,int32,303818,0,0,0,0,91
2010_tracts_pessoarenda,V118,double,int32,303818,0,0,0,0,115
2010_tracts_pessoarenda,V119,double,int32,303818,0,0,0,0,125
2010_tracts_pessoarenda,V120,double,int32,303818,0,0,0,0,1829
2010_tracts_pessoarenda,V121,double,int32,303818,0,0,0,0,51899
2010_tracts_pessoarenda,V122,double,int32,303818,0,0,0,0,313190
2010_tracts_pessoarenda,V123,double,int32,303818,0,0,0,0,566026
2010_tracts_pessoarenda,V124,double,int32,303818,0,0,0,0,284250
2010_tracts_pessoarenda,V125,double,int32,303818,0,0,0,0,377309
2010_tracts_pessoarenda,V126,double,int32,303818,0,0,0,0,1096972
2010_tracts_pessoarenda,V127,double,int32,303818,0,0,0,0,559258
2010_tracts_pessoarenda,V128,double,int32,303818,0,0,0,0,1035000
2010_tracts_pessoarenda,V129,double,int32,303818,0,0,0,0,6924751
2010_tracts_pessoarenda,V130,double,int32,303818,0,0,0,0,2290
2010_tracts_pessoarenda,V131,double,int32,303818,0,0,0,0,1436
2010_tracts_pessoarenda,V132,double,int32,303818,0,0,0,0,7308268
2010_tracts_pessoarenda,abbrev_state,string,string,310120,310120,0,0,,
2010_tracts_pessoarenda,code_muni,double,int32,310120,0,0,0,1100015,5300108
2010_tracts_pessoarenda,code_region,double,int32,310120,0,0,0,1,5
2010_tracts_pessoarenda,code_situacao,double,int32,310120,0,0,0,1,8
2010_tracts_pessoarenda,code_state,double,int32,310120,0,0,0,11,53
2010_tracts_pessoarenda,code_tract,double,double,310120,0,0,0,110001505000001,530010805300158
2010_tracts_pessoarenda,code_weighting,double,double,310120,0,0,0,1100015001001,5300108005051
2010_tracts_pessoarenda,name_region,string,string,310120,310120,0,0,,
2010_tracts_pessoarenda,name_state,string,string,310120,310120,0,0,,
2010_tracts_responsavel,Cod_setor,string,double,310114,0,0,0,110001505000001,530010805300158
2010_tracts_responsavel,abbrev_state,string,string,310114,310114,0,0,,
2010_tracts_responsavel,code_muni,double,int32,310114,0,0,0,1100015,5300108
2010_tracts_responsavel,code_region,double,int32,310114,0,0,0,1,5
2010_tracts_responsavel,code_situacao,double,int32,310114,0,0,0,1,8
2010_tracts_responsavel,code_state,double,int32,310114,0,0,0,11,53
2010_tracts_responsavel,code_tract,double,double,310114,0,0,0,110001505000001,530010805300158
2010_tracts_responsavel,code_weighting,double,double,310114,0,0,0,1100015001001,5300108005051
2010_tracts_responsavel,name_region,string,string,310114,310114,0,0,,
2010_tracts_responsavel,name_state,string,string,310114,310114,0,0,,
2010_tracts_responsavel,responsavel01_Situacao_setor,string,int32,310114,0,0,0,1,8
2010_tracts_responsavel,responsavel01_V001,double,int32,310114,0,0,0,0,890
2010_tracts_responsavel,responsavel01_V002,double,int32,303819,0,0,0,0,6
2010_tracts_responsavel,responsavel01_V003,double,int32,303819,0,0,0,0,10
2010_tracts_responsavel,responsavel01_V004,double,int32,303819,0,0,0,0,8
2010_tracts_responsavel,responsavel01_V005,double,int32,303819,0,0,0,0,10
2010_tracts_responsavel,responsavel01_V006,double,int32,303819,0,0,0,0,10
2010_tracts_responsavel,responsavel01_V007,double,int32,303819,0,0,0,0,11
2010_tracts_responsavel,responsavel01_V008,double,int32,303819,0,0,0,0,11
2010_tracts_responsavel,responsavel01_V009,double,int32,303819,0,0,0,0,13
2010_tracts_responsavel,responsavel01_V010,double,int32,303819,0,0,0,0,26
2010_tracts_responsavel,responsavel01_V011,double,int32,303819,0,0,0,0,32
2010_tracts_responsavel,responsavel01_V012,double,int32,303819,0,0,0,0,41
2010_tracts_responsavel,responsavel01_V013,double,int32,303819,0,0,0,0,44
2010_tracts_responsavel,responsavel01_V014,double,int32,303819,0,0,0,0,43
2010_tracts_responsavel,responsavel01_V015,double,int32,303819,0,0,0,0,27
2010_tracts_responsavel,responsavel01_V016,double,int32,303819,0,0,0,0,26
2010_tracts_responsavel,responsavel01_V017,double,int32,303819,0,0,0,0,26
2010_tracts_responsavel,responsavel01_V018,double,int32,303819,0,0,0,0,37
2010_tracts_responsavel,responsavel01_V019,double,int32,303819,0,0,0,0,36
2010_tracts_responsavel,responsavel01_V020,double,int32,303819,0,0,0,0,34
2010_tracts_responsavel,responsavel01_V021,double,int32,303819,0,0,0,0,44
2010_tracts_responsavel,responsavel01_V022,double,int32,303819,0,0,0,0,145
2010_tracts_responsavel,responsavel01_V023,double,int32,303819,0,0,0,0,44
2010_tracts_responsavel,responsavel01_V024,double,int32,303819,0,0,0,0,37
2010_tracts_responsavel,responsavel01_V025,double,int32,303819,0,0,0,0,40
2010_tracts_responsavel,responsavel01_V026,double,int32,303819,0,0,0,0,33
2010_tracts_responsavel,responsavel01_V027,double,int32,303819,0,0,0,0,47
2010_tracts_responsavel,responsavel01_V028,double,int32,303819,0,0,0,0,39
2010_tracts_responsavel,responsavel01_V029,double,int32,303819,0,0,0,0,29
2010_tracts_responsavel,responsavel01_V030,double,int32,303819,0,0,0,0,20
2010_tracts_responsavel,responsavel01_V031,double,int32,303819,0,0,0,0,25
2010_tracts_responsavel,responsavel01_V032,double,int32,303819,0,0,0,0,35
2010_tracts_responsavel,responsavel01_V033,double,int32,303819,0,0,0,0,20
2010_tracts_responsavel,responsavel01_V034,double,int32,303819,0,0,0,0,19
2010_tracts_responsavel,responsavel01_V035,double,int32,303819,0,0,0,0,21
2010_tracts_responsavel,responsavel01_V036,double,int32,303819,0,0,0,0,28
2010_tracts_responsavel,responsavel01_V037,double,int32,303819,0,0,0,0,23
2010_tracts_responsavel,responsavel01_V038,double,int32,303819,0,0,0,0,26
2010_tracts_responsavel,responsavel01_V039,double,int32,303819,0,0,0,0,25
2010_tracts_responsavel,responsavel01_V040,double,int32,303819,0,0,0,0,19
2010_tracts_responsavel,responsavel01_V041,double,int32,303819,0,0,0,0,18
2010_tracts_responsavel,responsavel01_V042,double,int32,303819,0,0,0,0,24
2010_tracts_responsavel,responsavel01_V043,double,int32,303819,0,0,0,0,28
2010_tracts_responsavel,responsavel01_V044,double,int32,303819,0,0,0,0,16
2010_tracts_responsavel,responsavel01_V045,double,int32,303819,0,0,0,0,13
2010_tracts_responsavel,responsavel01_V046,double,int32,303819,0,0,0,0,17
2010_tracts_responsavel,responsavel01_V047,double,int32,303819,0,0,0,0,14
2010_tracts_responsavel,responsavel01_V048,double,int32,303819,0,0,0,0,19
2010_tracts_responsavel,responsavel01_V049,double,int32,303819,0,0,0,0,16
2010_tracts_responsavel,responsavel01_V050,double,int32,303819,0,0,0,0,15
2010_tracts_responsavel,responsavel01_V051,double,int32,303819,0,0,0,0,14
2010_tracts_responsavel,responsavel01_V052,double,int32,303819,0,0,0,0,16
2010_tracts_responsavel,responsavel01_V053,double,int32,303819,0,0,0,0,13
2010_tracts_responsavel,responsavel01_V054,double,int32,303819,0,0,0,0,17
2010_tracts_responsavel,responsavel01_V055,double,int32,303819,0,0,0,0,12
2010_tracts_responsavel,responsavel01_V056,double,int32,303819,0,0,0,0,16
2010_tracts_responsavel,responsavel01_V057,double,int32,303819,0,0,0,0,11
2010_tracts_responsavel,responsavel01_V058,double,int32,303819,0,0,0,0,11
2010_tracts_responsavel,responsavel01_V059,double,int32,303819,0,0,0,0,11
2010_tracts_responsavel,responsavel01_V060,double,int32,303819,0,0,0,0,11
2010_tracts_responsavel,responsavel01_V061,double,int32,303819,0,0,0,0,11
2010_tracts_responsavel,responsavel01_V062,double,int32,303819,0,0,0,0,12
2010_tracts_responsavel,responsavel01_V063,double,int32,303819,0,0,0,0,12
2010_tracts_responsavel,responsavel01_V064,double,int32,303819,0,0,0,0,10
2010_tracts_responsavel,responsavel01_V065,double,int32,303819,0,0,0,0,10
2010_tracts_responsavel,responsavel01_V066,double,int32,303819,0,0,0,0,11
2010_tracts_responsavel,responsavel01_V067,double,int32,303819,0,0,0,0,12
2010_tracts_responsavel,responsavel01_V068,double,int32,303819,0,0,0,0,9
2010_tracts_responsavel,responsavel01_V069,double,int32,303819,0,0,0,0,9
2010_tracts_responsavel,responsavel01_V070,double,int32,303819,0,0,0,0,9
2010_tracts_responsavel,responsavel01_V071,double,int32,303819,0,0,0,0,10
2010_tracts_responsavel,responsavel01_V072,double,int32,303819,0,0,0,0,9
2010_tracts_responsavel,responsavel01_V073,double,int32,303819,0,0,0,0,10
2010_tracts_responsavel,responsavel01_V074,double,int32,303819,0,0,0,0,10
2010_tracts_responsavel,responsavel01_V075,double,int32,303819,0,0,0,0,9
2010_tracts_responsavel,responsavel01_V076,double,int32,303819,0,0,0,0,8
2010_tracts_responsavel,responsavel01_V077,double,int32,303819,0,0,0,0,10
2010_tracts_responsavel,responsavel01_V078,double,int32,303819,0,0,0,0,9
2010_tracts_responsavel,responsavel01_V079,double,int32,303819,0,0,0,0,11
2010_tracts_responsavel,responsavel01_V080,double,int32,303819,0,0,0,0,12
2010_tracts_responsavel,responsavel01_V081,double,int32,303819,0,0,0,0,5
2010_tracts_responsavel,responsavel01_V082,double,int32,303819,0,0,0,0,6
2010_tracts_responsavel,responsavel01_V083,double,int32,303819,0,0,0,0,4
2010_tracts_responsavel,responsavel01_V084,double,int32,303819,0,0,0,0,6
2010_tracts_responsavel,responsavel01_V085,double,int32,303819,0,0,0,0,4
2010_tracts_responsavel,responsavel01_V086,double,int32,303819,0,0,0,0,4
2010_tracts_responsavel,responsavel01_V087,double,int32,303819,0,0,0,0,3
2010_tracts_responsavel,responsavel01_V088,double,int32,303819,0,0,0,0,3
2010_tracts_responsavel,responsavel01_V089,double,int32,303819,0,0,0,0,3
2010_tracts_responsavel,responsavel01_V090,double,int32,303819,0,0,0,0,3
2010_tracts_responsavel,responsavel01_V091,double,int32,303819,0,0,0,0,3
2010_tracts_responsavel,responsavel01_V092,double,int32,303819,0,0,0,0,4
2010_tracts_responsavel,responsavel01_V093,double,int32,303819,0,0,0,0,868
2010_tracts_responsavel,responsavel01_V094,double,int32,303819,0,0,0,0,27
2010_tracts_responsavel,responsavel01_V095,double,int32,303819,0,0,0,0,68
2010_tracts_responsavel,responsavel01_V096,double,int32,303819,0,0,0,0,173
2010_tracts_responsavel,responsavel01_V097,double,int32,303819,0,0,0,0,165
2010_tracts_responsavel,responsavel01_V098,double,int32,303819,0,0,0,0,203
2010_tracts_responsavel,responsavel01_V099,double,int32,303819,0,0,0,0,137
2010_tracts_responsavel,responsavel01_V100,double,int32,303819,0,0,0,0,85
2010_tracts_responsavel,responsavel01_V101,double,int32,303819,0,0,0,0,65
2010_tracts_responsavel,responsavel01_V102,double,int32,303819,0,0,0,0,51
2010_tracts_responsavel,responsavel01_V103,double,int32,303819,0,0,0,0,45
2010_tracts_responsavel,responsavel01_V104,double,int32,303819,0,0,0,0,39
2010_tracts_responsavel,responsavel01_V105,double,int32,303819,0,0,0,0,32
2010_tracts_responsavel,responsavel01_V106,double,int32,303819,0,0,0,0,31
2010_tracts_responsavel,responsavel01_V107,double,int32,303819,0,0,0,0,33
2010_tracts_responsavel,responsavel01_V108,double,int32,303819,0,0,0,0,105
2010_tracts_responsavel,responsavel02_Situacao_setor,string,int32,310114,0,0,0,1,8
2010_tracts_responsavel,responsavel02_V001,double,int32,310114,0,0,0,0,1861
2010_tracts_responsavel,responsavel02_V002,double,int32,303819,0,0,0,0,10
2010_tracts_responsavel,responsavel02_V003,double,int32,303819,0,0,0,0,18
2010_tracts_responsavel,responsavel02_V004,double,int32,303819,0,0,0,0,12
2010_tracts_responsavel,responsavel02_V005,double,int32,303819,0,0,0,0,14
2010_tracts_responsavel,responsavel02_V006,double,int32,303819,0,0,0,0,14
2010_tracts_responsavel,responsavel02_V007,double,int32,303819,0,0,0,0,16
2010_tracts_responsavel,responsavel02_V008,double,int32,303819,0,0,0,0,16
2010_tracts_responsavel,responsavel02_V009,double,int32,303819,0,0,0,0,18
2010_tracts_responsavel,responsavel02_V010,double,int32,303819,0,0,0,0,38
2010_tracts_responsavel,responsavel02_V011,double,int32,303819,0,0,0,0,52
2010_tracts_responsavel,responsavel02_V012,double,int32,303819,0,0,0,0,69
2010_tracts_responsavel,responsavel02_V013,double,int32,303819,0,0,0,0,65
2010_tracts_responsavel,responsavel02_V014,double,int32,303819,0,0,0,0,71
2010_tracts_responsavel,responsavel02_V015,double,int32,303819,0,0,0,0,67
2010_tracts_responsavel,responsavel02_V016,double,int32,303819,0,0,0,0,83
2010_tracts_responsavel,responsavel02_V017,double,int32,303819,0,0,0,0,76
2010_tracts_responsavel,responsavel02_V018,double,int32,303819,0,0,0,0,70
2010_tracts_responsavel,responsavel02_V019,double,int32,303819,0,0,0,0,70
2010_tracts_responsavel,responsavel02_V020,double,int32,303819,0,0,0,0,79
2010_tracts_responsavel,responsavel02_V021,double,int32,303819,0,0,0,0,70
2010_tracts_responsavel,responsavel02_V022,double,int32,303819,0,0,0,0,147
2010_tracts_responsavel,responsavel02_V023,double,int32,303819,0,0,0,0,68
2010_tracts_responsavel,responsavel02_V024,double,int32,303819,0,0,0,0,105
2010_tracts_responsavel,responsavel02_V025,double,int32,303819,0,0,0,0,73
2010_tracts_responsavel,responsavel02_V026,double,int32,303819,0,0,0,0,110
2010_tracts_responsavel,responsavel02_V027,double,int32,303819,0,0,0,0,62
2010_tracts_responsavel,responsavel02_V028,double,int32,303819,0,0,0,0,66
2010_tracts_responsavel,responsavel02_V029,double,int32,303819,0,0,0,0,119
2010_tracts_responsavel,responsavel02_V030,double,int32,303819,0,0,0,0,54
2010_tracts_responsavel,responsavel02_V031,double,int32,303819,0,0,0,0,67
2010_tracts_responsavel,responsavel02_V032,double,int32,303819,0,0,0,0,88
2010_tracts_responsavel,responsavel02_V033,double,int32,303819,0,0,0,0,61
2010_tracts_responsavel,responsavel02_V034,double,int32,303819,0,0,0,0,67
2010_tracts_responsavel,responsavel02_V035,double,int32,303819,0,0,0,0,42
2010_tracts_responsavel,responsavel02_V036,double,int32,303819,0,0,0,0,49
2010_tracts_responsavel,responsavel02_V037,double,int32,303819,0,0,0,0,52
2010_tracts_responsavel,responsavel02_V038,double,int32,303819,0,0,0,0,34
2010_tracts_responsavel,responsavel02_V039,double,int32,303819,0,0,0,0,46
2010_tracts_responsavel,responsavel02_V040,double,int32,303819,0,0,0,0,42
2010_tracts_responsavel,responsavel02_V041,double,int32,303819,0,0,0,0,46
2010_tracts_responsavel,responsavel02_V042,double,int32,303819,0,0,0,0,112
2010_tracts_responsavel,responsavel02_V043,double,int32,303819,0,0,0,0,41
2010_tracts_responsavel,responsavel02_V044,double,int32,303819,0,0,0,0,53
2010_tracts_responsavel,responsavel02_V045,double,int32,303819,0,0,0,0,29
2010_tracts_responsavel,responsavel02_V046,double,int32,303819,0,0,0,0,61
2010_tracts_responsavel,responsavel02_V047,double,int32,303819,0,0,0,0,37
2010_tracts_responsavel,responsavel02_V048,double,int32,303819,0,0,0,0,34
2010_tracts_responsavel,responsavel02_V049,double,int32,303819,0,0,0,0,27
2010_tracts_responsavel,responsavel02_V050,double,int32,303819,0,0,0,0,35
2010_tracts_responsavel,responsavel02_V051,double,int32,303819,0,0,0,0,26
2010_tracts_responsavel,responsavel02_V052,double,int32,303819,0,0,0,0,40
2010_tracts_responsavel,responsavel02_V053,double,int32,303819,0,0,0,0,21
2010_tracts_responsavel,responsavel02_V054,double,int32,303819,0,0,0,0,23
2010_tracts_responsavel,responsavel02_V055,double,int32,303819,0,0,0,0,20
2010_tracts_responsavel,responsavel02_V056,double,int32,303819,0,0,0,0,22
2010_tracts_responsavel,responsavel02_V057,double,int32,303819,0,0,0,0,32
2010_tracts_responsavel,responsavel02_V058,double,int32,303819,0,0,0,0,23
2010_tracts_responsavel,responsavel02_V059,double,int32,303819,0,0,0,0,19
2010_tracts_responsavel,responsavel02_V060,double,int32,303819,0,0,0,0,40
2010_tracts_responsavel,responsavel02_V061,double,int32,303819,0,0,0,0,16
2010_tracts_responsavel,responsavel02_V062,double,int32,303819,0,0,0,0,31
2010_tracts_responsavel,responsavel02_V063,double,int32,303819,0,0,0,0,17
2010_tracts_responsavel,responsavel02_V064,double,int32,303819,0,0,0,0,14
2010_tracts_responsavel,responsavel02_V065,double,int32,303819,0,0,0,0,14
2010_tracts_responsavel,responsavel02_V066,double,int32,303819,0,0,0,0,24
2010_tracts_responsavel,responsavel02_V067,double,int32,303819,0,0,0,0,17
2010_tracts_responsavel,responsavel02_V068,double,int32,303819,0,0,0,0,17
2010_tracts_responsavel,responsavel02_V069,double,int32,303819,0,0,0,0,12
2010_tracts_responsavel,responsavel02_V070,double,int32,303819,0,0,0,0,12
2010_tracts_responsavel,responsavel02_V071,double,int32,303819,0,0,0,0,14
2010_tracts_responsavel,responsavel02_V072,double,int32,303819,0,0,0,0,23
2010_tracts_responsavel,responsavel02_V073,double,int32,303819,0,0,0,0,16
2010_tracts_responsavel,responsavel02_V074,double,int32,303819,0,0,0,0,14
2010_tracts_responsavel,responsavel02_V075,double,int32,303819,0,0,0,0,10
2010_tracts_responsavel,responsavel02_V076,double,int32,303819,0,0,0,0,11
2010_tracts_responsavel,responsavel02_V077,double,int32,303819,0,0,0,0,20
2010_tracts_responsavel,responsavel02_V078,double,int32,303819,0,0,0,0,11
2010_tracts_responsavel,responsavel02_V079,double,int32,303819,0,0,0,0,12
2010_tracts_responsavel,responsavel02_V080,double,int32,303819,0,0,0,0,16
2010_tracts_responsavel,responsavel02_V081,double,int32,303819,0,0,0,0,9
2010_tracts_responsavel,responsavel02_V082,double,int32,303819,0,0,0,0,9
2010_tracts_responsavel,responsavel02_V083,double,int32,303819,0,0,0,0,7
2010_tracts_responsavel,responsavel02_V084,double,int32,303819,0,0,0,0,7
2010_tracts_responsavel,responsavel02_V085,double,int32,303819,0,0,0,0,6
2010_tracts_responsavel,responsavel02_V086,double,int32,303819,0,0,0,0,4
2010_tracts_responsavel,responsavel02_V087,double,int32,303819,0,0,0,0,4
2010_tracts_responsavel,responsavel02_V088,double,int32,303819,0,0,0,0,3
2010_tracts_responsavel,responsavel02_V089,double,int32,303819,0,0,0,0,3
2010_tracts_responsavel,responsavel02_V090,double,int32,303819,0,0,0,0,3
2010_tracts_responsavel,responsavel02_V091,double,int32,303819,0,0,0,0,3
2010_tracts_responsavel,responsavel02_V092,double,int32,303819,0,0,0,0,4
2010_tracts_responsavel,responsavel02_V093,double,int32,303819,0,0,0,0,1761
2010_tracts_responsavel,responsavel02_V094,double,int32,303819,0,0,0,0,40
2010_tracts_responsavel,responsavel02_V095,double,int32,303819,0,0,0,0,105
2010_tracts_responsavel,responsavel02_V096,double,int32,303819,0,0,0,0,298
2010_tracts_responsavel,responsavel02_V097,double,int32,303819,0,0,0,0,335
2010_tracts_responsavel,responsavel02_V098,double,int32,303819,0,0,0,0,342
2010_tracts_responsavel,responsavel02_V099,double,int32,303819,0,0,0,0,259
2010_tracts_responsavel,responsavel02_V100,double,int32,303819,0,0,0,0,204
2010_tracts_responsavel,responsavel02_V101,double,int32,303819,0,0,0,0,152
2010_tracts_responsavel,responsavel02_V102,double,int32,303819,0,0,0,0,120
2010_tracts_responsavel,responsavel02_V103,double,int32,303819,0,0,0,0,106
2010_tracts_responsavel,responsavel02_V104,double,int32,303819,0,0,0,0,75
2010_tracts_responsavel,responsavel02_V105,double,int32,303819,0,0,0,0,64
2010_tracts_responsavel,responsavel02_V106,double,int32,303819,0,0,0,0,66
2010_tracts_responsavel,responsavel02_V107,double,int32,303819,0,0,0,0,49
2010_tracts_responsavel,responsavel02_V108,double,int32,303819,0,0,0,0,138
2010_tracts_responsavel,responsavel02_V109,double,int32,303819,0,0,0,0,1078
2010_tracts_responsavel,responsavel02_V110,double,int32,303819,0,0,0,0,6
2010_tracts_responsavel,responsavel02_V111,double,int32,303819,0,0,0,0,9
2010_tracts_responsavel,responsavel02_V112,double,int32,303819,0,0,0,0,6
2010_tracts_responsavel,responsavel02_V113,double,int32,303819,0,0,0,0,7
2010_tracts_responsavel,responsavel02_V114,double,int32,303819,0,0,0,0,7
2010_tracts_responsavel,responsavel02_V115,double,int32,303819,0,0,0,0,8
2010_tracts_responsavel,responsavel02_V116,double,int32,303819,0,0,0,0,8
2010_tracts_responsavel,responsavel02_V117,double,int32,303819,0,0,0,0,10
2010_tracts_responsavel,responsavel02_V118,double,int32,303819,0,0,0,0,13
2010_tracts_responsavel,responsavel02_V119,double,int32,303819,0,0,0,0,20
2010_tracts_responsavel,responsavel02_V120,double,int32,303819,0,0,0,0,28
2010_tracts_responsavel,responsavel02_V121,double,int32,303819,0,0,0,0,34
2010_tracts_responsavel,responsavel02_V122,double,int32,303819,0,0,0,0,41
2010_tracts_responsavel,responsavel02_V123,double,int32,303819,0,0,0,0,44
2010_tracts_responsavel,responsavel02_V124,double,int32,303819,0,0,0,0,67
2010_tracts_responsavel,responsavel02_V125,double,int32,303819,0,0,0,0,67
2010_tracts_responsavel,responsavel02_V126,double,int32,303819,0,0,0,0,42
2010_tracts_responsavel,responsavel02_V127,double,int32,303819,0,0,0,0,50
2010_tracts_responsavel,responsavel02_V128,double,int32,303819,0,0,0,0,53
2010_tracts_responsavel,responsavel02_V129,double,int32,303819,0,0,0,0,48
2010_tracts_responsavel,responsavel02_V130,double,int32,303819,0,0,0,0,90
2010_tracts_responsavel,responsavel02_V131,double,int32,303819,0,0,0,0,62
2010_tracts_responsavel,responsavel02_V132,double,int32,303819,0,0,0,0,89
2010_tracts_responsavel,responsavel02_V133,double,int32,303819,0,0,0,0,40
2010_tracts_responsavel,responsavel02_V134,double,int32,303819,0,0,0,0,93
2010_tracts_responsavel,responsavel02_V135,double,int32,303819,0,0,0,0,60
2010_tracts_responsavel,responsavel02_V136,double,int32,303819,0,0,0,0,54
2010_tracts_responsavel,responsavel02_V137,double,int32,303819,0,0,0,0,96
2010_tracts_responsavel,responsavel02_V138,double,int32,303819,0,0,0,0,49
2010_tracts_responsavel,responsavel02_V139,double,int32,303819,0,0,0,0,53
2010_tracts_responsavel,responsavel02_V140,double,int32,303819,0,0,0,0,76
2010_tracts_responsavel,responsavel02_V141,double,int32,303819,0,0,0,0,52
2010_tracts_responsavel,responsavel02_V142,double,int32,303819,0,0,0,0,62
2010_tracts_responsavel,responsavel02_V143,double,int32,303819,0,0,0,0,38
2010_tracts_responsavel,responsavel02_V144,double,int32,303819,0,0,0,0,43
2010_tracts_responsavel,responsavel02_V145,double,int32,303819,0,0,0,0,44
2010_tracts_responsavel,responsavel02_V146,double,int32,303819,0,0,0,0,29
2010_tracts_responsavel,responsavel02_V147,double,int32,303819,0,0,0,0,45
2010_tracts_responsavel,responsavel02_V148,double,int32,303819,0,0,0,0,39
2010_tracts_responsavel,responsavel02_V149,double,int32,303819,0,0,0,0,41
2010_tracts_responsavel,responsavel02_V150,double,int32,303819,0,0,0,0,108
2010_tracts_responsavel,responsavel02_V151,double,int32,303819,0,0,0,0,26
2010_tracts_responsavel,responsavel02_V152,double,int32,303819,0,0,0,0,48
2010_tracts_responsavel,responsavel02_V153,double,int32,303819,0,0,0,0,23
2010_tracts_responsavel,responsavel02_V154,double,int32,303819,0,0,0,0,57
2010_tracts_responsavel,responsavel02_V155,double,int32,303819,0,0,0,0,35
2010_tracts_responsavel,responsavel02_V156,double,int32,303819,0,0,0,0,30
2010_tracts_responsavel,responsavel02_V157,double,int32,303819,0,0,0,0,26
2010_tracts_responsavel,responsavel02_V158,double,int32,303819,0,0,0,0,34
2010_tracts_responsavel,responsavel02_V159,double,int32,303819,0,0,0,0,26
2010_tracts_responsavel,responsavel02_V160,double,int32,303819,0,0,0,0,33
2010_tracts_responsavel,responsavel02_V161,double,int32,303819,0,0,0,0,17
2010_tracts_responsavel,responsavel02_V162,double,int32,303819,0,0,0,0,21
2010_tracts_responsavel,responsavel02_V163,double,int32,303819,0,0,0,0,17
2010_tracts_responsavel,responsavel02_V164,double,int32,303819,0,0,0,0,18
2010_tracts_responsavel,responsavel02_V165,double,int32,303819,0,0,0,0,32
2010_tracts_responsavel,responsavel02_V166,double,int32,303819,0,0,0,0,20
2010_tracts_responsavel,responsavel02_V167,double,int32,303819,0,0,0,0,16
2010_tracts_responsavel,responsavel02_V168,double,int32,303819,0,0,0,0,40
2010_tracts_responsavel,responsavel02_V169,double,int32,303819,0,0,0,0,12
2010_tracts_responsavel,responsavel02_V170,double,int32,303819,0,0,0,0,28
2010_tracts_responsavel,responsavel02_V171,double,int32,303819,0,0,0,0,12
2010_tracts_responsavel,responsavel02_V172,double,int32,303819,0,0,0,0,14
2010_tracts_responsavel,responsavel02_V173,double,int32,303819,0,0,0,0,11
2010_tracts_responsavel,responsavel02_V174,double,int32,303819,0,0,0,0,24
2010_tracts_responsavel,responsavel02_V175,double,int32,303819,0,0,0,0,17
2010_tracts_responsavel,responsavel02_V176,double,int32,303819,0,0,0,0,16
2010_tracts_responsavel,responsavel02_V177,double,int32,303819,0,0,0,0,8
2010_tracts_responsavel,responsavel02_V178,double,int32,303819,0,0,0,0,10
2010_tracts_responsavel,responsavel02_V179,double,int32,303819,0,0,0,0,9
2010_tracts_responsavel,responsavel02_V180,double,int32,303819,0,0,0,0,21
2010_tracts_responsavel,responsavel02_V181,double,int32,303819,0,0,0,0,11
2010_tracts_responsavel,responsavel02_V182,double,int32,303819,0,0,0,0,6
2010_tracts_responsavel,responsavel02_V183,double,int32,303819,0,0,0,0,8
2010_tracts_responsavel,responsavel02_V184,double,int32,303819,0,0,0,0,6
2010_tracts_responsavel,responsavel02_V185,double,int32,303819,0,0,0,0,20
2010_tracts_responsavel,responsavel02_V186,double,int32,303819,0,0,0,0,5
2010_tracts_responsavel,responsavel02_V187,double,int32,303819,0,0,0,0,5
2010_tracts_responsavel,responsavel02_V188,double,int32,303819,0,0,0,0,5
2010_tracts_responsavel,responsavel02_V189,double,int32,303819,0,0,0,0,8
2010_tracts_responsavel,responsavel02_V190,double,int32,303819,0,0,0,0,8
2010_tracts_responsavel,responsavel02_V191,double,int32,303819,0,0,0,0,4
2010_tracts_responsavel,responsavel02_V192,double,int32,303819,0,0,0,0,4
2010_tracts_responsavel,responsavel02_V193,double,int32,303819,0,0,0,0,3
2010_tracts_responsavel,responsavel02_V194,double,int32,303819,0,0,0,0,3
2010_tracts_responsavel,responsavel02_V195,double,int32,303819,0,0,0,0,3
2010_tracts_responsavel,responsavel02_V196,double,int32,303819,0,0,0,0,3
2010_tracts_responsavel,responsavel02_V197,double,int32,303819,0,0,0,0,2
2010_tracts_responsavel,responsavel02_V198,double,int32,303819,0,0,0,0,3
2010_tracts_responsavel,responsavel02_V199,double,int32,303819,0,0,0,0,2
2010_tracts_responsavel,responsavel02_V200,double,int32,303819,0,0,0,0,3
2010_tracts_responsavel,responsavel02_V201,double,int32,303819,0,0,0,0,1022
2010_tracts_responsavel,responsavel02_V202,double,int32,303819,0,0,0,0,19
2010_tracts_responsavel,responsavel02_V203,double,int32,303819,0,0,0,0,37
2010_tracts_responsavel,responsavel02_V204,double,int32,303819,0,0,0,0,207
2010_tracts_responsavel,responsavel02_V205,double,int32,303819,0,0,0,0,236
2010_tracts_responsavel,responsavel02_V206,double,int32,303819,0,0,0,0,243
2010_tracts_responsavel,responsavel02_V207,double,int32,303819,0,0,0,0,210
2010_tracts_responsavel,responsavel02_V208,double,int32,303819,0,0,0,0,149
2010_tracts_responsavel,responsavel02_V209,double,int32,303819,0,0,0,0,140
2010_tracts_responsavel,responsavel02_V210,double,int32,303819,0,0,0,0,116
2010_tracts_responsavel,responsavel02_V211,double,int32,303819,0,0,0,0,93
2010_tracts_responsavel,responsavel02_V212,double,int32,303819,0,0,0,0,63
2010_tracts_responsavel,responsavel02_V213,double,int32,303819,0,0,0,0,51
2010_tracts_responsavel,responsavel02_V214,double,int32,303819,0,0,0,0,62
2010_tracts_responsavel,responsavel02_V215,double,int32,303819,0,0,0,0,48
2010_tracts_responsavel,responsavel02_V216,double,int32,303819,0,0,0,0,33
2010_tracts_responsavelrenda,Cod_setor,string,double,310120,0,0,0,110001505000001,530010805300158
2010_tracts_responsavelrenda,Situacao_setor,string,int32,310120,0,0,0,1,8
2010_tracts_responsavelrenda,V001,double,int32,303818,0,0,0,0,373
2010_tracts_responsavelrenda,V002,double,int32,303818,0,0,0,0,616
2010_tracts_responsavelrenda,V003,double,int32,303818,0,0,0,0,830
2010_tracts_responsavelrenda,V004,double,int32,303818,0,0,0,0,321
2010_tracts_responsavelrenda,V005,double,int32,303818,0,0,0,0,273
2010_tracts_responsavelrenda,V006,double,int32,303818,0,0,0,0,295
2010_tracts_responsavelrenda,V007,double,int32,303818,0,0,0,0,143
2010_tracts_responsavelrenda,V008,double,int32,303818,0,0,0,0,210
2010_tracts_responsavelrenda,V009,double,int32,303818,0,0,0,0,342
2010_tracts_responsavelrenda,V010,double,int32,303818,0,0,0,0,873
2010_tracts_responsavelrenda,V011,double,int32,303818,0,0,0,0,66116
2010_tracts_responsavelrenda,V012,double,int32,303818,0,0,0,0,313890
2010_tracts_responsavelrenda,V013,double,int32,303818,0,0,0,0,660379
2010_tracts_responsavelrenda,V014,double,int32,303818,0,0,0,0,418416
2010_tracts_responsavelrenda,V015,double,int32,303818,0,0,0,0,579309
2010_tracts_responsavelrenda,V016,double,int32,303818,0,0,0,0,1184570
2010_tracts_responsavelrenda,V017,double,int32,303818,0,0,0,0,917211
2010_tracts_responsavelrenda,V018,double,int32,303818,0,0,0,0,2034700
2010_tracts_responsavelrenda,V019,double,int32,303818,0,0,0,0,10712651
2010_tracts_responsavelrenda,V020,double,int32,303818,0,0,0,0,1861
2010_tracts_responsavelrenda,V021,double,int32,303818,0,0,0,0,1722
2010_tracts_responsavelrenda,V022,double,int32,303818,0,0,0,0,11135397
2010_tracts_responsavelrenda,V023,double,int32,303818,0,0,0,0,327
2010_tracts_responsavelrenda,V024,double,int32,303818,0,0,0,0,500
2010_tracts_responsavelrenda,V025,double,int32,303818,0,0,0,0,592
2010_tracts_responsavelrenda,V026,double,int32,303818,0,0,0,0,258
2010_tracts_responsavelrenda,V027,double,int32,303818,0,0,0,0,251
2010_tracts_responsavelrenda,V028,double,int32,303818,0,0,0,0,232
2010_tracts_responsavelrenda,V029,double,int32,303818,0,0,0,0,142
2010_tracts_responsavelrenda,V030,double,int32,303818,0,0,0,0,203
2010_tracts_responsavelrenda,V031,double,int32,303818,0,0,0,0,323
2010_tracts_responsavelrenda,V032,double,int32,303818,0,0,0,0,586
2010_tracts_responsavelrenda,V033,double,int32,303818,0,0,0,0,58427
2010_tracts_responsavelrenda,V034,double,int32,303818,0,0,0,0,254940
2010_tracts_responsavelrenda,V035,double,int32,303818,0,0,0,0,464319
2010_tracts_responsavelrenda,V036,double,int32,303818,0,0,0,0,340029
2010_tracts_responsavelrenda,V037,double,int32,303818,0,0,0,0,532934
2010_tracts_responsavelrenda,V038,double,int32,303818,0,0,0,0,919000
2010_tracts_responsavelrenda,V039,double,int32,303818,0,0,0,0,911611
2010_tracts_responsavelrenda,V040,double,int32,303818,0,0,0,0,1968700
2010_tracts_responsavelrenda,V041,double,int32,303818,0,0,0,0,8765500
2010_tracts_responsavelrenda,V042,double,int32,303818,0,0,0,0,1078
2010_tracts_responsavelrenda,V043,double,int32,303818,0,0,0,0,1053
2010_tracts_responsavelrenda,V044,double,int32,303818,0,0,0,0,9175280
2010_tracts_responsavelrenda,V045,double,int32,303818,0,0,0,0,224
2010_tracts_responsavelrenda,V046,double,int32,303818,0,0,0,0,270
2010_tracts_responsavelrenda,V047,double,int32,303818,0,0,0,0,347
2010_tracts_responsavelrenda,V048,double,int32,303818,0,0,0,0,127
2010_tracts_responsavelrenda,V049,double,int32,303818,0,0,0,0,93
2010_tracts_responsavelrenda,V050,double,int32,303818,0,0,0,0,119
2010_tracts_responsavelrenda,V051,double,int32,303818,0,0,0,0,60
2010_tracts_responsavelrenda,V052,double,int32,303818,0,0,0,0,45
2010_tracts_responsavelrenda,V053,double,int32,303818,0,0,0,0,64
2010_tracts_responsavelrenda,V054,double,int32,303818,0,0,0,0,661
2010_tracts_responsavelrenda,V055,double,int32,303818,0,0,0,0,25538
2010_tracts_responsavelrenda,V056,double,int32,303818,0,0,0,0,136760
2010_tracts_responsavelrenda,V057,double,int32,303818,0,0,0,0,264314
2010_tracts_responsavelrenda,V058,double,int32,303818,0,0,0,0,168630
2010_tracts_responsavelrenda,V059,double,int32,303818,0,0,0,0,189439
2010_tracts_responsavelrenda,V060,double,int32,303818,0,0,0,0,495216
2010_tracts_responsavelrenda,V061,double,int32,303818,0,0,0,0,374847
2010_tracts_responsavelrenda,V062,double,int32,303818,0,0,0,0,403600
2010_tracts_responsavelrenda,V063,double,int32,303818,0,0,0,0,5023751
2010_tracts_responsavelrenda,V064,double,int32,303818,0,0,0,0,890
2010_tracts_responsavelrenda,V065,double,int32,303818,0,0,0,0,669
2010_tracts_responsavelrenda,V066,double,int32,303818,0,0,0,0,5174552
2010_tracts_responsavelrenda,V067,double,int32,303818,0,0,0,0,373
2010_tracts_responsavelrenda,V068,double,int32,303818,0,0,0,0,616
2010_tracts_responsavelrenda,V069,double,int32,303818,0,0,0,0,830
2010_tracts_responsavelrenda,V070,double,int32,303818,0,0,0,0,321
2010_tracts_responsavelrenda,V071,double,int32,303818,0,0,0,0,273
2010_tracts_responsavelrenda,V072,double,int32,303818,0,0,0,0,295
2010_tracts_responsavelrenda,V073,double,int32,303818,0,0,0,0,143
2010_tracts_responsavelrenda,V074,double,int32,303818,0,0,0,0,210
2010_tracts_responsavelrenda,V075,double,int32,303818,0,0,0,0,342
2010_tracts_responsavelrenda,V076,double,int32,303818,0,0,0,0,873
2010_tracts_responsavelrenda,V077,double,int32,303818,0,0,0,0,66116
2010_tracts_responsavelrenda,V078,double,int32,303818,0,0,0,0,313890
2010_tracts_responsavelrenda,V079,double,int32,303818,0,0,0,0,660379
2010_tracts_responsavelrenda,V080,double,int32,303818,0,0,0,0,418416
2010_tracts_responsavelrenda,V081,double,int32,303818,0,0,0,0,579309
2010_tracts_responsavelrenda,V082,double,int32,303818,0,0,0,0,1184570
2010_tracts_responsavelrenda,V083,double,int32,303818,0,0,0,0,917211
2010_tracts_responsavelrenda,V084,double,int32,303818,0,0,0,0,2034700
2010_tracts_responsavelrenda,V085,double,int32,303818,0,0,0,0,10712651
2010_tracts_responsavelrenda,V086,double,int32,303818,0,0,0,0,1861
2010_tracts_responsavelrenda,V087,double,int32,303818,0,0,0,0,1722
2010_tracts_responsavelrenda,V088,double,int32,303818,0,0,0,0,11135397
2010_tracts_responsavelrenda,V089,double,int32,303818,0,0,0,0,327
2010_tracts_responsavelrenda,V090,double,int32,303818,0,0,0,0,500
2010_tracts_responsavelrenda,V091,double,int32,303818,0,0,0,0,591
2010_tracts_responsavelrenda,V092,double,int32,303818,0,0,0,0,258
2010_tracts_responsavelrenda,V093,double,int32,303818,0,0,0,0,251
2010_tracts_responsavelrenda,V094,double,int32,303818,0,0,0,0,232
2010_tracts_responsavelrenda,V095,double,int32,303818,0,0,0,0,142
2010_tracts_responsavelrenda,V096,double,int32,303818,0,0,0,0,203
2010_tracts_responsavelrenda,V097,double,int32,303818,0,0,0,0,323
2010_tracts_responsavelrenda,V098,double,int32,303818,0,0,0,0,586
2010_tracts_responsavelrenda,V099,double,int32,303818,0,0,0,0,58427
2010_tracts_responsavelrenda,V100,double,int32,303818,0,0,0,0,254940
2010_tracts_responsavelrenda,V101,double,int32,303818,0,0,0,0,463569
2010_tracts_responsavelrenda,V102,double,int32,303818,0,0,0,0,340029
2010_tracts_responsavelrenda,V103,double,int32,303818,0,0,0,0,532934
2010_tracts_responsavelrenda,V104,double,int32,303818,0,0,0,0,919000
2010_tracts_responsavelrenda,V105,double,int32,303818,0,0,0,0,911611
2010_tracts_responsavelrenda,V106,double,int32,303818,0,0,0,0,1968700
2010_tracts_responsavelrenda,V107,double,int32,303818,0,0,0,0,8765500
2010_tracts_responsavelrenda,V108,double,int32,303818,0,0,0,0,1078
2010_tracts_responsavelrenda,V109,double,int32,303818,0,0,0,0,1053
2010_tracts_responsavelrenda,V110,double,int32,303818,0,0,0,0,9175280
2010_tracts_responsavelrenda,V111,double,int32,303818,0,0,0,0,224
2010_tracts_responsavelrenda,V112,double,int32,303818,0,0,0,0,270
2010_tracts_responsavelrenda,V113,double,int32,303818,0,0,0,0,347
2010_tracts_responsavelrenda,V114,double,int32,303818,0,0,0,0,127
2010_tracts_responsavelrenda,V115,double,int32,303818,0,0,0,0,93
2010_tracts_responsavelrenda,V116,double,int32,303818,0,0,0,0,119
2010_tracts_responsavelrenda,V117,double,int32,303818,0,0,0,0,60
2010_tracts_responsavelrenda,V118,double,int32,303818,0,0,0,0,45
2010_tracts_responsavelrenda,V119,double,int32,303818,0,0,0,0,64
2010_tracts_responsavelrenda,V120,double,int32,303818,0,0,0,0,661
2010_tracts_responsavelrenda,V121,double,int32,303818,0,0,0,0,25538
2010_tracts_responsavelrenda,V122,double,int32,303818,0,0,0,0,136760
2010_tracts_responsavelrenda,V123,double,int32,303818,0,0,0,0,264314
2010_tracts_responsavelrenda,V124,double,int32,303818,0,0,0,0,168630
2010_tracts_responsavelrenda,V125,double,int32,303818,0,0,0,0,189439
2010_tracts_responsavelrenda,V126,double,int32,303818,0,0,0,0,495216
2010_tracts_responsavelrenda,V127,double,int32,303818,0,0,0,0,374847
2010_tracts_responsavelrenda,V128,double,int32,303818,0,0,0,0,403600
2010_tracts_responsavelrenda,V129,double,int32,303818,0,0,0,0,5023751
2010_tracts_responsavelrenda,V130,double,int32,303818,0,0,0,0,890
2010_tracts_responsavelrenda,V131,double,int32,303818,0,0,0,0,669
2010_tracts_responsavelrenda,V132,double,int32,303818,0,0,0,0,5174552
2010_tracts_responsavelrenda,abbrev_state,string,string,310120,310120,0,0,,
2010_tracts_responsavelrenda,code_muni,double,int32,310120,0,0,0,1100015,5300108
2010_tracts_responsavelrenda,code_region,double,int32,310120,0,0,0,1,5
2010_tracts_responsavelrenda,code_situacao,double,int32,310120,0,0,0,1,8
2010_tracts_responsavelrenda,code_state,double,int32,310120,0,0,0,11,53
2010_tracts_responsavelrenda,code_tract,double,double,310120,0,0,0,110001505000001,530010805300158
2010_tracts_responsavelrenda,code_weighting,double,double,310120,0,0,0,1100015001001,5300108005051
2010_tracts_responsavelrenda,name_region,string,string,310120,310120,0,0,,
2010_tracts_responsavelrenda,name_state,string,string,310120,310120,0,0,,
2022_families,F0010,int8,int32,6550107,0,0,0,1,5
2022_families,F0020,int8,int32,6550107,0,0,0,11,53
2022_families,F0100,int32,int32,6550107,0,0,0,1,7806723
2022_families,F0101,string,string,6550107,6550107,0,0,,
2022_families,F0110,double,double,6550107,0,6550038,0,1.0000000000001,113.4375
2022_families,F0120,int8,int32,6550107,0,0,0,1,8
2022_families,F0130,int8,int32,6550107,0,0,0,1,1
2022_families,F0140,int8,int32,6550107,0,0,0,1,2
2022_families,F0150,int8,int32,6550107,0,0,0,1,11
2022_families,F0160,int8,int32,6550107,0,0,0,2,30
2022_families,F0170,int8,int32,6167826,0,0,0,1,2
2022_families,F0180,int8,int32,6167826,0,0,0,3,17
2022_families,F0190,int8,int32,6167826,0,0,0,1,4
2022_families,F0200,int8,int32,6167826,0,0,0,1,9
2022_families,F0210,int8,int32,6167826,0,0,0,1,10
2022_families,F0220,int8,int32,382281,0,0,0,1,5
2022_families,F0230,int8,int32,6167826,0,0,0,0,17
2022_families,F0240,int8,int32,6550107,0,0,0,0,25
2022_families,F0250,int8,int32,6550107,0,0,0,0,18
2022_families,F0260,double,double,6549947,0,1556611,0,0,2526500
2022_families,F0270,int8,int32,4562523,0,0,0,1,4
2022_families,MF0190,int8,int32,6550107,0,0,0,0,9
2022_families,MF0200,int8,int32,6550107,0,0,0,0,9
2022_families,abbrev_state,string,string,6550107,6550107,0,0,,
2022_families,code_region,double,int32,6550107,0,0,0,1,5
2022_families,code_state,double,int32,6550107,0,0,0,11,53
2022_families,name_region,string,string,6550107,6550107,0,0,,
2022_families,name_state,string,string,6550107,6550107,0,0,,
2022_households,D0010,int8,int32,7689914,0,0,0,1,5
2022_households,D0020,int8,int32,7689914,0,0,0,11,53
2022_households,D0100,int32,int32,7689914,0,0,0,1,7806723
2022_households,D0110,double,double,7689914,0,7689685,0,1.0000000000001,113.4375
2022_households,D0120,int8,int32,7689914,0,0,0,1,8
2022_households,D0130,int8,int32,7689914,0,0,0,1,6
2022_households,D0140,int8,int32,7689914,0,0,0,1,2
2022_households,D0150,int16,int32,7689914,0,0,0,1,36
2022_households,D0160,int8,int32,7689914,0,0,0,0,15
2022_households,D0170,int8,int32,7613932,0,0,0,1,9
2022_households,D0180,int8,int32,7613932,0,0,0,3,99
2022_households,D0190,int8,int32,7606667,0,0,0,1,7
2022_households,D0200,int8,int32,7689914,0,0,0,11,66
2022_households,D0210,int8,int32,7606667,0,0,0,1,7
2022_households,D0220,int8,int32,7606667,0,0,0,1,25
2022_households,D0230,int8,int32,7606667,0,0,0,1,15
2022_households,D0240,double,double,7606667,0,2398599,0,1,30
2022_households,D0250,int8,int32,7606667,0,0,0,1,9
2022_households,D0260,int8,int32,7606667,0,0,0,1,8
2022_households,D0270,int8,int32,7606667,0,0,0,1,7
2022_households,D0280,int8,int32,7606667,0,0,0,0,9
2022_households,D0290,int8,int32,1578053,0,0,0,1,2
2022_households,D0300,int8,int32,7606667,0,0,0,1,3
2022_households,D0310,int8,int32,7606667,0,0,0,1,6
2022_households,D0320,int8,int32,7606667,0,0,0,1,2
2022_households,D0330,int8,int32,7606667,0,0,0,1,2
2022_households,D0340,int8,int32,7611369,0,0,0,1,9
2022_households,D0350,int32,int32,7613932,0,0,0,0,5053000
2022_households,D0360,double,double,7613932,0,1589763,0,0,2526500
2022_households,D0370,int8,int32,7689914,0,0,0,0,25
2022_households,D0380,int8,int32,7689914,0,0,0,0,22
2022_households,D0390,int8,int32,7689914,0,0,0,0,28
2022_households,D0400,int8,int32,7689914,0,0,0,0,28
2022_households,D0410,int8,int32,7689914,0,0,0,0,7
2022_households,MD0130,int8,int32,7689914,0,0,0,0,1
2022_households,MD0150,int8,int32,7689914,0,0,0,0,1
2022_households,MD0160,int8,int32,7689914,0,0,0,0,1
2022_households,MD0170,int8,int32,7689914,0,0,0,0,1
2022_households,MD0180,int8,int32,7689914,0,0,0,0,1
2022_households,MD0190,int8,int32,7689914,0,0,0,0,9
2022_households,MD0200,int8,int32,7689914,0,0,0,0,1
2022_households,MD0210,int8,int32,7689914,0,0,0,0,9
2022_households,MD0220,int8,int32,7689914,0,0,0,0,9
2022_households,MD0230,int8,int32,7689914,0,0,0,0,9
2022_households,MD0240,int8,int32,7689914,0,0,0,0,9
2022_households,MD0250,int8,int32,7689914,0,0,0,0,9
2022_households,MD0260,int8,int32,7689914,0,0,0,0,9
2022_households,MD0270,int8,int32,7689914,0,0,0,0,9
2022_households,MD0280,int8,int32,7689914,0,0,0,0,9
2022_households,MD0290,int8,int32,7689914,0,0,0,0,9
2022_households,MD0300,int8,int32,7689914,0,0,0,0,9
2022_households,MD0310,int8,int32,7689914,0,0,0,0,9
2022_households,MD0320,int8,int32,7689914,0,0,0,0,9
2022_households,MD0330,int8,int32,7689914,0,0,0,0,9
2022_households,MD0340,int8,int32,7689914,0,0,0,0,9
2022_households,abbrev_state,string,string,7689914,7689914,0,0,,
2022_households,code_region,double,int32,7689914,0,0,0,1,5
2022_households,code_state,double,int32,7689914,0,0,0,11,53
2022_households,name_region,string,string,7689914,7689914,0,0,,
2022_households,name_state,string,string,7689914,7689914,0,0,,
2022_mortality,M0010,int8,int32,430961,0,0,0,1,5
2022_mortality,M0020,int8,int32,430961,0,0,0,11,53
2022_mortality,M0100,int32,int32,430961,0,0,0,13,7806704
2022_mortality,M0101,string,string,430961,430961,0,0,,
2022_mortality,M0110,double,double,430961,0,430955,0,1.0000000000002,88.1259079904315
2022_mortality,M0120,int8,int32,430961,0,0,0,1,8
2022_mortality,M0130,int8,int32,430961,0,0,0,1,5
2022_mortality,M0140,int8,int32,430961,0,0,0,1,2
2022_mortality,M0150,int8,int32,430961,0,0,0,1,9
2022_mortality,M0160,int8,int32,430961,0,0,0,1,9
2022_mortality,M0170,int8,int32,430961,0,0,0,1,99
2022_mortality,MM0150,int8,int32,430961,0,0,0,0,1
2022_mortality,MM0160,int8,int32,430961,0,0,0,0,1
2022_mortality,MM0170,int8,int32,430961,0,0,0,0,1
2022_mortality,abbrev_state,string,string,430961,430961,0,0,,
2022_mortality,code_region,double,int32,430961,0,0,0,1,5
2022_mortality,code_state,double,int32,430961,0,0,0,11,53
2022_mortality,name_region,string,string,430961,430961,0,0,,
2022_mortality,name_state,string,string,430961,430961,0,0,,
2022_population,MP0150,int8,int32,21538508,0,0,0,0,1
2022_population,MP0170,int8,int32,21538508,0,0,0,0,1
2022_population,MP0180,int8,int32,21538508,0,0,0,0,1
2022_population,MP0210,int8,int32,21538508,0,0,0,0,1
2022_population,MP0230,int8,int32,21538508,0,0,0,0,9
2022_population,MP0260,int8,int32,21538508,0,0,0,0,9
2022_population,MP0270,int8,int32,21538508,0,0,0,0,9
2022_population,MP0280,int8,int32,21538508,0,0,0,0,9
2022_population,MP0290,int8,int32,21538508,0,0,0,0,9
2022_population,MP0300,int8,int32,21538508,0,0,0,0,1
2022_population,MP0310,int8,int32,21538508,0,0,0,0,1
2022_population,MP0320,int8,int32,21538508,0,0,0,0,9
2022_population,MP0330,int8,int32,21538508,0,0,0,0,9
2022_population,MP0350,int8,int32,21538508,0,0,0,0,9
2022_population,MP0360,int8,int32,21538508,0,0,0,0,9
2022_population,MP0410,int8,int32,21538508,0,0,0,0,9
2022_population,MP0411,int8,int32,21538508,0,0,0,0,9
2022_population,MP0420,int8,int32,21538508,0,0,0,0,9
2022_population,MP0430,int8,int32,21538508,0,0,0,0,9
2022_population,MP0440,int8,int32,21538508,0,0,0,0,9
2022_population,MP0450,int8,int32,21538508,0,0,0,0,9
2022_population,MP0460,int8,int32,21538508,0,0,0,0,9
2022_population,MP0480,int8,int32,21538508,0,0,0,0,1
2022_population,MP0490,int8,int32,21538508,0,0,0,0,9
2022_population,MP0520,int8,int32,21538508,0,0,0,0,1
2022_population,MP0530,int8,int32,21538508,0,0,0,0,9
2022_population,MP0540,int8,int32,21538508,0,0,0,0,9
2022_population,MP0550,int8,int32,21538508,0,0,0,0,9
2022_population,MP0560,int8,int32,21538508,0,0,0,0,9
2022_population,MP0570,int8,int32,21538508,0,0,0,0,9
2022_population,MP0600,int8,int32,21538508,0,0,0,0,9
2022_population,MP0610,int8,int32,21538508,0,0,0,0,9
2022_population,MP0640,int8,int32,21538508,0,0,0,0,9
2022_population,MP0650,int8,int32,21538508,0,0,0,0,1
2022_population,MP0660,int8,int32,21538508,0,0,0,0,9
2022_population,MP0670,int8,int32,21538508,0,0,0,0,9
2022_population,MP0680,int8,int32,21538508,0,0,0,0,9
2022_population,MP0690,int8,int32,21538508,0,0,0,0,9
2022_population,MP0700,int8,int32,21538508,0,0,0,0,9
2022_population,MP0710,int8,int32,21538508,0,0,0,0,9
2022_population,MP0720,int8,int32,21538508,0,0,0,0,9
2022_population,MP0730,int8,int32,21538508,0,0,0,0,9
2022_population,MP0740,int8,int32,21538508,0,0,0,0,9
2022_population,MP0800,int8,int32,21538508,0,0,0,0,9
2022_population,MP0810,int8,int32,21538508,0,0,0,0,9
2022_population,MP0840,int8,int32,21538508,0,0,0,0,9
2022_population,MP0850,int8,int32,21538508,0,0,0,0,9
2022_population,MP0860,int8,int32,21538508,0,0,0,0,9
2022_population,MP0870,int8,int32,21538508,0,0,0,0,9
2022_population,MP0880,int8,int32,21538508,0,0,0,0,9
2022_population,MP0890,int8,int32,21538508,0,0,0,0,9
2022_population,MP0900,int8,int32,21538508,0,0,0,0,9
2022_population,MP0990,int8,int32,21538508,0,0,0,0,9
2022_population,MP1000,int8,int32,21538508,0,0,0,0,9
2022_population,MP1010,int8,int32,21538508,0,0,0,0,9
2022_population,MP1050,int8,int32,21538508,0,0,0,0,9
2022_population,MP1060,int8,int32,21538508,0,0,0,0,9
2022_population,MP1070,int8,int32,21538508,0,0,0,0,9
2022_population,MP1080,int8,int32,21538508,0,0,0,0,9
2022_population,MP1090,int8,int32,21538508,0,0,0,0,9
2022_population,MP1100,int8,int32,21538508,0,0,0,0,9
2022_population,MP1120,int8,int32,21538508,0,0,0,0,9
2022_population,MP1130,int8,int32,21538508,0,0,0,0,9
2022_population,MP1160,int8,int32,21538508,0,0,0,0,9
2022_population,MP1170,int8,int32,21538508,0,0,0,0,9
2022_population,MP1180,int8,int32,21538508,0,0,0,0,9
2022_population,MP1200,int8,int32,21538508,0,0,0,0,1
2022_population,MP1210,int8,int32,21538508,0,0,0,0,1
2022_population,MP1220,int8,int32,21538508,0,0,0,0,9
2022_population,P0010,int8,int32,21538508,0,0,0,1,5
2022_population,P0020,int8,int32,21538508,0,0,0,11,53
2022_population,P0100,int32,int32,21538508,0,0,0,1,7806723
2022_population,P0101,int8,int32,21538508,0,0,0,1,36
2022_population,P0110,double,double,21538508,0,21538081,0,1.0000000000001,113.4375
2022_population,P0120,int8,int32,21538508,0,0,0,1,8
2022_population,P0130,int8,int32,21538508,0,0,0,1,6
2022_population,P0140,int8,int32,21538508,0,0,0,1,2
2022_population,P0150,int8,int32,21538508,0,0,0,1,9
2022_population,P0170,int8,int32,21538508,0,0,0,1,20
2022_population,P0180,int8,int32,21538508,0,0,0,1,99
2022_population,P0200,int8,int32,21538508,0,0,0,1,2
2022_population,P0210,int8,int32,21538508,0,0,0,1,9
2022_population,P0220,int8,int32,21538508,0,0,0,0,1
2022_population,P0230,int8,int32,364860,0,0,0,1,9
2022_population,P0240,int8,int32,385808,0,0,0,1,6
2022_population,P0250,int8,int32,366948,0,0,0,1,7
2022_population,P0260,int8,int32,2086150,0,0,0,1,2
2022_population,P0270,int8,int32,1696829,0,0,0,1,9
2022_population,P0280,int8,int32,18630267,0,0,0,1,3
2022_population,P0290,int8,int32,9729704,0,0,0,1,4
2022_population,P0300,int8,int32,21538508,0,0,0,1,2
2022_population,P0310,int8,int32,21538508,0,0,0,1,2
2022_population,P0320,int8,int32,9232618,0,0,0,0,30
2022_population,P0330,int8,int32,9232618,0,0,0,0,30
2022_population,P0340,int8,int32,9232618,0,0,0,0,30
2022_population,P0350,int8,int32,6182181,0,0,0,0,25
2022_population,P0360,int8,int32,6182181,0,0,0,0,30
2022_population,P0370,int8,int32,6182181,0,0,0,0,30
2022_population,P0380,int8,int32,6182181,0,0,0,1,17
2022_population,P0390,int8,int32,6182181,0,0,0,1,2
2022_population,P0400,int8,int32,6182181,0,0,0,1,2
2022_population,P0410,int8,int32,18630267,0,0,0,1,9
2022_population,P0420,int8,int32,21010155,0,0,0,1,4
2022_population,P0430,int8,int32,21010155,0,0,0,1,4
2022_population,P0440,int8,int32,21010155,0,0,0,1,4
2022_population,P0450,int8,int32,21010155,0,0,0,1,4
2022_population,P0460,int8,int32,21010155,0,0,0,1,4
2022_population,P0470,int8,int32,21538508,0,0,0,1,9
2022_population,P0480,int8,int32,21538508,0,0,0,1,3
2022_population,P0490,int8,int32,7842217,0,0,0,11,99
2022_population,P0520,int8,int32,21538508,0,0,0,1,3
2022_population,P0530,int8,int32,13607436,0,0,0,1,2
2022_population,P0540,int16,int32,88855,0,0,0,1920,2022
2022_population,P0550,int8,int32,9557645,0,0,0,0,98
2022_population,P0560,int8,int32,3266518,0,0,0,1,2
2022_population,P0570,int8,int32,3201594,0,0,0,11,99
2022_population,P0600,int8,int32,2233552,0,0,0,1,3
2022_population,P0610,int8,int32,1514944,0,0,0,11,99
2022_population,P0640,int8,int32,20129871,0,0,0,1,2
2022_population,P0650,int8,int32,21538508,0,0,0,1,3
2022_population,P0660,int8,int32,5653839,0,0,0,1,11
2022_population,P0670,int8,int32,3420786,0,0,0,1,9
2022_population,P0680,int8,int32,1053756,0,0,0,1,10
2022_population,P0690,int8,int32,567445,0,0,0,1,2
2022_population,P0700,int8,int32,13964656,0,0,0,1,15
2022_population,P0710,int8,int32,3330612,0,0,0,1,2
2022_population,P0720,int8,int32,2509186,0,0,0,1,10
2022_population,P0730,int8,int32,10092784,0,0,0,1,11
2022_population,P0740,int8,int32,13773809,0,0,0,1,2
2022_population,P0760,int16,int32,21538508,0,0,0,1,7
2022_population,P0770,int8,int32,21538508,0,0,0,1,4
2022_population,P0780,int8,int32,21538508,0,0,0,1,9
2022_population,P0790,int16,int32,21522031,0,0,0,0,16
2022_population,P0800,int8,int32,5653839,0,0,0,1,9
2022_population,P0810,int8,int32,466401,0,0,0,11,99
2022_population,P0840,int8,int32,18630267,0,0,0,1,2
2022_population,P0850,int8,int32,10555600,0,0,0,1,2
2022_population,P0860,int8,int32,10375016,0,0,0,1,2
2022_population,P0870,int8,int32,9883489,0,0,0,1,2
2022_population,P0880,int8,int32,9787867,0,0,0,1,2
2022_population,P0890,int8,int32,9649090,0,0,0,1,2
2022_population,P0900,int8,int32,8981177,0,0,0,1,3
2022_population,P0910,int8,int32,21538508,0,0,0,0,1
2022_population,P0920,int8,int32,21538508,0,0,0,0,1
2022_population,P0930,int8,int32,17434420,0,0,0,0,1
2022_population,P0940,int8,int32,8965999,0,0,0,0,1
2022_population,P0950,int8,int32,9476774,0,0,0,0,1
2022_population,P0960,int8,int32,18630267,0,0,0,0,1
2022_population,P0990,int8,int32,8981177,0,0,0,1,9
2022_population,P1000,int8,int32,5258870,0,0,0,1,2
2022_population,P1010,int8,int32,2751416,0,0,0,1,2
2022_population,P1020,int8,int32,8974677,0,0,0,1,10
2022_population,P1050,int8,int32,8468421,0,0,0,1,2
2022_population,P1060,int8,int32,568078,0,0,0,1,2
2022_population,P1070,int8,int32,8886516,0,0,0,1,2
2022_population,P1080,int32,int32,8876921,0,0,0,10,5e+06
2022_population,P1090,int8,int32,18630267,0,0,0,1,2
2022_population,P1100,int32,int32,18630267,0,0,0,0,3890000
2022_population,P1110,int32,int32,18630267,0,0,0,0,5003000
2022_population,P1120,int8,int32,8981177,0,0,0,1,9
2022_population,P1130,int8,int32,1007425,0,0,0,11,99
2022_population,P1160,int8,int32,7136075,0,0,0,1,9
2022_population,P1170,int8,int32,7083085,0,0,0,1,99
2022_population,P1180,int8,int32,7136075,0,0,0,0,9
2022_population,P1190,int16,int32,7073427,0,0,0,1,5999
2022_population,P1200,int8,int32,21538508,0,0,0,1,2
2022_population,P1210,int8,int32,21538508,0,0,0,1,9
2022_population,P1220,int16,int32,11767363,0,0,0,1,27
2022_population,abbrev_state,string,string,21538508,21538508,0,0,,
2022_population,code_region,double,int32,21538508,0,0,0,1,5
2022_population,code_state,double,int32,21538508,0,0,0,11,53
2022_population,name_region,string,string,21538508,21538508,0,0,,
2022_population,name_state,string,string,21538508,21538508,0,0,,
2022_tracts_basico,CD_AGLOM,double,double,31206,0,0,0,110001500003,530010800331
2022_tracts_basico,CD_BAIRRO,double,double,168050,0,0,0,1100015001,5218300013
2022_tracts_basico,CD_CONCURB,double,int32,260350,0,0,0,1100122,5300108
2022_tracts_basico,CD_DIST,double,int32,468097,0,0,0,110001505,530010805
2022_tracts_basico,CD_FCU,double,double,33321,0,0,0,11000490002,53001080096
2022_tracts_basico,CD_MUN,double,int32,468097,0,0,0,1100015,5300108
2022_tracts_basico,CD_NU,double,double,12338,0,0,0,1100015001,5300108039
2022_tracts_basico,CD_REGIAO,double,int32,468099,0,0,0,1,5
2022_tracts_basico,CD_RGI,double,int32,468097,0,0,0,110001,530001
2022_tracts_basico,CD_RGINT,double,int32,468097,0,0,0,1101,5301
2022_tracts_basico,CD_SETOR,double,double,468099,0,0,0,110001505000002,530010805440143
2022_tracts_basico,CD_SIT,double,int32,468097,0,0,0,1,9
2022_tracts_basico,CD_SUBDIST,double,double,468097,0,0,0,11000150500,53001080544
2022_tracts_basico,CD_TIPO,double,int32,468097,0,0,0,0,9
2022_tracts_basico,CD_UF,double,int32,468099,0,0,0,11,53
2022_tracts_basico,NM_AGLOM,string,string,31206,31206,0,0,,
2022_tracts_basico,NM_BAIRRO,string,string,168050,167950,0,0,1,35
2022_tracts_basico,NM_CONCURB,string,string,260350,260350,0,0,,
2022_tracts_basico,NM_DIST,string,string,468097,468097,0,0,,
2022_tracts_basico,NM_FCU,string,string,33321,33321,0,7,,
2022_tracts_basico,NM_MUN,string,string,468097,468097,0,0,,
2022_tracts_basico,NM_NU,string,string,12338,12334,0,0,1,3
2022_tracts_basico,NM_REGIAO,string,string,468099,468099,0,0,,
2022_tracts_basico,NM_RGI,string,string,468097,468097,0,0,,
2022_tracts_basico,NM_RGINT,string,string,468097,468097,0,0,,
2022_tracts_basico,NM_SUBDIST,string,string,70874,70874,0,0,,
2022_tracts_basico,NM_UF,string,string,468099,468099,0,0,,
2022_tracts_basico,V0001,double,int32,468099,0,0,0,0,10163
2022_tracts_basico,V0002,double,int32,468099,0,0,0,0,2685
2022_tracts_basico,V0003,double,int32,468099,0,0,0,0,2684
2022_tracts_basico,V0004,double,int32,468099,0,0,0,0,547
2022_tracts_basico,V0005,double,double,468099,0,407339,0,0,41
2022_tracts_basico,V0006,double,double,468099,0,318455,0,0,4.2542
2022_tracts_basico,V0007,double,int32,468099,0,0,0,0,1820
2022_tracts_basico,V0008,double,int32,468099,0,0,0,0,2161
2022_tracts_basico,V0009,double,int32,468099,0,0,0,0,1501
2022_tracts_basico,area_km2,double,double,468099,0,468099,0,0.0001503,38943.006411
2022_tracts_basico,code_aglomerado,double,double,31206,0,0,0,110001500003,530010800331
2022_tracts_basico,code_district,double,int32,468097,0,0,0,110001505,530010805
2022_tracts_basico,code_favela,double,double,33321,0,0,0,11000490002,53001080096
2022_tracts_basico,code_immediate,double,int32,468097,0,0,0,110001,530001
2022_tracts_basico,code_intermediate,double,int32,468097,0,0,0,1101,5301
2022_tracts_basico,code_muni,double,int32,468097,0,0,0,1100015,5300108
2022_tracts_basico,code_neighborhood,double,double,168050,0,0,0,1100015001,5218300013
2022_tracts_basico,code_nucleo_urbano,double,double,12338,0,0,0,1100015001,5300108039
2022_tracts_basico,code_region,double,int32,468099,0,0,0,1,5
2022_tracts_basico,code_situacao,double,int32,468097,0,0,0,1,9
2022_tracts_basico,code_state,double,int32,468099,0,0,0,11,53
2022_tracts_basico,code_subdistrict,double,double,468097,0,0,0,11000150500,53001080544
2022_tracts_basico,code_tract,double,double,468099,0,0,0,110001505000002,530010805440143
2022_tracts_basico,code_type,double,int32,468097,0,0,0,0,9
2022_tracts_basico,code_urban_concentration,double,int32,260350,0,0,0,1100122,5300108
2022_tracts_basico,name_aglomerado,string,string,31206,31206,0,0,,
2022_tracts_basico,name_district,string,string,468097,468097,0,0,,
2022_tracts_basico,name_favela,string,string,33321,33321,0,7,,
2022_tracts_basico,name_immediate,string,string,468097,468097,0,0,,
2022_tracts_basico,name_intermediate,string,string,468097,468097,0,0,,
2022_tracts_basico,name_muni,string,string,468097,468097,0,0,,
2022_tracts_basico,name_neighborhood,string,string,168050,167950,0,0,1,35
2022_tracts_basico,name_nucleo_urbano,string,string,12338,12334,0,0,1,3
2022_tracts_basico,name_region,string,string,468099,468099,0,0,,
2022_tracts_basico,name_state,string,string,468099,468099,0,0,,
2022_tracts_basico,name_subdistrict,string,string,70874,70874,0,0,,
2022_tracts_basico,name_urban_concentration,string,string,260350,260350,0,0,,
2022_tracts_basico,situacao,string,string,466996,466996,0,0,,
2022_tracts_domicilio,CD_AGLOM,double,double,30616,0,0,0,110001500003,530010800331
2022_tracts_domicilio,CD_BAIRRO,double,double,165353,0,0,0,1100015001,5218300013
2022_tracts_domicilio,CD_CONCURB,double,int32,255506,0,0,0,1100122,5300108
2022_tracts_domicilio,CD_DIST,double,int32,458772,0,0,0,110001505,530010805
2022_tracts_domicilio,CD_FCU,double,double,33262,0,0,0,11000490002,53001080096
2022_tracts_domicilio,CD_MUN,double,int32,458772,0,0,0,1100015,5300108
2022_tracts_domicilio,CD_NU,double,double,12146,0,0,0,1100015001,5300108039
2022_tracts_domicilio,CD_REGIAO,double,int32,458772,0,0,0,1,5
2022_tracts_domicilio,CD_RGI,double,int32,458772,0,0,0,110001,530001
2022_tracts_domicilio,CD_RGINT,double,int32,458772,0,0,0,1101,5301
2022_tracts_domicilio,CD_SETOR,double,double,458772,0,0,0,110001505000002,530010805440143
2022_tracts_domicilio,CD_SIT,double,int32,458772,0,0,0,1,8
2022_tracts_domicilio,CD_SUBDIST,double,double,458772,0,0,0,11000150500,53001080544
2022_tracts_domicilio,CD_TIPO,double,int32,458772,0,0,0,0,9
2022_tracts_domicilio,CD_UF,double,int32,458772,0,0,0,11,53
2022_tracts_domicilio,NM_AGLOM,string,string,30616,30616,0,0,,
2022_tracts_domicilio,NM_BAIRRO,string,string,165353,165256,0,0,1,34
2022_tracts_domicilio,NM_CONCURB,string,string,255506,255506,0,0,,
2022_tracts_domicilio,NM_DIST,string,string,458772,458772,0,0,,
2022_tracts_domicilio,NM_FCU,string,string,33262,33262,0,7,,
2022_tracts_domicilio,NM_MUN,string,string,458772,458772,0,0,,
2022_tracts_domicilio,NM_NU,string,string,12146,12142,0,0,1,3
2022_tracts_domicilio,NM_REGIAO,string,string,458772,458772,0,0,,
2022_tracts_domicilio,NM_RGI,string,string,458772,458772,0,0,,
2022_tracts_domicilio,NM_RGINT,string,string,458772,458772,0,0,,
2022_tracts_domicilio,NM_SUBDIST,string,string,69735,69735,0,0,,
2022_tracts_domicilio,NM_UF,string,string,458772,458772,0,0,,
2022_tracts_domicilio,area_km2,double,double,458772,0,458772,0,0.0001503,19333.1754678
2022_tracts_domicilio,code_aglomerado,double,double,30616,0,0,0,110001500003,530010800331
2022_tracts_domicilio,code_district,double,int32,458772,0,0,0,110001505,530010805
2022_tracts_domicilio,code_favela,double,double,33262,0,0,0,11000490002,53001080096
2022_tracts_domicilio,code_immediate,double,int32,458772,0,0,0,110001,530001
2022_tracts_domicilio,code_intermediate,double,int32,458772,0,0,0,1101,5301
2022_tracts_domicilio,code_muni,double,int32,458772,0,0,0,1100015,5300108
2022_tracts_domicilio,code_neighborhood,double,double,165353,0,0,0,1100015001,5218300013
2022_tracts_domicilio,code_nucleo_urbano,double,double,12146,0,0,0,1100015001,5300108039
2022_tracts_domicilio,code_region,double,int32,458772,0,0,0,1,5
2022_tracts_domicilio,code_situacao,double,int32,458772,0,0,0,1,8
2022_tracts_domicilio,code_state,double,int32,458772,0,0,0,11,53
2022_tracts_domicilio,code_subdistrict,double,double,458772,0,0,0,11000150500,53001080544
2022_tracts_domicilio,code_tract,double,double,458772,0,0,0,110001505000002,530010805440143
2022_tracts_domicilio,code_type,double,int32,458772,0,0,0,0,9
2022_tracts_domicilio,code_urban_concentration,double,int32,255506,0,0,0,1100122,5300108
2022_tracts_domicilio,domicilio01_V00001,double,int32,450088,0,0,0,5,1820
2022_tracts_domicilio,domicilio01_V00002,double,int32,424268,0,0,0,0,340
2022_tracts_domicilio,domicilio01_V00003,double,int32,442764,0,0,0,0,3821
2022_tracts_domicilio,domicilio01_V00004,double,int32,450088,0,0,0,5,1820
2022_tracts_domicilio,domicilio01_V00005,double,int32,450088,0,0,0,5,4804
2022_tracts_domicilio,domicilio01_V00006,double,int32,434032,0,0,0,0,891
2022_tracts_domicilio,domicilio01_V00007,double,int32,445173,0,0,0,0,3821
2022_tracts_domicilio,domicilio01_V00008,double,int32,445264,0,0,0,0,1040
2022_tracts_domicilio,domicilio01_V00009,double,int32,444253,0,0,0,0,188
2022_tracts_domicilio,domicilio01_V00010,double,int32,447908,0,0,0,0,237
2022_tracts_domicilio,domicilio01_V00011,double,int32,450080,0,0,0,3,2283
2022_tracts_domicilio,domicilio01_V00012,double,int32,429664,0,0,0,0,479
2022_tracts_domicilio,domicilio01_V00013,double,int32,443628,0,0,0,0,3820
2022_tracts_domicilio,domicilio01_V00014,double,int32,450037,0,0,0,0,2695
2022_tracts_domicilio,domicilio01_V00015,double,int32,437639,0,0,0,0,412
2022_tracts_domicilio,domicilio01_V00016,double,int32,444659,0,0,0,0,753
2022_tracts_domicilio,domicilio01_V00017,double,int32,436075,0,0,0,0,500
2022_tracts_domicilio,domicilio01_V00018,double,int32,442192,0,0,0,0,642
2022_tracts_domicilio,domicilio01_V00019,double,int32,440082,0,0,0,0,813
2022_tracts_domicilio,domicilio01_V00020,double,int32,435055,0,0,0,0,443
2022_tracts_domicilio,domicilio01_V00021,double,int32,402685,0,0,0,0,376
2022_tracts_domicilio,domicilio01_V00022,double,int32,313174,0,0,0,0,260
2022_tracts_domicilio,domicilio01_V00023,double,int32,270309,0,0,0,0,86
2022_tracts_domicilio,domicilio01_V00024,double,int32,315505,0,0,0,0,119
2022_tracts_domicilio,domicilio01_V00025,double,int32,372902,0,0,0,0,102
2022_tracts_domicilio,domicilio01_V00026,double,int32,384129,0,0,0,0,172
2022_tracts_domicilio,domicilio01_V00027,double,int32,435290,0,0,0,0,117
2022_tracts_domicilio,domicilio01_V00028,double,int32,442426,0,0,0,0,78
2022_tracts_domicilio,domicilio01_V00029,double,int32,444675,0,0,0,0,59
2022_tracts_domicilio,domicilio01_V00030,double,int32,446042,0,0,0,0,49
2022_tracts_domicilio,domicilio01_V00031,double,int32,447819,0,0,0,0,28
2022_tracts_domicilio,domicilio01_V00032,double,int32,448847,0,0,0,0,10
2022_tracts_domicilio,domicilio01_V00033,double,int32,449438,0,0,0,0,8
2022_tracts_domicilio,domicilio01_V00034,double,int32,449733,0,0,0,0,4
2022_tracts_domicilio,domicilio01_V00035,double,int32,449907,0,0,0,0,3
2022_tracts_domicilio,domicilio01_V00036,double,int32,449839,0,0,0,0,6
2022_tracts_domicilio,domicilio01_V00037,double,int32,444125,0,0,0,0,3821
2022_tracts_domicilio,domicilio01_V00038,double,int32,446730,0,0,0,0,229
2022_tracts_domicilio,domicilio01_V00039,double,int32,447752,0,0,0,0,50
2022_tracts_domicilio,domicilio01_V00040,double,int32,448490,0,0,0,0,45
2022_tracts_domicilio,domicilio01_V00041,double,int32,449203,0,0,0,0,27
2022_tracts_domicilio,domicilio01_V00042,double,int32,449673,0,0,0,0,15
2022_tracts_domicilio,domicilio01_V00043,double,int32,449833,0,0,0,0,10
2022_tracts_domicilio,domicilio01_V00044,double,int32,449926,0,0,0,0,23
2022_tracts_domicilio,domicilio01_V00045,double,int32,449976,0,0,0,0,27
2022_tracts_domicilio,domicilio01_V00046,double,int32,449574,0,0,0,0,93
2022_tracts_domicilio,domicilio01_V00047,double,int32,442578,0,0,0,0,1767
2022_tracts_domicilio,domicilio01_V00048,double,int32,405031,0,0,0,0,712
2022_tracts_domicilio,domicilio01_V00049,double,int32,413233,0,0,0,0,1492
2022_tracts_domicilio,domicilio01_V00050,double,int32,427961,0,0,0,0,303
2022_tracts_domicilio,domicilio01_V00051,double,int32,449853,0,0,0,0,223
2022_tracts_domicilio,domicilio01_V00052,double,int32,441405,0,0,0,0,404
2022_tracts_domicilio,domicilio01_V00053,double,int32,443955,0,0,0,0,244
2022_tracts_domicilio,domicilio01_V00054,double,int32,436659,0,0,0,0,58
2022_tracts_domicilio,domicilio01_V00055,double,int32,445803,0,0,0,0,324
2022_tracts_domicilio,domicilio01_V00056,double,int32,448235,0,0,0,0,298
2022_tracts_domicilio,domicilio01_V00057,double,int32,446961,0,0,0,0,255
2022_tracts_domicilio,domicilio01_V00058,double,int32,449461,0,0,0,0,11
2022_tracts_domicilio,domicilio01_V00059,double,int32,449539,0,0,0,0,209
2022_tracts_domicilio,domicilio01_V00060,double,int32,445927,0,0,0,0,275
2022_tracts_domicilio,domicilio01_V00061,double,int32,448749,0,0,0,0,599
2022_tracts_domicilio,domicilio01_V00062,double,int32,450056,0,0,0,0,3752
2022_tracts_domicilio,domicilio01_V00063,double,int32,448631,0,0,0,0,117
2022_tracts_domicilio,domicilio01_V00064,double,int32,449985,0,0,0,0,750
2022_tracts_domicilio,domicilio01_V00065,double,int32,449797,0,0,0,0,210
2022_tracts_domicilio,domicilio01_V00066,double,int32,449834,0,0,0,0,581
2022_tracts_domicilio,domicilio01_V00067,double,int32,449822,0,0,0,0,70
2022_tracts_domicilio,domicilio01_V00068,double,int32,450081,0,0,0,0,467
2022_tracts_domicilio,domicilio01_V00069,double,int32,450075,0,0,0,0,124
2022_tracts_domicilio,domicilio01_V00070,double,int32,450088,0,0,0,5,4804
2022_tracts_domicilio,domicilio01_V00071,double,int32,445264,0,0,0,0,1040
2022_tracts_domicilio,domicilio01_V00072,double,int32,450080,0,0,0,3,2283
2022_tracts_domicilio,domicilio01_V00073,double,int32,450037,0,0,0,0,2695
2022_tracts_domicilio,domicilio01_V00074,double,int32,436075,0,0,0,0,500
2022_tracts_domicilio,domicilio01_V00075,double,int32,442192,0,0,0,0,642
2022_tracts_domicilio,domicilio01_V00076,double,int32,440082,0,0,0,0,813
2022_tracts_domicilio,domicilio01_V00077,double,int32,435055,0,0,0,0,443
2022_tracts_domicilio,domicilio01_V00078,double,int32,402685,0,0,0,0,376
2022_tracts_domicilio,domicilio01_V00079,double,int32,313174,0,0,0,0,260
2022_tracts_domicilio,domicilio01_V00080,double,int32,270309,0,0,0,0,86
2022_tracts_domicilio,domicilio01_V00081,double,int32,315505,0,0,0,0,119
2022_tracts_domicilio,domicilio01_V00082,double,int32,372902,0,0,0,0,102
2022_tracts_domicilio,domicilio01_V00083,double,int32,384129,0,0,0,0,172
2022_tracts_domicilio,domicilio01_V00084,double,int32,447242,0,0,0,0,4572
2022_tracts_domicilio,domicilio01_V00085,double,int32,432395,0,0,0,0,1895
2022_tracts_domicilio,domicilio01_V00086,double,int32,436960,0,0,0,0,3927
2022_tracts_domicilio,domicilio01_V00087,double,int32,437408,0,0,0,0,918
2022_tracts_domicilio,domicilio01_V00088,double,int32,419893,0,0,0,0,380
2022_tracts_domicilio,domicilio01_V00089,double,int32,410811,0,0,0,0,890
2022_tracts_domicilio,domicilio02_V00090,double,int32,433763,0,0,0,0,1263
2022_tracts_domicilio,domicilio02_V00091,double,int32,403168,0,0,0,0,363
2022_tracts_domicilio,domicilio02_V00092,double,int32,379112,0,0,0,0,90
2022_tracts_domicilio,domicilio02_V00093,double,int32,434218,0,0,0,0,654
2022_tracts_domicilio,domicilio02_V00094,double,int32,389380,0,0,0,0,460
2022_tracts_domicilio,domicilio02_V00095,double,int32,411466,0,0,0,0,596
2022_tracts_domicilio,domicilio02_V00096,double,int32,419494,0,0,0,0,185
2022_tracts_domicilio,domicilio02_V00097,double,int32,445285,0,0,0,0,193
2022_tracts_domicilio,domicilio02_V00098,double,int32,411728,0,0,0,0,354
2022_tracts_domicilio,domicilio02_V00099,double,int32,446878,0,0,0,0,55
2022_tracts_domicilio,domicilio02_V00100,double,int32,409695,0,0,0,0,943
2022_tracts_domicilio,domicilio02_V00101,double,int32,398119,0,0,0,0,400
2022_tracts_domicilio,domicilio02_V00102,double,int32,426221,0,0,0,0,140
2022_tracts_domicilio,domicilio02_V00103,double,int32,404986,0,0,0,0,821
2022_tracts_domicilio,domicilio02_V00104,double,int32,437335,0,0,0,0,23
2022_tracts_domicilio,domicilio02_V00105,double,int32,440660,0,0,0,0,909
2022_tracts_domicilio,domicilio02_V00106,double,int32,435031,0,0,0,0,858
2022_tracts_domicilio,domicilio02_V00107,double,int32,409292,0,0,0,0,420
2022_tracts_domicilio,domicilio02_V00108,double,int32,410736,0,0,0,0,451
2022_tracts_domicilio,domicilio02_V00109,double,int32,407978,0,0,0,0,712
2022_tracts_domicilio,domicilio02_V00110,double,int32,410021,0,0,0,0,1090
2022_tracts_domicilio,domicilio02_V00111,double,int32,434664,0,0,0,0,1786
2022_tracts_domicilio,domicilio02_V00112,double,int32,390183,0,0,0,0,784
2022_tracts_domicilio,domicilio02_V00113,double,int32,400064,0,0,0,0,445
2022_tracts_domicilio,domicilio02_V00114,double,int32,419605,0,0,0,0,467
2022_tracts_domicilio,domicilio02_V00115,double,int32,432350,0,0,0,0,486
2022_tracts_domicilio,domicilio02_V00116,double,int32,431517,0,0,0,0,267
2022_tracts_domicilio,domicilio02_V00117,double,int32,429772,0,0,0,0,465
2022_tracts_domicilio,domicilio02_V00118,double,int32,390702,0,0,0,0,621
2022_tracts_domicilio,domicilio02_V00119,double,int32,427474,0,0,0,0,1761
2022_tracts_domicilio,domicilio02_V00120,double,int32,391495,0,0,0,0,767
2022_tracts_domicilio,domicilio02_V00121,double,int32,401474,0,0,0,0,443
2022_tracts_domicilio,domicilio02_V00122,double,int32,420573,0,0,0,0,464
2022_tracts_domicilio,domicilio02_V00123,double,int32,433174,0,0,0,0,486
2022_tracts_domicilio,domicilio02_V00124,double,int32,432095,0,0,0,0,267
2022_tracts_domicilio,domicilio02_V00125,double,int32,430171,0,0,0,0,464
2022_tracts_domicilio,domicilio02_V00126,double,int32,394030,0,0,0,0,412
2022_tracts_domicilio,domicilio02_V00127,double,int32,409695,0,0,0,0,712
2022_tracts_domicilio,domicilio02_V00128,double,int32,437832,0,0,0,0,692
2022_tracts_domicilio,domicilio02_V00129,double,int32,445185,0,0,0,0,238
2022_tracts_domicilio,domicilio02_V00130,double,int32,448144,0,0,0,0,205
2022_tracts_domicilio,domicilio02_V00131,double,int32,449098,0,0,0,0,318
2022_tracts_domicilio,domicilio02_V00132,double,int32,449654,0,0,0,0,29
2022_tracts_domicilio,domicilio02_V00133,double,int32,449465,0,0,0,0,100
2022_tracts_domicilio,domicilio02_V00134,double,int32,448082,0,0,0,0,189
2022_tracts_domicilio,domicilio02_V00135,double,int32,414664,0,0,0,0,1470
2022_tracts_domicilio,domicilio02_V00136,double,int32,432385,0,0,0,0,715
2022_tracts_domicilio,domicilio02_V00137,double,int32,445113,0,0,0,0,177
2022_tracts_domicilio,domicilio02_V00138,double,int32,448354,0,0,0,0,247
2022_tracts_domicilio,domicilio02_V00139,double,int32,448366,0,0,0,0,286
2022_tracts_domicilio,domicilio02_V00140,double,int32,449525,0,0,0,0,27
2022_tracts_domicilio,domicilio02_V00141,double,int32,449614,0,0,0,0,80
2022_tracts_domicilio,domicilio02_V00142,double,int32,446784,0,0,0,0,267
2022_tracts_domicilio,domicilio02_V00143,double,int32,429994,0,0,0,0,1258
2022_tracts_domicilio,domicilio02_V00144,double,int32,410779,0,0,0,0,412
2022_tracts_domicilio,domicilio02_V00145,double,int32,375419,0,0,0,0,222
2022_tracts_domicilio,domicilio02_V00146,double,int32,430045,0,0,0,0,1111
2022_tracts_domicilio,domicilio02_V00147,double,int32,388305,0,0,0,0,256
2022_tracts_domicilio,domicilio02_V00148,double,int32,385205,0,0,0,0,458
2022_tracts_domicilio,domicilio02_V00149,double,int32,389994,0,0,0,0,228
2022_tracts_domicilio,domicilio02_V00150,double,int32,440323,0,0,0,0,34
2022_tracts_domicilio,domicilio02_V00151,double,int32,390306,0,0,0,0,525
2022_tracts_domicilio,domicilio02_V00152,double,int32,440308,0,0,0,0,292
2022_tracts_domicilio,domicilio02_V00153,double,int32,406524,0,0,0,0,241
2022_tracts_domicilio,domicilio02_V00154,double,int32,417713,0,0,0,0,117
2022_tracts_domicilio,domicilio02_V00155,double,int32,446755,0,0,0,0,33
2022_tracts_domicilio,domicilio02_V00156,double,int32,406817,0,0,0,0,367
2022_tracts_domicilio,domicilio02_V00157,double,int32,446053,0,0,0,0,160
2022_tracts_domicilio,domicilio02_V00158,double,int32,427553,0,0,0,0,258
2022_tracts_domicilio,domicilio02_V00159,double,int32,429715,0,0,0,0,188
2022_tracts_domicilio,domicilio02_V00160,double,int32,448453,0,0,0,0,16
2022_tracts_domicilio,domicilio02_V00161,double,int32,423963,0,0,0,0,244
2022_tracts_domicilio,domicilio02_V00162,double,int32,448177,0,0,0,0,233
2022_tracts_domicilio,domicilio02_V00163,double,int32,436479,0,0,0,0,227
2022_tracts_domicilio,domicilio02_V00164,double,int32,438184,0,0,0,0,91
2022_tracts_domicilio,domicilio02_V00165,double,int32,449351,0,0,0,0,8
2022_tracts_domicilio,domicilio02_V00166,double,int32,435369,0,0,0,0,363
2022_tracts_domicilio,domicilio02_V00167,double,int32,448983,0,0,0,0,213
2022_tracts_domicilio,domicilio02_V00168,double,int32,438263,0,0,0,0,117
2022_tracts_domicilio,domicilio02_V00169,double,int32,440803,0,0,0,0,144
2022_tracts_domicilio,domicilio02_V00170,double,int32,449745,0,0,0,0,6
2022_tracts_domicilio,domicilio02_V00171,double,int32,436277,0,0,0,0,232
2022_tracts_domicilio,domicilio02_V00172,double,int32,449131,0,0,0,0,122
2022_tracts_domicilio,domicilio02_V00173,double,int32,435325,0,0,0,0,125
2022_tracts_domicilio,domicilio02_V00174,double,int32,438975,0,0,0,0,140
2022_tracts_domicilio,domicilio02_V00175,double,int32,449666,0,0,0,0,9
2022_tracts_domicilio,domicilio02_V00176,double,int32,433767,0,0,0,0,438
2022_tracts_domicilio,domicilio02_V00177,double,int32,448386,0,0,0,0,225
2022_tracts_domicilio,domicilio02_V00178,double,int32,419914,0,0,0,0,247
2022_tracts_domicilio,domicilio02_V00179,double,int32,426014,0,0,0,0,187
2022_tracts_domicilio,domicilio02_V00180,double,int32,449471,0,0,0,0,6
2022_tracts_domicilio,domicilio02_V00181,double,int32,405389,0,0,0,0,298
2022_tracts_domicilio,domicilio02_V00182,double,int32,448093,0,0,0,0,120
2022_tracts_domicilio,domicilio02_V00183,double,int32,432801,0,0,0,0,1037
2022_tracts_domicilio,domicilio02_V00184,double,int32,432611,0,0,0,0,1253
2022_tracts_domicilio,domicilio02_V00185,double,int32,388233,0,0,0,0,482
2022_tracts_domicilio,domicilio02_V00186,double,int32,384834,0,0,0,0,466
2022_tracts_domicilio,domicilio02_V00187,double,int32,402680,0,0,0,0,373
2022_tracts_domicilio,domicilio02_V00188,double,int32,406087,0,0,0,0,254
2022_tracts_domicilio,domicilio02_V00189,double,int32,423163,0,0,0,0,234
2022_tracts_domicilio,domicilio02_V00190,double,int32,423766,0,0,0,0,308
2022_tracts_domicilio,domicilio02_V00191,double,int32,434307,0,0,0,0,213
2022_tracts_domicilio,domicilio02_V00192,double,int32,435637,0,0,0,0,299
2022_tracts_domicilio,domicilio02_V00193,double,int32,434384,0,0,0,0,154
2022_tracts_domicilio,domicilio02_V00194,double,int32,437469,0,0,0,0,155
2022_tracts_domicilio,domicilio02_V00195,double,int32,431970,0,0,0,0,408
2022_tracts_domicilio,domicilio02_V00196,double,int32,434273,0,0,0,0,267
2022_tracts_domicilio,domicilio02_V00197,double,int32,400700,0,0,0,0,371
2022_tracts_domicilio,domicilio02_V00198,double,int32,411096,0,0,0,0,250
2022_tracts_domicilio,domicilio02_V00199,double,int32,447417,0,0,0,0,1818
2022_tracts_domicilio,domicilio02_V00200,double,int32,373826,0,0,0,0,905
2022_tracts_domicilio,domicilio02_V00201,double,int32,394481,0,0,0,0,489
2022_tracts_domicilio,domicilio02_V00202,double,int32,440040,0,0,0,0,1766
2022_tracts_domicilio,domicilio02_V00203,double,int32,377575,0,0,0,0,905
2022_tracts_domicilio,domicilio02_V00204,double,int32,395636,0,0,0,0,489
2022_tracts_domicilio,domicilio02_V00205,double,int32,406048,0,0,0,0,712
2022_tracts_domicilio,domicilio02_V00206,double,int32,444540,0,0,0,0,168
2022_tracts_domicilio,domicilio02_V00207,double,int32,447177,0,0,0,0,105
2022_tracts_domicilio,domicilio02_V00208,double,int32,413380,0,0,0,0,1492
2022_tracts_domicilio,domicilio02_V00209,double,int32,443842,0,0,0,0,218
2022_tracts_domicilio,domicilio02_V00210,double,int32,447995,0,0,0,0,159
2022_tracts_domicilio,domicilio02_V00211,double,int32,439100,0,0,0,0,1262
2022_tracts_domicilio,domicilio02_V00212,double,int32,406409,0,0,0,0,489
2022_tracts_domicilio,domicilio02_V00213,double,int32,367164,0,0,0,0,222
2022_tracts_domicilio,domicilio02_V00214,double,int32,441400,0,0,0,0,1163
2022_tracts_domicilio,domicilio02_V00215,double,int32,380407,0,0,0,0,346
2022_tracts_domicilio,domicilio02_V00216,double,int32,389539,0,0,0,0,230
2022_tracts_domicilio,domicilio02_V00217,double,int32,403500,0,0,0,0,183
2022_tracts_domicilio,domicilio02_V00218,double,int32,448106,0,0,0,0,11
2022_tracts_domicilio,domicilio02_V00219,double,int32,389545,0,0,0,0,499
2022_tracts_domicilio,domicilio02_V00220,double,int32,444919,0,0,0,0,293
2022_tracts_domicilio,domicilio02_V00221,double,int32,411289,0,0,0,0,198
2022_tracts_domicilio,domicilio02_V00222,double,int32,414675,0,0,0,0,146
2022_tracts_domicilio,domicilio02_V00223,double,int32,448569,0,0,0,0,29
2022_tracts_domicilio,domicilio02_V00224,double,int32,404195,0,0,0,0,424
2022_tracts_domicilio,domicilio02_V00225,double,int32,445951,0,0,0,0,235
2022_tracts_domicilio,domicilio02_V00226,double,int32,445743,0,0,0,0,1038
2022_tracts_domicilio,domicilio02_V00227,double,int32,440798,0,0,0,0,1308
2022_tracts_domicilio,domicilio02_V00228,double,int32,381188,0,0,0,0,360
2022_tracts_domicilio,domicilio02_V00229,double,int32,387708,0,0,0,0,545
2022_tracts_domicilio,domicilio02_V00230,double,int32,398225,0,0,0,0,273
2022_tracts_domicilio,domicilio02_V00231,double,int32,407405,0,0,0,0,303
2022_tracts_domicilio,domicilio02_V00232,double,int32,445582,0,0,0,0,1782
2022_tracts_domicilio,domicilio02_V00233,double,int32,429569,0,0,0,0,1296
2022_tracts_domicilio,domicilio02_V00234,double,int32,362811,0,0,0,0,380
2022_tracts_domicilio,domicilio02_V00235,double,int32,315501,0,0,0,0,432
2022_tracts_domicilio,domicilio02_V00236,double,int32,389711,0,0,0,0,263
2022_tracts_domicilio,domicilio02_V00237,double,int32,413172,0,0,0,0,383
2022_tracts_domicilio,domicilio02_V00238,double,int32,420151,0,0,0,0,348
2022_tracts_domicilio,domicilio02_V00239,double,int32,438880,0,0,0,0,1737
2022_tracts_domicilio,domicilio02_V00240,double,int32,425288,0,0,0,0,628
2022_tracts_domicilio,domicilio02_V00241,double,int32,357806,0,0,0,0,355
2022_tracts_domicilio,domicilio02_V00242,double,int32,314585,0,0,0,0,382
2022_tracts_domicilio,domicilio02_V00243,double,int32,391737,0,0,0,0,263
2022_tracts_domicilio,domicilio02_V00244,double,int32,413932,0,0,0,0,338
2022_tracts_domicilio,domicilio02_V00245,double,int32,420814,0,0,0,0,340
2022_tracts_domicilio,domicilio02_V00246,double,int32,408898,0,0,0,0,703
2022_tracts_domicilio,domicilio02_V00247,double,int32,419601,0,0,0,0,543
2022_tracts_domicilio,domicilio02_V00248,double,int32,435598,0,0,0,0,241
2022_tracts_domicilio,domicilio02_V00249,double,int32,442373,0,0,0,0,425
2022_tracts_domicilio,domicilio02_V00250,double,int32,448136,0,0,0,0,38
2022_tracts_domicilio,domicilio02_V00251,double,int32,449192,0,0,0,0,76
2022_tracts_domicilio,domicilio02_V00252,double,int32,449613,0,0,0,0,25
2022_tracts_domicilio,domicilio02_V00253,double,int32,409010,0,0,0,0,1481
2022_tracts_domicilio,domicilio02_V00254,double,int32,406321,0,0,0,0,997
2022_tracts_domicilio,domicilio02_V00255,double,int32,418030,0,0,0,0,334
2022_tracts_domicilio,domicilio02_V00256,double,int32,428503,0,0,0,0,386
2022_tracts_domicilio,domicilio02_V00257,double,int32,448479,0,0,0,0,52
2022_tracts_domicilio,domicilio02_V00258,double,int32,449734,0,0,0,0,35
2022_tracts_domicilio,domicilio02_V00259,double,int32,449734,0,0,0,0,16
2022_tracts_domicilio,domicilio02_V00260,double,int32,433240,0,0,0,0,1238
2022_tracts_domicilio,domicilio02_V00261,double,int32,393061,0,0,0,0,405
2022_tracts_domicilio,domicilio02_V00262,double,int32,385390,0,0,0,0,91
2022_tracts_domicilio,domicilio02_V00263,double,int32,434874,0,0,0,0,816
2022_tracts_domicilio,domicilio02_V00264,double,int32,393389,0,0,0,0,343
2022_tracts_domicilio,domicilio02_V00265,double,int32,403178,0,0,0,0,1176
2022_tracts_domicilio,domicilio02_V00266,double,int32,329109,0,0,0,0,137
2022_tracts_domicilio,domicilio02_V00267,double,int32,401532,0,0,0,0,166
2022_tracts_domicilio,domicilio02_V00268,double,int32,400757,0,0,0,0,794
2022_tracts_domicilio,domicilio02_V00269,double,int32,424949,0,0,0,0,67
2022_tracts_domicilio,domicilio02_V00270,double,int32,339649,0,0,0,0,271
2022_tracts_domicilio,domicilio02_V00271,double,int32,329285,0,0,0,0,45
2022_tracts_domicilio,domicilio02_V00272,double,int32,425497,0,0,0,0,38
2022_tracts_domicilio,domicilio02_V00273,double,int32,311432,0,0,0,0,311
2022_tracts_domicilio,domicilio02_V00274,double,int32,444103,0,0,0,0,10
2022_tracts_domicilio,domicilio02_V00275,double,int32,335783,0,0,0,0,391
2022_tracts_domicilio,domicilio02_V00276,double,int32,400338,0,0,0,0,46
2022_tracts_domicilio,domicilio02_V00277,double,int32,437483,0,0,0,0,50
2022_tracts_domicilio,domicilio02_V00278,double,int32,336710,0,0,0,0,168
2022_tracts_domicilio,domicilio02_V00279,double,int32,447954,0,0,0,0,12
2022_tracts_domicilio,domicilio02_V00280,double,int32,422210,0,0,0,0,64
2022_tracts_domicilio,domicilio02_V00281,double,int32,426358,0,0,0,0,76
2022_tracts_domicilio,domicilio02_V00282,double,int32,449740,0,0,0,0,4
2022_tracts_domicilio,domicilio02_V00283,double,int32,404603,0,0,0,0,216
2022_tracts_domicilio,domicilio02_V00284,double,int32,447527,0,0,0,0,219
2022_tracts_domicilio,domicilio02_V00285,double,int32,428123,0,0,0,0,103
2022_tracts_domicilio,domicilio02_V00286,double,int32,428834,0,0,0,0,79
2022_tracts_domicilio,domicilio02_V00287,double,int32,449583,0,0,0,0,8
2022_tracts_domicilio,domicilio02_V00288,double,int32,420013,0,0,0,0,378
2022_tracts_domicilio,domicilio02_V00289,double,int32,447088,0,0,0,0,286
2022_tracts_domicilio,domicilio02_V00290,double,int32,434602,0,0,0,0,90
2022_tracts_domicilio,domicilio02_V00291,double,int32,435486,0,0,0,0,69
2022_tracts_domicilio,domicilio02_V00292,double,int32,449745,0,0,0,0,4
2022_tracts_domicilio,domicilio02_V00293,double,int32,426716,0,0,0,0,321
2022_tracts_domicilio,domicilio02_V00294,double,int32,448315,0,0,0,0,244
2022_tracts_domicilio,domicilio02_V00295,double,int32,441570,0,0,0,0,924
2022_tracts_domicilio,domicilio02_V00296,double,int32,435775,0,0,0,0,1251
2022_tracts_domicilio,domicilio02_V00297,double,int32,417595,0,0,0,0,615
2022_tracts_domicilio,domicilio02_V00298,double,int32,405080,0,0,0,0,681
2022_tracts_domicilio,domicilio02_V00299,double,int32,335166,0,0,0,0,264
2022_tracts_domicilio,domicilio02_V00300,double,int32,330961,0,0,0,0,187
2022_tracts_domicilio,domicilio02_V00301,double,int32,319086,0,0,0,0,315
2022_tracts_domicilio,domicilio02_V00302,double,int32,334260,0,0,0,0,244
2022_tracts_domicilio,domicilio02_V00303,double,int32,401330,0,0,0,0,208
2022_tracts_domicilio,domicilio02_V00304,double,int32,408717,0,0,0,0,147
2022_tracts_domicilio,domicilio02_V00305,double,int32,417410,0,0,0,0,283
2022_tracts_domicilio,domicilio02_V00306,double,int32,423187,0,0,0,0,206
2022_tracts_domicilio,domicilio02_V00307,double,int32,424365,0,0,0,0,219
2022_tracts_domicilio,domicilio02_V00308,double,int32,429771,0,0,0,0,154
2022_tracts_domicilio,domicilio02_V00309,double,int32,421485,0,0,0,0,1764
2022_tracts_domicilio,domicilio02_V00310,double,int32,379574,0,0,0,0,1310
2022_tracts_domicilio,domicilio02_V00311,double,int32,390757,0,0,0,0,1181
2022_tracts_domicilio,domicilio02_V00312,double,int32,403004,0,0,0,0,779
2022_tracts_domicilio,domicilio02_V00313,double,int32,403888,0,0,0,0,647
2022_tracts_domicilio,domicilio02_V00314,double,int32,415413,0,0,0,0,474
2022_tracts_domicilio,domicilio02_V00315,double,int32,393488,0,0,0,0,429
2022_tracts_domicilio,domicilio02_V00316,double,int32,420151,0,0,0,0,348
2022_tracts_domicilio,domicilio02_V00317,double,int32,413651,0,0,0,0,1754
2022_tracts_domicilio,domicilio02_V00318,double,int32,384352,0,0,0,0,733
2022_tracts_domicilio,domicilio02_V00319,double,int32,392018,0,0,0,0,700
2022_tracts_domicilio,domicilio02_V00320,double,int32,404522,0,0,0,0,779
2022_tracts_domicilio,domicilio02_V00321,double,int32,404944,0,0,0,0,647
2022_tracts_domicilio,domicilio02_V00322,double,int32,416955,0,0,0,0,435
2022_tracts_domicilio,domicilio02_V00323,double,int32,397822,0,0,0,0,424
2022_tracts_domicilio,domicilio02_V00324,double,int32,420814,0,0,0,0,340
2022_tracts_domicilio,domicilio02_V00325,double,int32,416066,0,0,0,0,712
2022_tracts_domicilio,domicilio02_V00326,double,int32,439423,0,0,0,0,696
2022_tracts_domicilio,domicilio02_V00327,double,int32,435250,0,0,0,0,517
2022_tracts_domicilio,domicilio02_V00328,double,int32,435346,0,0,0,0,320
2022_tracts_domicilio,domicilio02_V00329,double,int32,446803,0,0,0,0,160
2022_tracts_domicilio,domicilio02_V00330,double,int32,446847,0,0,0,0,170
2022_tracts_domicilio,domicilio02_V00331,double,int32,448002,0,0,0,0,143
2022_tracts_domicilio,domicilio02_V00332,double,int32,449613,0,0,0,0,25
2022_tracts_domicilio,domicilio02_V00333,double,int32,417917,0,0,0,0,1388
2022_tracts_domicilio,domicilio02_V00334,double,int32,430699,0,0,0,0,956
2022_tracts_domicilio,domicilio02_V00335,double,int32,432088,0,0,0,0,636
2022_tracts_domicilio,domicilio02_V00336,double,int32,435389,0,0,0,0,371
2022_tracts_domicilio,domicilio02_V00337,double,int32,447254,0,0,0,0,218
2022_tracts_domicilio,domicilio02_V00338,double,int32,445017,0,0,0,0,299
2022_tracts_domicilio,domicilio02_V00339,double,int32,445071,0,0,0,0,413
2022_tracts_domicilio,domicilio02_V00340,double,int32,449734,0,0,0,0,16
2022_tracts_domicilio,domicilio02_V00341,double,int32,420334,0,0,0,0,1254
2022_tracts_domicilio,domicilio02_V00342,double,int32,408292,0,0,0,0,345
2022_tracts_domicilio,domicilio02_V00343,double,int32,389600,0,0,0,0,148
2022_tracts_domicilio,domicilio02_V00344,double,int32,418463,0,0,0,0,810
2022_tracts_domicilio,domicilio02_V00345,double,int32,404874,0,0,0,0,224
2022_tracts_domicilio,domicilio02_V00346,double,int32,390752,0,0,0,0,1133
2022_tracts_domicilio,domicilio02_V00347,double,int32,408047,0,0,0,0,196
2022_tracts_domicilio,domicilio02_V00348,double,int32,445009,0,0,0,0,218
2022_tracts_domicilio,domicilio02_V00349,double,int32,391166,0,0,0,0,394
2022_tracts_domicilio,domicilio02_V00350,double,int32,445426,0,0,0,0,129
2022_tracts_domicilio,domicilio02_V00351,double,int32,391468,0,0,0,0,518
2022_tracts_domicilio,domicilio02_V00352,double,int32,392467,0,0,0,0,279
2022_tracts_domicilio,domicilio02_V00353,double,int32,437131,0,0,0,0,39
2022_tracts_domicilio,domicilio02_V00354,double,int32,390097,0,0,0,0,1048
2022_tracts_domicilio,domicilio02_V00355,double,int32,437015,0,0,0,0,284
2022_tracts_domicilio,domicilio02_V00356,double,int32,398323,0,0,0,0,532
2022_tracts_domicilio,domicilio02_V00357,double,int32,394607,0,0,0,0,248
2022_tracts_domicilio,domicilio02_V00358,double,int32,436385,0,0,0,0,57
2022_tracts_domicilio,domicilio02_V00359,double,int32,404862,0,0,0,0,506
2022_tracts_domicilio,domicilio02_V00360,double,int32,432916,0,0,0,0,440
2022_tracts_domicilio,domicilio02_V00361,double,int32,416335,0,0,0,0,297
2022_tracts_domicilio,domicilio02_V00362,double,int32,423299,0,0,0,0,163
2022_tracts_domicilio,domicilio02_V00363,double,int32,449057,0,0,0,0,9
2022_tracts_domicilio,domicilio02_V00364,double,int32,411498,0,0,0,0,374
2022_tracts_domicilio,domicilio02_V00365,double,int32,447331,0,0,0,0,252
2022_tracts_domicilio,domicilio02_V00366,double,int32,423433,0,0,0,0,292
2022_tracts_domicilio,domicilio02_V00367,double,int32,428908,0,0,0,0,190
2022_tracts_domicilio,domicilio02_V00368,double,int32,448649,0,0,0,0,12
2022_tracts_domicilio,domicilio02_V00369,double,int32,421413,0,0,0,0,295
2022_tracts_domicilio,domicilio02_V00370,double,int32,447153,0,0,0,0,108
2022_tracts_domicilio,domicilio02_V00371,double,int32,417643,0,0,0,0,248
2022_tracts_domicilio,domicilio02_V00372,double,int32,427651,0,0,0,0,79
2022_tracts_domicilio,domicilio02_V00373,double,int32,449279,0,0,0,0,16
2022_tracts_domicilio,domicilio02_V00374,double,int32,409285,0,0,0,0,307
2022_tracts_domicilio,domicilio02_V00375,double,int32,447992,0,0,0,0,215
2022_tracts_domicilio,domicilio02_V00376,double,int32,434602,0,0,0,0,90
2022_tracts_domicilio,domicilio02_V00377,double,int32,435486,0,0,0,0,69
2022_tracts_domicilio,domicilio02_V00378,double,int32,449745,0,0,0,0,4
2022_tracts_domicilio,domicilio02_V00379,double,int32,426716,0,0,0,0,321
2022_tracts_domicilio,domicilio02_V00380,double,int32,448315,0,0,0,0,244
2022_tracts_domicilio,domicilio02_V00381,double,int32,418943,0,0,0,0,901
2022_tracts_domicilio,domicilio02_V00382,double,int32,421139,0,0,0,0,1246
2022_tracts_domicilio,domicilio02_V00383,double,int32,386254,0,0,0,0,858
2022_tracts_domicilio,domicilio02_V00384,double,int32,390022,0,0,0,0,662
2022_tracts_domicilio,domicilio02_V00385,double,int32,389876,0,0,0,0,599
2022_tracts_domicilio,domicilio02_V00386,double,int32,390864,0,0,0,0,582
2022_tracts_domicilio,domicilio02_V00387,double,int32,403198,0,0,0,0,468
2022_tracts_domicilio,domicilio02_V00388,double,int32,400150,0,0,0,0,426
2022_tracts_domicilio,domicilio02_V00389,double,int32,408731,0,0,0,0,222
2022_tracts_domicilio,domicilio02_V00390,double,int32,412480,0,0,0,0,427
2022_tracts_domicilio,domicilio02_V00391,double,int32,419048,0,0,0,0,307
2022_tracts_domicilio,domicilio02_V00392,double,int32,422042,0,0,0,0,275
2022_tracts_domicilio,domicilio02_V00393,double,int32,404767,0,0,0,0,267
2022_tracts_domicilio,domicilio02_V00394,double,int32,411380,0,0,0,0,245
2022_tracts_domicilio,domicilio02_V00395,double,int32,424365,0,0,0,0,219
2022_tracts_domicilio,domicilio02_V00396,double,int32,429771,0,0,0,0,154
2022_tracts_domicilio,domicilio02_V00397,double,int32,436166,0,0,0,0,1776
2022_tracts_domicilio,domicilio02_V00398,double,int32,378998,0,0,0,0,1302
2022_tracts_domicilio,domicilio02_V00399,double,int32,414450,0,0,0,0,569
2022_tracts_domicilio,domicilio02_V00400,double,int32,416614,0,0,0,0,208
2022_tracts_domicilio,domicilio02_V00401,double,int32,413428,0,0,0,0,339
2022_tracts_domicilio,domicilio02_V00402,double,int32,413444,0,0,0,0,266
2022_tracts_domicilio,domicilio02_V00403,double,int32,429173,0,0,0,0,1737
2022_tracts_domicilio,domicilio02_V00404,double,int32,388020,0,0,0,0,1010
2022_tracts_domicilio,domicilio02_V00405,double,int32,415029,0,0,0,0,569
2022_tracts_domicilio,domicilio02_V00406,double,int32,416874,0,0,0,0,208
2022_tracts_domicilio,domicilio02_V00407,double,int32,414346,0,0,0,0,327
2022_tracts_domicilio,domicilio02_V00408,double,int32,415532,0,0,0,0,264
2022_tracts_domicilio,domicilio02_V00409,double,int32,409766,0,0,0,0,712
2022_tracts_domicilio,domicilio02_V00410,double,int32,439381,0,0,0,0,619
2022_tracts_domicilio,domicilio02_V00411,double,int32,446111,0,0,0,0,189
2022_tracts_domicilio,domicilio02_V00412,double,int32,449764,0,0,0,0,23
2022_tracts_domicilio,domicilio02_V00413,double,int32,448696,0,0,0,0,200
2022_tracts_domicilio,domicilio02_V00414,double,int32,449167,0,0,0,0,147
2022_tracts_domicilio,domicilio02_V00415,double,int32,413123,0,0,0,0,1332
2022_tracts_domicilio,domicilio02_V00416,double,int32,424557,0,0,0,0,1134
2022_tracts_domicilio,domicilio02_V00417,double,int32,448694,0,0,0,0,81
2022_tracts_domicilio,domicilio02_V00418,double,int32,449915,0,0,0,0,9
2022_tracts_domicilio,domicilio02_V00419,double,int32,448441,0,0,0,0,142
2022_tracts_domicilio,domicilio02_V00420,double,int32,448003,0,0,0,0,218
2022_tracts_domicilio,domicilio02_V00421,double,int32,430652,0,0,0,0,1240
2022_tracts_domicilio,domicilio02_V00422,double,int32,405651,0,0,0,0,350
2022_tracts_domicilio,domicilio02_V00423,double,int32,374480,0,0,0,0,149
2022_tracts_domicilio,domicilio02_V00424,double,int32,428437,0,0,0,0,1158
2022_tracts_domicilio,domicilio02_V00425,double,int32,389063,0,0,0,0,304
2022_tracts_domicilio,domicilio02_V00426,double,int32,386455,0,0,0,0,736
2022_tracts_domicilio,domicilio02_V00427,double,int32,400290,0,0,0,0,302
2022_tracts_domicilio,domicilio02_V00428,double,int32,438332,0,0,0,0,222
2022_tracts_domicilio,domicilio02_V00429,double,int32,387520,0,0,0,0,665
2022_tracts_domicilio,domicilio02_V00430,double,int32,441041,0,0,0,0,193
2022_tracts_domicilio,domicilio02_V00431,double,int32,413030,0,0,0,0,242
2022_tracts_domicilio,domicilio02_V00432,double,int32,411552,0,0,0,0,182
2022_tracts_domicilio,domicilio02_V00433,double,int32,445407,0,0,0,0,37
2022_tracts_domicilio,domicilio02_V00434,double,int32,415428,0,0,0,0,509
2022_tracts_domicilio,domicilio02_V00435,double,int32,443430,0,0,0,0,394
2022_tracts_domicilio,domicilio02_V00436,double,int32,430075,0,0,0,0,163
2022_tracts_domicilio,domicilio02_V00437,double,int32,438445,0,0,0,0,57
2022_tracts_domicilio,domicilio02_V00438,double,int32,449596,0,0,0,0,5
2022_tracts_domicilio,domicilio02_V00439,double,int32,423480,0,0,0,0,169
2022_tracts_domicilio,domicilio02_V00440,double,int32,448606,0,0,0,0,35
2022_tracts_domicilio,domicilio02_V00441,double,int32,427217,0,0,0,0,133
2022_tracts_domicilio,domicilio02_V00442,double,int32,431542,0,0,0,0,179
2022_tracts_domicilio,domicilio02_V00443,double,int32,449535,0,0,0,0,6
2022_tracts_domicilio,domicilio02_V00444,double,int32,419871,0,0,0,0,217
2022_tracts_domicilio,domicilio02_V00445,double,int32,448302,0,0,0,0,227
2022_tracts_domicilio,domicilio02_V00446,double,int32,428459,0,0,0,0,199
2022_tracts_domicilio,domicilio02_V00447,double,int32,438861,0,0,0,0,135
2022_tracts_domicilio,domicilio02_V00448,double,int32,449431,0,0,0,0,6
2022_tracts_domicilio,domicilio02_V00449,double,int32,424842,0,0,0,0,173
2022_tracts_domicilio,domicilio02_V00450,double,int32,449098,0,0,0,0,166
2022_tracts_domicilio,domicilio02_V00451,double,int32,433488,0,0,0,0,1039
2022_tracts_domicilio,domicilio02_V00452,double,int32,432142,0,0,0,0,1250
2022_tracts_domicilio,domicilio02_V00453,double,int32,384012,0,0,0,0,630
2022_tracts_domicilio,domicilio02_V00454,double,int32,385151,0,0,0,0,703
2022_tracts_domicilio,domicilio02_V00455,double,int32,415387,0,0,0,0,439
2022_tracts_domicilio,domicilio02_V00456,double,int32,411923,0,0,0,0,264
2022_tracts_domicilio,domicilio02_V00457,double,int32,420302,0,0,0,0,138
2022_tracts_domicilio,domicilio02_V00458,double,int32,429019,0,0,0,0,94
2022_tracts_domicilio,domicilio02_V00459,double,int32,417641,0,0,0,0,206
2022_tracts_domicilio,domicilio02_V00460,double,int32,423178,0,0,0,0,201
2022_tracts_domicilio,domicilio02_V00461,double,int32,420341,0,0,0,0,164
2022_tracts_domicilio,domicilio02_V00462,double,int32,428394,0,0,0,0,148
2022_tracts_domicilio,domicilio02_V00463,double,int32,363203,0,0,0,0,712
2022_tracts_domicilio,domicilio02_V00464,double,int32,392096,0,0,0,0,1026
2022_tracts_domicilio,domicilio02_V00465,double,int32,366748,0,0,0,0,572
2022_tracts_domicilio,domicilio02_V00466,double,int32,393111,0,0,0,0,794
2022_tracts_domicilio,domicilio02_V00467,double,int32,440032,0,0,0,0,365
2022_tracts_domicilio,domicilio02_V00468,double,int32,436801,0,0,0,0,648
2022_tracts_domicilio,domicilio02_V00469,double,int32,431693,0,0,0,0,710
2022_tracts_domicilio,domicilio02_V00470,double,int32,435566,0,0,0,0,503
2022_tracts_domicilio,domicilio02_V00471,double,int32,372379,0,0,0,0,454
2022_tracts_domicilio,domicilio02_V00472,double,int32,396062,0,0,0,0,235
2022_tracts_domicilio,domicilio02_V00473,double,int32,445048,0,0,0,0,32
2022_tracts_domicilio,domicilio02_V00474,double,int32,374789,0,0,0,0,482
2022_tracts_domicilio,domicilio02_V00475,double,int32,444763,0,0,0,0,268
2022_tracts_domicilio,domicilio02_V00476,double,int32,389386,0,0,0,0,348
2022_tracts_domicilio,domicilio02_V00477,double,int32,386504,0,0,0,0,211
2022_tracts_domicilio,domicilio02_V00478,double,int32,439168,0,0,0,0,43
2022_tracts_domicilio,domicilio02_V00479,double,int32,392682,0,0,0,0,635
2022_tracts_domicilio,domicilio02_V00480,double,int32,437194,0,0,0,0,339
2022_tracts_domicilio,domicilio02_V00481,double,int32,366785,0,0,0,0,338
2022_tracts_domicilio,domicilio02_V00482,double,int32,372926,0,0,0,0,407
2022_tracts_domicilio,domicilio02_V00483,double,int32,389611,0,0,0,0,488
2022_tracts_domicilio,domicilio02_V00484,double,int32,389126,0,0,0,0,573
2022_tracts_domicilio,domicilio02_V00485,double,int32,445582,0,0,0,0,1782
2022_tracts_domicilio,domicilio02_V00486,double,int32,429569,0,0,0,0,1296
2022_tracts_domicilio,domicilio02_V00487,double,int32,362811,0,0,0,0,380
2022_tracts_domicilio,domicilio02_V00488,double,int32,316782,0,0,0,0,347
2022_tracts_domicilio,domicilio02_V00489,double,int32,365101,0,0,0,0,354
2022_tracts_domicilio,domicilio02_V00490,double,int32,410251,0,0,0,0,119
2022_tracts_domicilio,domicilio02_V00491,double,int32,431675,0,0,0,0,65
2022_tracts_domicilio,domicilio02_V00492,double,int32,441289,0,0,0,0,34
2022_tracts_domicilio,domicilio02_V00493,double,int32,438974,0,0,0,0,30
2022_tracts_domicilio,domicilio02_V00494,double,int32,448738,0,0,0,0,1820
2022_tracts_domicilio,domicilio02_V00495,double,int32,385939,0,0,0,0,534
2022_tracts_domicilio,domicilio03_V00496,double,int32,447242,0,0,0,0,4572
2022_tracts_domicilio,domicilio03_V00497,double,int32,432395,0,0,0,0,1895
2022_tracts_domicilio,domicilio03_V00498,double,int32,436960,0,0,0,0,3927
2022_tracts_domicilio,domicilio03_V00499,double,int32,437408,0,0,0,0,918
2022_tracts_domicilio,domicilio03_V00500,double,int32,419893,0,0,0,0,380
2022_tracts_domicilio,domicilio03_V00501,double,int32,410811,0,0,0,0,890
2022_tracts_domicilio,domicilio03_V00502,double,int32,444415,0,0,0,0,2244
2022_tracts_domicilio,domicilio03_V00503,double,int32,416714,0,0,0,0,940
2022_tracts_domicilio,domicilio03_V00504,double,int32,421836,0,0,0,0,1721
2022_tracts_domicilio,domicilio03_V00505,double,int32,444718,0,0,0,0,2328
2022_tracts_domicilio,domicilio03_V00506,double,int32,417774,0,0,0,0,960
2022_tracts_domicilio,domicilio03_V00507,double,int32,423854,0,0,0,0,2206
2022_tracts_domicilio,domicilio03_V00508,double,int32,445100,0,0,0,0,4702
2022_tracts_domicilio,domicilio03_V00509,double,int32,431243,0,0,0,0,2433
2022_tracts_domicilio,domicilio03_V00510,double,int32,432396,0,0,0,0,1454
2022_tracts_domicilio,domicilio03_V00511,double,int32,438650,0,0,0,0,1224
2022_tracts_domicilio,domicilio03_V00512,double,int32,443965,0,0,0,0,1305
2022_tracts_domicilio,domicilio03_V00513,double,int32,441163,0,0,0,0,935
2022_tracts_domicilio,domicilio03_V00514,double,int32,442134,0,0,0,0,2643
2022_tracts_domicilio,domicilio03_V00515,double,int32,420354,0,0,0,0,1707
2022_tracts_domicilio,domicilio03_V00516,double,int32,434548,0,0,0,0,904
2022_tracts_domicilio,domicilio03_V00517,double,int32,400379,0,0,0,0,512
2022_tracts_domicilio,domicilio03_V00518,double,int32,418268,0,0,0,0,393
2022_tracts_domicilio,domicilio03_V00519,double,int32,431186,0,0,0,0,239
2022_tracts_domicilio,domicilio03_V00520,double,int32,439476,0,0,0,0,232
2022_tracts_domicilio,domicilio03_V00521,double,int32,441557,0,0,0,0,296
2022_tracts_domicilio,domicilio03_V00522,double,int32,439510,0,0,0,0,975
2022_tracts_domicilio,domicilio03_V00523,double,int32,425443,0,0,0,0,492
2022_tracts_domicilio,domicilio03_V00524,double,int32,439499,0,0,0,0,2271
2022_tracts_domicilio,domicilio03_V00525,double,int32,409460,0,0,0,0,1283
2022_tracts_domicilio,domicilio03_V00526,double,int32,415420,0,0,0,0,822
2022_tracts_domicilio,domicilio03_V00527,double,int32,428655,0,0,0,0,620
2022_tracts_domicilio,domicilio03_V00528,double,int32,437940,0,0,0,0,641
2022_tracts_domicilio,domicilio03_V00529,double,int32,436391,0,0,0,0,464
2022_tracts_domicilio,domicilio03_V00530,double,int32,435993,0,0,0,0,1449
2022_tracts_domicilio,domicilio03_V00531,double,int32,406273,0,0,0,0,899
2022_tracts_domicilio,domicilio03_V00532,double,int32,439716,0,0,0,0,2572
2022_tracts_domicilio,domicilio03_V00533,double,int32,410466,0,0,0,0,1150
2022_tracts_domicilio,domicilio03_V00534,double,int32,416710,0,0,0,0,799
2022_tracts_domicilio,domicilio03_V00535,double,int32,429656,0,0,0,0,604
2022_tracts_domicilio,domicilio03_V00536,double,int32,438535,0,0,0,0,664
2022_tracts_domicilio,domicilio03_V00537,double,int32,438241,0,0,0,0,471
2022_tracts_domicilio,domicilio03_V00538,double,int32,437132,0,0,0,0,1194
2022_tracts_domicilio,domicilio03_V00539,double,int32,414964,0,0,0,0,863
2022_tracts_domicilio,domicilio03_V00540,double,int32,449523,0,0,0,0,4795
2022_tracts_domicilio,domicilio03_V00541,double,int32,418431,0,0,0,0,2535
2022_tracts_domicilio,domicilio03_V00542,double,int32,422379,0,0,0,0,2393
2022_tracts_domicilio,domicilio03_V00543,double,int32,442258,0,0,0,0,1037
2022_tracts_domicilio,domicilio03_V00544,double,int32,409875,0,0,0,0,601
2022_tracts_domicilio,domicilio03_V00545,double,int32,422994,0,0,0,0,678
2022_tracts_domicilio,domicilio03_V00546,double,int32,448642,0,0,0,0,2275
2022_tracts_domicilio,domicilio03_V00547,double,int32,396710,0,0,0,0,1215
2022_tracts_domicilio,domicilio03_V00548,double,int32,409194,0,0,0,0,1270
2022_tracts_domicilio,domicilio03_V00549,double,int32,448423,0,0,0,0,2690
2022_tracts_domicilio,domicilio03_V00550,double,int32,401709,0,0,0,0,1320
2022_tracts_domicilio,domicilio03_V00551,double,int32,418192,0,0,0,0,1123
2022_tracts_domicilio,domicilio03_V00552,double,int32,448734,0,0,0,0,4689
2022_tracts_domicilio,domicilio03_V00553,double,int32,445552,0,0,0,0,2952
2022_tracts_domicilio,domicilio03_V00554,double,int32,432549,0,0,0,0,1242
2022_tracts_domicilio,domicilio03_V00555,double,int32,420905,0,0,0,0,1435
2022_tracts_domicilio,domicilio03_V00556,double,int32,419672,0,0,0,0,1350
2022_tracts_domicilio,domicilio03_V00557,double,int32,431775,0,0,0,0,2600
2022_tracts_domicilio,domicilio03_V00558,double,int32,433913,0,0,0,0,1787
2022_tracts_domicilio,domicilio03_V00559,double,int32,432940,0,0,0,0,897
2022_tracts_domicilio,domicilio03_V00560,double,int32,401635,0,0,0,0,434
2022_tracts_domicilio,domicilio03_V00561,double,int32,333892,0,0,0,0,267
2022_tracts_domicilio,domicilio03_V00562,double,int32,363676,0,0,0,0,227
2022_tracts_domicilio,domicilio03_V00563,double,int32,424130,0,0,0,0,541
2022_tracts_domicilio,domicilio03_V00564,double,int32,434481,0,0,0,0,955
2022_tracts_domicilio,domicilio03_V00565,double,int32,438022,0,0,0,0,519
2022_tracts_domicilio,domicilio03_V00566,double,int32,446650,0,0,0,0,2205
2022_tracts_domicilio,domicilio03_V00567,double,int32,437656,0,0,0,0,1402
2022_tracts_domicilio,domicilio03_V00568,double,int32,398457,0,0,0,0,648
2022_tracts_domicilio,domicilio03_V00569,double,int32,369906,0,0,0,0,719
2022_tracts_domicilio,domicilio03_V00570,double,int32,406132,0,0,0,0,708
2022_tracts_domicilio,domicilio03_V00571,double,int32,424151,0,0,0,0,1425
2022_tracts_domicilio,domicilio03_V00572,double,int32,428150,0,0,0,0,946
2022_tracts_domicilio,domicilio03_V00573,double,int32,446608,0,0,0,0,2565
2022_tracts_domicilio,domicilio03_V00574,double,int32,437122,0,0,0,0,1550
2022_tracts_domicilio,domicilio03_V00575,double,int32,399710,0,0,0,0,594
2022_tracts_domicilio,domicilio03_V00576,double,int32,373799,0,0,0,0,722
2022_tracts_domicilio,domicilio03_V00577,double,int32,415241,0,0,0,0,642
2022_tracts_domicilio,domicilio03_V00578,double,int32,429757,0,0,0,0,1175
2022_tracts_domicilio,domicilio03_V00579,double,int32,434419,0,0,0,0,910
2022_tracts_domicilio,domicilio03_V00580,double,int32,439897,0,0,0,0,4656
2022_tracts_domicilio,domicilio03_V00581,double,int32,426348,0,0,0,0,3677
2022_tracts_domicilio,domicilio03_V00582,double,int32,430552,0,0,0,0,3410
2022_tracts_domicilio,domicilio03_V00583,double,int32,433507,0,0,0,0,3496
2022_tracts_domicilio,domicilio03_V00584,double,int32,433731,0,0,0,0,1812
2022_tracts_domicilio,domicilio03_V00585,double,int32,437651,0,0,0,0,1628
2022_tracts_domicilio,domicilio03_V00586,double,int32,425195,0,0,0,0,2150
2022_tracts_domicilio,domicilio03_V00587,double,int32,433913,0,0,0,0,1787
2022_tracts_domicilio,domicilio03_V00588,double,int32,424986,0,0,0,0,871
2022_tracts_domicilio,domicilio03_V00589,double,int32,404841,0,0,0,0,638
2022_tracts_domicilio,domicilio03_V00590,double,int32,403066,0,0,0,0,517
2022_tracts_domicilio,domicilio03_V00591,double,int32,413999,0,0,0,0,900
2022_tracts_domicilio,domicilio03_V00592,double,int32,423537,0,0,0,0,544
2022_tracts_domicilio,domicilio03_V00593,double,int32,429924,0,0,0,0,542
2022_tracts_domicilio,domicilio03_V00594,double,int32,425648,0,0,0,0,784
2022_tracts_domicilio,domicilio03_V00595,double,int32,438022,0,0,0,0,519
2022_tracts_domicilio,domicilio03_V00596,double,int32,429826,0,0,0,0,2228
2022_tracts_domicilio,domicilio03_V00597,double,int32,401126,0,0,0,0,1831
2022_tracts_domicilio,domicilio03_V00598,double,int32,408624,0,0,0,0,1610
2022_tracts_domicilio,domicilio03_V00599,double,int32,417538,0,0,0,0,1678
2022_tracts_domicilio,domicilio03_V00600,double,int32,419000,0,0,0,0,852
2022_tracts_domicilio,domicilio03_V00601,double,int32,426472,0,0,0,0,837
2022_tracts_domicilio,domicilio03_V00602,double,int32,410403,0,0,0,0,1176
2022_tracts_domicilio,domicilio03_V00603,double,int32,428150,0,0,0,0,946
2022_tracts_domicilio,domicilio03_V00604,double,int32,430611,0,0,0,0,2546
2022_tracts_domicilio,domicilio03_V00605,double,int32,402666,0,0,0,0,1846
2022_tracts_domicilio,domicilio03_V00606,double,int32,410062,0,0,0,0,1800
2022_tracts_domicilio,domicilio03_V00607,double,int32,418572,0,0,0,0,1818
2022_tracts_domicilio,domicilio03_V00608,double,int32,420459,0,0,0,0,960
2022_tracts_domicilio,domicilio03_V00609,double,int32,427388,0,0,0,0,822
2022_tracts_domicilio,domicilio03_V00610,double,int32,415323,0,0,0,0,974
2022_tracts_domicilio,domicilio03_V00611,double,int32,434419,0,0,0,0,910
2022_tracts_domicilio,domicilio03_V00612,double,int32,445777,0,0,0,0,4683
2022_tracts_domicilio,domicilio03_V00613,double,int32,423043,0,0,0,0,3690
2022_tracts_domicilio,domicilio03_V00614,double,int32,435730,0,0,0,0,2863
2022_tracts_domicilio,domicilio03_V00615,double,int32,437219,0,0,0,0,765
2022_tracts_domicilio,domicilio03_V00616,double,int32,435100,0,0,0,0,1374
2022_tracts_domicilio,domicilio03_V00617,double,int32,434285,0,0,0,0,748
2022_tracts_domicilio,domicilio03_V00618,double,int32,432772,0,0,0,0,898
2022_tracts_domicilio,domicilio03_V00619,double,int32,401778,0,0,0,0,716
2022_tracts_domicilio,domicilio03_V00620,double,int32,425795,0,0,0,0,976
2022_tracts_domicilio,domicilio03_V00621,double,int32,433864,0,0,0,0,207
2022_tracts_domicilio,domicilio03_V00622,double,int32,432137,0,0,0,0,443
2022_tracts_domicilio,domicilio03_V00623,double,int32,434816,0,0,0,0,240
2022_tracts_domicilio,domicilio03_V00624,double,int32,440502,0,0,0,0,2282
2022_tracts_domicilio,domicilio03_V00625,double,int32,398749,0,0,0,0,1665
2022_tracts_domicilio,domicilio03_V00626,double,int32,425582,0,0,0,0,1526
2022_tracts_domicilio,domicilio03_V00627,double,int32,426912,0,0,0,0,386
2022_tracts_domicilio,domicilio03_V00628,double,int32,424485,0,0,0,0,678
2022_tracts_domicilio,domicilio03_V00629,double,int32,423637,0,0,0,0,380
2022_tracts_domicilio,domicilio03_V00630,double,int32,440633,0,0,0,0,2563
2022_tracts_domicilio,domicilio03_V00631,double,int32,400725,0,0,0,0,2025
2022_tracts_domicilio,domicilio03_V00632,double,int32,426758,0,0,0,0,1337
2022_tracts_domicilio,domicilio03_V00633,double,int32,427701,0,0,0,0,397
2022_tracts_domicilio,domicilio03_V00634,double,int32,426437,0,0,0,0,696
2022_tracts_domicilio,domicilio03_V00635,double,int32,425886,0,0,0,0,397
2022_tracts_domicilio,domicilio03_V00636,double,int32,420826,0,0,0,0,1984
2022_tracts_domicilio,domicilio03_V00637,double,int32,427596,0,0,0,0,3095
2022_tracts_domicilio,domicilio03_V00638,double,int32,391590,0,0,0,0,397
2022_tracts_domicilio,domicilio03_V00639,double,int32,406237,0,0,0,0,972
2022_tracts_domicilio,domicilio03_V00640,double,int32,391181,0,0,0,0,976
2022_tracts_domicilio,domicilio03_V00641,double,int32,409125,0,0,0,0,1551
2022_tracts_domicilio,domicilio03_V00642,double,int32,392971,0,0,0,0,1008
2022_tracts_domicilio,domicilio03_V00643,double,int32,413004,0,0,0,0,1578
2022_tracts_domicilio,name_aglomerado,string,string,30616,30616,0,0,,
2022_tracts_domicilio,name_district,string,string,458772,458772,0,0,,
2022_tracts_domicilio,name_favela,string,string,33262,33262,0,7,,
2022_tracts_domicilio,name_immediate,string,string,458772,458772,0,0,,
2022_tracts_domicilio,name_intermediate,string,string,458772,458772,0,0,,
2022_tracts_domicilio,name_muni,string,string,458772,458772,0,0,,
2022_tracts_domicilio,name_neighborhood,string,string,165353,165256,0,0,1,34
2022_tracts_domicilio,name_nucleo_urbano,string,string,12146,12142,0,0,1,3
2022_tracts_domicilio,name_region,string,string,458772,458772,0,0,,
2022_tracts_domicilio,name_state,string,string,458772,458772,0,0,,
2022_tracts_domicilio,name_subdistrict,string,string,69735,69735,0,0,,
2022_tracts_domicilio,name_urban_concentration,string,string,255506,255506,0,0,,
2022_tracts_domicilio,situacao,string,string,458772,458772,0,0,,
2022_tracts_entorno,CD_AGLOM,double,double,1163,0,0,0,110001500003,530010800306
2022_tracts_entorno,CD_BAIRRO,double,double,162544,0,0,0,1100015001,5218300013
2022_tracts_entorno,CD_CONCURB,double,int32,237685,0,0,0,1100122,5300108
2022_tracts_entorno,CD_DIST,double,int32,344841,0,0,0,110001505,530010805
2022_tracts_entorno,CD_FCU,double,double,33155,0,0,0,11000490002,53001080096
2022_tracts_entorno,CD_MUN,double,int32,344841,0,0,0,1100015,5300108
2022_tracts_entorno,CD_NU,double,double,8870,0,0,0,1100015001,5300108035
2022_tracts_entorno,CD_REGIAO,double,int32,344841,0,0,0,1,5
2022_tracts_entorno,CD_RGI,double,int32,344841,0,0,0,110001,530001
2022_tracts_entorno,CD_RGINT,double,int32,344841,0,0,0,1101,5301
2022_tracts_entorno,CD_SETOR,double,double,344841,0,0,0,110001505000002,530010805440141
2022_tracts_entorno,CD_SIT,double,int32,344841,0,0,0,1,9
2022_tracts_entorno,CD_SUBDIST,double,double,344841,0,0,0,11000150500,53001080544
2022_tracts_entorno,CD_TIPO,double,int32,344841,0,0,0,0,9
2022_tracts_entorno,CD_UF,double,int32,344841,0,0,0,11,53
2022_tracts_entorno,NM_AGLOM,string,string,1163,1163,0,0,,
2022_tracts_entorno,NM_BAIRRO,string,string,162544,162451,0,0,1,34
2022_tracts_entorno,NM_CONCURB,string,string,237685,237685,0,0,,
2022_tracts_entorno,NM_DIST,string,string,344841,344841,0,0,,
2022_tracts_entorno,NM_FCU,string,string,33155,33155,0,7,,
2022_tracts_entorno,NM_MUN,string,string,344841,344841,0,0,,
2022_tracts_entorno,NM_NU,string,string,8870,8866,0,0,1,3
2022_tracts_entorno,NM_REGIAO,string,string,344841,344841,0,0,,
2022_tracts_entorno,NM_RGI,string,string,344841,344841,0,0,,
2022_tracts_entorno,NM_RGINT,string,string,344841,344841,0,0,,
2022_tracts_entorno,NM_SUBDIST,string,string,69092,69092,0,0,,
2022_tracts_entorno,NM_UF,string,string,344841,344841,0,0,,
2022_tracts_entorno,area_km2,double,double,344841,0,344841,0,0.0001503,1938.6270385
2022_tracts_entorno,code_aglomerado,double,double,1163,0,0,0,110001500003,530010800306
2022_tracts_entorno,code_district,double,int32,344841,0,0,0,110001505,530010805
2022_tracts_entorno,code_favela,double,double,33155,0,0,0,11000490002,53001080096
2022_tracts_entorno,code_immediate,double,int32,344841,0,0,0,110001,530001
2022_tracts_entorno,code_intermediate,double,int32,344841,0,0,0,1101,5301
2022_tracts_entorno,code_muni,double,int32,344841,0,0,0,1100015,5300108
2022_tracts_entorno,code_neighborhood,double,double,162544,0,0,0,1100015001,5218300013
2022_tracts_entorno,code_nucleo_urbano,double,double,8870,0,0,0,1100015001,5300108035
2022_tracts_entorno,code_region,double,int32,344841,0,0,0,1,5
2022_tracts_entorno,code_situacao,double,int32,344841,0,0,0,1,9
2022_tracts_entorno,code_state,double,int32,344841,0,0,0,11,53
2022_tracts_entorno,code_subdistrict,double,double,344841,0,0,0,11000150500,53001080544
2022_tracts_entorno,code_tract,double,double,344841,0,0,0,110001505000002,530010805440141
2022_tracts_entorno,code_type,double,int32,344841,0,0,0,0,9
2022_tracts_entorno,code_urban_concentration,double,int32,237685,0,0,0,1100122,5300108
2022_tracts_entorno,domicilios_V05000,double,int32,339547,0,0,0,1,1820
2022_tracts_entorno,domicilios_V05001,double,int32,339547,0,0,0,0,1820
2022_tracts_entorno,domicilios_V05002,double,int32,339547,0,0,0,0,789
2022_tracts_entorno,domicilios_V05003,double,int32,339547,0,0,0,0,793
2022_tracts_entorno,domicilios_V05004,double,int32,339547,0,0,0,0,60
2022_tracts_entorno,domicilios_V05005,double,int32,339547,0,0,0,0,886
2022_tracts_entorno,domicilios_V05006,double,int32,339547,0,0,0,0,1820
2022_tracts_entorno,domicilios_V05007,double,int32,339547,0,0,0,0,868
2022_tracts_entorno,domicilios_V05008,double,int32,339547,0,0,0,0,886
2022_tracts_entorno,domicilios_V05009,double,int32,339547,0,0,0,0,1767
2022_tracts_entorno,domicilios_V05010,double,int32,339547,0,0,0,0,1213
2022_tracts_entorno,domicilios_V05011,double,int32,339547,0,0,0,0,886
2022_tracts_entorno,domicilios_V05012,double,int32,339547,0,0,0,0,1820
2022_tracts_entorno,domicilios_V05013,double,int32,339547,0,0,0,0,721
2022_tracts_entorno,domicilios_V05014,double,int32,339547,0,0,0,0,886
2022_tracts_entorno,domicilios_V05015,double,int32,339547,0,0,0,0,895
2022_tracts_entorno,domicilios_V05016,double,int32,339547,0,0,0,0,1629
2022_tracts_entorno,domicilios_V05017,double,int32,339547,0,0,0,0,886
2022_tracts_entorno,domicilios_V05018,double,int32,339547,0,0,0,0,777
2022_tracts_entorno,domicilios_V05019,double,int32,339547,0,0,0,0,1820
2022_tracts_entorno,domicilios_V05020,double,int32,339547,0,0,0,0,886
2022_tracts_entorno,domicilios_V05021,double,int32,339547,0,0,0,0,1820
2022_tracts_entorno,domicilios_V05022,double,int32,339547,0,0,0,0,868
2022_tracts_entorno,domicilios_V05023,double,int32,339547,0,0,0,0,886
2022_tracts_entorno,domicilios_V05024,double,int32,339547,0,0,0,0,1706
2022_tracts_entorno,domicilios_V05025,double,int32,339547,0,0,0,0,1353
2022_tracts_entorno,domicilios_V05026,double,int32,339547,0,0,0,0,887
2022_tracts_entorno,domicilios_V05027,double,int32,339547,0,0,0,0,1493
2022_tracts_entorno,domicilios_V05028,double,int32,339547,0,0,0,0,1767
2022_tracts_entorno,domicilios_V05029,double,int32,339547,0,0,0,0,887
2022_tracts_entorno,domicilios_V05030,double,int32,339547,0,0,0,0,1437
2022_tracts_entorno,domicilios_V05031,double,int32,339547,0,0,0,0,1183
2022_tracts_entorno,domicilios_V05032,double,int32,339547,0,0,0,0,1015
2022_tracts_entorno,domicilios_V05033,double,int32,339547,0,0,0,0,1597
2022_tracts_entorno,domicilios_V05034,double,int32,339547,0,0,0,0,886
2022_tracts_entorno,faces_V05400,double,int32,344841,0,0,0,1,1007
2022_tracts_entorno,faces_V05401,double,int32,344841,0,0,0,0,1005
2022_tracts_entorno,faces_V05402,double,int32,344841,0,0,0,0,400
2022_tracts_entorno,faces_V05403,double,int32,344841,0,0,0,0,178
2022_tracts_entorno,faces_V05404,double,int32,344841,0,0,0,0,10
2022_tracts_entorno,faces_V05405,double,int32,344841,0,0,0,0,393
2022_tracts_entorno,faces_V05406,double,int32,344841,0,0,0,0,597
2022_tracts_entorno,faces_V05407,double,int32,344841,0,0,0,0,863
2022_tracts_entorno,faces_V05408,double,int32,344841,0,0,0,0,393
2022_tracts_entorno,faces_V05409,double,int32,344841,0,0,0,0,404
2022_tracts_entorno,faces_V05410,double,int32,344841,0,0,0,0,1007
2022_tracts_entorno,faces_V05411,double,int32,344841,0,0,0,0,393
2022_tracts_entorno,faces_V05412,double,int32,344841,0,0,0,0,686
2022_tracts_entorno,faces_V05413,double,int32,344841,0,0,0,0,1004
2022_tracts_entorno,faces_V05414,double,int32,344841,0,0,0,0,393
2022_tracts_entorno,faces_V05415,double,int32,344841,0,0,0,0,120
2022_tracts_entorno,faces_V05416,double,int32,344841,0,0,0,0,1007
2022_tracts_entorno,faces_V05417,double,int32,344841,0,0,0,0,393
2022_tracts_entorno,faces_V05418,double,int32,344841,0,0,0,0,134
2022_tracts_entorno,faces_V05419,double,int32,344841,0,0,0,0,993
2022_tracts_entorno,faces_V05420,double,int32,344841,0,0,0,0,393
2022_tracts_entorno,faces_V05421,double,int32,344841,0,0,0,0,617
2022_tracts_entorno,faces_V05422,double,int32,344841,0,0,0,0,1007
2022_tracts_entorno,faces_V05423,double,int32,344841,0,0,0,0,393
2022_tracts_entorno,faces_V05424,double,int32,344841,0,0,0,0,612
2022_tracts_entorno,faces_V05425,double,int32,344841,0,0,0,0,394
2022_tracts_entorno,faces_V05426,double,int32,344841,0,0,0,0,1007
2022_tracts_entorno,faces_V05427,double,int32,344841,0,0,0,0,328
2022_tracts_entorno,faces_V05428,double,int32,344841,0,0,0,0,615
2022_tracts_entorno,faces_V05429,double,int32,344841,0,0,0,0,1007
2022_tracts_entorno,faces_V05430,double,int32,344841,0,0,0,0,723
2022_tracts_entorno,faces_V05431,double,int32,344841,0,0,0,0,404
2022_tracts_entorno,faces_V05432,double,int32,344841,0,0,0,0,232
2022_tracts_entorno,faces_V05433,double,int32,344841,0,0,0,0,562
2022_tracts_entorno,faces_V05434,double,int32,344841,0,0,0,0,393
2022_tracts_entorno,moradores_V05200,double,int32,339547,0,0,0,1,4804
2022_tracts_entorno,moradores_V05201,double,int32,339547,0,0,0,0,4804
2022_tracts_entorno,moradores_V05202,double,int32,339547,0,0,0,0,2581
2022_tracts_entorno,moradores_V05203,double,int32,339547,0,0,0,0,1831
2022_tracts_entorno,moradores_V05204,double,int32,339547,0,0,0,0,191
2022_tracts_entorno,moradores_V05205,double,int32,339547,0,0,0,0,3292
2022_tracts_entorno,moradores_V05206,double,int32,339547,0,0,0,0,4804
2022_tracts_entorno,moradores_V05207,double,int32,339547,0,0,0,0,2690
2022_tracts_entorno,moradores_V05208,double,int32,339547,0,0,0,0,3292
2022_tracts_entorno,moradores_V05209,double,int32,339547,0,0,0,0,4572
2022_tracts_entorno,moradores_V05210,double,int32,339547,0,0,0,0,3691
2022_tracts_entorno,moradores_V05211,double,int32,339547,0,0,0,0,3292
2022_tracts_entorno,moradores_V05212,double,int32,339547,0,0,0,0,4804
2022_tracts_entorno,moradores_V05213,double,int32,339547,0,0,0,0,2102
2022_tracts_entorno,moradores_V05214,double,int32,339547,0,0,0,0,3292
2022_tracts_entorno,moradores_V05215,double,int32,339547,0,0,0,0,2595
2022_tracts_entorno,moradores_V05216,double,int32,339547,0,0,0,0,4129
2022_tracts_entorno,moradores_V05217,double,int32,339547,0,0,0,0,3292
2022_tracts_entorno,moradores_V05218,double,int32,339547,0,0,0,0,1852
2022_tracts_entorno,moradores_V05219,double,int32,339547,0,0,0,0,4804
2022_tracts_entorno,moradores_V05220,double,int32,339547,0,0,0,0,3292
2022_tracts_entorno,moradores_V05221,double,int32,339547,0,0,0,0,4804
2022_tracts_entorno,moradores_V05222,double,int32,339547,0,0,0,0,2803
2022_tracts_entorno,moradores_V05223,double,int32,339547,0,0,0,0,3292
2022_tracts_entorno,moradores_V05224,double,int32,339547,0,0,0,0,4438
2022_tracts_entorno,moradores_V05225,double,int32,339547,0,0,0,0,3059
2022_tracts_entorno,moradores_V05226,double,int32,339547,0,0,0,0,3292
2022_tracts_entorno,moradores_V05227,double,int32,339547,0,0,0,0,3931
2022_tracts_entorno,moradores_V05228,double,int32,339547,0,0,0,0,4572
2022_tracts_entorno,moradores_V05229,double,int32,339547,0,0,0,0,3292
2022_tracts_entorno,moradores_V05230,double,int32,339547,0,0,0,0,3767
2022_tracts_entorno,moradores_V05231,double,int32,339547,0,0,0,0,3588
2022_tracts_entorno,moradores_V05232,double,int32,339547,0,0,0,0,2687
2022_tracts_entorno,moradores_V05233,double,int32,339547,0,0,0,0,3841
2022_tracts_entorno,moradores_V05234,double,int32,339547,0,0,0,0,3292
2022_tracts_entorno,name_aglomerado,string,string,1163,1163,0,0,,
2022_tracts_entorno,name_district,string,string,344841,344841,0,0,,
2022_tracts_entorno,name_favela,string,string,33155,33155,0,7,,
2022_tracts_entorno,name_immediate,string,string,344841,344841,0,0,,
2022_tracts_entorno,name_intermediate,string,string,344841,344841,0,0,,
2022_tracts_entorno,name_muni,string,string,344841,344841,0,0,,
2022_tracts_entorno,name_neighborhood,string,string,162544,162451,0,0,1,34
2022_tracts_entorno,name_nucleo_urbano,string,string,8870,8866,0,0,1,3
2022_tracts_entorno,name_region,string,string,344841,344841,0,0,,
2022_tracts_entorno,name_state,string,string,344841,344841,0,0,,
2022_tracts_entorno,name_subdistrict,string,string,69092,69092,0,0,,
2022_tracts_entorno,name_urban_concentration,string,string,237685,237685,0,0,,
2022_tracts_entorno,situacao,string,string,344839,344839,0,0,,
2022_tracts_indigenas,CD_AGLOM,double,double,30616,0,0,0,110001500003,530010800331
2022_tracts_indigenas,CD_BAIRRO,double,double,165353,0,0,0,1100015001,5218300013
2022_tracts_indigenas,CD_CONCURB,double,int32,255506,0,0,0,1100122,5300108
2022_tracts_indigenas,CD_DIST,double,int32,458772,0,0,0,110001505,530010805
2022_tracts_indigenas,CD_FCU,double,double,33262,0,0,0,11000490002,53001080096
2022_tracts_indigenas,CD_MUN,double,int32,458772,0,0,0,1100015,5300108
2022_tracts_indigenas,CD_NU,double,double,12146,0,0,0,1100015001,5300108039
2022_tracts_indigenas,CD_REGIAO,double,int32,458772,0,0,0,1,5
2022_tracts_indigenas,CD_RGI,double,int32,458772,0,0,0,110001,530001
2022_tracts_indigenas,CD_RGINT,double,int32,458772,0,0,0,1101,5301
2022_tracts_indigenas,CD_SETOR,double,double,458772,0,0,0,110001505000002,530010805440143
2022_tracts_indigenas,CD_SIT,double,int32,458772,0,0,0,1,8
2022_tracts_indigenas,CD_SUBDIST,double,double,458772,0,0,0,11000150500,53001080544
2022_tracts_indigenas,CD_TIPO,double,int32,458772,0,0,0,0,9
2022_tracts_indigenas,CD_UF,double,int32,458772,0,0,0,11,53
2022_tracts_indigenas,NM_AGLOM,string,string,30616,30616,0,0,,
2022_tracts_indigenas,NM_BAIRRO,string,string,165353,165256,0,0,1,34
2022_tracts_indigenas,NM_CONCURB,string,string,255506,255506,0,0,,
2022_tracts_indigenas,NM_DIST,string,string,458772,458772,0,0,,
2022_tracts_indigenas,NM_FCU,string,string,33262,33262,0,7,,
2022_tracts_indigenas,NM_MUN,string,string,458772,458772,0,0,,
2022_tracts_indigenas,NM_NU,string,string,12146,12142,0,0,1,3
2022_tracts_indigenas,NM_REGIAO,string,string,458772,458772,0,0,,
2022_tracts_indigenas,NM_RGI,string,string,458772,458772,0,0,,
2022_tracts_indigenas,NM_RGINT,string,string,458772,458772,0,0,,
2022_tracts_indigenas,NM_SUBDIST,string,string,69735,69735,0,0,,
2022_tracts_indigenas,NM_UF,string,string,458772,458772,0,0,,
2022_tracts_indigenas,area_km2,double,double,458772,0,458772,0,0.0001503,19333.1754678
2022_tracts_indigenas,code_aglomerado,double,double,30616,0,0,0,110001500003,530010800331
2022_tracts_indigenas,code_district,double,int32,458772,0,0,0,110001505,530010805
2022_tracts_indigenas,code_favela,double,double,33262,0,0,0,11000490002,53001080096
2022_tracts_indigenas,code_immediate,double,int32,458772,0,0,0,110001,530001
2022_tracts_indigenas,code_intermediate,double,int32,458772,0,0,0,1101,5301
2022_tracts_indigenas,code_muni,double,int32,458772,0,0,0,1100015,5300108
2022_tracts_indigenas,code_neighborhood,double,double,165353,0,0,0,1100015001,5218300013
2022_tracts_indigenas,code_nucleo_urbano,double,double,12146,0,0,0,1100015001,5300108039
2022_tracts_indigenas,code_region,double,int32,458772,0,0,0,1,5
2022_tracts_indigenas,code_situacao,double,int32,458772,0,0,0,1,8
2022_tracts_indigenas,code_state,double,int32,458772,0,0,0,11,53
2022_tracts_indigenas,code_subdistrict,double,double,458772,0,0,0,11000150500,53001080544
2022_tracts_indigenas,code_tract,double,double,458772,0,0,0,110001505000002,530010805440143
2022_tracts_indigenas,code_type,double,int32,458772,0,0,0,0,9
2022_tracts_indigenas,code_urban_concentration,double,int32,255506,0,0,0,1100122,5300108
2022_tracts_indigenas,domicilios_V01500,double,int32,362705,0,0,0,0,471
2022_tracts_indigenas,domicilios_V01501,double,int32,378648,0,0,0,0,2271
2022_tracts_indigenas,domicilios_V01502,double,int32,449561,0,0,0,0,110
2022_tracts_indigenas,domicilios_V01503,double,int32,449392,0,0,0,0,116
2022_tracts_indigenas,domicilios_V01504,double,int32,389841,0,0,0,0,2258
2022_tracts_indigenas,domicilios_V01505,double,int32,445843,0,0,0,0,174
2022_tracts_indigenas,domicilios_V01506,double,int32,434168,0,0,0,0,355
2022_tracts_indigenas,domicilios_V01507,double,int32,449223,0,0,0,0,231
2022_tracts_indigenas,domicilios_V01508,double,int32,450052,0,0,0,0,987
2022_tracts_indigenas,domicilios_V01509,double,int32,449904,0,0,0,0,81
2022_tracts_indigenas,domicilios_V01510,double,int32,449901,0,0,0,0,110
2022_tracts_indigenas,domicilios_V01511,double,int32,449893,0,0,0,0,10
2022_tracts_indigenas,domicilios_V01512,double,int32,450014,0,0,0,0,89
2022_tracts_indigenas,domicilios_V01513,double,int32,450057,0,0,0,0,12
2022_tracts_indigenas,domicilios_V01514,double,int32,450033,0,0,0,0,14
2022_tracts_indigenas,domicilios_V01515,double,int32,450071,0,0,0,0,23
2022_tracts_indigenas,domicilios_V01516,double,int32,449976,0,0,0,0,15
2022_tracts_indigenas,domicilios_V01517,double,int32,449891,0,0,0,0,28
2022_tracts_indigenas,domicilios_V01518,double,int32,449991,0,0,0,0,73
2022_tracts_indigenas,domicilios_V01519,double,int32,450044,0,0,0,0,14
2022_tracts_indigenas,domicilios_V01520,double,int32,449957,0,0,0,0,75
2022_tracts_indigenas,domicilios_V01521,double,int32,450059,0,0,0,0,55
2022_tracts_indigenas,domicilios_V01522,double,int32,450054,0,0,0,0,59
2022_tracts_indigenas,domicilios_V01523,double,int32,450055,0,0,0,0,27
2022_tracts_indigenas,domicilios_V01524,double,int32,450056,0,0,0,0,12
2022_tracts_indigenas,domicilios_V01525,double,int32,450080,0,0,0,0,9
2022_tracts_indigenas,domicilios_V01526,double,int32,450086,0,0,0,0,10
2022_tracts_indigenas,domicilios_V01527,double,int32,375617,0,0,0,0,470
2022_tracts_indigenas,domicilios_V01528,double,int32,444831,0,0,0,0,55
2022_tracts_indigenas,domicilios_V01529,double,int32,431741,0,0,0,0,111
2022_tracts_indigenas,domicilios_V01530,double,int32,448958,0,0,0,0,47
2022_tracts_indigenas,domicilios_V01531,double,int32,449874,0,0,0,0,223
2022_tracts_indigenas,domicilios_V01532,double,int32,449819,0,0,0,0,20
2022_tracts_indigenas,domicilios_V01533,double,int32,449833,0,0,0,0,45
2022_tracts_indigenas,domicilios_V01534,double,int32,449838,0,0,0,0,3
2022_tracts_indigenas,domicilios_V01535,double,int32,449980,0,0,0,0,14
2022_tracts_indigenas,domicilios_V01536,double,int32,450050,0,0,0,0,3
2022_tracts_indigenas,domicilios_V01537,double,int32,450010,0,0,0,0,3
2022_tracts_indigenas,domicilios_V01538,double,int32,450063,0,0,0,0,5
2022_tracts_indigenas,domicilios_V01539,double,int32,449973,0,0,0,0,15
2022_tracts_indigenas,domicilios_V01540,double,int32,449849,0,0,0,0,8
2022_tracts_indigenas,domicilios_V01541,double,int32,449980,0,0,0,0,41
2022_tracts_indigenas,domicilios_V01542,double,int32,450044,0,0,0,0,14
2022_tracts_indigenas,domicilios_V01543,double,int32,449928,0,0,0,0,23
2022_tracts_indigenas,domicilios_V01544,double,int32,450058,0,0,0,0,12
2022_tracts_indigenas,domicilios_V01545,double,int32,450048,0,0,0,0,17
2022_tracts_indigenas,domicilios_V01546,double,int32,450055,0,0,0,0,26
2022_tracts_indigenas,domicilios_V01547,double,int32,450053,0,0,0,0,7
2022_tracts_indigenas,domicilios_V01548,double,int32,450080,0,0,0,0,9
2022_tracts_indigenas,domicilios_V01549,double,int32,450085,0,0,0,0,10
2022_tracts_indigenas,domicilios_V01550,double,int32,387853,0,0,0,0,1827
2022_tracts_indigenas,domicilios_V01551,double,int32,439148,0,0,0,0,1144
2022_tracts_indigenas,domicilios_V01552,double,int32,445484,0,0,0,0,990
2022_tracts_indigenas,domicilios_V01553,double,int32,447930,0,0,0,0,852
2022_tracts_indigenas,domicilios_V01554,double,int32,448937,0,0,0,0,700
2022_tracts_indigenas,domicilios_V01555,double,int32,449220,0,0,0,0,817
2022_tracts_indigenas,domicilios_V01556,double,int32,448835,0,0,0,0,1361
2022_tracts_indigenas,domicilios_V01557,double,int32,447869,0,0,0,0,391
2022_tracts_indigenas,domicilios_V01558,double,int32,374279,0,0,0,0,320
2022_tracts_indigenas,domicilios_V01559,double,int32,435723,0,0,0,0,301
2022_tracts_indigenas,domicilios_V01560,double,int32,443903,0,0,0,0,161
2022_tracts_indigenas,domicilios_V01561,double,int32,447084,0,0,0,0,233
2022_tracts_indigenas,domicilios_V01562,double,int32,448455,0,0,0,0,215
2022_tracts_indigenas,domicilios_V01563,double,int32,448695,0,0,0,0,122
2022_tracts_indigenas,domicilios_V01564,double,int32,447820,0,0,0,0,225
2022_tracts_indigenas,domicilios_V01565,double,int32,446831,0,0,0,0,121
2022_tracts_indigenas,domicilios_V01566,double,int32,380311,0,0,0,0,1499
2022_tracts_indigenas,domicilios_V01567,double,int32,444838,0,0,0,0,1854
2022_tracts_indigenas,domicilios_V01568,double,int32,446082,0,0,0,0,1412
2022_tracts_indigenas,domicilios_V01569,double,int32,364580,0,0,0,0,357
2022_tracts_indigenas,domicilios_V01570,double,int32,442121,0,0,0,0,295
2022_tracts_indigenas,domicilios_V01571,double,int32,444093,0,0,0,0,235
2022_tracts_indigenas,domicilios_V01572,double,int32,388320,0,0,0,0,1360
2022_tracts_indigenas,domicilios_V01573,double,int32,446929,0,0,0,0,1827
2022_tracts_indigenas,domicilios_V01574,double,int32,450088,0,0,0,0,0
2022_tracts_indigenas,domicilios_V01575,double,int32,440003,0,0,0,0,787
2022_tracts_indigenas,domicilios_V01576,double,int32,448646,0,0,0,0,931
2022_tracts_indigenas,domicilios_V01577,double,int32,449110,0,0,0,0,1065
2022_tracts_indigenas,domicilios_V01578,double,int32,446235,0,0,0,0,332
2022_tracts_indigenas,domicilios_V01579,double,int32,449372,0,0,0,0,427
2022_tracts_indigenas,domicilios_V01580,double,int32,449261,0,0,0,0,958
2022_tracts_indigenas,domicilios_V01581,double,int32,448271,0,0,0,0,481
2022_tracts_indigenas,domicilios_V01582,double,int32,449818,0,0,0,0,380
2022_tracts_indigenas,domicilios_V01583,double,int32,449747,0,0,0,0,390
2022_tracts_indigenas,domicilios_V01584,double,int32,449528,0,0,0,0,480
2022_tracts_indigenas,domicilios_V01585,double,int32,449890,0,0,0,0,155
2022_tracts_indigenas,domicilios_V01586,double,int32,449420,0,0,0,0,689
2022_tracts_indigenas,domicilios_V01587,double,int32,449780,0,0,0,0,262
2022_tracts_indigenas,domicilios_V01588,double,int32,449954,0,0,0,0,444
2022_tracts_indigenas,domicilios_V01589,double,int32,449492,0,0,0,0,817
2022_tracts_indigenas,domicilios_V01590,double,int32,449348,0,0,0,0,141
2022_tracts_indigenas,domicilios_V01591,double,int32,449778,0,0,0,0,252
2022_tracts_indigenas,domicilios_V01592,double,int32,449403,0,0,0,0,1361
2022_tracts_indigenas,domicilios_V01593,double,int32,449310,0,0,0,0,121
2022_tracts_indigenas,domicilios_V01594,double,int32,449795,0,0,0,0,134
2022_tracts_indigenas,domicilios_V01595,double,int32,448606,0,0,0,0,386
2022_tracts_indigenas,domicilios_V01596,double,int32,374811,0,0,0,0,272
2022_tracts_indigenas,domicilios_V01597,double,int32,445331,0,0,0,0,252
2022_tracts_indigenas,domicilios_V01598,double,int32,450088,0,0,0,0,0
2022_tracts_indigenas,domicilios_V01599,double,int32,436855,0,0,0,0,219
2022_tracts_indigenas,domicilios_V01600,double,int32,447610,0,0,0,0,220
2022_tracts_indigenas,domicilios_V01601,double,int32,448290,0,0,0,0,190
2022_tracts_indigenas,domicilios_V01602,double,int32,444975,0,0,0,0,85
2022_tracts_indigenas,domicilios_V01603,double,int32,448860,0,0,0,0,126
2022_tracts_indigenas,domicilios_V01604,double,int32,448699,0,0,0,0,155
2022_tracts_indigenas,domicilios_V01605,double,int32,447675,0,0,0,0,129
2022_tracts_indigenas,domicilios_V01606,double,int32,449559,0,0,0,0,66
2022_tracts_indigenas,domicilios_V01607,double,int32,449413,0,0,0,0,101
2022_tracts_indigenas,domicilios_V01608,double,int32,449290,0,0,0,0,122
2022_tracts_indigenas,domicilios_V01609,double,int32,449725,0,0,0,0,42
2022_tracts_indigenas,domicilios_V01610,double,int32,449069,0,0,0,0,156
2022_tracts_indigenas,domicilios_V01611,double,int32,449601,0,0,0,0,39
2022_tracts_indigenas,domicilios_V01612,double,int32,449828,0,0,0,0,59
2022_tracts_indigenas,domicilios_V01613,double,int32,449068,0,0,0,0,122
2022_tracts_indigenas,domicilios_V01614,double,int32,448877,0,0,0,0,49
2022_tracts_indigenas,domicilios_V01615,double,int32,449368,0,0,0,0,52
2022_tracts_indigenas,domicilios_V01616,double,int32,448571,0,0,0,0,225
2022_tracts_indigenas,domicilios_V01617,double,int32,449041,0,0,0,0,51
2022_tracts_indigenas,domicilios_V01618,double,int32,449584,0,0,0,0,21
2022_tracts_indigenas,domicilios_V01619,double,int32,447813,0,0,0,0,120
2022_tracts_indigenas,domicilios_V01620,double,int32,443533,0,0,0,0,962
2022_tracts_indigenas,domicilios_V01621,double,int32,435990,0,0,0,0,1528
2022_tracts_indigenas,domicilios_V01622,double,int32,441094,0,0,0,0,276
2022_tracts_indigenas,domicilios_V01623,double,int32,431672,0,0,0,0,345
2022_tracts_indigenas,domicilios_V01624,double,int32,444007,0,0,0,0,785
2022_tracts_indigenas,domicilios_V01625,double,int32,449158,0,0,0,0,848
2022_tracts_indigenas,domicilios_V01626,double,int32,450088,0,0,0,0,0
2022_tracts_indigenas,domicilios_V01627,double,int32,438824,0,0,0,0,687
2022_tracts_indigenas,domicilios_V01628,double,int32,447958,0,0,0,0,1301
2022_tracts_indigenas,domicilios_V01629,double,int32,446082,0,0,0,0,1412
2022_tracts_indigenas,domicilios_V01630,double,int32,441801,0,0,0,0,218
2022_tracts_indigenas,domicilios_V01631,double,int32,448380,0,0,0,0,157
2022_tracts_indigenas,domicilios_V01632,double,int32,450088,0,0,0,0,0
2022_tracts_indigenas,domicilios_V01633,double,int32,435303,0,0,0,0,194
2022_tracts_indigenas,domicilios_V01634,double,int32,446395,0,0,0,0,222
2022_tracts_indigenas,domicilios_V01635,double,int32,444093,0,0,0,0,235
2022_tracts_indigenas,domicilios_V01636,double,int32,379252,0,0,0,0,1793
2022_tracts_indigenas,domicilios_V01637,double,int32,445742,0,0,0,0,2254
2022_tracts_indigenas,domicilios_V01638,double,int32,363155,0,0,0,0,416
2022_tracts_indigenas,domicilios_V01639,double,int32,443549,0,0,0,0,311
2022_tracts_indigenas,domicilios_V01640,double,int32,448053,0,0,0,0,1350
2022_tracts_indigenas,domicilios_V01641,double,int32,446862,0,0,0,0,2207
2022_tracts_indigenas,domicilios_V01642,double,int32,446376,0,0,0,0,222
2022_tracts_indigenas,domicilios_V01643,double,int32,444999,0,0,0,0,304
2022_tracts_indigenas,domicilios_V01644,double,int32,393304,0,0,0,0,1533
2022_tracts_indigenas,domicilios_V01645,double,int32,419018,0,0,0,0,278
2022_tracts_indigenas,domicilios_V01646,double,int32,440236,0,0,0,0,57
2022_tracts_indigenas,domicilios_V01647,double,int32,445904,0,0,0,0,56
2022_tracts_indigenas,domicilios_V01648,double,int32,380116,0,0,0,0,373
2022_tracts_indigenas,domicilios_V01649,double,int32,411194,0,0,0,0,82
2022_tracts_indigenas,domicilios_V01650,double,int32,437337,0,0,0,0,33
2022_tracts_indigenas,domicilios_V01651,double,int32,444775,0,0,0,0,33
2022_tracts_indigenas,domicilios_V01652,double,int32,447594,0,0,0,0,1483
2022_tracts_indigenas,domicilios_V01653,double,int32,448714,0,0,0,0,1787
2022_tracts_indigenas,domicilios_V01654,double,int32,445828,0,0,0,0,288
2022_tracts_indigenas,domicilios_V01655,double,int32,447544,0,0,0,0,245
2022_tracts_indigenas,domicilios_V01656,double,int32,401811,0,0,0,0,922
2022_tracts_indigenas,domicilios_V01657,double,int32,443962,0,0,0,0,560
2022_tracts_indigenas,domicilios_V01658,double,int32,435923,0,0,0,0,1049
2022_tracts_indigenas,domicilios_V01659,double,int32,433254,0,0,0,0,1861
2022_tracts_indigenas,domicilios_V01660,double,int32,447343,0,0,0,0,885
2022_tracts_indigenas,domicilios_V01661,double,int32,447090,0,0,0,0,769
2022_tracts_indigenas,domicilios_V01662,double,int32,448165,0,0,0,0,1297
2022_tracts_indigenas,domicilios_V01663,double,int32,448714,0,0,0,0,1787
2022_tracts_indigenas,domicilios_V01664,double,int32,392152,0,0,0,0,230
2022_tracts_indigenas,domicilios_V01665,double,int32,442348,0,0,0,0,142
2022_tracts_indigenas,domicilios_V01666,double,int32,431910,0,0,0,0,284
2022_tracts_indigenas,domicilios_V01667,double,int32,427704,0,0,0,0,451
2022_tracts_indigenas,domicilios_V01668,double,int32,445960,0,0,0,0,252
2022_tracts_indigenas,domicilios_V01669,double,int32,445914,0,0,0,0,162
2022_tracts_indigenas,domicilios_V01670,double,int32,446885,0,0,0,0,215
2022_tracts_indigenas,domicilios_V01671,double,int32,447544,0,0,0,0,245
2022_tracts_indigenas,domicilios_V01672,double,int32,388484,0,0,0,0,1763
2022_tracts_indigenas,domicilios_V01673,double,int32,439739,0,0,0,0,1030
2022_tracts_indigenas,domicilios_V01674,double,int32,443156,0,0,0,0,2056
2022_tracts_indigenas,domicilios_V01675,double,int32,449062,0,0,0,0,301
2022_tracts_indigenas,domicilios_V01676,double,int32,448281,0,0,0,0,1374
2022_tracts_indigenas,domicilios_V01677,double,int32,449071,0,0,0,0,745
2022_tracts_indigenas,domicilios_V01678,double,int32,375027,0,0,0,0,356
2022_tracts_indigenas,domicilios_V01679,double,int32,437219,0,0,0,0,210
2022_tracts_indigenas,domicilios_V01680,double,int32,440506,0,0,0,0,403
2022_tracts_indigenas,domicilios_V01681,double,int32,447946,0,0,0,0,35
2022_tracts_indigenas,domicilios_V01682,double,int32,447251,0,0,0,0,227
2022_tracts_indigenas,domicilios_V01683,double,int32,448454,0,0,0,0,170
2022_tracts_indigenas,domicilios_V01684,double,int32,383205,0,0,0,0,1773
2022_tracts_indigenas,domicilios_V01685,double,int32,441494,0,0,0,0,2271
2022_tracts_indigenas,domicilios_V01686,double,int32,368684,0,0,0,0,360
2022_tracts_indigenas,domicilios_V01687,double,int32,438570,0,0,0,0,406
2022_tracts_indigenas,domicilios_V01688,double,int32,431686,0,0,0,0,39
2022_tracts_indigenas,domicilios_V01689,double,int32,365260,0,0,0,0,448
2022_tracts_indigenas,name_aglomerado,string,string,30616,30616,0,0,,
2022_tracts_indigenas,name_district,string,string,458772,458772,0,0,,
2022_tracts_indigenas,name_favela,string,string,33262,33262,0,7,,
2022_tracts_indigenas,name_immediate,string,string,458772,458772,0,0,,
2022_tracts_indigenas,name_intermediate,string,string,458772,458772,0,0,,
2022_tracts_indigenas,name_muni,string,string,458772,458772,0,0,,
2022_tracts_indigenas,name_neighborhood,string,string,165353,165256,0,0,1,34
2022_tracts_indigenas,name_nucleo_urbano,string,string,12146,12142,0,0,1,3
2022_tracts_indigenas,name_region,string,string,458772,458772,0,0,,
2022_tracts_indigenas,name_state,string,string,458772,458772,0,0,,
2022_tracts_indigenas,name_subdistrict,string,string,69735,69735,0,0,,
2022_tracts_indigenas,name_urban_concentration,string,string,255506,255506,0,0,,
2022_tracts_indigenas,pessoas_V01690,double,int32,378403,0,0,0,0,2271
2022_tracts_indigenas,pessoas_V01691,double,int32,391736,0,0,0,0,1113
2022_tracts_indigenas,pessoas_V01692,double,int32,388968,0,0,0,0,1158
2022_tracts_indigenas,pessoas_V01693,double,int32,412308,0,0,0,0,1603
2022_tracts_indigenas,pessoas_V01694,double,int32,386248,0,0,0,0,578
2022_tracts_indigenas,pessoas_V01695,double,int32,408703,0,0,0,0,141
2022_tracts_indigenas,pessoas_V01696,double,int32,427696,0,0,0,0,951
2022_tracts_indigenas,pessoas_V01697,double,int32,413202,0,0,0,0,652
2022_tracts_indigenas,pessoas_V01698,double,int32,386248,0,0,0,0,578
2022_tracts_indigenas,pessoas_V01699,double,int32,408703,0,0,0,0,141
2022_tracts_indigenas,pessoas_V01700,double,int32,427696,0,0,0,0,951
2022_tracts_indigenas,pessoas_V01701,double,int32,413202,0,0,0,0,652
2022_tracts_indigenas,pessoas_V01702,double,int32,396590,0,0,0,0,475
2022_tracts_indigenas,pessoas_V01703,double,int32,395253,0,0,0,0,242
2022_tracts_indigenas,pessoas_V01704,double,int32,419814,0,0,0,0,790
2022_tracts_indigenas,pessoas_V01705,double,int32,404249,0,0,0,0,299
2022_tracts_indigenas,pessoas_V01706,double,int32,423378,0,0,0,0,75
2022_tracts_indigenas,pessoas_V01707,double,int32,419084,0,0,0,0,813
2022_tracts_indigenas,pessoas_V01708,double,int32,401340,0,0,0,0,286
2022_tracts_indigenas,pessoas_V01709,double,int32,417931,0,0,0,0,79
2022_tracts_indigenas,pessoas_V01710,double,int32,431844,0,0,0,0,467
2022_tracts_indigenas,pessoas_V01711,double,int32,424088,0,0,0,0,340
2022_tracts_indigenas,pessoas_V01712,double,int32,404249,0,0,0,0,299
2022_tracts_indigenas,pessoas_V01713,double,int32,423378,0,0,0,0,75
2022_tracts_indigenas,pessoas_V01714,double,int32,432179,0,0,0,0,501
2022_tracts_indigenas,pessoas_V01715,double,int32,421375,0,0,0,0,325
2022_tracts_indigenas,pessoas_V01716,double,int32,401340,0,0,0,0,286
2022_tracts_indigenas,pessoas_V01717,double,int32,417931,0,0,0,0,79
2022_tracts_indigenas,pessoas_V01718,double,int32,431844,0,0,0,0,467
2022_tracts_indigenas,pessoas_V01719,double,int32,424088,0,0,0,0,340
2022_tracts_indigenas,pessoas_V01720,double,int32,412415,0,0,0,0,244
2022_tracts_indigenas,pessoas_V01721,double,int32,412854,0,0,0,0,122
2022_tracts_indigenas,pessoas_V01722,double,int32,432179,0,0,0,0,501
2022_tracts_indigenas,pessoas_V01723,double,int32,421375,0,0,0,0,325
2022_tracts_indigenas,pessoas_V01724,double,int32,410001,0,0,0,0,244
2022_tracts_indigenas,pessoas_V01725,double,int32,407378,0,0,0,0,123
2022_tracts_indigenas,pessoas_V01726,double,int32,431109,0,0,0,0,249
2022_tracts_indigenas,pessoas_V01727,double,int32,427376,0,0,0,0,239
2022_tracts_indigenas,pessoas_V01728,double,int32,425379,0,0,0,0,177
2022_tracts_indigenas,pessoas_V01729,double,int32,424588,0,0,0,0,150
2022_tracts_indigenas,pessoas_V01730,double,int32,423664,0,0,0,0,136
2022_tracts_indigenas,pessoas_V01731,double,int32,423039,0,0,0,0,109
2022_tracts_indigenas,pessoas_V01732,double,int32,424289,0,0,0,0,99
2022_tracts_indigenas,pessoas_V01733,double,int32,425201,0,0,0,0,63
2022_tracts_indigenas,pessoas_V01734,double,int32,426407,0,0,0,0,55
2022_tracts_indigenas,pessoas_V01735,double,int32,428103,0,0,0,0,50
2022_tracts_indigenas,pessoas_V01736,double,int32,430721,0,0,0,0,46
2022_tracts_indigenas,pessoas_V01737,double,int32,428973,0,0,0,0,48
2022_tracts_indigenas,pessoas_V01738,double,int32,437087,0,0,0,0,70
2022_tracts_indigenas,pessoas_V01739,double,int32,435850,0,0,0,0,128
2022_tracts_indigenas,pessoas_V01740,double,int32,433959,0,0,0,0,121
2022_tracts_indigenas,pessoas_V01741,double,int32,432776,0,0,0,0,96
2022_tracts_indigenas,pessoas_V01742,double,int32,432569,0,0,0,0,88
2022_tracts_indigenas,pessoas_V01743,double,int32,431921,0,0,0,0,69
2022_tracts_indigenas,pessoas_V01744,double,int32,431669,0,0,0,0,57
2022_tracts_indigenas,pessoas_V01745,double,int32,432802,0,0,0,0,47
2022_tracts_indigenas,pessoas_V01746,double,int32,433794,0,0,0,0,37
2022_tracts_indigenas,pessoas_V01747,double,int32,434750,0,0,0,0,30
2022_tracts_indigenas,pessoas_V01748,double,int32,436407,0,0,0,0,26
2022_tracts_indigenas,pessoas_V01749,double,int32,438383,0,0,0,0,32
2022_tracts_indigenas,pessoas_V01750,double,int32,437305,0,0,0,0,22
2022_tracts_indigenas,pessoas_V01751,double,int32,443066,0,0,0,0,40
2022_tracts_indigenas,pessoas_V01752,double,int32,435167,0,0,0,0,121
2022_tracts_indigenas,pessoas_V01753,double,int32,432323,0,0,0,0,119
2022_tracts_indigenas,pessoas_V01754,double,int32,431498,0,0,0,0,93
2022_tracts_indigenas,pessoas_V01755,double,int32,431141,0,0,0,0,74
2022_tracts_indigenas,pessoas_V01756,double,int32,430667,0,0,0,0,67
2022_tracts_indigenas,pessoas_V01757,double,int32,430669,0,0,0,0,55
2022_tracts_indigenas,pessoas_V01758,double,int32,431661,0,0,0,0,52
2022_tracts_indigenas,pessoas_V01759,double,int32,432417,0,0,0,0,33
2022_tracts_indigenas,pessoas_V01760,double,int32,433152,0,0,0,0,31
2022_tracts_indigenas,pessoas_V01761,double,int32,434506,0,0,0,0,31
2022_tracts_indigenas,pessoas_V01762,double,int32,436281,0,0,0,0,22
2022_tracts_indigenas,pessoas_V01763,double,int32,434494,0,0,0,0,28
2022_tracts_indigenas,pessoas_V01764,double,int32,440233,0,0,0,0,30
2022_tracts_indigenas,pessoas_V01765,double,int32,441944,0,0,0,0,80
2022_tracts_indigenas,pessoas_V01766,double,int32,441897,0,0,0,0,93
2022_tracts_indigenas,pessoas_V01767,double,int32,441636,0,0,0,0,62
2022_tracts_indigenas,pessoas_V01768,double,int32,441285,0,0,0,0,79
2022_tracts_indigenas,pessoas_V01769,double,int32,441280,0,0,0,0,75
2022_tracts_indigenas,pessoas_V01770,double,int32,441192,0,0,0,0,61
2022_tracts_indigenas,pessoas_V01771,double,int32,441057,0,0,0,0,73
2022_tracts_indigenas,pessoas_V01772,double,int32,440909,0,0,0,0,66
2022_tracts_indigenas,pessoas_V01773,double,int32,440928,0,0,0,0,64
2022_tracts_indigenas,pessoas_V01774,double,int32,440769,0,0,0,0,52
2022_tracts_indigenas,pessoas_V01775,double,int32,440988,0,0,0,0,55
2022_tracts_indigenas,pessoas_V01776,double,int32,440747,0,0,0,0,66
2022_tracts_indigenas,pessoas_V01777,double,int32,440624,0,0,0,0,68
2022_tracts_indigenas,pessoas_V01778,double,int32,440392,0,0,0,0,49
2022_tracts_indigenas,pessoas_V01779,double,int32,440409,0,0,0,0,64
2022_tracts_indigenas,pessoas_V01780,double,int32,440345,0,0,0,0,48
2022_tracts_indigenas,pessoas_V01781,double,int32,440270,0,0,0,0,56
2022_tracts_indigenas,pessoas_V01782,double,int32,440128,0,0,0,0,57
2022_tracts_indigenas,pessoas_V01783,double,int32,439713,0,0,0,0,51
2022_tracts_indigenas,pessoas_V01784,double,int32,439669,0,0,0,0,59
2022_tracts_indigenas,pessoas_V01785,double,int32,439512,0,0,0,0,57
2022_tracts_indigenas,pessoas_V01786,double,int32,439252,0,0,0,0,51
2022_tracts_indigenas,pessoas_V01787,double,int32,438948,0,0,0,0,50
2022_tracts_indigenas,pessoas_V01788,double,int32,438997,0,0,0,0,52
2022_tracts_indigenas,pessoas_V01789,double,int32,439133,0,0,0,0,40
2022_tracts_indigenas,pessoas_V01790,double,int32,438956,0,0,0,0,43
2022_tracts_indigenas,pessoas_V01791,double,int32,438995,0,0,0,0,47
2022_tracts_indigenas,pessoas_V01792,double,int32,439146,0,0,0,0,40
2022_tracts_indigenas,pessoas_V01793,double,int32,439195,0,0,0,0,33
2022_tracts_indigenas,pessoas_V01794,double,int32,439598,0,0,0,0,40
2022_tracts_indigenas,pessoas_V01795,double,int32,438995,0,0,0,0,36
2022_tracts_indigenas,pessoas_V01796,double,int32,439900,0,0,0,0,31
2022_tracts_indigenas,pessoas_V01797,double,int32,439421,0,0,0,0,59
2022_tracts_indigenas,pessoas_V01798,double,int32,439586,0,0,0,0,22
2022_tracts_indigenas,pessoas_V01799,double,int32,439268,0,0,0,0,32
2022_tracts_indigenas,pessoas_V01800,double,int32,439167,0,0,0,0,33
2022_tracts_indigenas,pessoas_V01801,double,int32,439074,0,0,0,0,32
2022_tracts_indigenas,pessoas_V01802,double,int32,439189,0,0,0,0,31
2022_tracts_indigenas,pessoas_V01803,double,int32,439225,0,0,0,0,37
2022_tracts_indigenas,pessoas_V01804,double,int32,439386,0,0,0,0,25
2022_tracts_indigenas,pessoas_V01805,double,int32,438663,0,0,0,0,28
2022_tracts_indigenas,pessoas_V01806,double,int32,439459,0,0,0,0,32
2022_tracts_indigenas,pessoas_V01807,double,int32,439028,0,0,0,0,26
2022_tracts_indigenas,pessoas_V01808,double,int32,439618,0,0,0,0,21
2022_tracts_indigenas,pessoas_V01809,double,int32,439866,0,0,0,0,20
2022_tracts_indigenas,pessoas_V01810,double,int32,439827,0,0,0,0,25
2022_tracts_indigenas,pessoas_V01811,double,int32,439993,0,0,0,0,20
2022_tracts_indigenas,pessoas_V01812,double,int32,440100,0,0,0,0,20
2022_tracts_indigenas,pessoas_V01813,double,int32,440243,0,0,0,0,25
2022_tracts_indigenas,pessoas_V01814,double,int32,440417,0,0,0,0,21
2022_tracts_indigenas,pessoas_V01815,double,int32,440329,0,0,0,0,21
2022_tracts_indigenas,pessoas_V01816,double,int32,440965,0,0,0,0,16
2022_tracts_indigenas,pessoas_V01817,double,int32,440360,0,0,0,0,18
2022_tracts_indigenas,pessoas_V01818,double,int32,441010,0,0,0,0,16
2022_tracts_indigenas,pessoas_V01819,double,int32,441106,0,0,0,0,14
2022_tracts_indigenas,pessoas_V01820,double,int32,441119,0,0,0,0,19
2022_tracts_indigenas,pessoas_V01821,double,int32,441135,0,0,0,0,14
2022_tracts_indigenas,pessoas_V01822,double,int32,441424,0,0,0,0,17
2022_tracts_indigenas,pessoas_V01823,double,int32,441357,0,0,0,0,15
2022_tracts_indigenas,pessoas_V01824,double,int32,441747,0,0,0,0,15
2022_tracts_indigenas,pessoas_V01825,double,int32,441554,0,0,0,0,25
2022_tracts_indigenas,pessoas_V01826,double,int32,442463,0,0,0,0,12
2022_tracts_indigenas,pessoas_V01827,double,int32,442120,0,0,0,0,15
2022_tracts_indigenas,pessoas_V01828,double,int32,442781,0,0,0,0,15
2022_tracts_indigenas,pessoas_V01829,double,int32,442740,0,0,0,0,11
2022_tracts_indigenas,pessoas_V01830,double,int32,442870,0,0,0,0,15
2022_tracts_indigenas,pessoas_V01831,double,int32,443255,0,0,0,0,13
2022_tracts_indigenas,pessoas_V01832,double,int32,443443,0,0,0,0,10
2022_tracts_indigenas,pessoas_V01833,double,int32,443755,0,0,0,0,12
2022_tracts_indigenas,pessoas_V01834,double,int32,444246,0,0,0,0,9
2022_tracts_indigenas,pessoas_V01835,double,int32,444099,0,0,0,0,14
2022_tracts_indigenas,pessoas_V01836,double,int32,445007,0,0,0,0,9
2022_tracts_indigenas,pessoas_V01837,double,int32,444855,0,0,0,0,7
2022_tracts_indigenas,pessoas_V01838,double,int32,445530,0,0,0,0,8
2022_tracts_indigenas,pessoas_V01839,double,int32,445773,0,0,0,0,7
2022_tracts_indigenas,pessoas_V01840,double,int32,445897,0,0,0,0,7
2022_tracts_indigenas,pessoas_V01841,double,int32,446341,0,0,0,0,7
2022_tracts_indigenas,pessoas_V01842,double,int32,446503,0,0,0,0,5
2022_tracts_indigenas,pessoas_V01843,double,int32,446638,0,0,0,0,6
2022_tracts_indigenas,pessoas_V01844,double,int32,447137,0,0,0,0,6
2022_tracts_indigenas,pessoas_V01845,double,int32,447153,0,0,0,0,8
2022_tracts_indigenas,pessoas_V01846,double,int32,447654,0,0,0,0,6
2022_tracts_indigenas,pessoas_V01847,double,int32,447320,0,0,0,0,12
2022_tracts_indigenas,pessoas_V01848,double,int32,448023,0,0,0,0,7
2022_tracts_indigenas,pessoas_V01849,double,int32,448152,0,0,0,0,9
2022_tracts_indigenas,pessoas_V01850,double,int32,448473,0,0,0,0,5
2022_tracts_indigenas,pessoas_V01851,double,int32,448424,0,0,0,0,5
2022_tracts_indigenas,pessoas_V01852,double,int32,448729,0,0,0,0,6
2022_tracts_indigenas,pessoas_V01853,double,int32,449001,0,0,0,0,3
2022_tracts_indigenas,pessoas_V01854,double,int32,449130,0,0,0,0,5
2022_tracts_indigenas,pessoas_V01855,double,int32,449205,0,0,0,0,4
2022_tracts_indigenas,pessoas_V01856,double,int32,449372,0,0,0,0,3
2022_tracts_indigenas,pessoas_V01857,double,int32,449349,0,0,0,0,3
2022_tracts_indigenas,pessoas_V01858,double,int32,449653,0,0,0,0,0
2022_tracts_indigenas,pessoas_V01859,double,int32,449683,0,0,0,0,4
2022_tracts_indigenas,pessoas_V01860,double,int32,449792,0,0,0,0,4
2022_tracts_indigenas,pessoas_V01861,double,int32,449776,0,0,0,0,3
2022_tracts_indigenas,pessoas_V01862,double,int32,449850,0,0,0,0,3
2022_tracts_indigenas,pessoas_V01863,double,int32,449873,0,0,0,0,0
2022_tracts_indigenas,pessoas_V01864,double,int32,449901,0,0,0,0,0
2022_tracts_indigenas,pessoas_V01865,double,int32,449442,0,0,0,0,7
2022_tracts_indigenas,pessoas_V01866,double,int32,443934,0,0,0,0,40
2022_tracts_indigenas,pessoas_V01867,double,int32,443935,0,0,0,0,43
2022_tracts_indigenas,pessoas_V01868,double,int32,443601,0,0,0,0,38
2022_tracts_indigenas,pessoas_V01869,double,int32,443490,0,0,0,0,42
2022_tracts_indigenas,pessoas_V01870,double,int32,443517,0,0,0,0,38
2022_tracts_indigenas,pessoas_V01871,double,int32,443531,0,0,0,0,32
2022_tracts_indigenas,pessoas_V01872,double,int32,443438,0,0,0,0,35
2022_tracts_indigenas,pessoas_V01873,double,int32,443384,0,0,0,0,33
2022_tracts_indigenas,pessoas_V01874,double,int32,443462,0,0,0,0,37
2022_tracts_indigenas,pessoas_V01875,double,int32,443233,0,0,0,0,27
2022_tracts_indigenas,pessoas_V01876,double,int32,443474,0,0,0,0,28
2022_tracts_indigenas,pessoas_V01877,double,int32,443315,0,0,0,0,38
2022_tracts_indigenas,pessoas_V01878,double,int32,443352,0,0,0,0,38
2022_tracts_indigenas,pessoas_V01879,double,int32,443303,0,0,0,0,30
2022_tracts_indigenas,pessoas_V01880,double,int32,443273,0,0,0,0,40
2022_tracts_indigenas,pessoas_V01881,double,int32,443129,0,0,0,0,27
2022_tracts_indigenas,pessoas_V01882,double,int32,443197,0,0,0,0,40
2022_tracts_indigenas,pessoas_V01883,double,int32,443116,0,0,0,0,32
2022_tracts_indigenas,pessoas_V01884,double,int32,442955,0,0,0,0,27
2022_tracts_indigenas,pessoas_V01885,double,int32,443076,0,0,0,0,30
2022_tracts_indigenas,pessoas_V01886,double,int32,442819,0,0,0,0,28
2022_tracts_indigenas,pessoas_V01887,double,int32,442840,0,0,0,0,31
2022_tracts_indigenas,pessoas_V01888,double,int32,442675,0,0,0,0,28
2022_tracts_indigenas,pessoas_V01889,double,int32,442942,0,0,0,0,30
2022_tracts_indigenas,pessoas_V01890,double,int32,442978,0,0,0,0,24
2022_tracts_indigenas,pessoas_V01891,double,int32,442948,0,0,0,0,22
2022_tracts_indigenas,pessoas_V01892,double,int32,443135,0,0,0,0,27
2022_tracts_indigenas,pessoas_V01893,double,int32,443114,0,0,0,0,22
2022_tracts_indigenas,pessoas_V01894,double,int32,443103,0,0,0,0,20
2022_tracts_indigenas,pessoas_V01895,double,int32,443507,0,0,0,0,26
2022_tracts_indigenas,pessoas_V01896,double,int32,443019,0,0,0,0,20
2022_tracts_indigenas,pessoas_V01897,double,int32,443804,0,0,0,0,16
2022_tracts_indigenas,pessoas_V01898,double,int32,443567,0,0,0,0,39
2022_tracts_indigenas,pessoas_V01899,double,int32,443525,0,0,0,0,15
2022_tracts_indigenas,pessoas_V01900,double,int32,443474,0,0,0,0,18
2022_tracts_indigenas,pessoas_V01901,double,int32,443251,0,0,0,0,16
2022_tracts_indigenas,pessoas_V01902,double,int32,443293,0,0,0,0,19
2022_tracts_indigenas,pessoas_V01903,double,int32,443342,0,0,0,0,17
2022_tracts_indigenas,pessoas_V01904,double,int32,443432,0,0,0,0,16
2022_tracts_indigenas,pessoas_V01905,double,int32,443463,0,0,0,0,16
2022_tracts_indigenas,pessoas_V01906,double,int32,443011,0,0,0,0,16
2022_tracts_indigenas,pessoas_V01907,double,int32,443568,0,0,0,0,19
2022_tracts_indigenas,pessoas_V01908,double,int32,443275,0,0,0,0,17
2022_tracts_indigenas,pessoas_V01909,double,int32,443728,0,0,0,0,13
2022_tracts_indigenas,pessoas_V01910,double,int32,443768,0,0,0,0,12
2022_tracts_indigenas,pessoas_V01911,double,int32,443848,0,0,0,0,14
2022_tracts_indigenas,pessoas_V01912,double,int32,443988,0,0,0,0,11
2022_tracts_indigenas,pessoas_V01913,double,int32,444118,0,0,0,0,10
2022_tracts_indigenas,pessoas_V01914,double,int32,444156,0,0,0,0,17
2022_tracts_indigenas,pessoas_V01915,double,int32,444476,0,0,0,0,12
2022_tracts_indigenas,pessoas_V01916,double,int32,444280,0,0,0,0,14
2022_tracts_indigenas,pessoas_V01917,double,int32,444883,0,0,0,0,10
2022_tracts_indigenas,pessoas_V01918,double,int32,444456,0,0,0,0,10
2022_tracts_indigenas,pessoas_V01919,double,int32,444959,0,0,0,0,9
2022_tracts_indigenas,pessoas_V01920,double,int32,444945,0,0,0,0,7
2022_tracts_indigenas,pessoas_V01921,double,int32,445060,0,0,0,0,10
2022_tracts_indigenas,pessoas_V01922,double,int32,445044,0,0,0,0,7
2022_tracts_indigenas,pessoas_V01923,double,int32,445266,0,0,0,0,11
2022_tracts_indigenas,pessoas_V01924,double,int32,445181,0,0,0,0,7
2022_tracts_indigenas,pessoas_V01925,double,int32,445515,0,0,0,0,10
2022_tracts_indigenas,pessoas_V01926,double,int32,445457,0,0,0,0,10
2022_tracts_indigenas,pessoas_V01927,double,int32,445957,0,0,0,0,7
2022_tracts_indigenas,pessoas_V01928,double,int32,445714,0,0,0,0,8
2022_tracts_indigenas,pessoas_V01929,double,int32,446092,0,0,0,0,10
2022_tracts_indigenas,pessoas_V01930,double,int32,446124,0,0,0,0,6
2022_tracts_indigenas,pessoas_V01931,double,int32,446292,0,0,0,0,10
2022_tracts_indigenas,pessoas_V01932,double,int32,446504,0,0,0,0,8
2022_tracts_indigenas,pessoas_V01933,double,int32,446645,0,0,0,0,6
2022_tracts_indigenas,pessoas_V01934,double,int32,446848,0,0,0,0,8
2022_tracts_indigenas,pessoas_V01935,double,int32,447028,0,0,0,0,6
2022_tracts_indigenas,pessoas_V01936,double,int32,447055,0,0,0,0,10
2022_tracts_indigenas,pessoas_V01937,double,int32,447599,0,0,0,0,6
2022_tracts_indigenas,pessoas_V01938,double,int32,447449,0,0,0,0,5
2022_tracts_indigenas,pessoas_V01939,double,int32,447857,0,0,0,0,6
2022_tracts_indigenas,pessoas_V01940,double,int32,447936,0,0,0,0,5
2022_tracts_indigenas,pessoas_V01941,double,int32,447978,0,0,0,0,4
2022_tracts_indigenas,pessoas_V01942,double,int32,448261,0,0,0,0,6
2022_tracts_indigenas,pessoas_V01943,double,int32,448410,0,0,0,0,4
2022_tracts_indigenas,pessoas_V01944,double,int32,448463,0,0,0,0,6
2022_tracts_indigenas,pessoas_V01945,double,int32,448750,0,0,0,0,4
2022_tracts_indigenas,pessoas_V01946,double,int32,448753,0,0,0,0,4
2022_tracts_indigenas,pessoas_V01947,double,int32,448963,0,0,0,0,4
2022_tracts_indigenas,pessoas_V01948,double,int32,448763,0,0,0,0,5
2022_tracts_indigenas,pessoas_V01949,double,int32,449210,0,0,0,0,6
2022_tracts_indigenas,pessoas_V01950,double,int32,449258,0,0,0,0,7
2022_tracts_indigenas,pessoas_V01951,double,int32,449386,0,0,0,0,3
2022_tracts_indigenas,pessoas_V01952,double,int32,449386,0,0,0,0,4
2022_tracts_indigenas,pessoas_V01953,double,int32,449500,0,0,0,0,0
2022_tracts_indigenas,pessoas_V01954,double,int32,449637,0,0,0,0,0
2022_tracts_indigenas,pessoas_V01955,double,int32,449697,0,0,0,0,3
2022_tracts_indigenas,pessoas_V01956,double,int32,449748,0,0,0,0,3
2022_tracts_indigenas,pessoas_V01957,double,int32,449815,0,0,0,0,0
2022_tracts_indigenas,pessoas_V01958,double,int32,449782,0,0,0,0,0
2022_tracts_indigenas,pessoas_V01959,double,int32,449944,0,0,0,0,0
2022_tracts_indigenas,pessoas_V01960,double,int32,449941,0,0,0,0,4
2022_tracts_indigenas,pessoas_V01961,double,int32,449971,0,0,0,0,0
2022_tracts_indigenas,pessoas_V01962,double,int32,449968,0,0,0,0,0
2022_tracts_indigenas,pessoas_V01963,double,int32,449995,0,0,0,0,0
2022_tracts_indigenas,pessoas_V01964,double,int32,450013,0,0,0,0,0
2022_tracts_indigenas,pessoas_V01965,double,int32,450028,0,0,0,0,0
2022_tracts_indigenas,pessoas_V01966,double,int32,449853,0,0,0,0,6
2022_tracts_indigenas,pessoas_V01967,double,int32,443991,0,0,0,0,44
2022_tracts_indigenas,pessoas_V01968,double,int32,443911,0,0,0,0,55
2022_tracts_indigenas,pessoas_V01969,double,int32,443901,0,0,0,0,34
2022_tracts_indigenas,pessoas_V01970,double,int32,443582,0,0,0,0,37
2022_tracts_indigenas,pessoas_V01971,double,int32,443569,0,0,0,0,37
2022_tracts_indigenas,pessoas_V01972,double,int32,443663,0,0,0,0,33
2022_tracts_indigenas,pessoas_V01973,double,int32,443551,0,0,0,0,44
2022_tracts_indigenas,pessoas_V01974,double,int32,443463,0,0,0,0,42
2022_tracts_indigenas,pessoas_V01975,double,int32,443551,0,0,0,0,27
2022_tracts_indigenas,pessoas_V01976,double,int32,443581,0,0,0,0,29
2022_tracts_indigenas,pessoas_V01977,double,int32,443526,0,0,0,0,31
2022_tracts_indigenas,pessoas_V01978,double,int32,443451,0,0,0,0,33
2022_tracts_indigenas,pessoas_V01979,double,int32,443383,0,0,0,0,33
2022_tracts_indigenas,pessoas_V01980,double,int32,443182,0,0,0,0,25
2022_tracts_indigenas,pessoas_V01981,double,int32,443238,0,0,0,0,24
2022_tracts_indigenas,pessoas_V01982,double,int32,443220,0,0,0,0,22
2022_tracts_indigenas,pessoas_V01983,double,int32,443052,0,0,0,0,28
2022_tracts_indigenas,pessoas_V01984,double,int32,443156,0,0,0,0,28
2022_tracts_indigenas,pessoas_V01985,double,int32,442881,0,0,0,0,26
2022_tracts_indigenas,pessoas_V01986,double,int32,442768,0,0,0,0,32
2022_tracts_indigenas,pessoas_V01987,double,int32,442730,0,0,0,0,29
2022_tracts_indigenas,pessoas_V01988,double,int32,442747,0,0,0,0,28
2022_tracts_indigenas,pessoas_V01989,double,int32,442300,0,0,0,0,29
2022_tracts_indigenas,pessoas_V01990,double,int32,442525,0,0,0,0,25
2022_tracts_indigenas,pessoas_V01991,double,int32,442750,0,0,0,0,23
2022_tracts_indigenas,pessoas_V01992,double,int32,442527,0,0,0,0,25
2022_tracts_indigenas,pessoas_V01993,double,int32,442573,0,0,0,0,22
2022_tracts_indigenas,pessoas_V01994,double,int32,442784,0,0,0,0,28
2022_tracts_indigenas,pessoas_V01995,double,int32,442909,0,0,0,0,17
2022_tracts_indigenas,pessoas_V01996,double,int32,443128,0,0,0,0,24
2022_tracts_indigenas,pessoas_V01997,double,int32,442736,0,0,0,0,22
2022_tracts_indigenas,pessoas_V01998,double,int32,443283,0,0,0,0,17
2022_tracts_indigenas,pessoas_V01999,double,int32,443049,0,0,0,0,20
2022_tracts_indigenas,pessoas_V02000,double,int32,443181,0,0,0,0,14
2022_tracts_indigenas,pessoas_V02001,double,int32,442938,0,0,0,0,19
2022_tracts_indigenas,pessoas_V02002,double,int32,443006,0,0,0,0,17
2022_tracts_indigenas,pessoas_V02003,double,int32,442827,0,0,0,0,17
2022_tracts_indigenas,pessoas_V02004,double,int32,443004,0,0,0,0,18
2022_tracts_indigenas,pessoas_V02005,double,int32,442985,0,0,0,0,21
2022_tracts_indigenas,pessoas_V02006,double,int32,443150,0,0,0,0,14
2022_tracts_indigenas,pessoas_V02007,double,int32,442585,0,0,0,0,17
2022_tracts_indigenas,pessoas_V02008,double,int32,443265,0,0,0,0,15
2022_tracts_indigenas,pessoas_V02009,double,int32,442973,0,0,0,0,17
2022_tracts_indigenas,pessoas_V02010,double,int32,443310,0,0,0,0,12
2022_tracts_indigenas,pessoas_V02011,double,int32,443597,0,0,0,0,11
2022_tracts_indigenas,pessoas_V02012,double,int32,443599,0,0,0,0,13
2022_tracts_indigenas,pessoas_V02013,double,int32,443647,0,0,0,0,14
2022_tracts_indigenas,pessoas_V02014,double,int32,443804,0,0,0,0,12
2022_tracts_indigenas,pessoas_V02015,double,int32,444023,0,0,0,0,13
2022_tracts_indigenas,pessoas_V02016,double,int32,443899,0,0,0,0,15
2022_tracts_indigenas,pessoas_V02017,double,int32,443942,0,0,0,0,9
2022_tracts_indigenas,pessoas_V02018,double,int32,444349,0,0,0,0,10
2022_tracts_indigenas,pessoas_V02019,double,int32,443998,0,0,0,0,9
2022_tracts_indigenas,pessoas_V02020,double,int32,444341,0,0,0,0,11
2022_tracts_indigenas,pessoas_V02021,double,int32,444459,0,0,0,0,8
2022_tracts_indigenas,pessoas_V02022,double,int32,444390,0,0,0,0,9
2022_tracts_indigenas,pessoas_V02023,double,int32,444478,0,0,0,0,9
2022_tracts_indigenas,pessoas_V02024,double,int32,444663,0,0,0,0,9
2022_tracts_indigenas,pessoas_V02025,double,int32,444591,0,0,0,0,9
2022_tracts_indigenas,pessoas_V02026,double,int32,444808,0,0,0,0,7
2022_tracts_indigenas,pessoas_V02027,double,int32,444716,0,0,0,0,15
2022_tracts_indigenas,pessoas_V02028,double,int32,445356,0,0,0,0,6
2022_tracts_indigenas,pessoas_V02029,double,int32,445114,0,0,0,0,8
2022_tracts_indigenas,pessoas_V02030,double,int32,445610,0,0,0,0,8
2022_tracts_indigenas,pessoas_V02031,double,int32,445566,0,0,0,0,6
2022_tracts_indigenas,pessoas_V02032,double,int32,445579,0,0,0,0,7
2022_tracts_indigenas,pessoas_V02033,double,int32,445904,0,0,0,0,8
2022_tracts_indigenas,pessoas_V02034,double,int32,446047,0,0,0,0,7
2022_tracts_indigenas,pessoas_V02035,double,int32,446142,0,0,0,0,8
2022_tracts_indigenas,pessoas_V02036,double,int32,446601,0,0,0,0,6
2022_tracts_indigenas,pessoas_V02037,double,int32,446373,0,0,0,0,5
2022_tracts_indigenas,pessoas_V02038,double,int32,446975,0,0,0,0,7
2022_tracts_indigenas,pessoas_V02039,double,int32,446837,0,0,0,0,6
2022_tracts_indigenas,pessoas_V02040,double,int32,447345,0,0,0,0,6
2022_tracts_indigenas,pessoas_V02041,double,int32,447475,0,0,0,0,6
2022_tracts_indigenas,pessoas_V02042,double,int32,447600,0,0,0,0,6
2022_tracts_indigenas,pessoas_V02043,double,int32,447842,0,0,0,0,4
2022_tracts_indigenas,pessoas_V02044,double,int32,447878,0,0,0,0,4
2022_tracts_indigenas,pessoas_V02045,double,int32,447977,0,0,0,0,5
2022_tracts_indigenas,pessoas_V02046,double,int32,448266,0,0,0,0,4
2022_tracts_indigenas,pessoas_V02047,double,int32,448262,0,0,0,0,4
2022_tracts_indigenas,pessoas_V02048,double,int32,448611,0,0,0,0,4
2022_tracts_indigenas,pessoas_V02049,double,int32,448458,0,0,0,0,8
2022_tracts_indigenas,pessoas_V02050,double,int32,448792,0,0,0,0,3
2022_tracts_indigenas,pessoas_V02051,double,int32,448871,0,0,0,0,5
2022_tracts_indigenas,pessoas_V02052,double,int32,449102,0,0,0,0,3
2022_tracts_indigenas,pessoas_V02053,double,int32,449050,0,0,0,0,3
2022_tracts_indigenas,pessoas_V02054,double,int32,449266,0,0,0,0,4
2022_tracts_indigenas,pessoas_V02055,double,int32,449428,0,0,0,0,3
2022_tracts_indigenas,pessoas_V02056,double,int32,449500,0,0,0,0,0
2022_tracts_indigenas,pessoas_V02057,double,int32,449516,0,0,0,0,3
2022_tracts_indigenas,pessoas_V02058,double,int32,449629,0,0,0,0,3
2022_tracts_indigenas,pessoas_V02059,double,int32,449644,0,0,0,0,0
2022_tracts_indigenas,pessoas_V02060,double,int32,449797,0,0,0,0,0
2022_tracts_indigenas,pessoas_V02061,double,int32,449827,0,0,0,0,0
2022_tracts_indigenas,pessoas_V02062,double,int32,449897,0,0,0,0,0
2022_tracts_indigenas,pessoas_V02063,double,int32,449891,0,0,0,0,3
2022_tracts_indigenas,pessoas_V02064,double,int32,449939,0,0,0,0,0
2022_tracts_indigenas,pessoas_V02065,double,int32,449943,0,0,0,0,0
2022_tracts_indigenas,pessoas_V02066,double,int32,449959,0,0,0,0,0
2022_tracts_indigenas,pessoas_V02067,double,int32,449631,0,0,0,0,4
2022_tracts_indigenas,pessoas_V02068,double,int32,435892,0,0,0,0,376
2022_tracts_indigenas,pessoas_V02069,double,int32,434193,0,0,0,0,290
2022_tracts_indigenas,pessoas_V02070,double,int32,433439,0,0,0,0,285
2022_tracts_indigenas,pessoas_V02071,double,int32,431109,0,0,0,0,249
2022_tracts_indigenas,pessoas_V02072,double,int32,427376,0,0,0,0,239
2022_tracts_indigenas,pessoas_V02073,double,int32,425379,0,0,0,0,177
2022_tracts_indigenas,pessoas_V02074,double,int32,413083,0,0,0,0,283
2022_tracts_indigenas,pessoas_V02075,double,int32,412014,0,0,0,0,201
2022_tracts_indigenas,pessoas_V02076,double,int32,414697,0,0,0,0,106
2022_tracts_indigenas,pessoas_V02077,double,int32,419459,0,0,0,0,80
2022_tracts_indigenas,pessoas_V02078,double,int32,423920,0,0,0,0,102
2022_tracts_indigenas,pessoas_V02079,double,int32,438669,0,0,0,0,177
2022_tracts_indigenas,pessoas_V02080,double,int32,437455,0,0,0,0,153
2022_tracts_indigenas,pessoas_V02081,double,int32,437142,0,0,0,0,149
2022_tracts_indigenas,pessoas_V02082,double,int32,435850,0,0,0,0,128
2022_tracts_indigenas,pessoas_V02083,double,int32,433959,0,0,0,0,121
2022_tracts_indigenas,pessoas_V02084,double,int32,432776,0,0,0,0,96
2022_tracts_indigenas,pessoas_V02085,double,int32,424371,0,0,0,0,150
2022_tracts_indigenas,pessoas_V02086,double,int32,423855,0,0,0,0,101
2022_tracts_indigenas,pessoas_V02087,double,int32,426322,0,0,0,0,56
2022_tracts_indigenas,pessoas_V02088,double,int32,430529,0,0,0,0,43
2022_tracts_indigenas,pessoas_V02089,double,int32,434263,0,0,0,0,56
2022_tracts_indigenas,pessoas_V02090,double,int32,438912,0,0,0,0,199
2022_tracts_indigenas,pessoas_V02091,double,int32,437736,0,0,0,0,166
2022_tracts_indigenas,pessoas_V02092,double,int32,437071,0,0,0,0,136
2022_tracts_indigenas,pessoas_V02093,double,int32,435167,0,0,0,0,121
2022_tracts_indigenas,pessoas_V02094,double,int32,432323,0,0,0,0,119
2022_tracts_indigenas,pessoas_V02095,double,int32,431498,0,0,0,0,93
2022_tracts_indigenas,pessoas_V02096,double,int32,422373,0,0,0,0,141
2022_tracts_indigenas,pessoas_V02097,double,int32,422186,0,0,0,0,103
2022_tracts_indigenas,pessoas_V02098,double,int32,424134,0,0,0,0,61
2022_tracts_indigenas,pessoas_V02099,double,int32,427457,0,0,0,0,47
2022_tracts_indigenas,pessoas_V02100,double,int32,429955,0,0,0,0,46
2022_tracts_indigenas,pessoas_V02101,double,int32,374639,0,0,0,0,1320
2022_tracts_indigenas,pessoas_V02102,double,int32,391327,0,0,0,0,663
2022_tracts_indigenas,pessoas_V02103,double,int32,387140,0,0,0,0,657
2022_tracts_indigenas,pessoas_V02104,double,int32,378833,0,0,0,0,467
2022_tracts_indigenas,pessoas_V02105,double,int32,400436,0,0,0,0,280
2022_tracts_indigenas,pessoas_V02106,double,int32,400929,0,0,0,0,267
2022_tracts_indigenas,pessoas_V02107,double,int32,378875,0,0,0,0,466
2022_tracts_indigenas,pessoas_V02108,double,int32,400467,0,0,0,0,280
2022_tracts_indigenas,pessoas_V02109,double,int32,400955,0,0,0,0,267
2022_tracts_indigenas,pessoas_V02110,double,int32,449606,0,0,0,0,5
2022_tracts_indigenas,pessoas_V02111,double,int32,426877,0,0,0,0,130
2022_tracts_indigenas,pessoas_V02112,double,int32,396376,0,0,0,0,281
2022_tracts_indigenas,pessoas_V02113,double,int32,414321,0,0,0,0,90
2022_tracts_indigenas,pessoas_V02114,double,int32,449874,0,0,0,0,3
2022_tracts_indigenas,pessoas_V02115,double,int32,434373,0,0,0,0,80
2022_tracts_indigenas,pessoas_V02116,double,int32,412609,0,0,0,0,204
2022_tracts_indigenas,pessoas_V02117,double,int32,427293,0,0,0,0,47
2022_tracts_indigenas,pessoas_V02118,double,int32,449776,0,0,0,0,4
2022_tracts_indigenas,pessoas_V02119,double,int32,434700,0,0,0,0,109
2022_tracts_indigenas,pessoas_V02120,double,int32,414633,0,0,0,0,149
2022_tracts_indigenas,pessoas_V02121,double,int32,425670,0,0,0,0,48
2022_tracts_indigenas,pessoas_V02122,double,int32,447467,0,0,0,0,31
2022_tracts_indigenas,pessoas_V02123,double,int32,435431,0,0,0,0,77
2022_tracts_indigenas,pessoas_V02124,double,int32,416425,0,0,0,0,187
2022_tracts_indigenas,pessoas_V02125,double,int32,405945,0,0,0,0,157
2022_tracts_indigenas,pessoas_V02126,double,int32,414321,0,0,0,0,90
2022_tracts_indigenas,pessoas_V02127,double,int32,448684,0,0,0,0,19
2022_tracts_indigenas,pessoas_V02128,double,int32,440471,0,0,0,0,50
2022_tracts_indigenas,pessoas_V02129,double,int32,426817,0,0,0,0,115
2022_tracts_indigenas,pessoas_V02130,double,int32,419678,0,0,0,0,123
2022_tracts_indigenas,pessoas_V02131,double,int32,427293,0,0,0,0,47
2022_tracts_indigenas,pessoas_V02132,double,int32,448455,0,0,0,0,17
2022_tracts_indigenas,pessoas_V02133,double,int32,440872,0,0,0,0,73
2022_tracts_indigenas,pessoas_V02134,double,int32,428051,0,0,0,0,97
2022_tracts_indigenas,pessoas_V02135,double,int32,421537,0,0,0,0,80
2022_tracts_indigenas,pessoas_V02136,double,int32,425670,0,0,0,0,48
2022_tracts_indigenas,pessoas_V02137,double,int32,376164,0,0,0,0,1181
2022_tracts_indigenas,pessoas_V02138,double,int32,393239,0,0,0,0,612
2022_tracts_indigenas,pessoas_V02139,double,int32,389206,0,0,0,0,599
2022_tracts_indigenas,pessoas_V02140,double,int32,431095,0,0,0,0,230
2022_tracts_indigenas,pessoas_V02141,double,int32,427386,0,0,0,0,233
2022_tracts_indigenas,pessoas_V02142,double,int32,425515,0,0,0,0,177
2022_tracts_indigenas,pessoas_V02143,double,int32,424899,0,0,0,0,147
2022_tracts_indigenas,pessoas_V02144,double,int32,424165,0,0,0,0,135
2022_tracts_indigenas,pessoas_V02145,double,int32,423993,0,0,0,0,101
2022_tracts_indigenas,pessoas_V02146,double,int32,425655,0,0,0,0,93
2022_tracts_indigenas,pessoas_V02147,double,int32,427142,0,0,0,0,60
2022_tracts_indigenas,pessoas_V02148,double,int32,428882,0,0,0,0,49
2022_tracts_indigenas,pessoas_V02149,double,int32,430884,0,0,0,0,37
2022_tracts_indigenas,pessoas_V02150,double,int32,434064,0,0,0,0,34
2022_tracts_indigenas,pessoas_V02151,double,int32,433441,0,0,0,0,34
2022_tracts_indigenas,pessoas_V02152,double,int32,442031,0,0,0,0,15
2022_tracts_indigenas,pessoas_V02153,double,int32,435969,0,0,0,0,121
2022_tracts_indigenas,pessoas_V02154,double,int32,434150,0,0,0,0,117
2022_tracts_indigenas,pessoas_V02155,double,int32,433097,0,0,0,0,96
2022_tracts_indigenas,pessoas_V02156,double,int32,432958,0,0,0,0,81
2022_tracts_indigenas,pessoas_V02157,double,int32,432521,0,0,0,0,69
2022_tracts_indigenas,pessoas_V02158,double,int32,432692,0,0,0,0,52
2022_tracts_indigenas,pessoas_V02159,double,int32,434116,0,0,0,0,43
2022_tracts_indigenas,pessoas_V02160,double,int32,435562,0,0,0,0,37
2022_tracts_indigenas,pessoas_V02161,double,int32,436956,0,0,0,0,26
2022_tracts_indigenas,pessoas_V02162,double,int32,438645,0,0,0,0,23
2022_tracts_indigenas,pessoas_V02163,double,int32,440756,0,0,0,0,25
2022_tracts_indigenas,pessoas_V02164,double,int32,440513,0,0,0,0,19
2022_tracts_indigenas,pessoas_V02165,double,int32,445940,0,0,0,0,9
2022_tracts_indigenas,pessoas_V02166,double,int32,435275,0,0,0,0,112
2022_tracts_indigenas,pessoas_V02167,double,int32,432563,0,0,0,0,116
2022_tracts_indigenas,pessoas_V02168,double,int32,431771,0,0,0,0,90
2022_tracts_indigenas,pessoas_V02169,double,int32,431593,0,0,0,0,67
2022_tracts_indigenas,pessoas_V02170,double,int32,431394,0,0,0,0,66
2022_tracts_indigenas,pessoas_V02171,double,int32,431778,0,0,0,0,51
2022_tracts_indigenas,pessoas_V02172,double,int32,433187,0,0,0,0,52
2022_tracts_indigenas,pessoas_V02173,double,int32,434386,0,0,0,0,31
2022_tracts_indigenas,pessoas_V02174,double,int32,435536,0,0,0,0,29
2022_tracts_indigenas,pessoas_V02175,double,int32,437119,0,0,0,0,22
2022_tracts_indigenas,pessoas_V02176,double,int32,439539,0,0,0,0,12
2022_tracts_indigenas,pessoas_V02177,double,int32,438911,0,0,0,0,19
2022_tracts_indigenas,pessoas_V02178,double,int32,444879,0,0,0,0,8
2022_tracts_indigenas,pessoas_V02179,double,int32,413304,0,0,0,0,625
2022_tracts_indigenas,pessoas_V02180,double,int32,387349,0,0,0,0,563
2022_tracts_indigenas,pessoas_V02181,double,int32,413723,0,0,0,0,97
2022_tracts_indigenas,pessoas_V02182,double,int32,424164,0,0,0,0,327
2022_tracts_indigenas,pessoas_V02183,double,int32,405622,0,0,0,0,291
2022_tracts_indigenas,pessoas_V02184,double,int32,427279,0,0,0,0,55
2022_tracts_indigenas,pessoas_V02185,double,int32,421335,0,0,0,0,318
2022_tracts_indigenas,pessoas_V02186,double,int32,402300,0,0,0,0,272
2022_tracts_indigenas,pessoas_V02187,double,int32,423943,0,0,0,0,46
2022_tracts_indigenas,pessoas_V02188,double,int32,381435,0,0,0,0,398
2022_tracts_indigenas,pessoas_V02189,double,int32,402423,0,0,0,0,226
2022_tracts_indigenas,pessoas_V02190,double,int32,403606,0,0,0,0,231
2022_tracts_indigenas,pessoas_V02191,double,int32,426967,0,0,0,0,128
2022_tracts_indigenas,pessoas_V02192,double,int32,397739,0,0,0,0,235
2022_tracts_indigenas,pessoas_V02193,double,int32,419379,0,0,0,0,58
2022_tracts_indigenas,pessoas_V02194,double,int32,434535,0,0,0,0,78
2022_tracts_indigenas,pessoas_V02195,double,int32,413831,0,0,0,0,156
2022_tracts_indigenas,pessoas_V02196,double,int32,430828,0,0,0,0,39
2022_tracts_indigenas,pessoas_V02197,double,int32,434922,0,0,0,0,106
2022_tracts_indigenas,pessoas_V02198,double,int32,416180,0,0,0,0,144
2022_tracts_indigenas,pessoas_V02199,double,int32,430377,0,0,0,0,29
2022_tracts_indigenas,pessoas_V02200,double,int32,434982,0,0,0,0,407
2022_tracts_indigenas,pessoas_V02201,double,int32,448258,0,0,0,0,74
2022_tracts_indigenas,pessoas_V02202,double,int32,449704,0,0,0,0,36
2022_tracts_indigenas,pessoas_V02203,double,int32,437956,0,0,0,0,201
2022_tracts_indigenas,pessoas_V02204,double,int32,448728,0,0,0,0,41
2022_tracts_indigenas,pessoas_V02205,double,int32,449881,0,0,0,0,15
2022_tracts_indigenas,pessoas_V02206,double,int32,438204,0,0,0,0,219
2022_tracts_indigenas,pessoas_V02207,double,int32,448796,0,0,0,0,44
2022_tracts_indigenas,pessoas_V02208,double,int32,449832,0,0,0,0,21
2022_tracts_indigenas,pessoas_V02209,double,int32,442094,0,0,0,0,76
2022_tracts_indigenas,pessoas_V02210,double,int32,448712,0,0,0,0,36
2022_tracts_indigenas,pessoas_V02211,double,int32,449974,0,0,0,0,5
2022_tracts_indigenas,pessoas_V02212,double,int32,442046,0,0,0,0,91
2022_tracts_indigenas,pessoas_V02213,double,int32,449295,0,0,0,0,16
2022_tracts_indigenas,pessoas_V02214,double,int32,449994,0,0,0,0,6
2022_tracts_indigenas,pessoas_V02215,double,int32,441759,0,0,0,0,58
2022_tracts_indigenas,pessoas_V02216,double,int32,449457,0,0,0,0,14
2022_tracts_indigenas,pessoas_V02217,double,int32,449983,0,0,0,0,10
2022_tracts_indigenas,pessoas_V02218,double,int32,441447,0,0,0,0,76
2022_tracts_indigenas,pessoas_V02219,double,int32,449577,0,0,0,0,19
2022_tracts_indigenas,pessoas_V02220,double,int32,449982,0,0,0,0,7
2022_tracts_indigenas,pessoas_V02221,double,int32,441403,0,0,0,0,75
2022_tracts_indigenas,pessoas_V02222,double,int32,449640,0,0,0,0,21
2022_tracts_indigenas,pessoas_V02223,double,int32,450015,0,0,0,0,4
2022_tracts_indigenas,pessoas_V02224,double,int32,441359,0,0,0,0,61
2022_tracts_indigenas,pessoas_V02225,double,int32,449649,0,0,0,0,20
2022_tracts_indigenas,pessoas_V02226,double,int32,450009,0,0,0,0,8
2022_tracts_indigenas,pessoas_V02227,double,int32,444211,0,0,0,0,40
2022_tracts_indigenas,pessoas_V02228,double,int32,449137,0,0,0,0,11
2022_tracts_indigenas,pessoas_V02229,double,int32,450035,0,0,0,0,3
2022_tracts_indigenas,pessoas_V02230,double,int32,444137,0,0,0,0,43
2022_tracts_indigenas,pessoas_V02231,double,int32,449543,0,0,0,0,10
2022_tracts_indigenas,pessoas_V02232,double,int32,450039,0,0,0,0,3
2022_tracts_indigenas,pessoas_V02233,double,int32,443793,0,0,0,0,36
2022_tracts_indigenas,pessoas_V02234,double,int32,449638,0,0,0,0,9
2022_tracts_indigenas,pessoas_V02235,double,int32,450037,0,0,0,0,6
2022_tracts_indigenas,pessoas_V02236,double,int32,443671,0,0,0,0,40
2022_tracts_indigenas,pessoas_V02237,double,int32,449718,0,0,0,0,13
2022_tracts_indigenas,pessoas_V02238,double,int32,450040,0,0,0,0,4
2022_tracts_indigenas,pessoas_V02239,double,int32,443668,0,0,0,0,38
2022_tracts_indigenas,pessoas_V02240,double,int32,449767,0,0,0,0,11
2022_tracts_indigenas,pessoas_V02241,double,int32,450049,0,0,0,0,4
2022_tracts_indigenas,pessoas_V02242,double,int32,443696,0,0,0,0,32
2022_tracts_indigenas,pessoas_V02243,double,int32,449795,0,0,0,0,9
2022_tracts_indigenas,pessoas_V02244,double,int32,450039,0,0,0,0,3
2022_tracts_indigenas,pessoas_V02245,double,int32,444283,0,0,0,0,41
2022_tracts_indigenas,pessoas_V02246,double,int32,449172,0,0,0,0,27
2022_tracts_indigenas,pessoas_V02247,double,int32,450013,0,0,0,0,4
2022_tracts_indigenas,pessoas_V02248,double,int32,444125,0,0,0,0,53
2022_tracts_indigenas,pessoas_V02249,double,int32,449538,0,0,0,0,9
2022_tracts_indigenas,pessoas_V02250,double,int32,450036,0,0,0,0,4
2022_tracts_indigenas,pessoas_V02251,double,int32,444070,0,0,0,0,31
2022_tracts_indigenas,pessoas_V02252,double,int32,449673,0,0,0,0,9
2022_tracts_indigenas,pessoas_V02253,double,int32,450028,0,0,0,0,4
2022_tracts_indigenas,pessoas_V02254,double,int32,443761,0,0,0,0,36
2022_tracts_indigenas,pessoas_V02255,double,int32,449732,0,0,0,0,7
2022_tracts_indigenas,pessoas_V02256,double,int32,450025,0,0,0,0,4
2022_tracts_indigenas,pessoas_V02257,double,int32,443738,0,0,0,0,37
2022_tracts_indigenas,pessoas_V02258,double,int32,449745,0,0,0,0,10
2022_tracts_indigenas,pessoas_V02259,double,int32,450048,0,0,0,0,3
2022_tracts_indigenas,pessoas_V02260,double,int32,443829,0,0,0,0,33
2022_tracts_indigenas,pessoas_V02261,double,int32,449776,0,0,0,0,13
2022_tracts_indigenas,pessoas_V02262,double,int32,450056,0,0,0,0,6
2022_tracts_indigenas,pessoas_V02263,double,int32,435170,0,0,0,0,407
2022_tracts_indigenas,pessoas_V02264,double,int32,448302,0,0,0,0,117
2022_tracts_indigenas,pessoas_V02265,double,int32,448258,0,0,0,0,74
2022_tracts_indigenas,pessoas_V02266,double,int32,449704,0,0,0,0,36
2022_tracts_indigenas,pessoas_V02267,double,int32,438157,0,0,0,0,200
2022_tracts_indigenas,pessoas_V02268,double,int32,448727,0,0,0,0,66
2022_tracts_indigenas,pessoas_V02269,double,int32,448728,0,0,0,0,41
2022_tracts_indigenas,pessoas_V02270,double,int32,449881,0,0,0,0,15
2022_tracts_indigenas,pessoas_V02271,double,int32,438380,0,0,0,0,219
2022_tracts_indigenas,pessoas_V02272,double,int32,448732,0,0,0,0,52
2022_tracts_indigenas,pessoas_V02273,double,int32,448796,0,0,0,0,44
2022_tracts_indigenas,pessoas_V02274,double,int32,449832,0,0,0,0,21
2022_tracts_indigenas,pessoas_V02275,double,int32,442309,0,0,0,0,76
2022_tracts_indigenas,pessoas_V02276,double,int32,449451,0,0,0,0,21
2022_tracts_indigenas,pessoas_V02277,double,int32,448712,0,0,0,0,36
2022_tracts_indigenas,pessoas_V02278,double,int32,449974,0,0,0,0,5
2022_tracts_indigenas,pessoas_V02279,double,int32,442295,0,0,0,0,91
2022_tracts_indigenas,pessoas_V02280,double,int32,449358,0,0,0,0,18
2022_tracts_indigenas,pessoas_V02281,double,int32,449295,0,0,0,0,16
2022_tracts_indigenas,pessoas_V02282,double,int32,449994,0,0,0,0,6
2022_tracts_indigenas,pessoas_V02283,double,int32,441988,0,0,0,0,58
2022_tracts_indigenas,pessoas_V02284,double,int32,449337,0,0,0,0,20
2022_tracts_indigenas,pessoas_V02285,double,int32,449457,0,0,0,0,14
2022_tracts_indigenas,pessoas_V02286,double,int32,449983,0,0,0,0,10
2022_tracts_indigenas,pessoas_V02287,double,int32,441698,0,0,0,0,76
2022_tracts_indigenas,pessoas_V02288,double,int32,449319,0,0,0,0,22
2022_tracts_indigenas,pessoas_V02289,double,int32,449577,0,0,0,0,19
2022_tracts_indigenas,pessoas_V02290,double,int32,449982,0,0,0,0,7
2022_tracts_indigenas,pessoas_V02291,double,int32,441637,0,0,0,0,75
2022_tracts_indigenas,pessoas_V02292,double,int32,449272,0,0,0,0,25
2022_tracts_indigenas,pessoas_V02293,double,int32,449640,0,0,0,0,21
2022_tracts_indigenas,pessoas_V02294,double,int32,450015,0,0,0,0,4
2022_tracts_indigenas,pessoas_V02295,double,int32,441637,0,0,0,0,61
2022_tracts_indigenas,pessoas_V02296,double,int32,449231,0,0,0,0,35
2022_tracts_indigenas,pessoas_V02297,double,int32,449649,0,0,0,0,20
2022_tracts_indigenas,pessoas_V02298,double,int32,450009,0,0,0,0,8
2022_tracts_indigenas,pessoas_V02299,double,int32,444392,0,0,0,0,40
2022_tracts_indigenas,pessoas_V02300,double,int32,449682,0,0,0,0,8
2022_tracts_indigenas,pessoas_V02301,double,int32,449137,0,0,0,0,11
2022_tracts_indigenas,pessoas_V02302,double,int32,450035,0,0,0,0,3
2022_tracts_indigenas,pessoas_V02303,double,int32,444354,0,0,0,0,42
2022_tracts_indigenas,pessoas_V02304,double,int32,449623,0,0,0,0,15
2022_tracts_indigenas,pessoas_V02305,double,int32,449543,0,0,0,0,10
2022_tracts_indigenas,pessoas_V02306,double,int32,450039,0,0,0,0,3
2022_tracts_indigenas,pessoas_V02307,double,int32,444014,0,0,0,0,36
2022_tracts_indigenas,pessoas_V02308,double,int32,449610,0,0,0,0,12
2022_tracts_indigenas,pessoas_V02309,double,int32,449638,0,0,0,0,9
2022_tracts_indigenas,pessoas_V02310,double,int32,450037,0,0,0,0,6
2022_tracts_indigenas,pessoas_V02311,double,int32,443911,0,0,0,0,40
2022_tracts_indigenas,pessoas_V02312,double,int32,449581,0,0,0,0,13
2022_tracts_indigenas,pessoas_V02313,double,int32,449718,0,0,0,0,13
2022_tracts_indigenas,pessoas_V02314,double,int32,450040,0,0,0,0,4
2022_tracts_indigenas,pessoas_V02315,double,int32,443887,0,0,0,0,38
2022_tracts_indigenas,pessoas_V02316,double,int32,449544,0,0,0,0,14
2022_tracts_indigenas,pessoas_V02317,double,int32,449767,0,0,0,0,11
2022_tracts_indigenas,pessoas_V02318,double,int32,450049,0,0,0,0,4
2022_tracts_indigenas,pessoas_V02319,double,int32,443964,0,0,0,0,31
2022_tracts_indigenas,pessoas_V02320,double,int32,449508,0,0,0,0,23
2022_tracts_indigenas,pessoas_V02321,double,int32,449795,0,0,0,0,9
2022_tracts_indigenas,pessoas_V02322,double,int32,450039,0,0,0,0,3
2022_tracts_indigenas,pessoas_V02323,double,int32,444454,0,0,0,0,41
2022_tracts_indigenas,pessoas_V02324,double,int32,449697,0,0,0,0,13
2022_tracts_indigenas,pessoas_V02325,double,int32,449172,0,0,0,0,27
2022_tracts_indigenas,pessoas_V02326,double,int32,450013,0,0,0,0,4
2022_tracts_indigenas,pessoas_V02327,double,int32,444331,0,0,0,0,53
2022_tracts_indigenas,pessoas_V02328,double,int32,449644,0,0,0,0,10
2022_tracts_indigenas,pessoas_V02329,double,int32,449538,0,0,0,0,9
2022_tracts_indigenas,pessoas_V02330,double,int32,450036,0,0,0,0,4
2022_tracts_indigenas,pessoas_V02331,double,int32,444272,0,0,0,0,31
2022_tracts_indigenas,pessoas_V02332,double,int32,449608,0,0,0,0,11
2022_tracts_indigenas,pessoas_V02333,double,int32,449673,0,0,0,0,9
2022_tracts_indigenas,pessoas_V02334,double,int32,450028,0,0,0,0,4
2022_tracts_indigenas,pessoas_V02335,double,int32,443978,0,0,0,0,36
2022_tracts_indigenas,pessoas_V02336,double,int32,449580,0,0,0,0,12
2022_tracts_indigenas,pessoas_V02337,double,int32,449732,0,0,0,0,7
2022_tracts_indigenas,pessoas_V02338,double,int32,450025,0,0,0,0,4
2022_tracts_indigenas,pessoas_V02339,double,int32,443965,0,0,0,0,37
2022_tracts_indigenas,pessoas_V02340,double,int32,449555,0,0,0,0,11
2022_tracts_indigenas,pessoas_V02341,double,int32,449745,0,0,0,0,10
2022_tracts_indigenas,pessoas_V02342,double,int32,450048,0,0,0,0,3
2022_tracts_indigenas,pessoas_V02343,double,int32,444087,0,0,0,0,33
2022_tracts_indigenas,pessoas_V02344,double,int32,449542,0,0,0,0,12
2022_tracts_indigenas,pessoas_V02345,double,int32,449776,0,0,0,0,13
2022_tracts_indigenas,pessoas_V02346,double,int32,450056,0,0,0,0,6
2022_tracts_indigenas,pessoas_V02347,double,int32,432010,0,0,0,0,41
2022_tracts_indigenas,pessoas_V02348,double,int32,365174,0,0,0,0,448
2022_tracts_indigenas,pessoas_V02349,double,int32,449933,0,0,0,0,3
2022_tracts_indigenas,pessoas_V02350,double,int32,450014,0,0,0,0,0
2022_tracts_indigenas,pessoas_V02351,double,int32,450013,0,0,0,0,0
2022_tracts_indigenas,pessoas_V02352,double,int32,449774,0,0,0,0,3
2022_tracts_indigenas,pessoas_V02353,double,int32,449697,0,0,0,0,0
2022_tracts_indigenas,pessoas_V02354,double,int32,449811,0,0,0,0,3
2022_tracts_indigenas,pessoas_V02355,double,int32,449491,0,0,0,0,5
2022_tracts_indigenas,pessoas_V02356,double,int32,449426,0,0,0,0,5
2022_tracts_indigenas,pessoas_V02357,double,int32,449152,0,0,0,0,3
2022_tracts_indigenas,pessoas_V02358,double,int32,448756,0,0,0,0,4
2022_tracts_indigenas,pessoas_V02359,double,int32,446816,0,0,0,0,7
2022_tracts_indigenas,pessoas_V02360,double,int32,449924,0,0,0,0,0
2022_tracts_indigenas,pessoas_V02361,double,int32,450031,0,0,0,0,0
2022_tracts_indigenas,pessoas_V02362,double,int32,450015,0,0,0,0,0
2022_tracts_indigenas,pessoas_V02363,double,int32,449836,0,0,0,0,0
2022_tracts_indigenas,pessoas_V02364,double,int32,449727,0,0,0,0,3
2022_tracts_indigenas,pessoas_V02365,double,int32,449782,0,0,0,0,0
2022_tracts_indigenas,pessoas_V02366,double,int32,449527,0,0,0,0,0
2022_tracts_indigenas,pessoas_V02367,double,int32,449361,0,0,0,0,3
2022_tracts_indigenas,pessoas_V02368,double,int32,449029,0,0,0,0,3
2022_tracts_indigenas,pessoas_V02369,double,int32,448574,0,0,0,0,4
2022_tracts_indigenas,pessoas_V02370,double,int32,446647,0,0,0,0,11
2022_tracts_indigenas,pessoas_V02371,double,int32,449837,0,0,0,0,0
2022_tracts_indigenas,pessoas_V02372,double,int32,449997,0,0,0,0,0
2022_tracts_indigenas,pessoas_V02373,double,int32,449970,0,0,0,0,0
2022_tracts_indigenas,pessoas_V02374,double,int32,449769,0,0,0,0,4
2022_tracts_indigenas,pessoas_V02375,double,int32,449581,0,0,0,0,3
2022_tracts_indigenas,pessoas_V02376,double,int32,449692,0,0,0,0,3
2022_tracts_indigenas,pessoas_V02377,double,int32,449252,0,0,0,0,3
2022_tracts_indigenas,pessoas_V02378,double,int32,449027,0,0,0,0,5
2022_tracts_indigenas,pessoas_V02379,double,int32,448526,0,0,0,0,3
2022_tracts_indigenas,pessoas_V02380,double,int32,448116,0,0,0,0,4
2022_tracts_indigenas,pessoas_V02381,double,int32,445569,0,0,0,0,10
2022_tracts_indigenas,pessoas_V02382,double,int32,449928,0,0,0,0,0
2022_tracts_indigenas,pessoas_V02383,double,int32,450017,0,0,0,0,0
2022_tracts_indigenas,pessoas_V02384,double,int32,449992,0,0,0,0,0
2022_tracts_indigenas,pessoas_V02385,double,int32,449866,0,0,0,0,3
2022_tracts_indigenas,pessoas_V02386,double,int32,449796,0,0,0,0,3
2022_tracts_indigenas,pessoas_V02387,double,int32,449808,0,0,0,0,0
2022_tracts_indigenas,pessoas_V02388,double,int32,449555,0,0,0,0,3
2022_tracts_indigenas,pessoas_V02389,double,int32,449517,0,0,0,0,0
2022_tracts_indigenas,pessoas_V02390,double,int32,449318,0,0,0,0,4
2022_tracts_indigenas,pessoas_V02391,double,int32,448891,0,0,0,0,3
2022_tracts_indigenas,pessoas_V02392,double,int32,447051,0,0,0,0,5
2022_tracts_indigenas,pessoas_V02393,double,int32,449792,0,0,0,0,3
2022_tracts_indigenas,pessoas_V02394,double,int32,449166,0,0,0,0,4
2022_tracts_indigenas,pessoas_V02395,double,int32,448034,0,0,0,0,5
2022_tracts_indigenas,pessoas_V02396,double,int32,445760,0,0,0,0,8
2022_tracts_indigenas,pessoas_V02397,double,int32,449803,0,0,0,0,0
2022_tracts_indigenas,pessoas_V02398,double,int32,449222,0,0,0,0,4
2022_tracts_indigenas,pessoas_V02399,double,int32,447911,0,0,0,0,4
2022_tracts_indigenas,pessoas_V02400,double,int32,445514,0,0,0,0,11
2022_tracts_indigenas,pessoas_V02401,double,int32,449642,0,0,0,0,0
2022_tracts_indigenas,pessoas_V02402,double,int32,448938,0,0,0,0,6
2022_tracts_indigenas,pessoas_V02403,double,int32,446932,0,0,0,0,7
2022_tracts_indigenas,pessoas_V02404,double,int32,444144,0,0,0,0,11
2022_tracts_indigenas,pessoas_V02405,double,int32,449769,0,0,0,0,4
2022_tracts_indigenas,pessoas_V02406,double,int32,449333,0,0,0,0,4
2022_tracts_indigenas,pessoas_V02407,double,int32,448330,0,0,0,0,5
2022_tracts_indigenas,pessoas_V02408,double,int32,446074,0,0,0,0,8
2022_tracts_indigenas,pessoas_V02409,double,int32,450001,0,0,0,0,3
2022_tracts_indigenas,pessoas_V02410,double,int32,450051,0,0,0,0,0
2022_tracts_indigenas,pessoas_V02411,double,int32,450042,0,0,0,0,0
2022_tracts_indigenas,pessoas_V02412,double,int32,449847,0,0,0,0,0
2022_tracts_indigenas,pessoas_V02413,double,int32,449775,0,0,0,0,0
2022_tracts_indigenas,pessoas_V02414,double,int32,449883,0,0,0,0,0
2022_tracts_indigenas,pessoas_V02415,double,int32,449670,0,0,0,0,4
2022_tracts_indigenas,pessoas_V02416,double,int32,449666,0,0,0,0,4
2022_tracts_indigenas,pessoas_V02417,double,int32,449553,0,0,0,0,3
2022_tracts_indigenas,pessoas_V02418,double,int32,449327,0,0,0,0,3
2022_tracts_indigenas,pessoas_V02419,double,int32,448326,0,0,0,0,6
2022_tracts_indigenas,pessoas_V02420,double,int32,450017,0,0,0,0,0
2022_tracts_indigenas,pessoas_V02421,double,int32,450051,0,0,0,0,0
2022_tracts_indigenas,pessoas_V02422,double,int32,450059,0,0,0,0,0
2022_tracts_indigenas,pessoas_V02423,double,int32,450005,0,0,0,0,0
2022_tracts_indigenas,pessoas_V02424,double,int32,450007,0,0,0,0,0
2022_tracts_indigenas,pessoas_V02425,double,int32,450013,0,0,0,0,0
2022_tracts_indigenas,pessoas_V02426,double,int32,449897,0,0,0,0,0
2022_tracts_indigenas,pessoas_V02427,double,int32,449827,0,0,0,0,0
2022_tracts_indigenas,pessoas_V02428,double,int32,449668,0,0,0,0,0
2022_tracts_indigenas,pessoas_V02429,double,int32,449472,0,0,0,0,3
2022_tracts_indigenas,pessoas_V02430,double,int32,448317,0,0,0,0,4
2022_tracts_indigenas,pessoas_V02431,double,int32,450010,0,0,0,0,0
2022_tracts_indigenas,pessoas_V02432,double,int32,450057,0,0,0,0,0
2022_tracts_indigenas,pessoas_V02433,double,int32,450045,0,0,0,0,0
2022_tracts_indigenas,pessoas_V02434,double,int32,449899,0,0,0,0,0
2022_tracts_indigenas,pessoas_V02435,double,int32,449811,0,0,0,0,3
2022_tracts_indigenas,pessoas_V02436,double,int32,449859,0,0,0,0,0
2022_tracts_indigenas,pessoas_V02437,double,int32,449706,0,0,0,0,0
2022_tracts_indigenas,pessoas_V02438,double,int32,449621,0,0,0,0,3
2022_tracts_indigenas,pessoas_V02439,double,int32,449454,0,0,0,0,3
2022_tracts_indigenas,pessoas_V02440,double,int32,449202,0,0,0,0,3
2022_tracts_indigenas,pessoas_V02441,double,int32,448213,0,0,0,0,7
2022_tracts_indigenas,pessoas_V02442,double,int32,450001,0,0,0,0,0
2022_tracts_indigenas,pessoas_V02443,double,int32,450062,0,0,0,0,0
2022_tracts_indigenas,pessoas_V02444,double,int32,450058,0,0,0,0,0
2022_tracts_indigenas,pessoas_V02445,double,int32,450024,0,0,0,0,0
2022_tracts_indigenas,pessoas_V02446,double,int32,450000,0,0,0,0,0
2022_tracts_indigenas,pessoas_V02447,double,int32,450011,0,0,0,0,0
2022_tracts_indigenas,pessoas_V02448,double,int32,449897,0,0,0,0,0
2022_tracts_indigenas,pessoas_V02449,double,int32,449808,0,0,0,0,0
2022_tracts_indigenas,pessoas_V02450,double,int32,449640,0,0,0,0,0
2022_tracts_indigenas,pessoas_V02451,double,int32,449418,0,0,0,0,4
2022_tracts_indigenas,pessoas_V02452,double,int32,448198,0,0,0,0,5
2022_tracts_indigenas,pessoas_V02453,double,int32,449947,0,0,0,0,0
2022_tracts_indigenas,pessoas_V02454,double,int32,450039,0,0,0,0,0
2022_tracts_indigenas,pessoas_V02455,double,int32,450018,0,0,0,0,0
2022_tracts_indigenas,pessoas_V02456,double,int32,449850,0,0,0,0,3
2022_tracts_indigenas,pessoas_V02457,double,int32,449681,0,0,0,0,3
2022_tracts_indigenas,pessoas_V02458,double,int32,449800,0,0,0,0,3
2022_tracts_indigenas,pessoas_V02459,double,int32,449502,0,0,0,0,3
2022_tracts_indigenas,pessoas_V02460,double,int32,449416,0,0,0,0,3
2022_tracts_indigenas,pessoas_V02461,double,int32,449157,0,0,0,0,3
2022_tracts_indigenas,pessoas_V02462,double,int32,448906,0,0,0,0,3
2022_tracts_indigenas,pessoas_V02463,double,int32,447503,0,0,0,0,7
2022_tracts_indigenas,pessoas_V02464,double,int32,449974,0,0,0,0,0
2022_tracts_indigenas,pessoas_V02465,double,int32,450045,0,0,0,0,0
2022_tracts_indigenas,pessoas_V02466,double,int32,450038,0,0,0,0,0
2022_tracts_indigenas,pessoas_V02467,double,int32,450002,0,0,0,0,0
2022_tracts_indigenas,pessoas_V02468,double,int32,449979,0,0,0,0,0
2022_tracts_indigenas,pessoas_V02469,double,int32,449976,0,0,0,0,0
2022_tracts_indigenas,pessoas_V02470,double,int32,449820,0,0,0,0,0
2022_tracts_indigenas,pessoas_V02471,double,int32,449674,0,0,0,0,5
2022_tracts_indigenas,pessoas_V02472,double,int32,449405,0,0,0,0,0
2022_tracts_indigenas,pessoas_V02473,double,int32,449237,0,0,0,0,3
2022_tracts_indigenas,pessoas_V02474,double,int32,447680,0,0,0,0,5
2022_tracts_indigenas,pessoas_V02475,double,int32,449998,0,0,0,0,0
2022_tracts_indigenas,pessoas_V02476,double,int32,450053,0,0,0,0,0
2022_tracts_indigenas,pessoas_V02477,double,int32,450032,0,0,0,0,0
2022_tracts_indigenas,pessoas_V02478,double,int32,449923,0,0,0,0,0
2022_tracts_indigenas,pessoas_V02479,double,int32,449846,0,0,0,0,0
2022_tracts_indigenas,pessoas_V02480,double,int32,449873,0,0,0,0,0
2022_tracts_indigenas,pessoas_V02481,double,int32,449734,0,0,0,0,3
2022_tracts_indigenas,pessoas_V02482,double,int32,449736,0,0,0,0,0
2022_tracts_indigenas,pessoas_V02483,double,int32,449626,0,0,0,0,3
2022_tracts_indigenas,pessoas_V02484,double,int32,449400,0,0,0,0,3
2022_tracts_indigenas,pessoas_V02485,double,int32,448417,0,0,0,0,4
2022_tracts_indigenas,pessoas_V02486,double,int32,450014,0,0,0,0,0
2022_tracts_indigenas,pessoas_V02487,double,int32,450052,0,0,0,0,0
2022_tracts_indigenas,pessoas_V02488,double,int32,450047,0,0,0,0,0
2022_tracts_indigenas,pessoas_V02489,double,int32,450027,0,0,0,0,0
2022_tracts_indigenas,pessoas_V02490,double,int32,450032,0,0,0,0,0
2022_tracts_indigenas,pessoas_V02491,double,int32,450022,0,0,0,0,0
2022_tracts_indigenas,pessoas_V02492,double,int32,449900,0,0,0,0,0
2022_tracts_indigenas,pessoas_V02493,double,int32,449862,0,0,0,0,0
2022_tracts_indigenas,pessoas_V02494,double,int32,449757,0,0,0,0,0
2022_tracts_indigenas,pessoas_V02495,double,int32,449552,0,0,0,0,3
2022_tracts_indigenas,pessoas_V02496,double,int32,448491,0,0,0,0,4
2022_tracts_indigenas,pessoas_V02497,double,int32,449919,0,0,0,0,3
2022_tracts_indigenas,pessoas_V02498,double,int32,449368,0,0,0,0,3
2022_tracts_indigenas,pessoas_V02499,double,int32,448765,0,0,0,0,4
2022_tracts_indigenas,pessoas_V02500,double,int32,447672,0,0,0,0,7
2022_tracts_indigenas,pessoas_V02501,double,int32,449952,0,0,0,0,0
2022_tracts_indigenas,pessoas_V02502,double,int32,449853,0,0,0,0,0
2022_tracts_indigenas,pessoas_V02503,double,int32,449243,0,0,0,0,3
2022_tracts_indigenas,pessoas_V02504,double,int32,447779,0,0,0,0,5
2022_tracts_indigenas,pessoas_V02505,double,int32,449937,0,0,0,0,0
2022_tracts_indigenas,pessoas_V02506,double,int32,449418,0,0,0,0,4
2022_tracts_indigenas,pessoas_V02507,double,int32,448673,0,0,0,0,3
2022_tracts_indigenas,pessoas_V02508,double,int32,447470,0,0,0,0,7
2022_tracts_indigenas,pessoas_V02509,double,int32,449946,0,0,0,0,0
2022_tracts_indigenas,pessoas_V02510,double,int32,449862,0,0,0,0,0
2022_tracts_indigenas,pessoas_V02511,double,int32,449197,0,0,0,0,3
2022_tracts_indigenas,pessoas_V02512,double,int32,447625,0,0,0,0,8
2022_tracts_indigenas,pessoas_V02513,double,int32,449833,0,0,0,0,0
2022_tracts_indigenas,pessoas_V02514,double,int32,449197,0,0,0,0,4
2022_tracts_indigenas,pessoas_V02515,double,int32,448030,0,0,0,0,6
2022_tracts_indigenas,pessoas_V02516,double,int32,446535,0,0,0,0,7
2022_tracts_indigenas,pessoas_V02517,double,int32,449882,0,0,0,0,0
2022_tracts_indigenas,pessoas_V02518,double,int32,449786,0,0,0,0,3
2022_tracts_indigenas,pessoas_V02519,double,int32,448765,0,0,0,0,5
2022_tracts_indigenas,pessoas_V02520,double,int32,446977,0,0,0,0,6
2022_tracts_indigenas,pessoas_V02521,double,int32,449909,0,0,0,0,0
2022_tracts_indigenas,pessoas_V02522,double,int32,449489,0,0,0,0,4
2022_tracts_indigenas,pessoas_V02523,double,int32,448966,0,0,0,0,5
2022_tracts_indigenas,pessoas_V02524,double,int32,447821,0,0,0,0,5
2022_tracts_indigenas,pessoas_V02525,double,int32,449940,0,0,0,0,0
2022_tracts_indigenas,pessoas_V02526,double,int32,449914,0,0,0,0,3
2022_tracts_indigenas,pessoas_V02527,double,int32,449357,0,0,0,0,3
2022_tracts_indigenas,pessoas_V02528,double,int32,448006,0,0,0,0,5
2022_tracts_indigenas,situacao,string,string,458772,458772,0,0,,
2022_tracts_obitos,CD_AGLOM,double,double,30616,0,0,0,110001500003,530010800331
2022_tracts_obitos,CD_BAIRRO,double,double,165353,0,0,0,1100015001,5218300013
2022_tracts_obitos,CD_CONCURB,double,int32,255506,0,0,0,1100122,5300108
2022_tracts_obitos,CD_DIST,double,int32,458772,0,0,0,110001505,530010805
2022_tracts_obitos,CD_FCU,double,double,33262,0,0,0,11000490002,53001080096
2022_tracts_obitos,CD_MUN,double,int32,458772,0,0,0,1100015,5300108
2022_tracts_obitos,CD_NU,double,double,12146,0,0,0,1100015001,5300108039
2022_tracts_obitos,CD_REGIAO,double,int32,458772,0,0,0,1,5
2022_tracts_obitos,CD_RGI,double,int32,458772,0,0,0,110001,530001
2022_tracts_obitos,CD_RGINT,double,int32,458772,0,0,0,1101,5301
2022_tracts_obitos,CD_SETOR,double,double,458772,0,0,0,110001505000002,530010805440143
2022_tracts_obitos,CD_SIT,double,int32,458772,0,0,0,1,8
2022_tracts_obitos,CD_SUBDIST,double,double,458772,0,0,0,11000150500,53001080544
2022_tracts_obitos,CD_TIPO,double,int32,458772,0,0,0,0,9
2022_tracts_obitos,CD_UF,double,int32,458772,0,0,0,11,53
2022_tracts_obitos,NM_AGLOM,string,string,30616,30616,0,0,,
2022_tracts_obitos,NM_BAIRRO,string,string,165353,165256,0,0,1,34
2022_tracts_obitos,NM_CONCURB,string,string,255506,255506,0,0,,
2022_tracts_obitos,NM_DIST,string,string,458772,458772,0,0,,
2022_tracts_obitos,NM_FCU,string,string,33262,33262,0,7,,
2022_tracts_obitos,NM_MUN,string,string,458772,458772,0,0,,
2022_tracts_obitos,NM_NU,string,string,12146,12142,0,0,1,3
2022_tracts_obitos,NM_REGIAO,string,string,458772,458772,0,0,,
2022_tracts_obitos,NM_RGI,string,string,458772,458772,0,0,,
2022_tracts_obitos,NM_RGINT,string,string,458772,458772,0,0,,
2022_tracts_obitos,NM_SUBDIST,string,string,69735,69735,0,0,,
2022_tracts_obitos,NM_UF,string,string,458772,458772,0,0,,
2022_tracts_obitos,V01224,double,int32,391508,0,0,0,0,92
2022_tracts_obitos,V01225,double,int32,450086,0,0,0,3,1753
2022_tracts_obitos,V01226,double,int32,348751,0,0,0,0,58
2022_tracts_obitos,V01227,double,int32,326520,0,0,0,0,43
2022_tracts_obitos,V01228,double,int32,438076,0,0,0,0,9
2022_tracts_obitos,V01229,double,int32,444699,0,0,0,0,4
2022_tracts_obitos,V01230,double,int32,442667,0,0,0,0,5
2022_tracts_obitos,V01231,double,int32,416392,0,0,0,0,10
2022_tracts_obitos,V01232,double,int32,399024,0,0,0,0,9
2022_tracts_obitos,V01233,double,int32,402806,0,0,0,0,6
2022_tracts_obitos,V01234,double,int32,355654,0,0,0,0,8
2022_tracts_obitos,V01235,double,int32,327531,0,0,0,0,21
2022_tracts_obitos,V01236,double,int32,286498,0,0,0,0,11
2022_tracts_obitos,V01237,double,int32,261473,0,0,0,0,13
2022_tracts_obitos,V01238,double,int32,275259,0,0,0,0,30
2022_tracts_obitos,V01239,double,int32,440019,0,0,0,0,7
2022_tracts_obitos,V01240,double,int32,445810,0,0,0,0,4
2022_tracts_obitos,V01241,double,int32,444814,0,0,0,0,4
2022_tracts_obitos,V01242,double,int32,438904,0,0,0,0,5
2022_tracts_obitos,V01243,double,int32,434328,0,0,0,0,10
2022_tracts_obitos,V01244,double,int32,432870,0,0,0,0,5
2022_tracts_obitos,V01245,double,int32,399039,0,0,0,0,6
2022_tracts_obitos,V01246,double,int32,364775,0,0,0,0,8
2022_tracts_obitos,V01247,double,int32,319460,0,0,0,0,12
2022_tracts_obitos,V01248,double,int32,283622,0,0,0,0,14
2022_tracts_obitos,V01249,double,int32,279935,0,0,0,0,30
2022_tracts_obitos,V01250,double,int32,347258,0,0,0,0,56
2022_tracts_obitos,V01251,double,int32,421498,0,0,0,0,7
2022_tracts_obitos,V01252,double,int32,325066,0,0,0,0,43
2022_tracts_obitos,V01253,double,int32,425816,0,0,0,0,6
2022_tracts_obitos,V01254,double,int32,323312,0,0,0,0,54
2022_tracts_obitos,V01255,double,int32,441236,0,0,0,0,1259
2022_tracts_obitos,V01256,double,int32,295180,0,0,0,0,44
2022_tracts_obitos,V01257,double,int32,408366,0,0,0,0,465
2022_tracts_obitos,V01258,double,int32,433833,0,0,0,0,11
2022_tracts_obitos,V01259,double,int32,366888,0,0,0,0,217
2022_tracts_obitos,V01260,double,int32,326495,0,0,0,0,58
2022_tracts_obitos,V01261,double,int32,443131,0,0,0,0,1157
2022_tracts_obitos,V01262,double,int32,438879,0,0,0,0,40
2022_tracts_obitos,V01263,double,int32,380902,0,0,0,0,437
2022_tracts_obitos,V01264,double,int32,265716,0,0,0,0,28
2022_tracts_obitos,V01265,double,int32,259892,0,0,0,0,19
2022_tracts_obitos,V01266,double,int32,260137,0,0,0,0,20
2022_tracts_obitos,V01267,double,int32,256030,0,0,0,0,16
2022_tracts_obitos,V01268,double,int32,257576,0,0,0,0,20
2022_tracts_obitos,V01269,double,int32,252929,0,0,0,0,28
2022_tracts_obitos,V01270,double,int32,257594,0,0,0,0,38
2022_tracts_obitos,V01271,double,int32,301710,0,0,0,0,20
2022_tracts_obitos,V01272,double,int32,323713,0,0,0,0,12
2022_tracts_obitos,V01273,double,int32,292259,0,0,0,0,11
2022_tracts_obitos,V01274,double,int32,314594,0,0,0,0,12
2022_tracts_obitos,V01275,double,int32,293023,0,0,0,0,15
2022_tracts_obitos,V01276,double,int32,316131,0,0,0,0,9
2022_tracts_obitos,V01277,double,int32,283728,0,0,0,0,11
2022_tracts_obitos,V01278,double,int32,307209,0,0,0,0,8
2022_tracts_obitos,V01279,double,int32,266364,0,0,0,0,14
2022_tracts_obitos,V01280,double,int32,285083,0,0,0,0,13
2022_tracts_obitos,V01281,double,int32,264436,0,0,0,0,16
2022_tracts_obitos,V01282,double,int32,281750,0,0,0,0,15
2022_tracts_obitos,V01283,double,int32,256817,0,0,0,0,19
2022_tracts_obitos,V01284,double,int32,267662,0,0,0,0,19
2022_tracts_obitos,V01285,double,int32,442994,0,0,0,0,5
2022_tracts_obitos,V01286,double,int32,414186,0,0,0,0,7
2022_tracts_obitos,V01287,double,int32,352572,0,0,0,0,9
2022_tracts_obitos,V01288,double,int32,281192,0,0,0,0,12
2022_tracts_obitos,V01289,double,int32,444664,0,0,0,0,4
2022_tracts_obitos,V01290,double,int32,439179,0,0,0,0,4
2022_tracts_obitos,V01291,double,int32,384996,0,0,0,0,7
2022_tracts_obitos,V01292,double,int32,291196,0,0,0,0,14
2022_tracts_obitos,V01293,double,int32,444414,0,0,0,0,3
2022_tracts_obitos,V01294,double,int32,416712,0,0,0,0,5
2022_tracts_obitos,V01295,double,int32,343833,0,0,0,0,18
2022_tracts_obitos,V01296,double,int32,271850,0,0,0,0,11
2022_tracts_obitos,V01297,double,int32,445572,0,0,0,0,4
2022_tracts_obitos,V01298,double,int32,439292,0,0,0,0,5
2022_tracts_obitos,V01299,double,int32,379399,0,0,0,0,8
2022_tracts_obitos,V01300,double,int32,283574,0,0,0,0,13
2022_tracts_obitos,V01301,double,int32,442579,0,0,0,0,5
2022_tracts_obitos,V01302,double,int32,408904,0,0,0,0,7
2022_tracts_obitos,V01303,double,int32,310110,0,0,0,0,11
2022_tracts_obitos,V01304,double,int32,257827,0,0,0,0,13
2022_tracts_obitos,V01305,double,int32,444105,0,0,0,0,5
2022_tracts_obitos,V01306,double,int32,435478,0,0,0,0,5
2022_tracts_obitos,V01307,double,int32,349910,0,0,0,0,10
2022_tracts_obitos,V01308,double,int32,264340,0,0,0,0,14
2022_tracts_obitos,V01309,double,int32,444859,0,0,0,0,5
2022_tracts_obitos,V01310,double,int32,423966,0,0,0,0,6
2022_tracts_obitos,V01311,double,int32,366965,0,0,0,0,7
2022_tracts_obitos,V01312,double,int32,285688,0,0,0,0,12
2022_tracts_obitos,V01313,double,int32,445905,0,0,0,0,4
2022_tracts_obitos,V01314,double,int32,441716,0,0,0,0,4
2022_tracts_obitos,V01315,double,int32,393789,0,0,0,0,10
2022_tracts_obitos,V01316,double,int32,289443,0,0,0,0,10
2022_tracts_obitos,area_km2,double,double,458772,0,458772,0,0.0001503,19333.1754678
2022_tracts_obitos,code_aglomerado,double,double,30616,0,0,0,110001500003,530010800331
2022_tracts_obitos,code_district,double,int32,458772,0,0,0,110001505,530010805
2022_tracts_obitos,code_favela,double,double,33262,0,0,0,11000490002,53001080096
2022_tracts_obitos,code_immediate,double,int32,458772,0,0,0,110001,530001
2022_tracts_obitos,code_intermediate,double,int32,458772,0,0,0,1101,5301
2022_tracts_obitos,code_muni,double,int32,458772,0,0,0,1100015,5300108
2022_tracts_obitos,code_neighborhood,double,double,165353,0,0,0,1100015001,5218300013
2022_tracts_obitos,code_nucleo_urbano,double,double,12146,0,0,0,1100015001,5300108039
2022_tracts_obitos,code_region,double,int32,458772,0,0,0,1,5
2022_tracts_obitos,code_situacao,double,int32,458772,0,0,0,1,8
2022_tracts_obitos,code_state,double,int32,458772,0,0,0,11,53
2022_tracts_obitos,code_subdistrict,double,double,458772,0,0,0,11000150500,53001080544
2022_tracts_obitos,code_tract,double,double,458772,0,0,0,110001505000002,530010805440143
2022_tracts_obitos,code_type,double,int32,458772,0,0,0,0,9
2022_tracts_obitos,code_urban_concentration,double,int32,255506,0,0,0,1100122,5300108
2022_tracts_obitos,name_aglomerado,string,string,30616,30616,0,0,,
2022_tracts_obitos,name_district,string,string,458772,458772,0,0,,
2022_tracts_obitos,name_favela,string,string,33262,33262,0,7,,
2022_tracts_obitos,name_immediate,string,string,458772,458772,0,0,,
2022_tracts_obitos,name_intermediate,string,string,458772,458772,0,0,,
2022_tracts_obitos,name_muni,string,string,458772,458772,0,0,,
2022_tracts_obitos,name_neighborhood,string,string,165353,165256,0,0,1,34
2022_tracts_obitos,name_nucleo_urbano,string,string,12146,12142,0,0,1,3
2022_tracts_obitos,name_region,string,string,458772,458772,0,0,,
2022_tracts_obitos,name_state,string,string,458772,458772,0,0,,
2022_tracts_obitos,name_subdistrict,string,string,69735,69735,0,0,,
2022_tracts_obitos,name_urban_concentration,string,string,255506,255506,0,0,,
2022_tracts_obitos,situacao,string,string,458772,458772,0,0,,
2022_tracts_pessoas,CD_AGLOM,double,double,30616,0,0,0,110001500003,530010800331
2022_tracts_pessoas,CD_BAIRRO,double,double,165353,0,0,0,1100015001,5218300013
2022_tracts_pessoas,CD_CONCURB,double,int32,255506,0,0,0,1100122,5300108
2022_tracts_pessoas,CD_DIST,double,int32,458772,0,0,0,110001505,530010805
2022_tracts_pessoas,CD_FCU,double,double,33262,0,0,0,11000490002,53001080096
2022_tracts_pessoas,CD_MUN,double,int32,458772,0,0,0,1100015,5300108
2022_tracts_pessoas,CD_NU,double,double,12146,0,0,0,1100015001,5300108039
2022_tracts_pessoas,CD_REGIAO,double,int32,458772,0,0,0,1,5
2022_tracts_pessoas,CD_RGI,double,int32,458772,0,0,0,110001,530001
2022_tracts_pessoas,CD_RGINT,double,int32,458772,0,0,0,1101,5301
2022_tracts_pessoas,CD_SETOR,double,double,458772,0,0,0,110001505000002,530010805440143
2022_tracts_pessoas,CD_SIT,double,int32,458772,0,0,0,1,8
2022_tracts_pessoas,CD_SUBDIST,double,double,458772,0,0,0,11000150500,53001080544
2022_tracts_pessoas,CD_TIPO,double,int32,458772,0,0,0,0,9
2022_tracts_pessoas,CD_UF,double,int32,458772,0,0,0,11,53
2022_tracts_pessoas,NM_AGLOM,string,string,30616,30616,0,0,,
2022_tracts_pessoas,NM_BAIRRO,string,string,165353,165256,0,0,1,34
2022_tracts_pessoas,NM_CONCURB,string,string,255506,255506,0,0,,
2022_tracts_pessoas,NM_DIST,string,string,458772,458772,0,0,,
2022_tracts_pessoas,NM_FCU,string,string,33262,33262,0,7,,
2022_tracts_pessoas,NM_MUN,string,string,458772,458772,0,0,,
2022_tracts_pessoas,NM_NU,string,string,12146,12142,0,0,1,3
2022_tracts_pessoas,NM_REGIAO,string,string,458772,458772,0,0,,
2022_tracts_pessoas,NM_RGI,string,string,458772,458772,0,0,,
2022_tracts_pessoas,NM_RGINT,string,string,458772,458772,0,0,,
2022_tracts_pessoas,NM_SUBDIST,string,string,69735,69735,0,0,,
2022_tracts_pessoas,NM_UF,string,string,458772,458772,0,0,,
2022_tracts_pessoas,alfabetizacao_V00644,double,int32,438716,0,0,0,0,800
2022_tracts_pessoas,alfabetizacao_V00645,double,int32,438387,0,0,0,0,754
2022_tracts_pessoas,alfabetizacao_V00646,double,int32,438162,0,0,0,0,955
2022_tracts_pessoas,alfabetizacao_V00647,double,int32,438405,0,0,0,0,824
2022_tracts_pessoas,alfabetizacao_V00648,double,int32,439251,0,0,0,0,923
2022_tracts_pessoas,alfabetizacao_V00649,double,int32,439555,0,0,0,0,548
2022_tracts_pessoas,alfabetizacao_V00650,double,int32,437878,0,0,0,0,475
2022_tracts_pessoas,alfabetizacao_V00651,double,int32,437445,0,0,0,0,286
2022_tracts_pessoas,alfabetizacao_V00652,double,int32,436271,0,0,0,0,257
2022_tracts_pessoas,alfabetizacao_V00653,double,int32,432884,0,0,0,0,309
2022_tracts_pessoas,alfabetizacao_V00654,double,int32,425859,0,0,0,0,134
2022_tracts_pessoas,alfabetizacao_V00655,double,int32,428125,0,0,0,0,206
2022_tracts_pessoas,alfabetizacao_V00656,double,int32,390095,0,0,0,0,209
2022_tracts_pessoas,alfabetizacao_V00657,double,int32,408445,0,0,0,0,242
2022_tracts_pessoas,alfabetizacao_V00658,double,int32,314815,0,0,0,0,97
2022_tracts_pessoas,alfabetizacao_V00659,double,int32,422946,0,0,0,0,42
2022_tracts_pessoas,alfabetizacao_V00660,double,int32,406202,0,0,0,0,784
2022_tracts_pessoas,alfabetizacao_V00661,double,int32,433786,0,0,0,0,249
2022_tracts_pessoas,alfabetizacao_V00662,double,int32,407572,0,0,0,0,494
2022_tracts_pessoas,alfabetizacao_V00663,double,int32,324566,0,0,0,0,179
2022_tracts_pessoas,alfabetizacao_V00664,double,int32,419046,0,0,0,0,27
2022_tracts_pessoas,alfabetizacao_V00665,double,int32,408513,0,0,0,0,381
2022_tracts_pessoas,alfabetizacao_V00666,double,int32,430221,0,0,0,0,235
2022_tracts_pessoas,alfabetizacao_V00667,double,int32,405025,0,0,0,0,568
2022_tracts_pessoas,alfabetizacao_V00668,double,int32,324367,0,0,0,0,146
2022_tracts_pessoas,alfabetizacao_V00669,double,int32,417682,0,0,0,0,52
2022_tracts_pessoas,alfabetizacao_V00670,double,int32,409609,0,0,0,0,564
2022_tracts_pessoas,alfabetizacao_V00671,double,int32,428385,0,0,0,0,170
2022_tracts_pessoas,alfabetizacao_V00672,double,int32,405032,0,0,0,0,508
2022_tracts_pessoas,alfabetizacao_V00673,double,int32,321279,0,0,0,0,187
2022_tracts_pessoas,alfabetizacao_V00674,double,int32,415603,0,0,0,0,53
2022_tracts_pessoas,alfabetizacao_V00675,double,int32,410329,0,0,0,0,533
2022_tracts_pessoas,alfabetizacao_V00676,double,int32,427942,0,0,0,0,150
2022_tracts_pessoas,alfabetizacao_V00677,double,int32,408029,0,0,0,0,359
2022_tracts_pessoas,alfabetizacao_V00678,double,int32,323446,0,0,0,0,110
2022_tracts_pessoas,alfabetizacao_V00679,double,int32,412766,0,0,0,0,49
2022_tracts_pessoas,alfabetizacao_V00680,double,int32,412497,0,0,0,0,860
2022_tracts_pessoas,alfabetizacao_V00681,double,int32,426926,0,0,0,0,130
2022_tracts_pessoas,alfabetizacao_V00682,double,int32,409512,0,0,0,0,355
2022_tracts_pessoas,alfabetizacao_V00683,double,int32,323418,0,0,0,0,141
2022_tracts_pessoas,alfabetizacao_V00684,double,int32,411652,0,0,0,0,51
2022_tracts_pessoas,alfabetizacao_V00685,double,int32,413155,0,0,0,0,470
2022_tracts_pessoas,alfabetizacao_V00686,double,int32,426487,0,0,0,0,109
2022_tracts_pessoas,alfabetizacao_V00687,double,int32,403981,0,0,0,0,202
2022_tracts_pessoas,alfabetizacao_V00688,double,int32,313355,0,0,0,0,82
2022_tracts_pessoas,alfabetizacao_V00689,double,int32,416209,0,0,0,0,36
2022_tracts_pessoas,alfabetizacao_V00690,double,int32,406974,0,0,0,0,457
2022_tracts_pessoas,alfabetizacao_V00691,double,int32,428007,0,0,0,0,98
2022_tracts_pessoas,alfabetizacao_V00692,double,int32,402068,0,0,0,0,177
2022_tracts_pessoas,alfabetizacao_V00693,double,int32,306868,0,0,0,0,119
2022_tracts_pessoas,alfabetizacao_V00694,double,int32,418508,0,0,0,0,58
2022_tracts_pessoas,alfabetizacao_V00695,double,int32,403109,0,0,0,0,178
2022_tracts_pessoas,alfabetizacao_V00696,double,int32,429131,0,0,0,0,59
2022_tracts_pessoas,alfabetizacao_V00697,double,int32,397903,0,0,0,0,157
2022_tracts_pessoas,alfabetizacao_V00698,double,int32,298874,0,0,0,0,117
2022_tracts_pessoas,alfabetizacao_V00699,double,int32,419784,0,0,0,0,70
2022_tracts_pessoas,alfabetizacao_V00700,double,int32,397306,0,0,0,0,125
2022_tracts_pessoas,alfabetizacao_V00701,double,int32,430320,0,0,0,0,50
2022_tracts_pessoas,alfabetizacao_V00702,double,int32,388352,0,0,0,0,278
2022_tracts_pessoas,alfabetizacao_V00703,double,int32,291315,0,0,0,0,75
2022_tracts_pessoas,alfabetizacao_V00704,double,int32,421120,0,0,0,0,60
2022_tracts_pessoas,alfabetizacao_V00705,double,int32,387359,0,0,0,0,96
2022_tracts_pessoas,alfabetizacao_V00706,double,int32,432201,0,0,0,0,50
2022_tracts_pessoas,alfabetizacao_V00707,double,int32,373660,0,0,0,0,114
2022_tracts_pessoas,alfabetizacao_V00708,double,int32,284299,0,0,0,0,46
2022_tracts_pessoas,alfabetizacao_V00709,double,int32,422147,0,0,0,0,36
2022_tracts_pessoas,alfabetizacao_V00710,double,int32,369461,0,0,0,0,82
2022_tracts_pessoas,alfabetizacao_V00711,double,int32,434933,0,0,0,0,45
2022_tracts_pessoas,alfabetizacao_V00712,double,int32,385838,0,0,0,0,191
2022_tracts_pessoas,alfabetizacao_V00713,double,int32,292357,0,0,0,0,99
2022_tracts_pessoas,alfabetizacao_V00714,double,int32,416693,0,0,0,0,57
2022_tracts_pessoas,alfabetizacao_V00715,double,int32,375872,0,0,0,0,108
2022_tracts_pessoas,alfabetizacao_V00716,double,int32,433010,0,0,0,0,45
2022_tracts_pessoas,alfabetizacao_V00717,double,int32,339318,0,0,0,0,194
2022_tracts_pessoas,alfabetizacao_V00718,double,int32,300318,0,0,0,0,23
2022_tracts_pessoas,alfabetizacao_V00719,double,int32,427395,0,0,0,0,49
2022_tracts_pessoas,alfabetizacao_V00720,double,int32,313171,0,0,0,0,76
2022_tracts_pessoas,alfabetizacao_V00721,double,int32,440399,0,0,0,0,70
2022_tracts_pessoas,alfabetizacao_V00722,double,int32,423447,0,0,0,0,432
2022_tracts_pessoas,alfabetizacao_V00723,double,int32,423782,0,0,0,0,617
2022_tracts_pessoas,alfabetizacao_V00724,double,int32,422983,0,0,0,0,954
2022_tracts_pessoas,alfabetizacao_V00725,double,int32,423497,0,0,0,0,823
2022_tracts_pessoas,alfabetizacao_V00726,double,int32,426138,0,0,0,0,638
2022_tracts_pessoas,alfabetizacao_V00727,double,int32,427181,0,0,0,0,546
2022_tracts_pessoas,alfabetizacao_V00728,double,int32,423878,0,0,0,0,393
2022_tracts_pessoas,alfabetizacao_V00729,double,int32,422167,0,0,0,0,283
2022_tracts_pessoas,alfabetizacao_V00730,double,int32,418625,0,0,0,0,257
2022_tracts_pessoas,alfabetizacao_V00731,double,int32,410262,0,0,0,0,224
2022_tracts_pessoas,alfabetizacao_V00732,double,int32,393902,0,0,0,0,115
2022_tracts_pessoas,alfabetizacao_V00733,double,int32,400685,0,0,0,0,100
2022_tracts_pessoas,alfabetizacao_V00734,double,int32,320562,0,0,0,0,48
2022_tracts_pessoas,alfabetizacao_V00735,double,int32,420898,0,0,0,0,424
2022_tracts_pessoas,alfabetizacao_V00736,double,int32,421775,0,0,0,0,402
2022_tracts_pessoas,alfabetizacao_V00737,double,int32,422451,0,0,0,0,410
2022_tracts_pessoas,alfabetizacao_V00738,double,int32,423589,0,0,0,0,365
2022_tracts_pessoas,alfabetizacao_V00739,double,int32,425491,0,0,0,0,479
2022_tracts_pessoas,alfabetizacao_V00740,double,int32,425817,0,0,0,0,244
2022_tracts_pessoas,alfabetizacao_V00741,double,int32,422718,0,0,0,0,228
2022_tracts_pessoas,alfabetizacao_V00742,double,int32,421359,0,0,0,0,127
2022_tracts_pessoas,alfabetizacao_V00743,double,int32,419166,0,0,0,0,139
2022_tracts_pessoas,alfabetizacao_V00744,double,int32,411817,0,0,0,0,94
2022_tracts_pessoas,alfabetizacao_V00745,double,int32,398161,0,0,0,0,81
2022_tracts_pessoas,alfabetizacao_V00746,double,int32,405056,0,0,0,0,110
2022_tracts_pessoas,alfabetizacao_V00747,double,int32,353670,0,0,0,0,161
2022_tracts_pessoas,alfabetizacao_V00748,double,int32,438333,0,0,0,0,800
2022_tracts_pessoas,alfabetizacao_V00749,double,int32,437886,0,0,0,0,754
2022_tracts_pessoas,alfabetizacao_V00750,double,int32,437618,0,0,0,0,942
2022_tracts_pessoas,alfabetizacao_V00751,double,int32,437701,0,0,0,0,806
2022_tracts_pessoas,alfabetizacao_V00752,double,int32,438240,0,0,0,0,920
2022_tracts_pessoas,alfabetizacao_V00753,double,int32,437811,0,0,0,0,548
2022_tracts_pessoas,alfabetizacao_V00754,double,int32,435060,0,0,0,0,475
2022_tracts_pessoas,alfabetizacao_V00755,double,int32,433451,0,0,0,0,267
2022_tracts_pessoas,alfabetizacao_V00756,double,int32,431003,0,0,0,0,241
2022_tracts_pessoas,alfabetizacao_V00757,double,int32,425031,0,0,0,0,300
2022_tracts_pessoas,alfabetizacao_V00758,double,int32,413060,0,0,0,0,131
2022_tracts_pessoas,alfabetizacao_V00759,double,int32,412893,0,0,0,0,202
2022_tracts_pessoas,alfabetizacao_V00760,double,int32,355068,0,0,0,0,207
2022_tracts_pessoas,alfabetizacao_V00761,double,int32,407789,0,0,0,0,242
2022_tracts_pessoas,alfabetizacao_V00762,double,int32,313976,0,0,0,0,97
2022_tracts_pessoas,alfabetizacao_V00763,double,int32,423147,0,0,0,0,41
2022_tracts_pessoas,alfabetizacao_V00764,double,int32,405697,0,0,0,0,784
2022_tracts_pessoas,alfabetizacao_V00765,double,int32,433787,0,0,0,0,229
2022_tracts_pessoas,alfabetizacao_V00766,double,int32,406705,0,0,0,0,494
2022_tracts_pessoas,alfabetizacao_V00767,double,int32,323693,0,0,0,0,169
2022_tracts_pessoas,alfabetizacao_V00768,double,int32,419243,0,0,0,0,27
2022_tracts_pessoas,alfabetizacao_V00769,double,int32,407931,0,0,0,0,375
2022_tracts_pessoas,alfabetizacao_V00770,double,int32,430270,0,0,0,0,229
2022_tracts_pessoas,alfabetizacao_V00771,double,int32,404036,0,0,0,0,567
2022_tracts_pessoas,alfabetizacao_V00772,double,int32,323437,0,0,0,0,143
2022_tracts_pessoas,alfabetizacao_V00773,double,int32,417923,0,0,0,0,52
2022_tracts_pessoas,alfabetizacao_V00774,double,int32,408890,0,0,0,0,558
2022_tracts_pessoas,alfabetizacao_V00775,double,int32,428533,0,0,0,0,158
2022_tracts_pessoas,alfabetizacao_V00776,double,int32,403530,0,0,0,0,507
2022_tracts_pessoas,alfabetizacao_V00777,double,int32,319866,0,0,0,0,187
2022_tracts_pessoas,alfabetizacao_V00778,double,int32,415907,0,0,0,0,53
2022_tracts_pessoas,alfabetizacao_V00779,double,int32,409326,0,0,0,0,533
2022_tracts_pessoas,alfabetizacao_V00780,double,int32,428262,0,0,0,0,125
2022_tracts_pessoas,alfabetizacao_V00781,double,int32,405805,0,0,0,0,357
2022_tracts_pessoas,alfabetizacao_V00782,double,int32,321186,0,0,0,0,110
2022_tracts_pessoas,alfabetizacao_V00783,double,int32,413213,0,0,0,0,49
2022_tracts_pessoas,alfabetizacao_V00784,double,int32,411017,0,0,0,0,857
2022_tracts_pessoas,alfabetizacao_V00785,double,int32,427526,0,0,0,0,112
2022_tracts_pessoas,alfabetizacao_V00786,double,int32,405830,0,0,0,0,355
2022_tracts_pessoas,alfabetizacao_V00787,double,int32,319958,0,0,0,0,132
2022_tracts_pessoas,alfabetizacao_V00788,double,int32,412317,0,0,0,0,48
2022_tracts_pessoas,alfabetizacao_V00789,double,int32,410085,0,0,0,0,468
2022_tracts_pessoas,alfabetizacao_V00790,double,int32,427543,0,0,0,0,87
2022_tracts_pessoas,alfabetizacao_V00791,double,int32,399120,0,0,0,0,201
2022_tracts_pessoas,alfabetizacao_V00792,double,int32,308688,0,0,0,0,80
2022_tracts_pessoas,alfabetizacao_V00793,double,int32,417035,0,0,0,0,36
2022_tracts_pessoas,alfabetizacao_V00794,double,int32,402021,0,0,0,0,457
2022_tracts_pessoas,alfabetizacao_V00795,double,int32,429512,0,0,0,0,70
2022_tracts_pessoas,alfabetizacao_V00796,double,int32,395743,0,0,0,0,176
2022_tracts_pessoas,alfabetizacao_V00797,double,int32,301283,0,0,0,0,115
2022_tracts_pessoas,alfabetizacao_V00798,double,int32,419465,0,0,0,0,58
2022_tracts_pessoas,alfabetizacao_V00799,double,int32,395755,0,0,0,0,166
2022_tracts_pessoas,alfabetizacao_V00800,double,int32,431272,0,0,0,0,54
2022_tracts_pessoas,alfabetizacao_V00801,double,int32,389580,0,0,0,0,157
2022_tracts_pessoas,alfabetizacao_V00802,double,int32,293095,0,0,0,0,113
2022_tracts_pessoas,alfabetizacao_V00803,double,int32,420924,0,0,0,0,70
2022_tracts_pessoas,alfabetizacao_V00804,double,int32,387222,0,0,0,0,121
2022_tracts_pessoas,alfabetizacao_V00805,double,int32,433037,0,0,0,0,40
2022_tracts_pessoas,alfabetizacao_V00806,double,int32,378741,0,0,0,0,274
2022_tracts_pessoas,alfabetizacao_V00807,double,int32,287768,0,0,0,0,72
2022_tracts_pessoas,alfabetizacao_V00808,double,int32,422232,0,0,0,0,58
2022_tracts_pessoas,alfabetizacao_V00809,double,int32,372661,0,0,0,0,93
2022_tracts_pessoas,alfabetizacao_V00810,double,int32,435172,0,0,0,0,36
2022_tracts_pessoas,alfabetizacao_V00811,double,int32,363881,0,0,0,0,114
2022_tracts_pessoas,alfabetizacao_V00812,double,int32,287881,0,0,0,0,43
2022_tracts_pessoas,alfabetizacao_V00813,double,int32,423210,0,0,0,0,36
2022_tracts_pessoas,alfabetizacao_V00814,double,int32,348110,0,0,0,0,82
2022_tracts_pessoas,alfabetizacao_V00815,double,int32,438233,0,0,0,0,33
2022_tracts_pessoas,alfabetizacao_V00816,double,int32,369647,0,0,0,0,190
2022_tracts_pessoas,alfabetizacao_V00817,double,int32,292104,0,0,0,0,71
2022_tracts_pessoas,alfabetizacao_V00818,double,int32,418509,0,0,0,0,56
2022_tracts_pessoas,alfabetizacao_V00819,double,int32,347759,0,0,0,0,108
2022_tracts_pessoas,alfabetizacao_V00820,double,int32,437514,0,0,0,0,31
2022_tracts_pessoas,alfabetizacao_V00821,double,int32,328432,0,0,0,0,193
2022_tracts_pessoas,alfabetizacao_V00822,double,int32,335529,0,0,0,0,21
2022_tracts_pessoas,alfabetizacao_V00823,double,int32,428801,0,0,0,0,39
2022_tracts_pessoas,alfabetizacao_V00824,double,int32,287527,0,0,0,0,71
2022_tracts_pessoas,alfabetizacao_V00825,double,int32,444613,0,0,0,0,15
2022_tracts_pessoas,alfabetizacao_V00826,double,int32,422787,0,0,0,0,417
2022_tracts_pessoas,alfabetizacao_V00827,double,int32,422893,0,0,0,0,603
2022_tracts_pessoas,alfabetizacao_V00828,double,int32,421847,0,0,0,0,942
2022_tracts_pessoas,alfabetizacao_V00829,double,int32,421801,0,0,0,0,805
2022_tracts_pessoas,alfabetizacao_V00830,double,int32,423699,0,0,0,0,634
2022_tracts_pessoas,alfabetizacao_V00831,double,int32,423036,0,0,0,0,546
2022_tracts_pessoas,alfabetizacao_V00832,double,int32,416955,0,0,0,0,375
2022_tracts_pessoas,alfabetizacao_V00833,double,int32,413198,0,0,0,0,267
2022_tracts_pessoas,alfabetizacao_V00834,double,int32,406604,0,0,0,0,241
2022_tracts_pessoas,alfabetizacao_V00835,double,int32,394114,0,0,0,0,216
2022_tracts_pessoas,alfabetizacao_V00836,double,int32,372673,0,0,0,0,103
2022_tracts_pessoas,alfabetizacao_V00837,double,int32,374490,0,0,0,0,100
2022_tracts_pessoas,alfabetizacao_V00838,double,int32,294529,0,0,0,0,48
2022_tracts_pessoas,alfabetizacao_V00839,double,int32,420548,0,0,0,0,424
2022_tracts_pessoas,alfabetizacao_V00840,double,int32,421391,0,0,0,0,402
2022_tracts_pessoas,alfabetizacao_V00841,double,int32,422003,0,0,0,0,409
2022_tracts_pessoas,alfabetizacao_V00842,double,int32,422974,0,0,0,0,365
2022_tracts_pessoas,alfabetizacao_V00843,double,int32,424522,0,0,0,0,476
2022_tracts_pessoas,alfabetizacao_V00844,double,int32,423550,0,0,0,0,243
2022_tracts_pessoas,alfabetizacao_V00845,double,int32,419001,0,0,0,0,228
2022_tracts_pessoas,alfabetizacao_V00846,double,int32,415422,0,0,0,0,126
2022_tracts_pessoas,alfabetizacao_V00847,double,int32,410667,0,0,0,0,133
2022_tracts_pessoas,alfabetizacao_V00848,double,int32,399230,0,0,0,0,93
2022_tracts_pessoas,alfabetizacao_V00849,double,int32,379444,0,0,0,0,74
2022_tracts_pessoas,alfabetizacao_V00850,double,int32,380633,0,0,0,0,102
2022_tracts_pessoas,alfabetizacao_V00851,double,int32,323183,0,0,0,0,159
2022_tracts_pessoas,alfabetizacao_V00852,double,int32,447859,0,0,0,0,1661
2022_tracts_pessoas,alfabetizacao_V00853,double,int32,286465,0,0,0,0,351
2022_tracts_pessoas,alfabetizacao_V00854,double,int32,449429,0,0,0,0,2320
2022_tracts_pessoas,alfabetizacao_V00855,double,int32,358174,0,0,0,0,344
2022_tracts_pessoas,alfabetizacao_V00856,double,int32,441289,0,0,0,0,476
2022_tracts_pessoas,alfabetizacao_V00857,double,int32,382196,0,0,0,0,183
2022_tracts_pessoas,alfabetizacao_V00858,double,int32,443653,0,0,0,0,1661
2022_tracts_pessoas,alfabetizacao_V00859,double,int32,301375,0,0,0,0,209
2022_tracts_pessoas,alfabetizacao_V00860,double,int32,447644,0,0,0,0,2283
2022_tracts_pessoas,alfabetizacao_V00861,double,int32,329769,0,0,0,0,243
2022_tracts_pessoas,alfabetizacao_V00862,double,int32,431583,0,0,0,0,360
2022_tracts_pessoas,alfabetizacao_V00863,double,int32,338326,0,0,0,0,97
2022_tracts_pessoas,alfabetizacao_V00864,double,int32,443108,0,0,0,0,762
2022_tracts_pessoas,alfabetizacao_V00865,double,int32,325090,0,0,0,0,142
2022_tracts_pessoas,alfabetizacao_V00866,double,int32,447003,0,0,0,0,1202
2022_tracts_pessoas,alfabetizacao_V00867,double,int32,318826,0,0,0,0,255
2022_tracts_pessoas,alfabetizacao_V00868,double,int32,431106,0,0,0,0,274
2022_tracts_pessoas,alfabetizacao_V00869,double,int32,354049,0,0,0,0,105
2022_tracts_pessoas,alfabetizacao_V00870,double,int32,435033,0,0,0,0,1002
2022_tracts_pessoas,alfabetizacao_V00871,double,int32,329674,0,0,0,0,66
2022_tracts_pessoas,alfabetizacao_V00872,double,int32,380786,0,0,0,0,350
2022_tracts_pessoas,alfabetizacao_V00873,double,int32,393316,0,0,0,0,37
2022_tracts_pessoas,alfabetizacao_V00874,double,int32,395227,0,0,0,0,75
2022_tracts_pessoas,alfabetizacao_V00875,double,int32,448898,0,0,0,0,22
2022_tracts_pessoas,alfabetizacao_V00876,double,int32,436604,0,0,0,0,1097
2022_tracts_pessoas,alfabetizacao_V00877,double,int32,324682,0,0,0,0,321
2022_tracts_pessoas,alfabetizacao_V00878,double,int32,414737,0,0,0,0,611
2022_tracts_pessoas,alfabetizacao_V00879,double,int32,446248,0,0,0,0,133
2022_tracts_pessoas,alfabetizacao_V00880,double,int32,441208,0,0,0,0,1487
2022_tracts_pessoas,alfabetizacao_V00881,double,int32,293028,0,0,0,0,119
2022_tracts_pessoas,alfabetizacao_V00882,double,int32,408911,0,0,0,0,491
2022_tracts_pessoas,alfabetizacao_V00883,double,int32,323402,0,0,0,0,129
2022_tracts_pessoas,alfabetizacao_V00884,double,int32,374764,0,0,0,0,198
2022_tracts_pessoas,alfabetizacao_V00885,double,int32,444363,0,0,0,0,49
2022_tracts_pessoas,alfabetizacao_V00886,double,int32,443990,0,0,0,0,2052
2022_tracts_pessoas,alfabetizacao_V00887,double,int32,341006,0,0,0,0,322
2022_tracts_pessoas,alfabetizacao_V00888,double,int32,387441,0,0,0,0,451
2022_tracts_pessoas,alfabetizacao_V00889,double,int32,438645,0,0,0,0,268
2022_tracts_pessoas,alfabetizacao_V00890,double,int32,420491,0,0,0,0,426
2022_tracts_pessoas,alfabetizacao_V00891,double,int32,319382,0,0,0,0,90
2022_tracts_pessoas,alfabetizacao_V00892,double,int32,337201,0,0,0,0,171
2022_tracts_pessoas,alfabetizacao_V00893,double,int32,314305,0,0,0,0,87
2022_tracts_pessoas,alfabetizacao_V00894,double,int32,401939,0,0,0,0,189
2022_tracts_pessoas,alfabetizacao_V00895,double,int32,442580,0,0,0,0,25
2022_tracts_pessoas,alfabetizacao_V00896,double,int32,419344,0,0,0,0,284
2022_tracts_pessoas,alfabetizacao_V00897,double,int32,350928,0,0,0,0,133
2022_tracts_pessoas,alfabetizacao_V00898,double,int32,416912,0,0,0,0,88
2022_tracts_pessoas,alfabetizacao_V00899,double,int32,436200,0,0,0,0,118
2022_tracts_pessoas,alfabetizacao_V00900,double,int32,449986,0,0,0,0,3747
2022_tracts_pessoas,alfabetizacao_V00901,double,int32,406079,0,0,0,0,599
2022_tracts_pessoas,alfabetizacao_V00902,double,int32,445451,0,0,0,0,2426
2022_tracts_pessoas,alfabetizacao_V00903,double,int32,350784,0,0,0,0,171
2022_tracts_pessoas,alfabetizacao_V00904,double,int32,425514,0,0,0,0,857
2022_tracts_pessoas,alfabetizacao_V00905,double,int32,329355,0,0,0,0,231
2022_tracts_pessoas,alfabetizacao_V00906,double,int32,371160,0,0,0,0,413
2022_tracts_pessoas,alfabetizacao_V00907,double,int32,437638,0,0,0,0,71
2022_tracts_pessoas,alfabetizacao_V00908,double,int32,446931,0,0,0,0,2582
2022_tracts_pessoas,alfabetizacao_V00909,double,int32,375835,0,0,0,0,560
2022_tracts_pessoas,alfabetizacao_V00910,double,int32,374948,0,0,0,0,1089
2022_tracts_pessoas,alfabetizacao_V00911,double,int32,431330,0,0,0,0,453
2022_tracts_pessoas,alfabetizacao_V00912,double,int32,449818,0,0,0,0,3739
2022_tracts_pessoas,alfabetizacao_V00913,double,int32,372667,0,0,0,0,444
2022_tracts_pessoas,alfabetizacao_V00914,double,int32,449672,0,0,0,0,1923
2022_tracts_pessoas,alfabetizacao_V00915,double,int32,379442,0,0,0,0,293
2022_tracts_pessoas,alfabetizacao_V00916,double,int32,441564,0,0,0,0,1230
2022_tracts_pessoas,alfabetizacao_V00917,double,int32,304194,0,0,0,0,156
2022_tracts_pessoas,alfabetizacao_V00918,double,int32,406563,0,0,0,0,436
2022_tracts_pessoas,alfabetizacao_V00919,double,int32,318557,0,0,0,0,124
2022_tracts_pessoas,alfabetizacao_V00920,double,int32,378422,0,0,0,0,148
2022_tracts_pessoas,alfabetizacao_V00921,double,int32,443264,0,0,0,0,41
2022_tracts_pessoas,alfabetizacao_V00922,double,int32,443743,0,0,0,0,2176
2022_tracts_pessoas,alfabetizacao_V00923,double,int32,347231,0,0,0,0,320
2022_tracts_pessoas,alfabetizacao_V00924,double,int32,393954,0,0,0,0,554
2022_tracts_pessoas,alfabetizacao_V00925,double,int32,437810,0,0,0,0,250
2022_tracts_pessoas,alfabetizacao_V00926,double,int32,441389,0,0,0,0,1328
2022_tracts_pessoas,alfabetizacao_V00927,double,int32,309757,0,0,0,0,101
2022_tracts_pessoas,alfabetizacao_V00928,double,int32,402356,0,0,0,0,486
2022_tracts_pessoas,alfabetizacao_V00929,double,int32,310730,0,0,0,0,107
2022_tracts_pessoas,alfabetizacao_V00930,double,int32,374533,0,0,0,0,265
2022_tracts_pessoas,alfabetizacao_V00931,double,int32,441851,0,0,0,0,31
2022_tracts_pessoas,alfabetizacao_V00932,double,int32,443387,0,0,0,0,1358
2022_tracts_pessoas,alfabetizacao_V00933,double,int32,347815,0,0,0,0,278
2022_tracts_pessoas,alfabetizacao_V00934,double,int32,389237,0,0,0,0,535
2022_tracts_pessoas,alfabetizacao_V00935,double,int32,435882,0,0,0,0,293
2022_tracts_pessoas,alfabetizacao_V00936,double,int32,281409,0,0,0,0,70
2022_tracts_pessoas,alfabetizacao_V00937,double,int32,443520,0,0,0,0,11
2022_tracts_pessoas,alfabetizacao_V00938,double,int32,364762,0,0,0,0,246
2022_tracts_pessoas,alfabetizacao_V00939,double,int32,424345,0,0,0,0,17
2022_tracts_pessoas,alfabetizacao_V00940,double,int32,401804,0,0,0,0,410
2022_tracts_pessoas,alfabetizacao_V00941,double,int32,406421,0,0,0,0,17
2022_tracts_pessoas,alfabetizacao_V00942,double,int32,414555,0,0,0,0,416
2022_tracts_pessoas,alfabetizacao_V00943,double,int32,386637,0,0,0,0,21
2022_tracts_pessoas,alfabetizacao_V00944,double,int32,421160,0,0,0,0,461
2022_tracts_pessoas,alfabetizacao_V00945,double,int32,362278,0,0,0,0,43
2022_tracts_pessoas,alfabetizacao_V00946,double,int32,422789,0,0,0,0,264
2022_tracts_pessoas,alfabetizacao_V00947,double,int32,339722,0,0,0,0,31
2022_tracts_pessoas,alfabetizacao_V00948,double,int32,419616,0,0,0,0,288
2022_tracts_pessoas,alfabetizacao_V00949,double,int32,328368,0,0,0,0,32
2022_tracts_pessoas,alfabetizacao_V00950,double,int32,417826,0,0,0,0,145
2022_tracts_pessoas,alfabetizacao_V00951,double,int32,317931,0,0,0,0,56
2022_tracts_pessoas,alfabetizacao_V00952,double,int32,415267,0,0,0,0,140
2022_tracts_pessoas,alfabetizacao_V00953,double,int32,313108,0,0,0,0,42
2022_tracts_pessoas,alfabetizacao_V00954,double,int32,406847,0,0,0,0,216
2022_tracts_pessoas,alfabetizacao_V00955,double,int32,307627,0,0,0,0,36
2022_tracts_pessoas,alfabetizacao_V00956,double,int32,391577,0,0,0,0,75
2022_tracts_pessoas,alfabetizacao_V00957,double,int32,303297,0,0,0,0,39
2022_tracts_pessoas,alfabetizacao_V00958,double,int32,392221,0,0,0,0,103
2022_tracts_pessoas,alfabetizacao_V00959,double,int32,312421,0,0,0,0,45
2022_tracts_pessoas,alfabetizacao_V00960,double,int32,318824,0,0,0,0,63
2022_tracts_pessoas,alfabetizacao_V00961,double,int32,295390,0,0,0,0,35
2022_tracts_pessoas,alfabetizacao_V00962,double,int32,439317,0,0,0,0,1258
2022_tracts_pessoas,alfabetizacao_V00963,double,int32,312874,0,0,0,0,86
2022_tracts_pessoas,alfabetizacao_V00964,double,int32,403015,0,0,0,0,469
2022_tracts_pessoas,alfabetizacao_V00965,double,int32,319171,0,0,0,0,110
2022_tracts_pessoas,alfabetizacao_V00966,double,int32,367597,0,0,0,0,225
2022_tracts_pessoas,alfabetizacao_V00967,double,int32,442317,0,0,0,0,37
2022_tracts_pessoas,alfabetizacao_V00968,double,int32,442511,0,0,0,0,1148
2022_tracts_pessoas,alfabetizacao_V00969,double,int32,351731,0,0,0,0,234
2022_tracts_pessoas,alfabetizacao_V00970,double,int32,381498,0,0,0,0,390
2022_tracts_pessoas,alfabetizacao_V00971,double,int32,434933,0,0,0,0,109
2022_tracts_pessoas,alfabetizacao_V00972,double,int32,392125,0,0,0,0,280
2022_tracts_pessoas,alfabetizacao_V00973,double,int32,406974,0,0,0,0,20
2022_tracts_pessoas,alfabetizacao_V00974,double,int32,443475,0,0,0,0,758
2022_tracts_pessoas,alfabetizacao_V00975,double,int32,320824,0,0,0,0,121
2022_tracts_pessoas,alfabetizacao_V00976,double,int32,421017,0,0,0,0,212
2022_tracts_pessoas,alfabetizacao_V00977,double,int32,323661,0,0,0,0,82
2022_tracts_pessoas,alfabetizacao_V00978,double,int32,391261,0,0,0,0,355
2022_tracts_pessoas,alfabetizacao_V00979,double,int32,420755,0,0,0,0,30
2022_tracts_pessoas,alfabetizacao_V00980,double,int32,434658,0,0,0,0,822
2022_tracts_pessoas,alfabetizacao_V00981,double,int32,319469,0,0,0,0,73
2022_tracts_pessoas,alfabetizacao_V00982,double,int32,409814,0,0,0,0,191
2022_tracts_pessoas,alfabetizacao_V00983,double,int32,326538,0,0,0,0,66
2022_tracts_pessoas,alfabetizacao_V00984,double,int32,449622,0,0,0,0,1760
2022_tracts_pessoas,alfabetizacao_V00985,double,int32,377127,0,0,0,0,259
2022_tracts_pessoas,alfabetizacao_V00986,double,int32,447483,0,0,0,0,1029
2022_tracts_pessoas,alfabetizacao_V00987,double,int32,344064,0,0,0,0,164
2022_tracts_pessoas,alfabetizacao_V00988,double,int32,441536,0,0,0,0,1258
2022_tracts_pessoas,alfabetizacao_V00989,double,int32,345577,0,0,0,0,116
2022_tracts_pessoas,alfabetizacao_V00990,double,int32,447462,0,0,0,0,1029
2022_tracts_pessoas,alfabetizacao_V00991,double,int32,441494,0,0,0,0,1258
2022_tracts_pessoas,alfabetizacao_V00992,double,int32,430588,0,0,0,0,533
2022_tracts_pessoas,alfabetizacao_V00993,double,int32,445275,0,0,0,0,822
2022_tracts_pessoas,alfabetizacao_V00994,double,int32,439906,0,0,0,0,586
2022_tracts_pessoas,alfabetizacao_V00995,double,int32,434448,0,0,0,0,555
2022_tracts_pessoas,alfabetizacao_V00996,double,int32,290849,0,0,0,0,105
2022_tracts_pessoas,alfabetizacao_V00997,double,int32,356122,0,0,0,0,137
2022_tracts_pessoas,alfabetizacao_V00998,double,int32,308605,0,0,0,0,103
2022_tracts_pessoas,alfabetizacao_V00999,double,int32,290435,0,0,0,0,83
2022_tracts_pessoas,alfabetizacao_V01000,double,int32,309807,0,0,0,0,181
2022_tracts_pessoas,alfabetizacao_V01001,double,int32,310428,0,0,0,0,182
2022_tracts_pessoas,alfabetizacao_V01002,double,int32,330972,0,0,0,0,261
2022_tracts_pessoas,alfabetizacao_V01003,double,int32,328451,0,0,0,0,253
2022_tracts_pessoas,alfabetizacao_V01004,double,int32,333619,0,0,0,0,269
2022_tracts_pessoas,alfabetizacao_V01005,double,int32,340179,0,0,0,0,341
2022_tracts_pessoas,area_km2,double,double,458772,0,458772,0,0.0001503,19333.1754678
2022_tracts_pessoas,code_aglomerado,double,double,30616,0,0,0,110001500003,530010800331
2022_tracts_pessoas,code_district,double,int32,458772,0,0,0,110001505,530010805
2022_tracts_pessoas,code_favela,double,double,33262,0,0,0,11000490002,53001080096
2022_tracts_pessoas,code_immediate,double,int32,458772,0,0,0,110001,530001
2022_tracts_pessoas,code_intermediate,double,int32,458772,0,0,0,1101,5301
2022_tracts_pessoas,code_muni,double,int32,458772,0,0,0,1100015,5300108
2022_tracts_pessoas,code_neighborhood,double,double,165353,0,0,0,1100015001,5218300013
2022_tracts_pessoas,code_nucleo_urbano,double,double,12146,0,0,0,1100015001,5300108039
2022_tracts_pessoas,code_region,double,int32,458772,0,0,0,1,5
2022_tracts_pessoas,code_situacao,double,int32,458772,0,0,0,1,8
2022_tracts_pessoas,code_state,double,int32,458772,0,0,0,11,53
2022_tracts_pessoas,code_subdistrict,double,double,458772,0,0,0,11000150500,53001080544
2022_tracts_pessoas,code_tract,double,double,458772,0,0,0,110001505000002,530010805440143
2022_tracts_pessoas,code_type,double,int32,458772,0,0,0,0,9
2022_tracts_pessoas,code_urban_concentration,double,int32,255506,0,0,0,1100122,5300108
2022_tracts_pessoas,demografia_V01006,double,int32,450088,0,0,0,5,4804
2022_tracts_pessoas,demografia_V01007,double,int32,450081,0,0,0,3,3828
2022_tracts_pessoas,demografia_V01008,double,int32,450039,0,0,0,0,2695
2022_tracts_pessoas,demografia_V01009,double,int32,417148,0,0,0,0,303
2022_tracts_pessoas,demografia_V01010,double,int32,420908,0,0,0,0,404
2022_tracts_pessoas,demografia_V01011,double,int32,422348,0,0,0,0,238
2022_tracts_pessoas,demografia_V01012,double,int32,423447,0,0,0,0,432
2022_tracts_pessoas,demografia_V01013,double,int32,423782,0,0,0,0,617
2022_tracts_pessoas,demografia_V01014,double,int32,422983,0,0,0,0,954
2022_tracts_pessoas,demografia_V01015,double,int32,439268,0,0,0,0,1392
2022_tracts_pessoas,demografia_V01016,double,int32,439531,0,0,0,0,882
2022_tracts_pessoas,demografia_V01017,double,int32,437481,0,0,0,0,534
2022_tracts_pessoas,demografia_V01018,double,int32,430128,0,0,0,0,282
2022_tracts_pessoas,demografia_V01019,double,int32,414326,0,0,0,0,127
2022_tracts_pessoas,demografia_V01020,double,int32,415509,0,0,0,0,269
2022_tracts_pessoas,demografia_V01021,double,int32,419215,0,0,0,0,340
2022_tracts_pessoas,demografia_V01022,double,int32,419692,0,0,0,0,245
2022_tracts_pessoas,demografia_V01023,double,int32,420898,0,0,0,0,424
2022_tracts_pessoas,demografia_V01024,double,int32,421775,0,0,0,0,402
2022_tracts_pessoas,demografia_V01025,double,int32,422451,0,0,0,0,410
2022_tracts_pessoas,demografia_V01026,double,int32,438534,0,0,0,0,768
2022_tracts_pessoas,demografia_V01027,double,int32,438114,0,0,0,0,408
2022_tracts_pessoas,demografia_V01028,double,int32,436371,0,0,0,0,254
2022_tracts_pessoas,demografia_V01029,double,int32,429435,0,0,0,0,159
2022_tracts_pessoas,demografia_V01030,double,int32,418549,0,0,0,0,219
2022_tracts_pessoas,demografia_V01031,double,int32,436522,0,0,0,0,540
2022_tracts_pessoas,demografia_V01032,double,int32,438066,0,0,0,0,692
2022_tracts_pessoas,demografia_V01033,double,int32,438387,0,0,0,0,483
2022_tracts_pessoas,demografia_V01034,double,int32,438716,0,0,0,0,800
2022_tracts_pessoas,demografia_V01035,double,int32,438387,0,0,0,0,754
2022_tracts_pessoas,demografia_V01036,double,int32,438162,0,0,0,0,955
2022_tracts_pessoas,demografia_V01037,double,int32,446018,0,0,0,0,1451
2022_tracts_pessoas,demografia_V01038,double,int32,445670,0,0,0,0,887
2022_tracts_pessoas,demografia_V01039,double,int32,444243,0,0,0,0,534
2022_tracts_pessoas,demografia_V01040,double,int32,440896,0,0,0,0,318
2022_tracts_pessoas,demografia_V01041,double,int32,434494,0,0,0,0,300
2022_tracts_pessoas,name_aglomerado,string,string,30616,30616,0,0,,
2022_tracts_pessoas,name_district,string,string,458772,458772,0,0,,
2022_tracts_pessoas,name_favela,string,string,33262,33262,0,7,,
2022_tracts_pessoas,name_immediate,string,string,458772,458772,0,0,,
2022_tracts_pessoas,name_intermediate,string,string,458772,458772,0,0,,
2022_tracts_pessoas,name_muni,string,string,458772,458772,0,0,,
2022_tracts_pessoas,name_neighborhood,string,string,165353,165256,0,0,1,34
2022_tracts_pessoas,name_nucleo_urbano,string,string,12146,12142,0,0,1,3
2022_tracts_pessoas,name_region,string,string,458772,458772,0,0,,
2022_tracts_pessoas,name_state,string,string,458772,458772,0,0,,
2022_tracts_pessoas,name_subdistrict,string,string,69735,69735,0,0,,
2022_tracts_pessoas,name_urban_concentration,string,string,255506,255506,0,0,,
2022_tracts_pessoas,parentesco_V01042,double,int32,450088,0,0,0,5,1820
2022_tracts_pessoas,parentesco_V01043,double,int32,449397,0,0,0,0,1239
2022_tracts_pessoas,parentesco_V01044,double,int32,298000,0,0,0,0,66
2022_tracts_pessoas,parentesco_V01045,double,int32,447785,0,0,0,0,1442
2022_tracts_pessoas,parentesco_V01046,double,int32,438796,0,0,0,0,1247
2022_tracts_pessoas,parentesco_V01047,double,int32,350685,0,0,0,0,133
2022_tracts_pessoas,parentesco_V01048,double,int32,318840,0,0,0,0,159
2022_tracts_pessoas,parentesco_V01049,double,int32,381551,0,0,0,0,241
2022_tracts_pessoas,parentesco_V01050,double,int32,264066,0,0,0,0,62
2022_tracts_pessoas,parentesco_V01051,double,int32,413846,0,0,0,0,602
2022_tracts_pessoas,parentesco_V01052,double,int32,348385,0,0,0,0,131
2022_tracts_pessoas,parentesco_V01053,double,int32,375899,0,0,0,0,383
2022_tracts_pessoas,parentesco_V01054,double,int32,343250,0,0,0,0,39
2022_tracts_pessoas,parentesco_V01055,double,int32,362731,0,0,0,0,571
2022_tracts_pessoas,parentesco_V01056,double,int32,339539,0,0,0,0,202
2022_tracts_pessoas,parentesco_V01057,double,int32,325128,0,0,0,0,477
2022_tracts_pessoas,parentesco_V01058,double,int32,442156,0,0,0,0,105
2022_tracts_pessoas,parentesco_V01059,double,int32,421962,0,0,0,0,261
2022_tracts_pessoas,parentesco_V01060,double,int32,447990,0,0,0,0,23
2022_tracts_pessoas,parentesco_V01061,double,int32,444125,0,0,0,0,3821
2022_tracts_pessoas,parentesco_V01062,double,int32,449017,0,0,0,0,1039
2022_tracts_pessoas,parentesco_V01063,double,int32,443095,0,0,0,0,1308
2022_tracts_pessoas,parentesco_V01064,double,int32,341990,0,0,0,0,44
2022_tracts_pessoas,parentesco_V01065,double,int32,375202,0,0,0,0,286
2022_tracts_pessoas,parentesco_V01066,double,int32,441251,0,0,0,0,1128
2022_tracts_pessoas,parentesco_V01067,double,int32,445901,0,0,0,0,681
2022_tracts_pessoas,parentesco_V01068,double,int32,440819,0,0,0,0,308
2022_tracts_pessoas,parentesco_V01069,double,int32,439570,0,0,0,0,14
2022_tracts_pessoas,parentesco_V01070,double,int32,289440,0,0,0,0,45
2022_tracts_pessoas,parentesco_V01071,double,int32,329447,0,0,0,0,266
2022_tracts_pessoas,parentesco_V01072,double,int32,384052,0,0,0,0,321
2022_tracts_pessoas,parentesco_V01073,double,int32,403308,0,0,0,0,312
2022_tracts_pessoas,parentesco_V01074,double,int32,412237,0,0,0,0,417
2022_tracts_pessoas,parentesco_V01075,double,int32,413659,0,0,0,0,229
2022_tracts_pessoas,parentesco_V01076,double,int32,408000,0,0,0,0,181
2022_tracts_pessoas,parentesco_V01077,double,int32,402924,0,0,0,0,91
2022_tracts_pessoas,parentesco_V01078,double,int32,395120,0,0,0,0,136
2022_tracts_pessoas,parentesco_V01079,double,int32,376988,0,0,0,0,85
2022_tracts_pessoas,parentesco_V01080,double,int32,345143,0,0,0,0,53
2022_tracts_pessoas,parentesco_V01081,double,int32,302443,0,0,0,0,50
2022_tracts_pessoas,parentesco_V01082,double,int32,262400,0,0,0,0,23
2022_tracts_pessoas,parentesco_V01083,double,int32,265765,0,0,0,0,27
2022_tracts_pessoas,parentesco_V01084,double,int32,426572,0,0,0,0,446
2022_tracts_pessoas,parentesco_V01085,double,int32,426242,0,0,0,0,439
2022_tracts_pessoas,parentesco_V01086,double,int32,423364,0,0,0,0,288
2022_tracts_pessoas,parentesco_V01087,double,int32,417155,0,0,0,0,272
2022_tracts_pessoas,parentesco_V01088,double,int32,396137,0,0,0,0,248
2022_tracts_pessoas,parentesco_V01089,double,int32,353805,0,0,0,0,242
2022_tracts_pessoas,parentesco_V01090,double,int32,344486,0,0,0,0,426
2022_tracts_pessoas,parentesco_V01091,double,int32,278415,0,0,0,0,317
2022_tracts_pessoas,parentesco_V01092,double,int32,337890,0,0,0,0,49
2022_tracts_pessoas,parentesco_V01093,double,int32,430932,0,0,0,0,9
2022_tracts_pessoas,parentesco_V01094,double,int32,449655,0,0,0,0,12
2022_tracts_pessoas,parentesco_V01095,double,int32,359724,0,0,0,0,24
2022_tracts_pessoas,parentesco_V01096,double,int32,293619,0,0,0,0,51
2022_tracts_pessoas,parentesco_V01097,double,int32,280796,0,0,0,0,52
2022_tracts_pessoas,parentesco_V01098,double,int32,276440,0,0,0,0,32
2022_tracts_pessoas,parentesco_V01099,double,int32,291334,0,0,0,0,25
2022_tracts_pessoas,parentesco_V01100,double,int32,344589,0,0,0,0,11
2022_tracts_pessoas,parentesco_V01101,double,int32,388256,0,0,0,0,13
2022_tracts_pessoas,parentesco_V01102,double,int32,412849,0,0,0,0,7
2022_tracts_pessoas,parentesco_V01103,double,int32,425085,0,0,0,0,7
2022_tracts_pessoas,parentesco_V01104,double,int32,436334,0,0,0,0,4
2022_tracts_pessoas,parentesco_V01105,double,int32,432041,0,0,0,0,11
2022_tracts_pessoas,parentesco_V01106,double,int32,450088,0,0,0,0,0
2022_tracts_pessoas,parentesco_V01107,double,int32,450088,0,0,0,0,0
2022_tracts_pessoas,parentesco_V01108,double,int32,442008,0,0,0,0,6
2022_tracts_pessoas,parentesco_V01109,double,int32,343532,0,0,0,0,33
2022_tracts_pessoas,parentesco_V01110,double,int32,284473,0,0,0,0,60
2022_tracts_pessoas,parentesco_V01111,double,int32,284997,0,0,0,0,33
2022_tracts_pessoas,parentesco_V01112,double,int32,300205,0,0,0,0,42
2022_tracts_pessoas,parentesco_V01113,double,int32,321486,0,0,0,0,37
2022_tracts_pessoas,parentesco_V01114,double,int32,345397,0,0,0,0,42
2022_tracts_pessoas,parentesco_V01115,double,int32,382148,0,0,0,0,29
2022_tracts_pessoas,parentesco_V01116,double,int32,364868,0,0,0,0,38
2022_tracts_pessoas,parentesco_V01117,double,int32,443805,0,0,0,0,16
2022_tracts_pessoas,parentesco_V01118,double,int32,437645,0,0,0,0,15
2022_tracts_pessoas,parentesco_V01119,double,int32,417628,0,0,0,0,17
2022_tracts_pessoas,parentesco_V01120,double,int32,383088,0,0,0,0,25
2022_tracts_pessoas,parentesco_V01121,double,int32,349826,0,0,0,0,49
2022_tracts_pessoas,parentesco_V01122,double,int32,328225,0,0,0,0,42
2022_tracts_pessoas,parentesco_V01123,double,int32,310614,0,0,0,0,29
2022_tracts_pessoas,parentesco_V01124,double,int32,297686,0,0,0,0,36
2022_tracts_pessoas,parentesco_V01125,double,int32,287958,0,0,0,0,41
2022_tracts_pessoas,parentesco_V01126,double,int32,284553,0,0,0,0,39
2022_tracts_pessoas,parentesco_V01127,double,int32,280463,0,0,0,0,58
2022_tracts_pessoas,parentesco_V01128,double,int32,278098,0,0,0,0,21
2022_tracts_pessoas,parentesco_V01129,double,int32,272340,0,0,0,0,35
2022_tracts_pessoas,parentesco_V01130,double,int32,449289,0,0,0,0,0
2022_tracts_pessoas,parentesco_V01131,double,int32,449091,0,0,0,0,0
2022_tracts_pessoas,parentesco_V01132,double,int32,448216,0,0,0,0,3
2022_tracts_pessoas,parentesco_V01133,double,int32,444668,0,0,0,0,4
2022_tracts_pessoas,parentesco_V01134,double,int32,436554,0,0,0,0,5
2022_tracts_pessoas,parentesco_V01135,double,int32,428646,0,0,0,0,9
2022_tracts_pessoas,parentesco_V01136,double,int32,415859,0,0,0,0,10
2022_tracts_pessoas,parentesco_V01137,double,int32,407231,0,0,0,0,11
2022_tracts_pessoas,parentesco_V01138,double,int32,396377,0,0,0,0,10
2022_tracts_pessoas,parentesco_V01139,double,int32,392775,0,0,0,0,13
2022_tracts_pessoas,parentesco_V01140,double,int32,387444,0,0,0,0,10
2022_tracts_pessoas,parentesco_V01141,double,int32,385641,0,0,0,0,9
2022_tracts_pessoas,parentesco_V01142,double,int32,320176,0,0,0,0,12
2022_tracts_pessoas,parentesco_V01143,double,int32,327325,0,0,0,0,211
2022_tracts_pessoas,parentesco_V01144,double,int32,325867,0,0,0,0,359
2022_tracts_pessoas,parentesco_V01145,double,int32,311543,0,0,0,0,113
2022_tracts_pessoas,parentesco_V01146,double,int32,297974,0,0,0,0,73
2022_tracts_pessoas,parentesco_V01147,double,int32,278969,0,0,0,0,81
2022_tracts_pessoas,parentesco_V01148,double,int32,302201,0,0,0,0,42
2022_tracts_pessoas,parentesco_V01149,double,int32,366293,0,0,0,0,33
2022_tracts_pessoas,parentesco_V01150,double,int32,412603,0,0,0,0,14
2022_tracts_pessoas,parentesco_V01151,double,int32,434474,0,0,0,0,6
2022_tracts_pessoas,parentesco_V01152,double,int32,445612,0,0,0,0,3
2022_tracts_pessoas,parentesco_V01153,double,int32,448318,0,0,0,0,4
2022_tracts_pessoas,parentesco_V01154,double,int32,373086,0,0,0,0,32
2022_tracts_pessoas,parentesco_V01155,double,int32,393905,0,0,0,0,32
2022_tracts_pessoas,parentesco_V01156,double,int32,419879,0,0,0,0,37
2022_tracts_pessoas,parentesco_V01157,double,int32,434716,0,0,0,0,31
2022_tracts_pessoas,parentesco_V01158,double,int32,444219,0,0,0,0,17
2022_tracts_pessoas,parentesco_V01159,double,int32,448652,0,0,0,0,4
2022_tracts_pessoas,parentesco_V01160,double,int32,449716,0,0,0,0,3
2022_tracts_pessoas,parentesco_V01161,double,int32,449958,0,0,0,0,0
2022_tracts_pessoas,parentesco_V01162,double,int32,450045,0,0,0,0,0
2022_tracts_pessoas,parentesco_V01163,double,int32,450074,0,0,0,0,0
2022_tracts_pessoas,parentesco_V01164,double,int32,450078,0,0,0,0,0
2022_tracts_pessoas,parentesco_V01165,double,int32,418772,0,0,0,0,21
2022_tracts_pessoas,parentesco_V01166,double,int32,394180,0,0,0,0,28
2022_tracts_pessoas,parentesco_V01167,double,int32,360452,0,0,0,0,36
2022_tracts_pessoas,parentesco_V01168,double,int32,309586,0,0,0,0,64
2022_tracts_pessoas,parentesco_V01169,double,int32,294646,0,0,0,0,121
2022_tracts_pessoas,parentesco_V01170,double,int32,297940,0,0,0,0,61
2022_tracts_pessoas,parentesco_V01171,double,int32,311101,0,0,0,0,39
2022_tracts_pessoas,parentesco_V01172,double,int32,317889,0,0,0,0,60
2022_tracts_pessoas,parentesco_V01173,double,int32,315376,0,0,0,0,64
2022_tracts_pessoas,parentesco_V01174,double,int32,316771,0,0,0,0,23
2022_tracts_pessoas,parentesco_V01175,double,int32,289532,0,0,0,0,72
2022_tracts_pessoas,parentesco_V01176,double,int32,449392,0,0,0,0,1239
2022_tracts_pessoas,parentesco_V01177,double,int32,298030,0,0,0,0,66
2022_tracts_pessoas,parentesco_V01178,double,int32,450079,0,0,0,0,0
2022_tracts_pessoas,parentesco_V01179,double,int32,443533,0,0,0,0,1009
2022_tracts_pessoas,parentesco_V01180,double,int32,442764,0,0,0,0,3821
2022_tracts_pessoas,parentesco_V01181,double,int32,446693,0,0,0,0,817
2022_tracts_pessoas,parentesco_V01182,double,int32,433517,0,0,0,0,533
2022_tracts_pessoas,parentesco_V01183,double,int32,355831,0,0,0,0,36
2022_tracts_pessoas,parentesco_V01184,double,int32,319535,0,0,0,0,30
2022_tracts_pessoas,parentesco_V01185,double,int32,450083,0,0,0,0,0
2022_tracts_pessoas,parentesco_V01186,double,int32,450084,0,0,0,0,0
2022_tracts_pessoas,parentesco_V01187,double,int32,435414,0,0,0,0,286
2022_tracts_pessoas,parentesco_V01188,double,int32,433484,0,0,0,0,781
2022_tracts_pessoas,parentesco_V01189,double,int32,446445,0,0,0,0,128
2022_tracts_pessoas,parentesco_V01190,double,int32,446530,0,0,0,0,178
2022_tracts_pessoas,parentesco_V01191,double,int32,440167,0,0,0,0,503
2022_tracts_pessoas,parentesco_V01192,double,int32,444771,0,0,0,0,772
2022_tracts_pessoas,parentesco_V01193,double,int32,400088,0,0,0,0,370
2022_tracts_pessoas,parentesco_V01194,double,int32,426694,0,0,0,0,509
2022_tracts_pessoas,parentesco_V01195,double,int32,439668,0,0,0,0,565
2022_tracts_pessoas,parentesco_V01196,double,int32,442764,0,0,0,0,3821
2022_tracts_pessoas,parentesco_V01197,double,int32,432808,0,0,0,0,300
2022_tracts_pessoas,parentesco_V01198,double,int32,405120,0,0,0,0,265
2022_tracts_pessoas,parentesco_V01199,double,int32,438851,0,0,0,0,432
2022_tracts_pessoas,parentesco_V01200,double,int32,415760,0,0,0,0,340
2022_tracts_pessoas,parentesco_V01201,double,int32,346032,0,0,0,0,205
2022_tracts_pessoas,parentesco_V01202,double,int32,353655,0,0,0,0,192
2022_tracts_pessoas,parentesco_V01203,double,int32,315275,0,0,0,0,140
2022_tracts_pessoas,parentesco_V01204,double,int32,420928,0,0,0,0,481
2022_tracts_pessoas,parentesco_V01205,double,int32,431989,0,0,0,0,268
2022_tracts_pessoas,parentesco_V01206,double,int32,417360,0,0,0,0,311
2022_tracts_pessoas,parentesco_V01207,double,int32,446445,0,0,0,0,128
2022_tracts_pessoas,parentesco_V01208,double,int32,446530,0,0,0,0,178
2022_tracts_pessoas,parentesco_V01209,double,int32,436162,0,0,0,0,501
2022_tracts_pessoas,parentesco_V01210,double,int32,449220,0,0,0,0,1411
2022_tracts_pessoas,parentesco_V01211,double,int32,432108,0,0,0,0,301
2022_tracts_pessoas,parentesco_V01212,double,int32,290579,0,0,0,0,238
2022_tracts_pessoas,parentesco_V01213,double,int32,442764,0,0,0,0,3821
2022_tracts_pessoas,parentesco_V01214,double,int32,425899,0,0,0,0,262
2022_tracts_pessoas,parentesco_V01215,double,int32,406794,0,0,0,0,257
2022_tracts_pessoas,parentesco_V01216,double,int32,445972,0,0,0,0,796
2022_tracts_pessoas,parentesco_V01217,double,int32,438007,0,0,0,0,910
2022_tracts_pessoas,parentesco_V01218,double,int32,402289,0,0,0,0,201
2022_tracts_pessoas,parentesco_V01219,double,int32,408967,0,0,0,0,152
2022_tracts_pessoas,parentesco_V01220,double,int32,282154,0,0,0,0,166
2022_tracts_pessoas,parentesco_V01221,double,int32,289516,0,0,0,0,100
2022_tracts_pessoas,parentesco_V01222,double,int32,446445,0,0,0,0,128
2022_tracts_pessoas,parentesco_V01223,double,int32,446530,0,0,0,0,178
2022_tracts_pessoas,raca_V01317,double,int32,446920,0,0,0,0,3274
2022_tracts_pessoas,raca_V01318,double,int32,431038,0,0,0,0,1151
2022_tracts_pessoas,raca_V01319,double,int32,373991,0,0,0,0,442
2022_tracts_pessoas,raca_V01320,double,int32,447744,0,0,0,0,3417
2022_tracts_pessoas,raca_V01321,double,int32,377046,0,0,0,0,2268
2022_tracts_pessoas,raca_V01322,double,int32,444543,0,0,0,0,1608
2022_tracts_pessoas,raca_V01323,double,int32,416340,0,0,0,0,515
2022_tracts_pessoas,raca_V01324,double,int32,377149,0,0,0,0,169
2022_tracts_pessoas,raca_V01325,double,int32,445685,0,0,0,0,2215
2022_tracts_pessoas,raca_V01326,double,int32,391858,0,0,0,0,1111
2022_tracts_pessoas,raca_V01327,double,int32,444392,0,0,0,0,1755
2022_tracts_pessoas,raca_V01328,double,int32,411849,0,0,0,0,638
2022_tracts_pessoas,raca_V01329,double,int32,374688,0,0,0,0,280
2022_tracts_pessoas,raca_V01330,double,int32,445285,0,0,0,0,1789
2022_tracts_pessoas,raca_V01331,double,int32,388687,0,0,0,0,1157
2022_tracts_pessoas,raca_V01332,double,int32,441669,0,0,0,0,1263
2022_tracts_pessoas,raca_V01333,double,int32,410331,0,0,0,0,489
2022_tracts_pessoas,raca_V01334,double,int32,365508,0,0,0,0,227
2022_tracts_pessoas,raca_V01335,double,int32,443555,0,0,0,0,1165
2022_tracts_pessoas,raca_V01336,double,int32,378440,0,0,0,0,460
2022_tracts_pessoas,raca_V01337,double,int32,434636,0,0,0,0,704
2022_tracts_pessoas,raca_V01338,double,int32,425592,0,0,0,0,875
2022_tracts_pessoas,raca_V01339,double,int32,382017,0,0,0,0,200
2022_tracts_pessoas,raca_V01340,double,int32,373954,0,0,0,0,345
2022_tracts_pessoas,raca_V01341,double,int32,384563,0,0,0,0,126
2022_tracts_pessoas,raca_V01342,double,int32,384929,0,0,0,0,101
2022_tracts_pessoas,raca_V01343,double,int32,437744,0,0,0,0,593
2022_tracts_pessoas,raca_V01344,double,int32,428295,0,0,0,0,681
2022_tracts_pessoas,raca_V01345,double,int32,402280,0,0,0,0,279
2022_tracts_pessoas,raca_V01346,double,int32,402452,0,0,0,0,263
2022_tracts_pessoas,raca_V01347,double,int32,391783,0,0,0,0,25
2022_tracts_pessoas,raca_V01348,double,int32,296298,0,0,0,0,196
2022_tracts_pessoas,raca_V01349,double,int32,409965,0,0,0,0,792
2022_tracts_pessoas,raca_V01350,double,int32,428272,0,0,0,0,451
2022_tracts_pessoas,raca_V01351,double,int32,416955,0,0,0,0,254
2022_tracts_pessoas,raca_V01352,double,int32,421045,0,0,0,0,15
2022_tracts_pessoas,raca_V01353,double,int32,292502,0,0,0,0,60
2022_tracts_pessoas,raca_V01354,double,int32,340223,0,0,0,0,211
2022_tracts_pessoas,raca_V01355,double,int32,363906,0,0,0,0,201
2022_tracts_pessoas,raca_V01356,double,int32,330212,0,0,0,0,141
2022_tracts_pessoas,raca_V01357,double,int32,449011,0,0,0,0,4
2022_tracts_pessoas,raca_V01358,double,int32,438557,0,0,0,0,12
2022_tracts_pessoas,raca_V01359,double,int32,404952,0,0,0,0,72
2022_tracts_pessoas,raca_V01360,double,int32,392920,0,0,0,0,98
2022_tracts_pessoas,raca_V01361,double,int32,400579,0,0,0,0,114
2022_tracts_pessoas,raca_V01362,double,int32,375603,0,0,0,0,28
2022_tracts_pessoas,raca_V01363,double,int32,322879,0,0,0,0,116
2022_tracts_pessoas,raca_V01364,double,int32,418852,0,0,0,0,697
2022_tracts_pessoas,raca_V01365,double,int32,431447,0,0,0,0,400
2022_tracts_pessoas,raca_V01366,double,int32,412992,0,0,0,0,138
2022_tracts_pessoas,raca_V01367,double,int32,448016,0,0,0,0,31
2022_tracts_pessoas,raca_V01368,double,int32,438419,0,0,0,0,76
2022_tracts_pessoas,raca_V01369,double,int32,419442,0,0,0,0,184
2022_tracts_pessoas,raca_V01370,double,int32,408260,0,0,0,0,156
2022_tracts_pessoas,raca_V01371,double,int32,417696,0,0,0,0,90
2022_tracts_pessoas,raca_V01372,double,int32,436519,0,0,0,0,884
2022_tracts_pessoas,raca_V01373,double,int32,354126,0,0,0,0,261
2022_tracts_pessoas,raca_V01374,double,int32,411208,0,0,0,0,73
2022_tracts_pessoas,raca_V01375,double,int32,433262,0,0,0,0,1174
2022_tracts_pessoas,raca_V01376,double,int32,429570,0,0,0,0,951
2022_tracts_pessoas,raca_V01377,double,int32,435379,0,0,0,0,1005
2022_tracts_pessoas,raca_V01378,double,int32,381637,0,0,0,0,354
2022_tracts_pessoas,raca_V01379,double,int32,394932,0,0,0,0,76
2022_tracts_pessoas,raca_V01380,double,int32,436823,0,0,0,0,1097
2022_tracts_pessoas,raca_V01381,double,int32,414609,0,0,0,0,651
2022_tracts_pessoas,raca_V01382,double,int32,442629,0,0,0,0,1490
2022_tracts_pessoas,raca_V01383,double,int32,413851,0,0,0,0,499
2022_tracts_pessoas,raca_V01384,double,int32,373496,0,0,0,0,198
2022_tracts_pessoas,raca_V01385,double,int32,444596,0,0,0,0,2065
2022_tracts_pessoas,raca_V01386,double,int32,386091,0,0,0,0,564
2022_tracts_pessoas,raca_V01387,double,int32,430496,0,0,0,0,442
2022_tracts_pessoas,raca_V01388,double,int32,361390,0,0,0,0,184
2022_tracts_pessoas,raca_V01389,double,int32,399020,0,0,0,0,192
2022_tracts_pessoas,raca_V01390,double,int32,427680,0,0,0,0,284
2022_tracts_pessoas,raca_V01391,double,int32,410855,0,0,0,0,141
2022_tracts_pessoas,raca_V01392,double,int32,408650,0,0,0,0,325
2022_tracts_pessoas,raca_V01393,double,int32,305498,0,0,0,0,105
2022_tracts_pessoas,raca_V01394,double,int32,429376,0,0,0,0,23
2022_tracts_pessoas,raca_V01395,double,int32,399925,0,0,0,0,491
2022_tracts_pessoas,raca_V01396,double,int32,437564,0,0,0,0,327
2022_tracts_pessoas,raca_V01397,double,int32,443588,0,0,0,0,1291
2022_tracts_pessoas,raca_V01398,double,int32,414194,0,0,0,0,462
2022_tracts_pessoas,raca_V01399,double,int32,376727,0,0,0,0,152
2022_tracts_pessoas,raca_V01400,double,int32,444914,0,0,0,0,2214
2022_tracts_pessoas,raca_V01401,double,int32,391590,0,0,0,0,810
2022_tracts_pessoas,raca_V01402,double,int32,407650,0,0,0,0,315
2022_tracts_pessoas,raca_V01403,double,int32,304922,0,0,0,0,104
2022_tracts_pessoas,raca_V01404,double,int32,430040,0,0,0,0,28
2022_tracts_pessoas,raca_V01405,double,int32,398060,0,0,0,0,459
2022_tracts_pessoas,raca_V01406,double,int32,437877,0,0,0,0,365
2022_tracts_pessoas,raca_V01407,double,int32,443211,0,0,0,0,1495
2022_tracts_pessoas,raca_V01408,double,int32,409221,0,0,0,0,547
2022_tracts_pessoas,raca_V01409,double,int32,373703,0,0,0,0,276
2022_tracts_pessoas,raca_V01410,double,int32,444536,0,0,0,0,1551
2022_tracts_pessoas,raca_V01411,double,int32,387463,0,0,0,0,792
2022_tracts_pessoas,situacao,string,string,458772,458772,0,0,,
2022_tracts_preliminares,CD_CONCURB,int32,int32,252892,0,0,0,1100122,5300108
2022_tracts_preliminares,CD_DIST,int32,int32,452338,0,0,0,110001505,530010805
2022_tracts_preliminares,CD_MESO,string,int32,452340,0,0,0,1101,5301
2022_tracts_preliminares,CD_MICRO,string,int32,452340,0,0,0,11001,53001
2022_tracts_preliminares,CD_MUN,int32,int32,452338,0,0,0,1100015,5300108
2022_tracts_preliminares,CD_REGIAO,int32,int32,452340,0,0,0,1,5
2022_tracts_preliminares,CD_RGI,string,int32,452340,0,0,0,110001,530001
2022_tracts_preliminares,CD_RGINT,string,int32,452340,0,0,0,1101,5301
2022_tracts_preliminares,CD_SETOR,string,string,452340,452340,0,0,,
2022_tracts_preliminares,CD_SUBDIST,int64,double,452338,0,0,0,11000150500,53001080544
2022_tracts_preliminares,CD_UF,int32,int32,452340,0,0,0,11,53
2022_tracts_preliminares,NM_CONCURB,string,string,452340,252892,0,0,,
2022_tracts_preliminares,NM_DIST,string,string,452340,452338,0,0,,
2022_tracts_preliminares,NM_MESO,string,string,452340,452338,0,0,,
2022_tracts_preliminares,NM_MICRO,string,string,452340,452338,0,0,,
2022_tracts_preliminares,NM_MUN,string,string,452340,452338,0,0,,
2022_tracts_preliminares,NM_REGIAO,string,string,452340,452340,0,0,,
2022_tracts_preliminares,NM_RGI,string,string,452340,452338,0,0,,
2022_tracts_preliminares,NM_RGINT,string,string,452340,452338,0,0,,
2022_tracts_preliminares,NM_SUBDIST,string,string,452340,452338,0,0,,
2022_tracts_preliminares,NM_UF,string,string,452340,452340,0,0,,
2022_tracts_preliminares,V0001,double,int32,452340,0,0,0,0,10163
2022_tracts_preliminares,V0002,double,int32,452340,0,0,0,0,6322
2022_tracts_preliminares,V0003,double,int32,452340,0,0,0,0,6322
2022_tracts_preliminares,V0004,double,int32,452340,0,0,0,0,547
2022_tracts_preliminares,V0005,double,double,452340,0,431305,0,0,41
2022_tracts_preliminares,V0006,double,double,452340,0,303235,0,0,100
2022_tracts_preliminares,V0007,double,int32,452340,0,0,0,0,1820
2022_tracts_preliminares,area_km2,double,double,452340,0,452340,0,0.000196,38947.628729
2022_tracts_preliminares,code_district,double,int32,452338,0,0,0,110001505,530010805
2022_tracts_preliminares,code_immediate,double,int32,452338,0,0,0,110001,530001
2022_tracts_preliminares,code_intermediate,double,int32,452338,0,0,0,1101,5301
2022_tracts_preliminares,code_meso,double,int32,452338,0,0,0,1101,5301
2022_tracts_preliminares,code_micro,double,int32,452338,0,0,0,11001,53001
2022_tracts_preliminares,code_muni,double,int32,452338,0,0,0,1100015,5300108
2022_tracts_preliminares,code_region,double,int32,452340,0,0,0,1,5
2022_tracts_preliminares,code_state,double,int32,452340,0,0,0,11,53
2022_tracts_preliminares,code_subdistrict,double,double,452338,0,0,0,11000150500,53001080544
2022_tracts_preliminares,code_tract,double,double,452340,0,0,0,110001505000001,530010805440139
2022_tracts_preliminares,code_urban_concentration,double,int32,252892,0,0,0,1100122,5300108
2022_tracts_preliminares,name_district,string,string,452340,452340,0,0,,
2022_tracts_preliminares,name_immediate,string,string,452340,452340,0,0,,
2022_tracts_preliminares,name_intermediate,string,string,452340,452340,0,0,,
2022_tracts_preliminares,name_meso,string,string,452340,452340,0,0,,
2022_tracts_preliminares,name_micro,string,string,452340,452340,0,0,,
2022_tracts_preliminares,name_muni,string,string,452340,452340,0,0,,
2022_tracts_preliminares,name_region,string,string,452340,452340,0,0,,
2022_tracts_preliminares,name_state,string,string,452340,452340,0,0,,
2022_tracts_preliminares,name_subdistrict,string,string,452340,452340,0,0,,
2022_tracts_preliminares,name_urban_concentration,string,string,452340,452340,0,0,,
2022_tracts_quilombolas,CD_AGLOM,double,double,30616,0,0,0,110001500003,530010800331
2022_tracts_quilombolas,CD_BAIRRO,double,double,165353,0,0,0,1100015001,5218300013
2022_tracts_quilombolas,CD_CONCURB,double,int32,255506,0,0,0,1100122,5300108
2022_tracts_quilombolas,CD_DIST,double,int32,458772,0,0,0,110001505,530010805
2022_tracts_quilombolas,CD_FCU,double,double,33262,0,0,0,11000490002,53001080096
2022_tracts_quilombolas,CD_MUN,double,int32,458772,0,0,0,1100015,5300108
2022_tracts_quilombolas,CD_NU,double,double,12146,0,0,0,1100015001,5300108039
2022_tracts_quilombolas,CD_REGIAO,double,int32,458772,0,0,0,1,5
2022_tracts_quilombolas,CD_RGI,double,int32,458772,0,0,0,110001,530001
2022_tracts_quilombolas,CD_RGINT,double,int32,458772,0,0,0,1101,5301
2022_tracts_quilombolas,CD_SETOR,double,double,458772,0,0,0,110001505000002,530010805440143
2022_tracts_quilombolas,CD_SIT,double,int32,458772,0,0,0,1,8
2022_tracts_quilombolas,CD_SUBDIST,double,double,458772,0,0,0,11000150500,53001080544
2022_tracts_quilombolas,CD_TIPO,double,int32,458772,0,0,0,0,9
2022_tracts_quilombolas,CD_UF,double,int32,458772,0,0,0,11,53
2022_tracts_quilombolas,NM_AGLOM,string,string,30616,30616,0,0,,
2022_tracts_quilombolas,NM_BAIRRO,string,string,165353,165256,0,0,1,34
2022_tracts_quilombolas,NM_CONCURB,string,string,255506,255506,0,0,,
2022_tracts_quilombolas,NM_DIST,string,string,458772,458772,0,0,,
2022_tracts_quilombolas,NM_FCU,string,string,33262,33262,0,7,,
2022_tracts_quilombolas,NM_MUN,string,string,458772,458772,0,0,,
2022_tracts_quilombolas,NM_NU,string,string,12146,12142,0,0,1,3
2022_tracts_quilombolas,NM_REGIAO,string,string,458772,458772,0,0,,
2022_tracts_quilombolas,NM_RGI,string,string,458772,458772,0,0,,
2022_tracts_quilombolas,NM_RGINT,string,string,458772,458772,0,0,,
2022_tracts_quilombolas,NM_SUBDIST,string,string,69735,69735,0,0,,
2022_tracts_quilombolas,NM_UF,string,string,458772,458772,0,0,,
2022_tracts_quilombolas,area_km2,double,double,458772,0,458772,0,0.0001503,19333.1754678
2022_tracts_quilombolas,code_aglomerado,double,double,30616,0,0,0,110001500003,530010800331
2022_tracts_quilombolas,code_district,double,int32,458772,0,0,0,110001505,530010805
2022_tracts_quilombolas,code_favela,double,double,33262,0,0,0,11000490002,53001080096
2022_tracts_quilombolas,code_immediate,double,int32,458772,0,0,0,110001,530001
2022_tracts_quilombolas,code_intermediate,double,int32,458772,0,0,0,1101,5301
2022_tracts_quilombolas,code_muni,double,int32,458772,0,0,0,1100015,5300108
2022_tracts_quilombolas,code_neighborhood,double,double,165353,0,0,0,1100015001,5218300013
2022_tracts_quilombolas,code_nucleo_urbano,double,double,12146,0,0,0,1100015001,5300108039
2022_tracts_quilombolas,code_region,double,int32,458772,0,0,0,1,5
2022_tracts_quilombolas,code_situacao,double,int32,458772,0,0,0,1,8
2022_tracts_quilombolas,code_state,double,int32,458772,0,0,0,11,53
2022_tracts_quilombolas,code_subdistrict,double,double,458772,0,0,0,11000150500,53001080544
2022_tracts_quilombolas,code_tract,double,double,458772,0,0,0,110001505000002,530010805440143
2022_tracts_quilombolas,code_type,double,int32,458772,0,0,0,0,9
2022_tracts_quilombolas,code_urban_concentration,double,int32,255506,0,0,0,1100122,5300108
2022_tracts_quilombolas,domicilios_V03000,double,int32,440787,0,0,0,0,392
2022_tracts_quilombolas,domicilios_V03001,double,int32,444513,0,0,0,0,1445
2022_tracts_quilombolas,domicilios_V03002,double,int32,449815,0,0,0,0,89
2022_tracts_quilombolas,domicilios_V03003,double,int32,449975,0,0,0,0,26
2022_tracts_quilombolas,domicilios_V03004,double,int32,444831,0,0,0,0,1444
2022_tracts_quilombolas,domicilios_V03005,double,int32,449479,0,0,0,0,256
2022_tracts_quilombolas,domicilios_V03006,double,int32,448834,0,0,0,0,682
2022_tracts_quilombolas,domicilios_V03007,double,int32,449927,0,0,0,0,98
2022_tracts_quilombolas,domicilios_V03008,double,int32,450088,0,0,0,0,0
2022_tracts_quilombolas,domicilios_V03009,double,int32,450013,0,0,0,0,108
2022_tracts_quilombolas,domicilios_V03010,double,int32,450016,0,0,0,0,89
2022_tracts_quilombolas,domicilios_V03011,double,int32,449970,0,0,0,0,13
2022_tracts_quilombolas,domicilios_V03012,double,int32,450032,0,0,0,0,24
2022_tracts_quilombolas,domicilios_V03013,double,int32,450077,0,0,0,0,18
2022_tracts_quilombolas,domicilios_V03014,double,int32,450058,0,0,0,0,8
2022_tracts_quilombolas,domicilios_V03015,double,int32,450085,0,0,0,0,6
2022_tracts_quilombolas,domicilios_V03016,double,int32,450074,0,0,0,0,10
2022_tracts_quilombolas,domicilios_V03017,double,int32,450044,0,0,0,0,13
2022_tracts_quilombolas,domicilios_V03018,double,int32,450079,0,0,0,0,8
2022_tracts_quilombolas,domicilios_V03019,double,int32,450082,0,0,0,0,26
2022_tracts_quilombolas,domicilios_V03020,double,int32,450056,0,0,0,0,19
2022_tracts_quilombolas,domicilios_V03021,double,int32,450085,0,0,0,0,3
2022_tracts_quilombolas,domicilios_V03022,double,int32,450086,0,0,0,0,18
2022_tracts_quilombolas,domicilios_V03023,double,int32,450085,0,0,0,0,5
2022_tracts_quilombolas,domicilios_V03024,double,int32,450084,0,0,0,0,20
2022_tracts_quilombolas,domicilios_V03025,double,int32,450088,0,0,0,0,0
2022_tracts_quilombolas,domicilios_V03026,double,int32,450087,0,0,0,0,0
2022_tracts_quilombolas,domicilios_V03027,double,int32,441156,0,0,0,0,391
2022_tracts_quilombolas,domicilios_V03028,double,int32,449048,0,0,0,0,71
2022_tracts_quilombolas,domicilios_V03029,double,int32,448291,0,0,0,0,219
2022_tracts_quilombolas,domicilios_V03030,double,int32,449857,0,0,0,0,32
2022_tracts_quilombolas,domicilios_V03031,double,int32,450088,0,0,0,0,0
2022_tracts_quilombolas,domicilios_V03032,double,int32,449967,0,0,0,0,40
2022_tracts_quilombolas,domicilios_V03033,double,int32,449974,0,0,0,0,29
2022_tracts_quilombolas,domicilios_V03034,double,int32,449934,0,0,0,0,4
2022_tracts_quilombolas,domicilios_V03035,double,int32,450001,0,0,0,0,10
2022_tracts_quilombolas,domicilios_V03036,double,int32,450061,0,0,0,0,5
2022_tracts_quilombolas,domicilios_V03037,double,int32,450040,0,0,0,0,0
2022_tracts_quilombolas,domicilios_V03038,double,int32,450084,0,0,0,0,0
2022_tracts_quilombolas,domicilios_V03039,double,int32,450074,0,0,0,0,10
2022_tracts_quilombolas,domicilios_V03040,double,int32,450034,0,0,0,0,5
2022_tracts_quilombolas,domicilios_V03041,double,int32,450078,0,0,0,0,6
2022_tracts_quilombolas,domicilios_V03042,double,int32,450082,0,0,0,0,26
2022_tracts_quilombolas,domicilios_V03043,double,int32,450045,0,0,0,0,8
2022_tracts_quilombolas,domicilios_V03044,double,int32,450085,0,0,0,0,3
2022_tracts_quilombolas,domicilios_V03045,double,int32,450086,0,0,0,0,7
2022_tracts_quilombolas,domicilios_V03046,double,int32,450085,0,0,0,0,5
2022_tracts_quilombolas,domicilios_V03047,double,int32,450083,0,0,0,0,5
2022_tracts_quilombolas,domicilios_V03048,double,int32,450088,0,0,0,0,0
2022_tracts_quilombolas,domicilios_V03049,double,int32,450087,0,0,0,0,0
2022_tracts_quilombolas,domicilios_V03050,double,int32,441156,0,0,0,0,391
2022_tracts_quilombolas,domicilios_V03051,double,int32,449048,0,0,0,0,71
2022_tracts_quilombolas,domicilios_V03052,double,int32,448291,0,0,0,0,219
2022_tracts_quilombolas,domicilios_V03053,double,int32,444831,0,0,0,0,1444
2022_tracts_quilombolas,domicilios_V03054,double,int32,449479,0,0,0,0,256
2022_tracts_quilombolas,domicilios_V03055,double,int32,448834,0,0,0,0,682
2022_tracts_quilombolas,domicilios_V03056,double,int32,445119,0,0,0,0,939
2022_tracts_quilombolas,domicilios_V03057,double,int32,447973,0,0,0,0,1428
2022_tracts_quilombolas,domicilios_V03058,double,int32,448860,0,0,0,0,707
2022_tracts_quilombolas,domicilios_V03059,double,int32,449383,0,0,0,0,364
2022_tracts_quilombolas,domicilios_V03060,double,int32,449473,0,0,0,0,409
2022_tracts_quilombolas,domicilios_V03061,double,int32,449513,0,0,0,0,561
2022_tracts_quilombolas,domicilios_V03062,double,int32,449449,0,0,0,0,496
2022_tracts_quilombolas,domicilios_V03063,double,int32,448716,0,0,0,0,301
2022_tracts_quilombolas,domicilios_V03064,double,int32,441728,0,0,0,0,311
2022_tracts_quilombolas,domicilios_V03065,double,int32,445729,0,0,0,0,388
2022_tracts_quilombolas,domicilios_V03066,double,int32,447543,0,0,0,0,163
2022_tracts_quilombolas,domicilios_V03067,double,int32,448622,0,0,0,0,141
2022_tracts_quilombolas,domicilios_V03068,double,int32,448731,0,0,0,0,132
2022_tracts_quilombolas,domicilios_V03069,double,int32,448874,0,0,0,0,192
2022_tracts_quilombolas,domicilios_V03070,double,int32,448644,0,0,0,0,123
2022_tracts_quilombolas,domicilios_V03071,double,int32,447711,0,0,0,0,87
2022_tracts_quilombolas,domicilios_V03072,double,int32,444437,0,0,0,0,1441
2022_tracts_quilombolas,domicilios_V03073,double,int32,447964,0,0,0,0,558
2022_tracts_quilombolas,domicilios_V03074,double,int32,448047,0,0,0,0,524
2022_tracts_quilombolas,domicilios_V03075,double,int32,440252,0,0,0,0,390
2022_tracts_quilombolas,domicilios_V03076,double,int32,445560,0,0,0,0,180
2022_tracts_quilombolas,domicilios_V03077,double,int32,446196,0,0,0,0,151
2022_tracts_quilombolas,domicilios_V03078,double,int32,445163,0,0,0,0,897
2022_tracts_quilombolas,domicilios_V03079,double,int32,448654,0,0,0,0,513
2022_tracts_quilombolas,domicilios_V03080,double,int32,450088,0,0,0,0,0
2022_tracts_quilombolas,domicilios_V03081,double,int32,448095,0,0,0,0,1424
2022_tracts_quilombolas,domicilios_V03082,double,int32,449258,0,0,0,0,302
2022_tracts_quilombolas,domicilios_V03083,double,int32,449416,0,0,0,0,230
2022_tracts_quilombolas,domicilios_V03084,double,int32,449012,0,0,0,0,609
2022_tracts_quilombolas,domicilios_V03085,double,int32,449660,0,0,0,0,206
2022_tracts_quilombolas,domicilios_V03086,double,int32,449523,0,0,0,0,407
2022_tracts_quilombolas,domicilios_V03087,double,int32,449560,0,0,0,0,364
2022_tracts_quilombolas,domicilios_V03088,double,int32,449885,0,0,0,0,320
2022_tracts_quilombolas,domicilios_V03089,double,int32,449822,0,0,0,0,330
2022_tracts_quilombolas,domicilios_V03090,double,int32,449750,0,0,0,0,287
2022_tracts_quilombolas,domicilios_V03091,double,int32,449937,0,0,0,0,180
2022_tracts_quilombolas,domicilios_V03092,double,int32,449627,0,0,0,0,324
2022_tracts_quilombolas,domicilios_V03093,double,int32,449771,0,0,0,0,149
2022_tracts_quilombolas,domicilios_V03094,double,int32,449913,0,0,0,0,222
2022_tracts_quilombolas,domicilios_V03095,double,int32,449668,0,0,0,0,459
2022_tracts_quilombolas,domicilios_V03096,double,int32,449712,0,0,0,0,366
2022_tracts_quilombolas,domicilios_V03097,double,int32,449902,0,0,0,0,285
2022_tracts_quilombolas,domicilios_V03098,double,int32,449685,0,0,0,0,496
2022_tracts_quilombolas,domicilios_V03099,double,int32,449750,0,0,0,0,143
2022_tracts_quilombolas,domicilios_V03100,double,int32,449883,0,0,0,0,69
2022_tracts_quilombolas,domicilios_V03101,double,int32,448963,0,0,0,0,244
2022_tracts_quilombolas,domicilios_V03102,double,int32,441779,0,0,0,0,291
2022_tracts_quilombolas,domicilios_V03103,double,int32,447262,0,0,0,0,178
2022_tracts_quilombolas,domicilios_V03104,double,int32,450088,0,0,0,0,0
2022_tracts_quilombolas,domicilios_V03105,double,int32,445891,0,0,0,0,386
2022_tracts_quilombolas,domicilios_V03106,double,int32,447967,0,0,0,0,86
2022_tracts_quilombolas,domicilios_V03107,double,int32,448534,0,0,0,0,58
2022_tracts_quilombolas,domicilios_V03108,double,int32,447740,0,0,0,0,136
2022_tracts_quilombolas,domicilios_V03109,double,int32,448855,0,0,0,0,64
2022_tracts_quilombolas,domicilios_V03110,double,int32,448817,0,0,0,0,120
2022_tracts_quilombolas,domicilios_V03111,double,int32,448971,0,0,0,0,127
2022_tracts_quilombolas,domicilios_V03112,double,int32,449652,0,0,0,0,91
2022_tracts_quilombolas,domicilios_V03113,double,int32,449560,0,0,0,0,61
2022_tracts_quilombolas,domicilios_V03114,double,int32,449306,0,0,0,0,90
2022_tracts_quilombolas,domicilios_V03115,double,int32,449647,0,0,0,0,55
2022_tracts_quilombolas,domicilios_V03116,double,int32,449064,0,0,0,0,102
2022_tracts_quilombolas,domicilios_V03117,double,int32,449403,0,0,0,0,51
2022_tracts_quilombolas,domicilios_V03118,double,int32,449659,0,0,0,0,64
2022_tracts_quilombolas,domicilios_V03119,double,int32,449191,0,0,0,0,141
2022_tracts_quilombolas,domicilios_V03120,double,int32,449178,0,0,0,0,108
2022_tracts_quilombolas,domicilios_V03121,double,int32,449622,0,0,0,0,83
2022_tracts_quilombolas,domicilios_V03122,double,int32,449152,0,0,0,0,123
2022_tracts_quilombolas,domicilios_V03123,double,int32,449444,0,0,0,0,64
2022_tracts_quilombolas,domicilios_V03124,double,int32,449724,0,0,0,0,26
2022_tracts_quilombolas,domicilios_V03125,double,int32,448199,0,0,0,0,72
2022_tracts_quilombolas,domicilios_V03126,double,int32,448252,0,0,0,0,1432
2022_tracts_quilombolas,domicilios_V03127,double,int32,447113,0,0,0,0,794
2022_tracts_quilombolas,domicilios_V03128,double,int32,446254,0,0,0,0,388
2022_tracts_quilombolas,domicilios_V03129,double,int32,444584,0,0,0,0,221
2022_tracts_quilombolas,domicilios_V03130,double,int32,448416,0,0,0,0,1428
2022_tracts_quilombolas,domicilios_V03131,double,int32,449474,0,0,0,0,365
2022_tracts_quilombolas,domicilios_V03132,double,int32,450088,0,0,0,0,0
2022_tracts_quilombolas,domicilios_V03133,double,int32,447741,0,0,0,0,673
2022_tracts_quilombolas,domicilios_V03134,double,int32,448937,0,0,0,0,544
2022_tracts_quilombolas,domicilios_V03135,double,int32,448047,0,0,0,0,524
2022_tracts_quilombolas,domicilios_V03136,double,int32,446583,0,0,0,0,386
2022_tracts_quilombolas,domicilios_V03137,double,int32,448579,0,0,0,0,113
2022_tracts_quilombolas,domicilios_V03138,double,int32,450088,0,0,0,0,0
2022_tracts_quilombolas,domicilios_V03139,double,int32,445273,0,0,0,0,215
2022_tracts_quilombolas,domicilios_V03140,double,int32,447234,0,0,0,0,167
2022_tracts_quilombolas,domicilios_V03141,double,int32,446196,0,0,0,0,151
2022_tracts_quilombolas,domicilios_V03142,double,int32,444414,0,0,0,0,1407
2022_tracts_quilombolas,domicilios_V03143,double,int32,448026,0,0,0,0,469
2022_tracts_quilombolas,domicilios_V03144,double,int32,440241,0,0,0,0,380
2022_tracts_quilombolas,domicilios_V03145,double,int32,445961,0,0,0,0,178
2022_tracts_quilombolas,domicilios_V03146,double,int32,448638,0,0,0,0,469
2022_tracts_quilombolas,domicilios_V03147,double,int32,448426,0,0,0,0,430
2022_tracts_quilombolas,domicilios_V03148,double,int32,447004,0,0,0,0,178
2022_tracts_quilombolas,domicilios_V03149,double,int32,446592,0,0,0,0,106
2022_tracts_quilombolas,domicilios_V03150,double,int32,444556,0,0,0,0,1185
2022_tracts_quilombolas,domicilios_V03151,double,int32,445457,0,0,0,0,235
2022_tracts_quilombolas,domicilios_V03152,double,int32,448141,0,0,0,0,53
2022_tracts_quilombolas,domicilios_V03153,double,int32,449365,0,0,0,0,28
2022_tracts_quilombolas,domicilios_V03154,double,int32,440442,0,0,0,0,326
2022_tracts_quilombolas,domicilios_V03155,double,int32,440817,0,0,0,0,77
2022_tracts_quilombolas,domicilios_V03156,double,int32,446540,0,0,0,0,18
2022_tracts_quilombolas,domicilios_V03157,double,int32,448764,0,0,0,0,8
2022_tracts_quilombolas,domicilios_V03158,double,int32,448789,0,0,0,0,373
2022_tracts_quilombolas,domicilios_V03159,double,int32,448926,0,0,0,0,425
2022_tracts_quilombolas,domicilios_V03160,double,int32,447123,0,0,0,0,97
2022_tracts_quilombolas,domicilios_V03161,double,int32,447688,0,0,0,0,105
2022_tracts_quilombolas,domicilios_V03162,double,int32,446442,0,0,0,0,676
2022_tracts_quilombolas,domicilios_V03163,double,int32,449073,0,0,0,0,542
2022_tracts_quilombolas,domicilios_V03164,double,int32,447815,0,0,0,0,1410
2022_tracts_quilombolas,domicilios_V03165,double,int32,447069,0,0,0,0,1022
2022_tracts_quilombolas,domicilios_V03166,double,int32,448947,0,0,0,0,448
2022_tracts_quilombolas,domicilios_V03167,double,int32,449407,0,0,0,0,499
2022_tracts_quilombolas,domicilios_V03168,double,int32,448934,0,0,0,0,362
2022_tracts_quilombolas,domicilios_V03169,double,int32,448926,0,0,0,0,425
2022_tracts_quilombolas,domicilios_V03170,double,int32,444298,0,0,0,0,227
2022_tracts_quilombolas,domicilios_V03171,double,int32,448291,0,0,0,0,166
2022_tracts_quilombolas,domicilios_V03172,double,int32,445855,0,0,0,0,380
2022_tracts_quilombolas,domicilios_V03173,double,int32,444304,0,0,0,0,297
2022_tracts_quilombolas,domicilios_V03174,double,int32,447655,0,0,0,0,147
2022_tracts_quilombolas,domicilios_V03175,double,int32,448828,0,0,0,0,143
2022_tracts_quilombolas,domicilios_V03176,double,int32,447680,0,0,0,0,132
2022_tracts_quilombolas,domicilios_V03177,double,int32,447688,0,0,0,0,105
2022_tracts_quilombolas,domicilios_V03178,double,int32,445373,0,0,0,0,1212
2022_tracts_quilombolas,domicilios_V03179,double,int32,448118,0,0,0,0,1165
2022_tracts_quilombolas,domicilios_V03180,double,int32,448089,0,0,0,0,806
2022_tracts_quilombolas,domicilios_V03181,double,int32,449331,0,0,0,0,157
2022_tracts_quilombolas,domicilios_V03182,double,int32,448938,0,0,0,0,402
2022_tracts_quilombolas,domicilios_V03183,double,int32,449568,0,0,0,0,258
2022_tracts_quilombolas,domicilios_V03184,double,int32,442256,0,0,0,0,327
2022_tracts_quilombolas,domicilios_V03185,double,int32,446726,0,0,0,0,284
2022_tracts_quilombolas,domicilios_V03186,double,int32,446181,0,0,0,0,238
2022_tracts_quilombolas,domicilios_V03187,double,int32,448294,0,0,0,0,33
2022_tracts_quilombolas,domicilios_V03188,double,int32,447736,0,0,0,0,116
2022_tracts_quilombolas,domicilios_V03189,double,int32,449125,0,0,0,0,77
2022_tracts_quilombolas,domicilios_V03190,double,int32,444931,0,0,0,0,1212
2022_tracts_quilombolas,domicilios_V03191,double,int32,447780,0,0,0,0,811
2022_tracts_quilombolas,domicilios_V03192,double,int32,441586,0,0,0,0,327
2022_tracts_quilombolas,domicilios_V03193,double,int32,445781,0,0,0,0,260
2022_tracts_quilombolas,domicilios_V03194,double,int32,441555,0,0,0,0,26
2022_tracts_quilombolas,domicilios_V03195,double,int32,440736,0,0,0,0,377
2022_tracts_quilombolas,name_aglomerado,string,string,30616,30616,0,0,,
2022_tracts_quilombolas,name_district,string,string,458772,458772,0,0,,
2022_tracts_quilombolas,name_favela,string,string,33262,33262,0,7,,
2022_tracts_quilombolas,name_immediate,string,string,458772,458772,0,0,,
2022_tracts_quilombolas,name_intermediate,string,string,458772,458772,0,0,,
2022_tracts_quilombolas,name_muni,string,string,458772,458772,0,0,,
2022_tracts_quilombolas,name_neighborhood,string,string,165353,165256,0,0,1,34
2022_tracts_quilombolas,name_nucleo_urbano,string,string,12146,12142,0,0,1,3
2022_tracts_quilombolas,name_region,string,string,458772,458772,0,0,,
2022_tracts_quilombolas,name_state,string,string,458772,458772,0,0,,
2022_tracts_quilombolas,name_subdistrict,string,string,69735,69735,0,0,,
2022_tracts_quilombolas,name_urban_concentration,string,string,255506,255506,0,0,,
2022_tracts_quilombolas,pessoas_V03196,double,int32,444510,0,0,0,0,1445
2022_tracts_quilombolas,pessoas_V03197,double,int32,442984,0,0,0,0,690
2022_tracts_quilombolas,pessoas_V03198,double,int32,443203,0,0,0,0,755
2022_tracts_quilombolas,pessoas_V03199,double,int32,444565,0,0,0,0,726
2022_tracts_quilombolas,pessoas_V03200,double,int32,442393,0,0,0,0,589
2022_tracts_quilombolas,pessoas_V03201,double,int32,442155,0,0,0,0,151
2022_tracts_quilombolas,pessoas_V03202,double,int32,444242,0,0,0,0,370
2022_tracts_quilombolas,pessoas_V03203,double,int32,442935,0,0,0,0,367
2022_tracts_quilombolas,pessoas_V03204,double,int32,442393,0,0,0,0,589
2022_tracts_quilombolas,pessoas_V03205,double,int32,442155,0,0,0,0,151
2022_tracts_quilombolas,pessoas_V03206,double,int32,444242,0,0,0,0,370
2022_tracts_quilombolas,pessoas_V03207,double,int32,442935,0,0,0,0,367
2022_tracts_quilombolas,pessoas_V03208,double,int32,442117,0,0,0,0,475
2022_tracts_quilombolas,pessoas_V03209,double,int32,442418,0,0,0,0,256
2022_tracts_quilombolas,pessoas_V03210,double,int32,443462,0,0,0,0,370
2022_tracts_quilombolas,pessoas_V03211,double,int32,441298,0,0,0,0,285
2022_tracts_quilombolas,pessoas_V03212,double,int32,441376,0,0,0,0,75
2022_tracts_quilombolas,pessoas_V03213,double,int32,443291,0,0,0,0,376
2022_tracts_quilombolas,pessoas_V03214,double,int32,441045,0,0,0,0,304
2022_tracts_quilombolas,pessoas_V03215,double,int32,441259,0,0,0,0,87
2022_tracts_quilombolas,pessoas_V03216,double,int32,443453,0,0,0,0,193
2022_tracts_quilombolas,pessoas_V03217,double,int32,442360,0,0,0,0,177
2022_tracts_quilombolas,pessoas_V03218,double,int32,441298,0,0,0,0,285
2022_tracts_quilombolas,pessoas_V03219,double,int32,441376,0,0,0,0,75
2022_tracts_quilombolas,pessoas_V03220,double,int32,443308,0,0,0,0,179
2022_tracts_quilombolas,pessoas_V03221,double,int32,441835,0,0,0,0,197
2022_tracts_quilombolas,pessoas_V03222,double,int32,441045,0,0,0,0,304
2022_tracts_quilombolas,pessoas_V03223,double,int32,441259,0,0,0,0,87
2022_tracts_quilombolas,pessoas_V03224,double,int32,443453,0,0,0,0,193
2022_tracts_quilombolas,pessoas_V03225,double,int32,442360,0,0,0,0,177
2022_tracts_quilombolas,pessoas_V03226,double,int32,441189,0,0,0,0,237
2022_tracts_quilombolas,pessoas_V03227,double,int32,441199,0,0,0,0,122
2022_tracts_quilombolas,pessoas_V03228,double,int32,443308,0,0,0,0,179
2022_tracts_quilombolas,pessoas_V03229,double,int32,441835,0,0,0,0,197
2022_tracts_quilombolas,pessoas_V03230,double,int32,440922,0,0,0,0,238
2022_tracts_quilombolas,pessoas_V03231,double,int32,441217,0,0,0,0,141
2022_tracts_quilombolas,pessoas_V03232,double,int32,442873,0,0,0,0,132
2022_tracts_quilombolas,pessoas_V03233,double,int32,442071,0,0,0,0,135
2022_tracts_quilombolas,pessoas_V03234,double,int32,441646,0,0,0,0,108
2022_tracts_quilombolas,pessoas_V03235,double,int32,441625,0,0,0,0,111
2022_tracts_quilombolas,pessoas_V03236,double,int32,441493,0,0,0,0,149
2022_tracts_quilombolas,pessoas_V03237,double,int32,441229,0,0,0,0,124
2022_tracts_quilombolas,pessoas_V03238,double,int32,441158,0,0,0,0,91
2022_tracts_quilombolas,pessoas_V03239,double,int32,441174,0,0,0,0,66
2022_tracts_quilombolas,pessoas_V03240,double,int32,441299,0,0,0,0,58
2022_tracts_quilombolas,pessoas_V03241,double,int32,441543,0,0,0,0,43
2022_tracts_quilombolas,pessoas_V03242,double,int32,442080,0,0,0,0,40
2022_tracts_quilombolas,pessoas_V03243,double,int32,442206,0,0,0,0,52
2022_tracts_quilombolas,pessoas_V03244,double,int32,443355,0,0,0,0,39
2022_tracts_quilombolas,pessoas_V03245,double,int32,442838,0,0,0,0,65
2022_tracts_quilombolas,pessoas_V03246,double,int32,442227,0,0,0,0,61
2022_tracts_quilombolas,pessoas_V03247,double,int32,441728,0,0,0,0,54
2022_tracts_quilombolas,pessoas_V03248,double,int32,441864,0,0,0,0,54
2022_tracts_quilombolas,pessoas_V03249,double,int32,441651,0,0,0,0,74
2022_tracts_quilombolas,pessoas_V03250,double,int32,441345,0,0,0,0,70
2022_tracts_quilombolas,pessoas_V03251,double,int32,441517,0,0,0,0,47
2022_tracts_quilombolas,pessoas_V03252,double,int32,441675,0,0,0,0,32
2022_tracts_quilombolas,pessoas_V03253,double,int32,441807,0,0,0,0,25
2022_tracts_quilombolas,pessoas_V03254,double,int32,442247,0,0,0,0,30
2022_tracts_quilombolas,pessoas_V03255,double,int32,443039,0,0,0,0,24
2022_tracts_quilombolas,pessoas_V03256,double,int32,442860,0,0,0,0,28
2022_tracts_quilombolas,pessoas_V03257,double,int32,444877,0,0,0,0,15
2022_tracts_quilombolas,pessoas_V03258,double,int32,442435,0,0,0,0,72
2022_tracts_quilombolas,pessoas_V03259,double,int32,441865,0,0,0,0,74
2022_tracts_quilombolas,pessoas_V03260,double,int32,441477,0,0,0,0,56
2022_tracts_quilombolas,pessoas_V03261,double,int32,441491,0,0,0,0,65
2022_tracts_quilombolas,pessoas_V03262,double,int32,441344,0,0,0,0,75
2022_tracts_quilombolas,pessoas_V03263,double,int32,441231,0,0,0,0,54
2022_tracts_quilombolas,pessoas_V03264,double,int32,441345,0,0,0,0,44
2022_tracts_quilombolas,pessoas_V03265,double,int32,441521,0,0,0,0,35
2022_tracts_quilombolas,pessoas_V03266,double,int32,441626,0,0,0,0,36
2022_tracts_quilombolas,pessoas_V03267,double,int32,442157,0,0,0,0,24
2022_tracts_quilombolas,pessoas_V03268,double,int32,442963,0,0,0,0,22
2022_tracts_quilombolas,pessoas_V03269,double,int32,442699,0,0,0,0,28
2022_tracts_quilombolas,pessoas_V03270,double,int32,444276,0,0,0,0,27
2022_tracts_quilombolas,pessoas_V03271,double,int32,444135,0,0,0,0,31
2022_tracts_quilombolas,pessoas_V03272,double,int32,444092,0,0,0,0,34
2022_tracts_quilombolas,pessoas_V03273,double,int32,444004,0,0,0,0,30
2022_tracts_quilombolas,pessoas_V03274,double,int32,443944,0,0,0,0,26
2022_tracts_quilombolas,pessoas_V03275,double,int32,443884,0,0,0,0,29
2022_tracts_quilombolas,pessoas_V03276,double,int32,443965,0,0,0,0,29
2022_tracts_quilombolas,pessoas_V03277,double,int32,443794,0,0,0,0,26
2022_tracts_quilombolas,pessoas_V03278,double,int32,443767,0,0,0,0,31
2022_tracts_quilombolas,pessoas_V03279,double,int32,443732,0,0,0,0,28
2022_tracts_quilombolas,pessoas_V03280,double,int32,443802,0,0,0,0,27
2022_tracts_quilombolas,pessoas_V03281,double,int32,443649,0,0,0,0,25
2022_tracts_quilombolas,pessoas_V03282,double,int32,443593,0,0,0,0,34
2022_tracts_quilombolas,pessoas_V03283,double,int32,443688,0,0,0,0,26
2022_tracts_quilombolas,pessoas_V03284,double,int32,443703,0,0,0,0,26
2022_tracts_quilombolas,pessoas_V03285,double,int32,443533,0,0,0,0,26
2022_tracts_quilombolas,pessoas_V03286,double,int32,443523,0,0,0,0,28
2022_tracts_quilombolas,pessoas_V03287,double,int32,443567,0,0,0,0,30
2022_tracts_quilombolas,pessoas_V03288,double,int32,443213,0,0,0,0,30
2022_tracts_quilombolas,pessoas_V03289,double,int32,443439,0,0,0,0,29
2022_tracts_quilombolas,pessoas_V03290,double,int32,443448,0,0,0,0,25
2022_tracts_quilombolas,pessoas_V03291,double,int32,443285,0,0,0,0,43
2022_tracts_quilombolas,pessoas_V03292,double,int32,443343,0,0,0,0,26
2022_tracts_quilombolas,pessoas_V03293,double,int32,443010,0,0,0,0,27
2022_tracts_quilombolas,pessoas_V03294,double,int32,443200,0,0,0,0,29
2022_tracts_quilombolas,pessoas_V03295,double,int32,443239,0,0,0,0,26
2022_tracts_quilombolas,pessoas_V03296,double,int32,443132,0,0,0,0,26
2022_tracts_quilombolas,pessoas_V03297,double,int32,443133,0,0,0,0,28
2022_tracts_quilombolas,pessoas_V03298,double,int32,443232,0,0,0,0,19
2022_tracts_quilombolas,pessoas_V03299,double,int32,443286,0,0,0,0,24
2022_tracts_quilombolas,pessoas_V03300,double,int32,443479,0,0,0,0,19
2022_tracts_quilombolas,pessoas_V03301,double,int32,443277,0,0,0,0,31
2022_tracts_quilombolas,pessoas_V03302,double,int32,443453,0,0,0,0,24
2022_tracts_quilombolas,pessoas_V03303,double,int32,443287,0,0,0,0,23
2022_tracts_quilombolas,pessoas_V03304,double,int32,443311,0,0,0,0,21
2022_tracts_quilombolas,pessoas_V03305,double,int32,443304,0,0,0,0,27
2022_tracts_quilombolas,pessoas_V03306,double,int32,443229,0,0,0,0,31
2022_tracts_quilombolas,pessoas_V03307,double,int32,443213,0,0,0,0,30
2022_tracts_quilombolas,pessoas_V03308,double,int32,443184,0,0,0,0,28
2022_tracts_quilombolas,pessoas_V03309,double,int32,443081,0,0,0,0,32
2022_tracts_quilombolas,pessoas_V03310,double,int32,443067,0,0,0,0,35
2022_tracts_quilombolas,pessoas_V03311,double,int32,442844,0,0,0,0,27
2022_tracts_quilombolas,pessoas_V03312,double,int32,443406,0,0,0,0,24
2022_tracts_quilombolas,pessoas_V03313,double,int32,443045,0,0,0,0,24
2022_tracts_quilombolas,pessoas_V03314,double,int32,443068,0,0,0,0,26
2022_tracts_quilombolas,pessoas_V03315,double,int32,443314,0,0,0,0,29
2022_tracts_quilombolas,pessoas_V03316,double,int32,443296,0,0,0,0,19
2022_tracts_quilombolas,pessoas_V03317,double,int32,443430,0,0,0,0,21
2022_tracts_quilombolas,pessoas_V03318,double,int32,443416,0,0,0,0,20
2022_tracts_quilombolas,pessoas_V03319,double,int32,443528,0,0,0,0,20
2022_tracts_quilombolas,pessoas_V03320,double,int32,443535,0,0,0,0,16
2022_tracts_quilombolas,pessoas_V03321,double,int32,443672,0,0,0,0,17
2022_tracts_quilombolas,pessoas_V03322,double,int32,443803,0,0,0,0,17
2022_tracts_quilombolas,pessoas_V03323,double,int32,443588,0,0,0,0,15
2022_tracts_quilombolas,pessoas_V03324,double,int32,443834,0,0,0,0,16
2022_tracts_quilombolas,pessoas_V03325,double,int32,443747,0,0,0,0,15
2022_tracts_quilombolas,pessoas_V03326,double,int32,443714,0,0,0,0,17
2022_tracts_quilombolas,pessoas_V03327,double,int32,444057,0,0,0,0,13
2022_tracts_quilombolas,pessoas_V03328,double,int32,444098,0,0,0,0,17
2022_tracts_quilombolas,pessoas_V03329,double,int32,443913,0,0,0,0,27
2022_tracts_quilombolas,pessoas_V03330,double,int32,444092,0,0,0,0,13
2022_tracts_quilombolas,pessoas_V03331,double,int32,444234,0,0,0,0,17
2022_tracts_quilombolas,pessoas_V03332,double,int32,444669,0,0,0,0,12
2022_tracts_quilombolas,pessoas_V03333,double,int32,444481,0,0,0,0,16
2022_tracts_quilombolas,pessoas_V03334,double,int32,444877,0,0,0,0,12
2022_tracts_quilombolas,pessoas_V03335,double,int32,444775,0,0,0,0,12
2022_tracts_quilombolas,pessoas_V03336,double,int32,444983,0,0,0,0,14
2022_tracts_quilombolas,pessoas_V03337,double,int32,445219,0,0,0,0,10
2022_tracts_quilombolas,pessoas_V03338,double,int32,445502,0,0,0,0,11
2022_tracts_quilombolas,pessoas_V03339,double,int32,445477,0,0,0,0,13
2022_tracts_quilombolas,pessoas_V03340,double,int32,445947,0,0,0,0,10
2022_tracts_quilombolas,pessoas_V03341,double,int32,445656,0,0,0,0,10
2022_tracts_quilombolas,pessoas_V03342,double,int32,446250,0,0,0,0,10
2022_tracts_quilombolas,pessoas_V03343,double,int32,446169,0,0,0,0,11
2022_tracts_quilombolas,pessoas_V03344,double,int32,446545,0,0,0,0,10
2022_tracts_quilombolas,pessoas_V03345,double,int32,446519,0,0,0,0,8
2022_tracts_quilombolas,pessoas_V03346,double,int32,446768,0,0,0,0,8
2022_tracts_quilombolas,pessoas_V03347,double,int32,447006,0,0,0,0,8
2022_tracts_quilombolas,pessoas_V03348,double,int32,447130,0,0,0,0,8
2022_tracts_quilombolas,pessoas_V03349,double,int32,447244,0,0,0,0,7
2022_tracts_quilombolas,pessoas_V03350,double,int32,447563,0,0,0,0,6
2022_tracts_quilombolas,pessoas_V03351,double,int32,447492,0,0,0,0,6
2022_tracts_quilombolas,pessoas_V03352,double,int32,448057,0,0,0,0,5
2022_tracts_quilombolas,pessoas_V03353,double,int32,447778,0,0,0,0,7
2022_tracts_quilombolas,pessoas_V03354,double,int32,448115,0,0,0,0,5
2022_tracts_quilombolas,pessoas_V03355,double,int32,448349,0,0,0,0,8
2022_tracts_quilombolas,pessoas_V03356,double,int32,448614,0,0,0,0,5
2022_tracts_quilombolas,pessoas_V03357,double,int32,448582,0,0,0,0,6
2022_tracts_quilombolas,pessoas_V03358,double,int32,448827,0,0,0,0,4
2022_tracts_quilombolas,pessoas_V03359,double,int32,449046,0,0,0,0,5
2022_tracts_quilombolas,pessoas_V03360,double,int32,449144,0,0,0,0,3
2022_tracts_quilombolas,pessoas_V03361,double,int32,449210,0,0,0,0,4
2022_tracts_quilombolas,pessoas_V03362,double,int32,449473,0,0,0,0,3
2022_tracts_quilombolas,pessoas_V03363,double,int32,449459,0,0,0,0,4
2022_tracts_quilombolas,pessoas_V03364,double,int32,449650,0,0,0,0,3
2022_tracts_quilombolas,pessoas_V03365,double,int32,449703,0,0,0,0,0
2022_tracts_quilombolas,pessoas_V03366,double,int32,449785,0,0,0,0,0
2022_tracts_quilombolas,pessoas_V03367,double,int32,449828,0,0,0,0,3
2022_tracts_quilombolas,pessoas_V03368,double,int32,449871,0,0,0,0,0
2022_tracts_quilombolas,pessoas_V03369,double,int32,449903,0,0,0,0,3
2022_tracts_quilombolas,pessoas_V03370,double,int32,449950,0,0,0,0,0
2022_tracts_quilombolas,pessoas_V03371,double,int32,449629,0,0,0,0,3
2022_tracts_quilombolas,pessoas_V03372,double,int32,445555,0,0,0,0,19
2022_tracts_quilombolas,pessoas_V03373,double,int32,445479,0,0,0,0,17
2022_tracts_quilombolas,pessoas_V03374,double,int32,445307,0,0,0,0,20
2022_tracts_quilombolas,pessoas_V03375,double,int32,445224,0,0,0,0,15
2022_tracts_quilombolas,pessoas_V03376,double,int32,445230,0,0,0,0,16
2022_tracts_quilombolas,pessoas_V03377,double,int32,445397,0,0,0,0,20
2022_tracts_quilombolas,pessoas_V03378,double,int32,445284,0,0,0,0,14
2022_tracts_quilombolas,pessoas_V03379,double,int32,445154,0,0,0,0,16
2022_tracts_quilombolas,pessoas_V03380,double,int32,445181,0,0,0,0,14
2022_tracts_quilombolas,pessoas_V03381,double,int32,445182,0,0,0,0,13
2022_tracts_quilombolas,pessoas_V03382,double,int32,445030,0,0,0,0,13
2022_tracts_quilombolas,pessoas_V03383,double,int32,445005,0,0,0,0,15
2022_tracts_quilombolas,pessoas_V03384,double,int32,445028,0,0,0,0,17
2022_tracts_quilombolas,pessoas_V03385,double,int32,444992,0,0,0,0,13
2022_tracts_quilombolas,pessoas_V03386,double,int32,444886,0,0,0,0,19
2022_tracts_quilombolas,pessoas_V03387,double,int32,444925,0,0,0,0,16
2022_tracts_quilombolas,pessoas_V03388,double,int32,444818,0,0,0,0,18
2022_tracts_quilombolas,pessoas_V03389,double,int32,444697,0,0,0,0,15
2022_tracts_quilombolas,pessoas_V03390,double,int32,444769,0,0,0,0,16
2022_tracts_quilombolas,pessoas_V03391,double,int32,444818,0,0,0,0,16
2022_tracts_quilombolas,pessoas_V03392,double,int32,444770,0,0,0,0,16
2022_tracts_quilombolas,pessoas_V03393,double,int32,444832,0,0,0,0,16
2022_tracts_quilombolas,pessoas_V03394,double,int32,444595,0,0,0,0,14
2022_tracts_quilombolas,pessoas_V03395,double,int32,444808,0,0,0,0,16
2022_tracts_quilombolas,pessoas_V03396,double,int32,444874,0,0,0,0,13
2022_tracts_quilombolas,pessoas_V03397,double,int32,444948,0,0,0,0,15
2022_tracts_quilombolas,pessoas_V03398,double,int32,444866,0,0,0,0,13
2022_tracts_quilombolas,pessoas_V03399,double,int32,444965,0,0,0,0,12
2022_tracts_quilombolas,pessoas_V03400,double,int32,445159,0,0,0,0,11
2022_tracts_quilombolas,pessoas_V03401,double,int32,445187,0,0,0,0,15
2022_tracts_quilombolas,pessoas_V03402,double,int32,444954,0,0,0,0,11
2022_tracts_quilombolas,pessoas_V03403,double,int32,445324,0,0,0,0,16
2022_tracts_quilombolas,pessoas_V03404,double,int32,445082,0,0,0,0,11
2022_tracts_quilombolas,pessoas_V03405,double,int32,445053,0,0,0,0,13
2022_tracts_quilombolas,pessoas_V03406,double,int32,445058,0,0,0,0,14
2022_tracts_quilombolas,pessoas_V03407,double,int32,445062,0,0,0,0,16
2022_tracts_quilombolas,pessoas_V03408,double,int32,444969,0,0,0,0,18
2022_tracts_quilombolas,pessoas_V03409,double,int32,444952,0,0,0,0,16
2022_tracts_quilombolas,pessoas_V03410,double,int32,444917,0,0,0,0,18
2022_tracts_quilombolas,pessoas_V03411,double,int32,444879,0,0,0,0,14
2022_tracts_quilombolas,pessoas_V03412,double,int32,444694,0,0,0,0,16
2022_tracts_quilombolas,pessoas_V03413,double,int32,445196,0,0,0,0,13
2022_tracts_quilombolas,pessoas_V03414,double,int32,444747,0,0,0,0,12
2022_tracts_quilombolas,pessoas_V03415,double,int32,444940,0,0,0,0,14
2022_tracts_quilombolas,pessoas_V03416,double,int32,445088,0,0,0,0,17
2022_tracts_quilombolas,pessoas_V03417,double,int32,445159,0,0,0,0,12
2022_tracts_quilombolas,pessoas_V03418,double,int32,445257,0,0,0,0,15
2022_tracts_quilombolas,pessoas_V03419,double,int32,445274,0,0,0,0,11
2022_tracts_quilombolas,pessoas_V03420,double,int32,445411,0,0,0,0,11
2022_tracts_quilombolas,pessoas_V03421,double,int32,445364,0,0,0,0,10
2022_tracts_quilombolas,pessoas_V03422,double,int32,445433,0,0,0,0,10
2022_tracts_quilombolas,pessoas_V03423,double,int32,445741,0,0,0,0,11
2022_tracts_quilombolas,pessoas_V03424,double,int32,445382,0,0,0,0,9
2022_tracts_quilombolas,pessoas_V03425,double,int32,445701,0,0,0,0,10
2022_tracts_quilombolas,pessoas_V03426,double,int32,445696,0,0,0,0,9
2022_tracts_quilombolas,pessoas_V03427,double,int32,445620,0,0,0,0,8
2022_tracts_quilombolas,pessoas_V03428,double,int32,445858,0,0,0,0,7
2022_tracts_quilombolas,pessoas_V03429,double,int32,446028,0,0,0,0,9
2022_tracts_quilombolas,pessoas_V03430,double,int32,445751,0,0,0,0,11
2022_tracts_quilombolas,pessoas_V03431,double,int32,445935,0,0,0,0,7
2022_tracts_quilombolas,pessoas_V03432,double,int32,446050,0,0,0,0,13
2022_tracts_quilombolas,pessoas_V03433,double,int32,446434,0,0,0,0,8
2022_tracts_quilombolas,pessoas_V03434,double,int32,446214,0,0,0,0,8
2022_tracts_quilombolas,pessoas_V03435,double,int32,446664,0,0,0,0,8
2022_tracts_quilombolas,pessoas_V03436,double,int32,446545,0,0,0,0,7
2022_tracts_quilombolas,pessoas_V03437,double,int32,446835,0,0,0,0,10
2022_tracts_quilombolas,pessoas_V03438,double,int32,446889,0,0,0,0,6
2022_tracts_quilombolas,pessoas_V03439,double,int32,447102,0,0,0,0,7
2022_tracts_quilombolas,pessoas_V03440,double,int32,447079,0,0,0,0,6
2022_tracts_quilombolas,pessoas_V03441,double,int32,447431,0,0,0,0,7
2022_tracts_quilombolas,pessoas_V03442,double,int32,447209,0,0,0,0,6
2022_tracts_quilombolas,pessoas_V03443,double,int32,447719,0,0,0,0,7
2022_tracts_quilombolas,pessoas_V03444,double,int32,447617,0,0,0,0,7
2022_tracts_quilombolas,pessoas_V03445,double,int32,447948,0,0,0,0,6
2022_tracts_quilombolas,pessoas_V03446,double,int32,447989,0,0,0,0,7
2022_tracts_quilombolas,pessoas_V03447,double,int32,448140,0,0,0,0,6
2022_tracts_quilombolas,pessoas_V03448,double,int32,448280,0,0,0,0,4
2022_tracts_quilombolas,pessoas_V03449,double,int32,448415,0,0,0,0,5
2022_tracts_quilombolas,pessoas_V03450,double,int32,448485,0,0,0,0,5
2022_tracts_quilombolas,pessoas_V03451,double,int32,448654,0,0,0,0,4
2022_tracts_quilombolas,pessoas_V03452,double,int32,448669,0,0,0,0,4
2022_tracts_quilombolas,pessoas_V03453,double,int32,449031,0,0,0,0,3
2022_tracts_quilombolas,pessoas_V03454,double,int32,448871,0,0,0,0,4
2022_tracts_quilombolas,pessoas_V03455,double,int32,449094,0,0,0,0,3
2022_tracts_quilombolas,pessoas_V03456,double,int32,449251,0,0,0,0,3
2022_tracts_quilombolas,pessoas_V03457,double,int32,449370,0,0,0,0,3
2022_tracts_quilombolas,pessoas_V03458,double,int32,449387,0,0,0,0,3
2022_tracts_quilombolas,pessoas_V03459,double,int32,449538,0,0,0,0,3
2022_tracts_quilombolas,pessoas_V03460,double,int32,449620,0,0,0,0,4
2022_tracts_quilombolas,pessoas_V03461,double,int32,449673,0,0,0,0,3
2022_tracts_quilombolas,pessoas_V03462,double,int32,449697,0,0,0,0,3
2022_tracts_quilombolas,pessoas_V03463,double,int32,449832,0,0,0,0,3
2022_tracts_quilombolas,pessoas_V03464,double,int32,449816,0,0,0,0,0
2022_tracts_quilombolas,pessoas_V03465,double,int32,449906,0,0,0,0,0
2022_tracts_quilombolas,pessoas_V03466,double,int32,449955,0,0,0,0,0
2022_tracts_quilombolas,pessoas_V03467,double,int32,449980,0,0,0,0,0
2022_tracts_quilombolas,pessoas_V03468,double,int32,449985,0,0,0,0,0
2022_tracts_quilombolas,pessoas_V03469,double,int32,449995,0,0,0,0,0
2022_tracts_quilombolas,pessoas_V03470,double,int32,450021,0,0,0,0,0
2022_tracts_quilombolas,pessoas_V03471,double,int32,450038,0,0,0,0,0
2022_tracts_quilombolas,pessoas_V03472,double,int32,449954,0,0,0,0,0
2022_tracts_quilombolas,pessoas_V03473,double,int32,445605,0,0,0,0,15
2022_tracts_quilombolas,pessoas_V03474,double,int32,445643,0,0,0,0,17
2022_tracts_quilombolas,pessoas_V03475,double,int32,445475,0,0,0,0,14
2022_tracts_quilombolas,pessoas_V03476,double,int32,445431,0,0,0,0,15
2022_tracts_quilombolas,pessoas_V03477,double,int32,445303,0,0,0,0,15
2022_tracts_quilombolas,pessoas_V03478,double,int32,445320,0,0,0,0,16
2022_tracts_quilombolas,pessoas_V03479,double,int32,445231,0,0,0,0,22
2022_tracts_quilombolas,pessoas_V03480,double,int32,445282,0,0,0,0,15
2022_tracts_quilombolas,pessoas_V03481,double,int32,445338,0,0,0,0,14
2022_tracts_quilombolas,pessoas_V03482,double,int32,445194,0,0,0,0,16
2022_tracts_quilombolas,pessoas_V03483,double,int32,445142,0,0,0,0,15
2022_tracts_quilombolas,pessoas_V03484,double,int32,445143,0,0,0,0,19
2022_tracts_quilombolas,pessoas_V03485,double,int32,445147,0,0,0,0,18
2022_tracts_quilombolas,pessoas_V03486,double,int32,445055,0,0,0,0,14
2022_tracts_quilombolas,pessoas_V03487,double,int32,444940,0,0,0,0,15
2022_tracts_quilombolas,pessoas_V03488,double,int32,444926,0,0,0,0,15
2022_tracts_quilombolas,pessoas_V03489,double,int32,444892,0,0,0,0,16
2022_tracts_quilombolas,pessoas_V03490,double,int32,444700,0,0,0,0,16
2022_tracts_quilombolas,pessoas_V03491,double,int32,444971,0,0,0,0,18
2022_tracts_quilombolas,pessoas_V03492,double,int32,444969,0,0,0,0,15
2022_tracts_quilombolas,pessoas_V03493,double,int32,444825,0,0,0,0,27
2022_tracts_quilombolas,pessoas_V03494,double,int32,444984,0,0,0,0,14
2022_tracts_quilombolas,pessoas_V03495,double,int32,444643,0,0,0,0,17
2022_tracts_quilombolas,pessoas_V03496,double,int32,444800,0,0,0,0,17
2022_tracts_quilombolas,pessoas_V03497,double,int32,444786,0,0,0,0,14
2022_tracts_quilombolas,pessoas_V03498,double,int32,444691,0,0,0,0,14
2022_tracts_quilombolas,pessoas_V03499,double,int32,444760,0,0,0,0,16
2022_tracts_quilombolas,pessoas_V03500,double,int32,444853,0,0,0,0,13
2022_tracts_quilombolas,pessoas_V03501,double,int32,444881,0,0,0,0,16
2022_tracts_quilombolas,pessoas_V03502,double,int32,445095,0,0,0,0,10
2022_tracts_quilombolas,pessoas_V03503,double,int32,444877,0,0,0,0,20
2022_tracts_quilombolas,pessoas_V03504,double,int32,445090,0,0,0,0,13
2022_tracts_quilombolas,pessoas_V03505,double,int32,445018,0,0,0,0,13
2022_tracts_quilombolas,pessoas_V03506,double,int32,445003,0,0,0,0,13
2022_tracts_quilombolas,pessoas_V03507,double,int32,444867,0,0,0,0,17
2022_tracts_quilombolas,pessoas_V03508,double,int32,444812,0,0,0,0,15
2022_tracts_quilombolas,pessoas_V03509,double,int32,444825,0,0,0,0,12
2022_tracts_quilombolas,pessoas_V03510,double,int32,444898,0,0,0,0,12
2022_tracts_quilombolas,pessoas_V03511,double,int32,444751,0,0,0,0,14
2022_tracts_quilombolas,pessoas_V03512,double,int32,444848,0,0,0,0,26
2022_tracts_quilombolas,pessoas_V03513,double,int32,444634,0,0,0,0,12
2022_tracts_quilombolas,pessoas_V03514,double,int32,445085,0,0,0,0,13
2022_tracts_quilombolas,pessoas_V03515,double,int32,444908,0,0,0,0,16
2022_tracts_quilombolas,pessoas_V03516,double,int32,444895,0,0,0,0,12
2022_tracts_quilombolas,pessoas_V03517,double,int32,445130,0,0,0,0,12
2022_tracts_quilombolas,pessoas_V03518,double,int32,445217,0,0,0,0,11
2022_tracts_quilombolas,pessoas_V03519,double,int32,445221,0,0,0,0,11
2022_tracts_quilombolas,pessoas_V03520,double,int32,445281,0,0,0,0,12
2022_tracts_quilombolas,pessoas_V03521,double,int32,445309,0,0,0,0,11
2022_tracts_quilombolas,pessoas_V03522,double,int32,445401,0,0,0,0,11
2022_tracts_quilombolas,pessoas_V03523,double,int32,445433,0,0,0,0,9
2022_tracts_quilombolas,pessoas_V03524,double,int32,445576,0,0,0,0,9
2022_tracts_quilombolas,pessoas_V03525,double,int32,445454,0,0,0,0,12
2022_tracts_quilombolas,pessoas_V03526,double,int32,445627,0,0,0,0,11
2022_tracts_quilombolas,pessoas_V03527,double,int32,445571,0,0,0,0,8
2022_tracts_quilombolas,pessoas_V03528,double,int32,445545,0,0,0,0,10
2022_tracts_quilombolas,pessoas_V03529,double,int32,445717,0,0,0,0,10
2022_tracts_quilombolas,pessoas_V03530,double,int32,445908,0,0,0,0,13
2022_tracts_quilombolas,pessoas_V03531,double,int32,445815,0,0,0,0,16
2022_tracts_quilombolas,pessoas_V03532,double,int32,445991,0,0,0,0,11
2022_tracts_quilombolas,pessoas_V03533,double,int32,446067,0,0,0,0,8
2022_tracts_quilombolas,pessoas_V03534,double,int32,446474,0,0,0,0,8
2022_tracts_quilombolas,pessoas_V03535,double,int32,446226,0,0,0,0,10
2022_tracts_quilombolas,pessoas_V03536,double,int32,446606,0,0,0,0,8
2022_tracts_quilombolas,pessoas_V03537,double,int32,446475,0,0,0,0,7
2022_tracts_quilombolas,pessoas_V03538,double,int32,446639,0,0,0,0,8
2022_tracts_quilombolas,pessoas_V03539,double,int32,446839,0,0,0,0,7
2022_tracts_quilombolas,pessoas_V03540,double,int32,447098,0,0,0,0,7
2022_tracts_quilombolas,pessoas_V03541,double,int32,447094,0,0,0,0,8
2022_tracts_quilombolas,pessoas_V03542,double,int32,447543,0,0,0,0,8
2022_tracts_quilombolas,pessoas_V03543,double,int32,447236,0,0,0,0,8
2022_tracts_quilombolas,pessoas_V03544,double,int32,447726,0,0,0,0,6
2022_tracts_quilombolas,pessoas_V03545,double,int32,447595,0,0,0,0,6
2022_tracts_quilombolas,pessoas_V03546,double,int32,447877,0,0,0,0,6
2022_tracts_quilombolas,pessoas_V03547,double,int32,447883,0,0,0,0,6
2022_tracts_quilombolas,pessoas_V03548,double,int32,448034,0,0,0,0,5
2022_tracts_quilombolas,pessoas_V03549,double,int32,448208,0,0,0,0,6
2022_tracts_quilombolas,pessoas_V03550,double,int32,448313,0,0,0,0,6
2022_tracts_quilombolas,pessoas_V03551,double,int32,448307,0,0,0,0,5
2022_tracts_quilombolas,pessoas_V03552,double,int32,448579,0,0,0,0,5
2022_tracts_quilombolas,pessoas_V03553,double,int32,448475,0,0,0,0,5
2022_tracts_quilombolas,pessoas_V03554,double,int32,448854,0,0,0,0,5
2022_tracts_quilombolas,pessoas_V03555,double,int32,448666,0,0,0,0,5
2022_tracts_quilombolas,pessoas_V03556,double,int32,448875,0,0,0,0,4
2022_tracts_quilombolas,pessoas_V03557,double,int32,448994,0,0,0,0,7
2022_tracts_quilombolas,pessoas_V03558,double,int32,449206,0,0,0,0,3
2022_tracts_quilombolas,pessoas_V03559,double,int32,449151,0,0,0,0,4
2022_tracts_quilombolas,pessoas_V03560,double,int32,449291,0,0,0,0,3
2022_tracts_quilombolas,pessoas_V03561,double,int32,449456,0,0,0,0,3
2022_tracts_quilombolas,pessoas_V03562,double,int32,449530,0,0,0,0,3
2022_tracts_quilombolas,pessoas_V03563,double,int32,449553,0,0,0,0,3
2022_tracts_quilombolas,pessoas_V03564,double,int32,449702,0,0,0,0,3
2022_tracts_quilombolas,pessoas_V03565,double,int32,449708,0,0,0,0,3
2022_tracts_quilombolas,pessoas_V03566,double,int32,449818,0,0,0,0,3
2022_tracts_quilombolas,pessoas_V03567,double,int32,449830,0,0,0,0,0
2022_tracts_quilombolas,pessoas_V03568,double,int32,449885,0,0,0,0,0
2022_tracts_quilombolas,pessoas_V03569,double,int32,449924,0,0,0,0,0
2022_tracts_quilombolas,pessoas_V03570,double,int32,449962,0,0,0,0,0
2022_tracts_quilombolas,pessoas_V03571,double,int32,449968,0,0,0,0,0
2022_tracts_quilombolas,pessoas_V03572,double,int32,449997,0,0,0,0,0
2022_tracts_quilombolas,pessoas_V03573,double,int32,449747,0,0,0,0,0
2022_tracts_quilombolas,pessoas_V03574,double,int32,443101,0,0,0,0,144
2022_tracts_quilombolas,pessoas_V03575,double,int32,442814,0,0,0,0,121
2022_tracts_quilombolas,pessoas_V03576,double,int32,442991,0,0,0,0,132
2022_tracts_quilombolas,pessoas_V03577,double,int32,442873,0,0,0,0,132
2022_tracts_quilombolas,pessoas_V03578,double,int32,442071,0,0,0,0,135
2022_tracts_quilombolas,pessoas_V03579,double,int32,441646,0,0,0,0,108
2022_tracts_quilombolas,pessoas_V03580,double,int32,441758,0,0,0,0,260
2022_tracts_quilombolas,pessoas_V03581,double,int32,441559,0,0,0,0,215
2022_tracts_quilombolas,pessoas_V03582,double,int32,441472,0,0,0,0,114
2022_tracts_quilombolas,pessoas_V03583,double,int32,441634,0,0,0,0,81
2022_tracts_quilombolas,pessoas_V03584,double,int32,442202,0,0,0,0,86
2022_tracts_quilombolas,pessoas_V03585,double,int32,443025,0,0,0,0,74
2022_tracts_quilombolas,pessoas_V03586,double,int32,442842,0,0,0,0,65
2022_tracts_quilombolas,pessoas_V03587,double,int32,442866,0,0,0,0,59
2022_tracts_quilombolas,pessoas_V03588,double,int32,442838,0,0,0,0,65
2022_tracts_quilombolas,pessoas_V03589,double,int32,442227,0,0,0,0,61
2022_tracts_quilombolas,pessoas_V03590,double,int32,441728,0,0,0,0,54
2022_tracts_quilombolas,pessoas_V03591,double,int32,441317,0,0,0,0,120
2022_tracts_quilombolas,pessoas_V03592,double,int32,440939,0,0,0,0,117
2022_tracts_quilombolas,pessoas_V03593,double,int32,440995,0,0,0,0,52
2022_tracts_quilombolas,pessoas_V03594,double,int32,441498,0,0,0,0,42
2022_tracts_quilombolas,pessoas_V03595,double,int32,442313,0,0,0,0,40
2022_tracts_quilombolas,pessoas_V03596,double,int32,443056,0,0,0,0,70
2022_tracts_quilombolas,pessoas_V03597,double,int32,442902,0,0,0,0,60
2022_tracts_quilombolas,pessoas_V03598,double,int32,442885,0,0,0,0,74
2022_tracts_quilombolas,pessoas_V03599,double,int32,442435,0,0,0,0,72
2022_tracts_quilombolas,pessoas_V03600,double,int32,441865,0,0,0,0,74
2022_tracts_quilombolas,pessoas_V03601,double,int32,441477,0,0,0,0,56
2022_tracts_quilombolas,pessoas_V03602,double,int32,440898,0,0,0,0,140
2022_tracts_quilombolas,pessoas_V03603,double,int32,440743,0,0,0,0,98
2022_tracts_quilombolas,pessoas_V03604,double,int32,440730,0,0,0,0,66
2022_tracts_quilombolas,pessoas_V03605,double,int32,441400,0,0,0,0,46
2022_tracts_quilombolas,pessoas_V03606,double,int32,442018,0,0,0,0,55
2022_tracts_quilombolas,pessoas_V03607,double,int32,443700,0,0,0,0,1098
2022_tracts_quilombolas,pessoas_V03608,double,int32,442177,0,0,0,0,522
2022_tracts_quilombolas,pessoas_V03609,double,int32,442260,0,0,0,0,576
2022_tracts_quilombolas,pessoas_V03610,double,int32,440956,0,0,0,0,381
2022_tracts_quilombolas,pessoas_V03611,double,int32,440704,0,0,0,0,265
2022_tracts_quilombolas,pessoas_V03612,double,int32,440917,0,0,0,0,264
2022_tracts_quilombolas,pessoas_V03613,double,int32,440955,0,0,0,0,381
2022_tracts_quilombolas,pessoas_V03614,double,int32,440706,0,0,0,0,265
2022_tracts_quilombolas,pessoas_V03615,double,int32,440913,0,0,0,0,264
2022_tracts_quilombolas,pessoas_V03616,double,int32,449952,0,0,0,0,3
2022_tracts_quilombolas,pessoas_V03617,double,int32,441049,0,0,0,0,76
2022_tracts_quilombolas,pessoas_V03618,double,int32,440752,0,0,0,0,256
2022_tracts_quilombolas,pessoas_V03619,double,int32,441069,0,0,0,0,104
2022_tracts_quilombolas,pessoas_V03620,double,int32,450049,0,0,0,0,0
2022_tracts_quilombolas,pessoas_V03621,double,int32,442398,0,0,0,0,76
2022_tracts_quilombolas,pessoas_V03622,double,int32,440427,0,0,0,0,190
2022_tracts_quilombolas,pessoas_V03623,double,int32,441384,0,0,0,0,63
2022_tracts_quilombolas,pessoas_V03624,double,int32,449980,0,0,0,0,0
2022_tracts_quilombolas,pessoas_V03625,double,int32,442380,0,0,0,0,55
2022_tracts_quilombolas,pessoas_V03626,double,int32,440697,0,0,0,0,169
2022_tracts_quilombolas,pessoas_V03627,double,int32,441383,0,0,0,0,63
2022_tracts_quilombolas,pessoas_V03628,double,int32,448885,0,0,0,0,10
2022_tracts_quilombolas,pessoas_V03629,double,int32,442734,0,0,0,0,37
2022_tracts_quilombolas,pessoas_V03630,double,int32,440587,0,0,0,0,134
2022_tracts_quilombolas,pessoas_V03631,double,int32,440575,0,0,0,0,163
2022_tracts_quilombolas,pessoas_V03632,double,int32,441069,0,0,0,0,104
2022_tracts_quilombolas,pessoas_V03633,double,int32,449656,0,0,0,0,4
2022_tracts_quilombolas,pessoas_V03634,double,int32,444984,0,0,0,0,34
2022_tracts_quilombolas,pessoas_V03635,double,int32,440871,0,0,0,0,93
2022_tracts_quilombolas,pessoas_V03636,double,int32,440383,0,0,0,0,125
2022_tracts_quilombolas,pessoas_V03637,double,int32,441384,0,0,0,0,63
2022_tracts_quilombolas,pessoas_V03638,double,int32,449183,0,0,0,0,7
2022_tracts_quilombolas,pessoas_V03639,double,int32,444224,0,0,0,0,28
2022_tracts_quilombolas,pessoas_V03640,double,int32,441341,0,0,0,0,113
2022_tracts_quilombolas,pessoas_V03641,double,int32,440595,0,0,0,0,91
2022_tracts_quilombolas,pessoas_V03642,double,int32,441383,0,0,0,0,63
2022_tracts_quilombolas,pessoas_V03643,double,int32,443395,0,0,0,0,1018
2022_tracts_quilombolas,pessoas_V03644,double,int32,441895,0,0,0,0,473
2022_tracts_quilombolas,pessoas_V03645,double,int32,441989,0,0,0,0,545
2022_tracts_quilombolas,pessoas_V03646,double,int32,442842,0,0,0,0,130
2022_tracts_quilombolas,pessoas_V03647,double,int32,442003,0,0,0,0,126
2022_tracts_quilombolas,pessoas_V03648,double,int32,441585,0,0,0,0,108
2022_tracts_quilombolas,pessoas_V03649,double,int32,441566,0,0,0,0,110
2022_tracts_quilombolas,pessoas_V03650,double,int32,441305,0,0,0,0,146
2022_tracts_quilombolas,pessoas_V03651,double,int32,441127,0,0,0,0,116
2022_tracts_quilombolas,pessoas_V03652,double,int32,441075,0,0,0,0,83
2022_tracts_quilombolas,pessoas_V03653,double,int32,441145,0,0,0,0,57
2022_tracts_quilombolas,pessoas_V03654,double,int32,441368,0,0,0,0,52
2022_tracts_quilombolas,pessoas_V03655,double,int32,442005,0,0,0,0,42
2022_tracts_quilombolas,pessoas_V03656,double,int32,443029,0,0,0,0,28
2022_tracts_quilombolas,pessoas_V03657,double,int32,443186,0,0,0,0,35
2022_tracts_quilombolas,pessoas_V03658,double,int32,445716,0,0,0,0,17
2022_tracts_quilombolas,pessoas_V03659,double,int32,442841,0,0,0,0,61
2022_tracts_quilombolas,pessoas_V03660,double,int32,442226,0,0,0,0,57
2022_tracts_quilombolas,pessoas_V03661,double,int32,441736,0,0,0,0,53
2022_tracts_quilombolas,pessoas_V03662,double,int32,441852,0,0,0,0,50
2022_tracts_quilombolas,pessoas_V03663,double,int32,441777,0,0,0,0,72
2022_tracts_quilombolas,pessoas_V03664,double,int32,441659,0,0,0,0,65
2022_tracts_quilombolas,pessoas_V03665,double,int32,441853,0,0,0,0,41
2022_tracts_quilombolas,pessoas_V03666,double,int32,442391,0,0,0,0,27
2022_tracts_quilombolas,pessoas_V03667,double,int32,442672,0,0,0,0,20
2022_tracts_quilombolas,pessoas_V03668,double,int32,443432,0,0,0,0,20
2022_tracts_quilombolas,pessoas_V03669,double,int32,444552,0,0,0,0,14
2022_tracts_quilombolas,pessoas_V03670,double,int32,444626,0,0,0,0,19
2022_tracts_quilombolas,pessoas_V03671,double,int32,447241,0,0,0,0,10
2022_tracts_quilombolas,pessoas_V03672,double,int32,442442,0,0,0,0,72
2022_tracts_quilombolas,pessoas_V03673,double,int32,441840,0,0,0,0,71
2022_tracts_quilombolas,pessoas_V03674,double,int32,441465,0,0,0,0,56
2022_tracts_quilombolas,pessoas_V03675,double,int32,441518,0,0,0,0,64
2022_tracts_quilombolas,pessoas_V03676,double,int32,441450,0,0,0,0,74
2022_tracts_quilombolas,pessoas_V03677,double,int32,441415,0,0,0,0,51
2022_tracts_quilombolas,pessoas_V03678,double,int32,441637,0,0,0,0,42
2022_tracts_quilombolas,pessoas_V03679,double,int32,441956,0,0,0,0,30
2022_tracts_quilombolas,pessoas_V03680,double,int32,442356,0,0,0,0,34
2022_tracts_quilombolas,pessoas_V03681,double,int32,443266,0,0,0,0,24
2022_tracts_quilombolas,pessoas_V03682,double,int32,444575,0,0,0,0,18
2022_tracts_quilombolas,pessoas_V03683,double,int32,444727,0,0,0,0,20
2022_tracts_quilombolas,pessoas_V03684,double,int32,447066,0,0,0,0,10
2022_tracts_quilombolas,pessoas_V03685,double,int32,442868,0,0,0,0,364
2022_tracts_quilombolas,pessoas_V03686,double,int32,442038,0,0,0,0,554
2022_tracts_quilombolas,pessoas_V03687,double,int32,441348,0,0,0,0,116
2022_tracts_quilombolas,pessoas_V03688,double,int32,442321,0,0,0,0,167
2022_tracts_quilombolas,pessoas_V03689,double,int32,440844,0,0,0,0,266
2022_tracts_quilombolas,pessoas_V03690,double,int32,441526,0,0,0,0,53
2022_tracts_quilombolas,pessoas_V03691,double,int32,441790,0,0,0,0,197
2022_tracts_quilombolas,pessoas_V03692,double,int32,440733,0,0,0,0,288
2022_tracts_quilombolas,pessoas_V03693,double,int32,441382,0,0,0,0,65
2022_tracts_quilombolas,pessoas_V03694,double,int32,440544,0,0,0,0,333
2022_tracts_quilombolas,pessoas_V03695,double,int32,440113,0,0,0,0,231
2022_tracts_quilombolas,pessoas_V03696,double,int32,440495,0,0,0,0,203
2022_tracts_quilombolas,pessoas_V03697,double,int32,441017,0,0,0,0,66
2022_tracts_quilombolas,pessoas_V03698,double,int32,440322,0,0,0,0,238
2022_tracts_quilombolas,pessoas_V03699,double,int32,440841,0,0,0,0,76
2022_tracts_quilombolas,pessoas_V03700,double,int32,442457,0,0,0,0,62
2022_tracts_quilombolas,pessoas_V03701,double,int32,440027,0,0,0,0,177
2022_tracts_quilombolas,pessoas_V03702,double,int32,442032,0,0,0,0,43
2022_tracts_quilombolas,pessoas_V03703,double,int32,442395,0,0,0,0,54
2022_tracts_quilombolas,pessoas_V03704,double,int32,440512,0,0,0,0,139
2022_tracts_quilombolas,pessoas_V03705,double,int32,442272,0,0,0,0,48
2022_tracts_quilombolas,pessoas_V03706,double,int32,443270,0,0,0,0,169
2022_tracts_quilombolas,pessoas_V03707,double,int32,449313,0,0,0,0,10
2022_tracts_quilombolas,pessoas_V03708,double,int32,449989,0,0,0,0,0
2022_tracts_quilombolas,pessoas_V03709,double,int32,443058,0,0,0,0,90
2022_tracts_quilombolas,pessoas_V03710,double,int32,449642,0,0,0,0,6
2022_tracts_quilombolas,pessoas_V03711,double,int32,450033,0,0,0,0,0
2022_tracts_quilombolas,pessoas_V03712,double,int32,442951,0,0,0,0,79
2022_tracts_quilombolas,pessoas_V03713,double,int32,449649,0,0,0,0,6
2022_tracts_quilombolas,pessoas_V03714,double,int32,450037,0,0,0,0,0
2022_tracts_quilombolas,pessoas_V03715,double,int32,444187,0,0,0,0,31
2022_tracts_quilombolas,pessoas_V03716,double,int32,449589,0,0,0,0,7
2022_tracts_quilombolas,pessoas_V03717,double,int32,450054,0,0,0,0,0
2022_tracts_quilombolas,pessoas_V03718,double,int32,444116,0,0,0,0,33
2022_tracts_quilombolas,pessoas_V03719,double,int32,449960,0,0,0,0,3
2022_tracts_quilombolas,pessoas_V03720,double,int32,450069,0,0,0,0,0
2022_tracts_quilombolas,pessoas_V03721,double,int32,444002,0,0,0,0,30
2022_tracts_quilombolas,pessoas_V03722,double,int32,449984,0,0,0,0,0
2022_tracts_quilombolas,pessoas_V03723,double,int32,450076,0,0,0,0,0
2022_tracts_quilombolas,pessoas_V03724,double,int32,443964,0,0,0,0,26
2022_tracts_quilombolas,pessoas_V03725,double,int32,450007,0,0,0,0,0
2022_tracts_quilombolas,pessoas_V03726,double,int32,450079,0,0,0,0,0
2022_tracts_quilombolas,pessoas_V03727,double,int32,443901,0,0,0,0,29
2022_tracts_quilombolas,pessoas_V03728,double,int32,450033,0,0,0,0,0
2022_tracts_quilombolas,pessoas_V03729,double,int32,450068,0,0,0,0,0
2022_tracts_quilombolas,pessoas_V03730,double,int32,443970,0,0,0,0,29
2022_tracts_quilombolas,pessoas_V03731,double,int32,450040,0,0,0,0,0
2022_tracts_quilombolas,pessoas_V03732,double,int32,450074,0,0,0,0,0
2022_tracts_quilombolas,pessoas_V03733,double,int32,445641,0,0,0,0,19
2022_tracts_quilombolas,pessoas_V03734,double,int32,449812,0,0,0,0,5
2022_tracts_quilombolas,pessoas_V03735,double,int32,450068,0,0,0,0,0
2022_tracts_quilombolas,pessoas_V03736,double,int32,445494,0,0,0,0,17
2022_tracts_quilombolas,pessoas_V03737,double,int32,450022,0,0,0,0,0
2022_tracts_quilombolas,pessoas_V03738,double,int32,450079,0,0,0,0,0
2022_tracts_quilombolas,pessoas_V03739,double,int32,445315,0,0,0,0,20
2022_tracts_quilombolas,pessoas_V03740,double,int32,450030,0,0,0,0,0
2022_tracts_quilombolas,pessoas_V03741,double,int32,450083,0,0,0,0,0
2022_tracts_quilombolas,pessoas_V03742,double,int32,445234,0,0,0,0,15
2022_tracts_quilombolas,pessoas_V03743,double,int32,450050,0,0,0,0,0
2022_tracts_quilombolas,pessoas_V03744,double,int32,450083,0,0,0,0,0
2022_tracts_quilombolas,pessoas_V03745,double,int32,445236,0,0,0,0,16
2022_tracts_quilombolas,pessoas_V03746,double,int32,450059,0,0,0,0,0
2022_tracts_quilombolas,pessoas_V03747,double,int32,450077,0,0,0,0,0
2022_tracts_quilombolas,pessoas_V03748,double,int32,445402,0,0,0,0,20
2022_tracts_quilombolas,pessoas_V03749,double,int32,450064,0,0,0,0,0
2022_tracts_quilombolas,pessoas_V03750,double,int32,450081,0,0,0,0,0
2022_tracts_quilombolas,pessoas_V03751,double,int32,445664,0,0,0,0,13
2022_tracts_quilombolas,pessoas_V03752,double,int32,449820,0,0,0,0,5
2022_tracts_quilombolas,pessoas_V03753,double,int32,450073,0,0,0,0,0
2022_tracts_quilombolas,pessoas_V03754,double,int32,445656,0,0,0,0,16
2022_tracts_quilombolas,pessoas_V03755,double,int32,450022,0,0,0,0,0
2022_tracts_quilombolas,pessoas_V03756,double,int32,450077,0,0,0,0,0
2022_tracts_quilombolas,pessoas_V03757,double,int32,445490,0,0,0,0,14
2022_tracts_quilombolas,pessoas_V03758,double,int32,450041,0,0,0,0,0
2022_tracts_quilombolas,pessoas_V03759,double,int32,450081,0,0,0,0,0
2022_tracts_quilombolas,pessoas_V03760,double,int32,445451,0,0,0,0,15
2022_tracts_quilombolas,pessoas_V03761,double,int32,450045,0,0,0,0,0
2022_tracts_quilombolas,pessoas_V03762,double,int32,450084,0,0,0,0,0
2022_tracts_quilombolas,pessoas_V03763,double,int32,445319,0,0,0,0,15
2022_tracts_quilombolas,pessoas_V03764,double,int32,450061,0,0,0,0,0
2022_tracts_quilombolas,pessoas_V03765,double,int32,450079,0,0,0,0,0
2022_tracts_quilombolas,pessoas_V03766,double,int32,445327,0,0,0,0,16
2022_tracts_quilombolas,pessoas_V03767,double,int32,450063,0,0,0,0,0
2022_tracts_quilombolas,pessoas_V03768,double,int32,450081,0,0,0,0,0
2022_tracts_quilombolas,pessoas_V03769,double,int32,441770,0,0,0,0,26
2022_tracts_quilombolas,pessoas_V03770,double,int32,440732,0,0,0,0,377
2022_tracts_quilombolas,pessoas_V03771,double,int32,450003,0,0,0,0,0
2022_tracts_quilombolas,pessoas_V03772,double,int32,450062,0,0,0,0,0
2022_tracts_quilombolas,pessoas_V03773,double,int32,450028,0,0,0,0,0
2022_tracts_quilombolas,pessoas_V03774,double,int32,449943,0,0,0,0,0
2022_tracts_quilombolas,pessoas_V03775,double,int32,449850,0,0,0,0,0
2022_tracts_quilombolas,pessoas_V03776,double,int32,449874,0,0,0,0,0
2022_tracts_quilombolas,pessoas_V03777,double,int32,449642,0,0,0,0,3
2022_tracts_quilombolas,pessoas_V03778,double,int32,449566,0,0,0,0,3
2022_tracts_quilombolas,pessoas_V03779,double,int32,449314,0,0,0,0,3
2022_tracts_quilombolas,pessoas_V03780,double,int32,449058,0,0,0,0,4
2022_tracts_quilombolas,pessoas_V03781,double,int32,447583,0,0,0,0,6
2022_tracts_quilombolas,pessoas_V03782,double,int32,450005,0,0,0,0,0
2022_tracts_quilombolas,pessoas_V03783,double,int32,450062,0,0,0,0,0
2022_tracts_quilombolas,pessoas_V03784,double,int32,450045,0,0,0,0,0
2022_tracts_quilombolas,pessoas_V03785,double,int32,449952,0,0,0,0,0
2022_tracts_quilombolas,pessoas_V03786,double,int32,449883,0,0,0,0,0
2022_tracts_quilombolas,pessoas_V03787,double,int32,449895,0,0,0,0,0
2022_tracts_quilombolas,pessoas_V03788,double,int32,449621,0,0,0,0,0
2022_tracts_quilombolas,pessoas_V03789,double,int32,449553,0,0,0,0,0
2022_tracts_quilombolas,pessoas_V03790,double,int32,449367,0,0,0,0,3
2022_tracts_quilombolas,pessoas_V03791,double,int32,449078,0,0,0,0,3
2022_tracts_quilombolas,pessoas_V03792,double,int32,447568,0,0,0,0,8
2022_tracts_quilombolas,pessoas_V03793,double,int32,449992,0,0,0,0,0
2022_tracts_quilombolas,pessoas_V03794,double,int32,450040,0,0,0,0,0
2022_tracts_quilombolas,pessoas_V03795,double,int32,450033,0,0,0,0,0
2022_tracts_quilombolas,pessoas_V03796,double,int32,449919,0,0,0,0,0
2022_tracts_quilombolas,pessoas_V03797,double,int32,449801,0,0,0,0,3
2022_tracts_quilombolas,pessoas_V03798,double,int32,449830,0,0,0,0,0
2022_tracts_quilombolas,pessoas_V03799,double,int32,449508,0,0,0,0,3
2022_tracts_quilombolas,pessoas_V03800,double,int32,449334,0,0,0,0,3
2022_tracts_quilombolas,pessoas_V03801,double,int32,449108,0,0,0,0,3
2022_tracts_quilombolas,pessoas_V03802,double,int32,448786,0,0,0,0,4
2022_tracts_quilombolas,pessoas_V03803,double,int32,446965,0,0,0,0,9
2022_tracts_quilombolas,pessoas_V03804,double,int32,450026,0,0,0,0,0
2022_tracts_quilombolas,pessoas_V03805,double,int32,450062,0,0,0,0,0
2022_tracts_quilombolas,pessoas_V03806,double,int32,450047,0,0,0,0,0
2022_tracts_quilombolas,pessoas_V03807,double,int32,449981,0,0,0,0,0
2022_tracts_quilombolas,pessoas_V03808,double,int32,449907,0,0,0,0,0
2022_tracts_quilombolas,pessoas_V03809,double,int32,449906,0,0,0,0,0
2022_tracts_quilombolas,pessoas_V03810,double,int32,449752,0,0,0,0,0
2022_tracts_quilombolas,pessoas_V03811,double,int32,449650,0,0,0,0,4
2022_tracts_quilombolas,pessoas_V03812,double,int32,449450,0,0,0,0,3
2022_tracts_quilombolas,pessoas_V03813,double,int32,449278,0,0,0,0,3
2022_tracts_quilombolas,pessoas_V03814,double,int32,447788,0,0,0,0,7
2022_tracts_quilombolas,pessoas_V03815,double,int32,449917,0,0,0,0,0
2022_tracts_quilombolas,pessoas_V03816,double,int32,449518,0,0,0,0,3
2022_tracts_quilombolas,pessoas_V03817,double,int32,448524,0,0,0,0,7
2022_tracts_quilombolas,pessoas_V03818,double,int32,446958,0,0,0,0,7
2022_tracts_quilombolas,pessoas_V03819,double,int32,449936,0,0,0,0,0
2022_tracts_quilombolas,pessoas_V03820,double,int32,449567,0,0,0,0,0
2022_tracts_quilombolas,pessoas_V03821,double,int32,448491,0,0,0,0,4
2022_tracts_quilombolas,pessoas_V03822,double,int32,446927,0,0,0,0,8
2022_tracts_quilombolas,pessoas_V03823,double,int32,449891,0,0,0,0,0
2022_tracts_quilombolas,pessoas_V03824,double,int32,449400,0,0,0,0,4
2022_tracts_quilombolas,pessoas_V03825,double,int32,448008,0,0,0,0,6
2022_tracts_quilombolas,pessoas_V03826,double,int32,446192,0,0,0,0,9
2022_tracts_quilombolas,pessoas_V03827,double,int32,449960,0,0,0,0,0
2022_tracts_quilombolas,pessoas_V03828,double,int32,449635,0,0,0,0,3
2022_tracts_quilombolas,pessoas_V03829,double,int32,448756,0,0,0,0,5
2022_tracts_quilombolas,pessoas_V03830,double,int32,447246,0,0,0,0,7
2022_tracts_quilombolas,pessoas_V03831,double,int32,450039,0,0,0,0,0
2022_tracts_quilombolas,pessoas_V03832,double,int32,450076,0,0,0,0,0
2022_tracts_quilombolas,pessoas_V03833,double,int32,450053,0,0,0,0,0
2022_tracts_quilombolas,pessoas_V03834,double,int32,449978,0,0,0,0,0
2022_tracts_quilombolas,pessoas_V03835,double,int32,449901,0,0,0,0,0
2022_tracts_quilombolas,pessoas_V03836,double,int32,449921,0,0,0,0,0
2022_tracts_quilombolas,pessoas_V03837,double,int32,449777,0,0,0,0,3
2022_tracts_quilombolas,pessoas_V03838,double,int32,449759,0,0,0,0,3
2022_tracts_quilombolas,pessoas_V03839,double,int32,449605,0,0,0,0,0
2022_tracts_quilombolas,pessoas_V03840,double,int32,449488,0,0,0,0,3
2022_tracts_quilombolas,pessoas_V03841,double,int32,448694,0,0,0,0,4
2022_tracts_quilombolas,pessoas_V03842,double,int32,450052,0,0,0,0,0
2022_tracts_quilombolas,pessoas_V03843,double,int32,450074,0,0,0,0,0
2022_tracts_quilombolas,pessoas_V03844,double,int32,450063,0,0,0,0,0
2022_tracts_quilombolas,pessoas_V03845,double,int32,450053,0,0,0,0,0
2022_tracts_quilombolas,pessoas_V03846,double,int32,450036,0,0,0,0,0
2022_tracts_quilombolas,pessoas_V03847,double,int32,450040,0,0,0,0,0
2022_tracts_quilombolas,pessoas_V03848,double,int32,449946,0,0,0,0,0
2022_tracts_quilombolas,pessoas_V03849,double,int32,449885,0,0,0,0,0
2022_tracts_quilombolas,pessoas_V03850,double,int32,449774,0,0,0,0,3
2022_tracts_quilombolas,pessoas_V03851,double,int32,449614,0,0,0,0,3
2022_tracts_quilombolas,pessoas_V03852,double,int32,448665,0,0,0,0,4
2022_tracts_quilombolas,pessoas_V03853,double,int32,450040,0,0,0,0,0
2022_tracts_quilombolas,pessoas_V03854,double,int32,450073,0,0,0,0,0
2022_tracts_quilombolas,pessoas_V03855,double,int32,450064,0,0,0,0,0
2022_tracts_quilombolas,pessoas_V03856,double,int32,449978,0,0,0,0,0
2022_tracts_quilombolas,pessoas_V03857,double,int32,449934,0,0,0,0,0
2022_tracts_quilombolas,pessoas_V03858,double,int32,449928,0,0,0,0,0
2022_tracts_quilombolas,pessoas_V03859,double,int32,449760,0,0,0,0,0
2022_tracts_quilombolas,pessoas_V03860,double,int32,449745,0,0,0,0,0
2022_tracts_quilombolas,pessoas_V03861,double,int32,449646,0,0,0,0,3
2022_tracts_quilombolas,pessoas_V03862,double,int32,449485,0,0,0,0,3
2022_tracts_quilombolas,pessoas_V03863,double,int32,448654,0,0,0,0,4
2022_tracts_quilombolas,pessoas_V03864,double,int32,450052,0,0,0,0,0
2022_tracts_quilombolas,pessoas_V03865,double,int32,450077,0,0,0,0,0
2022_tracts_quilombolas,pessoas_V03866,double,int32,450069,0,0,0,0,0
2022_tracts_quilombolas,pessoas_V03867,double,int32,450062,0,0,0,0,0
2022_tracts_quilombolas,pessoas_V03868,double,int32,450036,0,0,0,0,0
2022_tracts_quilombolas,pessoas_V03869,double,int32,450055,0,0,0,0,0
2022_tracts_quilombolas,pessoas_V03870,double,int32,449941,0,0,0,0,0
2022_tracts_quilombolas,pessoas_V03871,double,int32,449893,0,0,0,0,0
2022_tracts_quilombolas,pessoas_V03872,double,int32,449783,0,0,0,0,0
2022_tracts_quilombolas,pessoas_V03873,double,int32,449640,0,0,0,0,0
2022_tracts_quilombolas,pessoas_V03874,double,int32,448686,0,0,0,0,5
2022_tracts_quilombolas,pessoas_V03875,double,int32,450037,0,0,0,0,0
2022_tracts_quilombolas,pessoas_V03876,double,int32,450061,0,0,0,0,0
2022_tracts_quilombolas,pessoas_V03877,double,int32,450059,0,0,0,0,0
2022_tracts_quilombolas,pessoas_V03878,double,int32,449968,0,0,0,0,0
2022_tracts_quilombolas,pessoas_V03879,double,int32,449859,0,0,0,0,3
2022_tracts_quilombolas,pessoas_V03880,double,int32,449890,0,0,0,0,0
2022_tracts_quilombolas,pessoas_V03881,double,int32,449675,0,0,0,0,3
2022_tracts_quilombolas,pessoas_V03882,double,int32,449615,0,0,0,0,0
2022_tracts_quilombolas,pessoas_V03883,double,int32,449499,0,0,0,0,3
2022_tracts_quilombolas,pessoas_V03884,double,int32,449317,0,0,0,0,3
2022_tracts_quilombolas,pessoas_V03885,double,int32,448317,0,0,0,0,6
2022_tracts_quilombolas,pessoas_V03886,double,int32,450043,0,0,0,0,0
2022_tracts_quilombolas,pessoas_V03887,double,int32,450067,0,0,0,0,0
2022_tracts_quilombolas,pessoas_V03888,double,int32,450061,0,0,0,0,0
2022_tracts_quilombolas,pessoas_V03889,double,int32,450038,0,0,0,0,0
2022_tracts_quilombolas,pessoas_V03890,double,int32,450028,0,0,0,0,0
2022_tracts_quilombolas,pessoas_V03891,double,int32,450026,0,0,0,0,0
2022_tracts_quilombolas,pessoas_V03892,double,int32,449913,0,0,0,0,0
2022_tracts_quilombolas,pessoas_V03893,double,int32,449784,0,0,0,0,0
2022_tracts_quilombolas,pessoas_V03894,double,int32,449669,0,0,0,0,3
2022_tracts_quilombolas,pessoas_V03895,double,int32,449485,0,0,0,0,3
2022_tracts_quilombolas,pessoas_V03896,double,int32,448303,0,0,0,0,5
2022_tracts_quilombolas,pessoas_V03897,double,int32,450054,0,0,0,0,0
2022_tracts_quilombolas,pessoas_V03898,double,int32,450074,0,0,0,0,0
2022_tracts_quilombolas,pessoas_V03899,double,int32,450068,0,0,0,0,0
2022_tracts_quilombolas,pessoas_V03900,double,int32,450000,0,0,0,0,0
2022_tracts_quilombolas,pessoas_V03901,double,int32,449934,0,0,0,0,0
2022_tracts_quilombolas,pessoas_V03902,double,int32,449950,0,0,0,0,0
2022_tracts_quilombolas,pessoas_V03903,double,int32,449848,0,0,0,0,0
2022_tracts_quilombolas,pessoas_V03904,double,int32,449805,0,0,0,0,4
2022_tracts_quilombolas,pessoas_V03905,double,int32,449714,0,0,0,0,3
2022_tracts_quilombolas,pessoas_V03906,double,int32,449602,0,0,0,0,0
2022_tracts_quilombolas,pessoas_V03907,double,int32,448811,0,0,0,0,3
2022_tracts_quilombolas,pessoas_V03908,double,int32,450060,0,0,0,0,0
2022_tracts_quilombolas,pessoas_V03909,double,int32,450076,0,0,0,0,0
2022_tracts_quilombolas,pessoas_V03910,double,int32,450067,0,0,0,0,0
2022_tracts_quilombolas,pessoas_V03911,double,int32,450069,0,0,0,0,0
2022_tracts_quilombolas,pessoas_V03912,double,int32,450060,0,0,0,0,0
2022_tracts_quilombolas,pessoas_V03913,double,int32,450042,0,0,0,0,0
2022_tracts_quilombolas,pessoas_V03914,double,int32,449991,0,0,0,0,0
2022_tracts_quilombolas,pessoas_V03915,double,int32,449923,0,0,0,0,0
2022_tracts_quilombolas,pessoas_V03916,double,int32,449812,0,0,0,0,0
2022_tracts_quilombolas,pessoas_V03917,double,int32,449728,0,0,0,0,0
2022_tracts_quilombolas,pessoas_V03918,double,int32,448816,0,0,0,0,4
2022_tracts_quilombolas,pessoas_V03919,double,int32,449992,0,0,0,0,0
2022_tracts_quilombolas,pessoas_V03920,double,int32,449641,0,0,0,0,3
2022_tracts_quilombolas,pessoas_V03921,double,int32,449053,0,0,0,0,5
2022_tracts_quilombolas,pessoas_V03922,double,int32,448221,0,0,0,0,5
2022_tracts_quilombolas,pessoas_V03923,double,int32,450013,0,0,0,0,0
2022_tracts_quilombolas,pessoas_V03924,double,int32,449957,0,0,0,0,0
2022_tracts_quilombolas,pessoas_V03925,double,int32,449450,0,0,0,0,4
2022_tracts_quilombolas,pessoas_V03926,double,int32,448286,0,0,0,0,4
2022_tracts_quilombolas,pessoas_V03927,double,int32,450001,0,0,0,0,0
2022_tracts_quilombolas,pessoas_V03928,double,int32,449676,0,0,0,0,0
2022_tracts_quilombolas,pessoas_V03929,double,int32,449030,0,0,0,0,3
2022_tracts_quilombolas,pessoas_V03930,double,int32,448179,0,0,0,0,5
2022_tracts_quilombolas,pessoas_V03931,double,int32,450022,0,0,0,0,0
2022_tracts_quilombolas,pessoas_V03932,double,int32,449977,0,0,0,0,0
2022_tracts_quilombolas,pessoas_V03933,double,int32,449467,0,0,0,0,3
2022_tracts_quilombolas,pessoas_V03934,double,int32,448334,0,0,0,0,5
2022_tracts_quilombolas,pessoas_V03935,double,int32,449981,0,0,0,0,0
2022_tracts_quilombolas,pessoas_V03936,double,int32,449556,0,0,0,0,3
2022_tracts_quilombolas,pessoas_V03937,double,int32,448705,0,0,0,0,5
2022_tracts_quilombolas,pessoas_V03938,double,int32,447740,0,0,0,0,7
2022_tracts_quilombolas,pessoas_V03939,double,int32,449996,0,0,0,0,0
2022_tracts_quilombolas,pessoas_V03940,double,int32,449918,0,0,0,0,0
2022_tracts_quilombolas,pessoas_V03941,double,int32,449228,0,0,0,0,4
2022_tracts_quilombolas,pessoas_V03942,double,int32,447846,0,0,0,0,5
2022_tracts_quilombolas,pessoas_V03943,double,int32,450020,0,0,0,0,0
2022_tracts_quilombolas,pessoas_V03944,double,int32,449721,0,0,0,0,0
2022_tracts_quilombolas,pessoas_V03945,double,int32,449224,0,0,0,0,4
2022_tracts_quilombolas,pessoas_V03946,double,int32,448425,0,0,0,0,4
2022_tracts_quilombolas,pessoas_V03947,double,int32,450028,0,0,0,0,0
2022_tracts_quilombolas,pessoas_V03948,double,int32,449996,0,0,0,0,0
2022_tracts_quilombolas,pessoas_V03949,double,int32,449562,0,0,0,0,0
2022_tracts_quilombolas,pessoas_V03950,double,int32,448522,0,0,0,0,4
2022_tracts_quilombolas,situacao,string,string,458772,458772,0,0,,
2022_tracts_responsavelrenda,CD_AGLOM,double,double,30616,0,0,0,110001500003,530010800331
2022_tracts_responsavelrenda,CD_BAIRRO,double,double,165353,0,0,0,1100015001,5218300013
2022_tracts_responsavelrenda,CD_CONCURB,double,int32,255506,0,0,0,1100122,5300108
2022_tracts_responsavelrenda,CD_DIST,double,int32,458772,0,0,0,110001505,530010805
2022_tracts_responsavelrenda,CD_FCU,double,double,33262,0,0,0,11000490002,53001080096
2022_tracts_responsavelrenda,CD_MUN,double,int32,458772,0,0,0,1100015,5300108
2022_tracts_responsavelrenda,CD_NU,double,double,12146,0,0,0,1100015001,5300108039
2022_tracts_responsavelrenda,CD_REGIAO,double,int32,458772,0,0,0,1,5
2022_tracts_responsavelrenda,CD_RGI,double,int32,458772,0,0,0,110001,530001
2022_tracts_responsavelrenda,CD_RGINT,double,int32,458772,0,0,0,1101,5301
2022_tracts_responsavelrenda,CD_SETOR,double,double,458772,0,0,0,110001505000002,530010805440143
2022_tracts_responsavelrenda,CD_SIT,double,int32,458772,0,0,0,1,8
2022_tracts_responsavelrenda,CD_SUBDIST,double,double,458772,0,0,0,11000150500,53001080544
2022_tracts_responsavelrenda,CD_TIPO,double,int32,458772,0,0,0,0,9
2022_tracts_responsavelrenda,CD_UF,double,int32,458772,0,0,0,11,53
2022_tracts_responsavelrenda,NM_AGLOM,string,string,30616,30616,0,0,,
2022_tracts_responsavelrenda,NM_BAIRRO,string,string,165353,165256,0,0,1,34
2022_tracts_responsavelrenda,NM_CONCURB,string,string,255506,255506,0,0,,
2022_tracts_responsavelrenda,NM_DIST,string,string,458772,458772,0,0,,
2022_tracts_responsavelrenda,NM_FCU,string,string,33262,33262,0,7,,
2022_tracts_responsavelrenda,NM_MUN,string,string,458772,458772,0,0,,
2022_tracts_responsavelrenda,NM_NU,string,string,12146,12142,0,0,1,3
2022_tracts_responsavelrenda,NM_REGIAO,string,string,458772,458772,0,0,,
2022_tracts_responsavelrenda,NM_RGI,string,string,458772,458772,0,0,,
2022_tracts_responsavelrenda,NM_RGINT,string,string,458772,458772,0,0,,
2022_tracts_responsavelrenda,NM_SUBDIST,string,string,69735,69735,0,0,,
2022_tracts_responsavelrenda,NM_UF,string,string,458772,458772,0,0,,
2022_tracts_responsavelrenda,V06001,double,int32,449868,0,0,0,5,1820
2022_tracts_responsavelrenda,V06002,double,int32,449868,0,0,0,5,4804
2022_tracts_responsavelrenda,V06003,double,double,449868,0,445184,0,0,117.63
2022_tracts_responsavelrenda,V06004,double,double,449531,0,437368,0,80,177068.09
2022_tracts_responsavelrenda,V06005,double,double,449406,0,441633,0,0.03,922591172683.59
2022_tracts_responsavelrenda,V06006,double,double,449531,0,3846,0,60,50000
2022_tracts_responsavelrenda,area_km2,double,double,458772,0,458772,0,0.0001503,19333.1754678
2022_tracts_responsavelrenda,code_aglomerado,double,double,30616,0,0,0,110001500003,530010800331
2022_tracts_responsavelrenda,code_district,double,int32,458772,0,0,0,110001505,530010805
2022_tracts_responsavelrenda,code_favela,double,double,33262,0,0,0,11000490002,53001080096
2022_tracts_responsavelrenda,code_immediate,double,int32,458772,0,0,0,110001,530001
2022_tracts_responsavelrenda,code_intermediate,double,int32,458772,0,0,0,1101,5301
2022_tracts_responsavelrenda,code_muni,double,int32,458772,0,0,0,1100015,5300108
2022_tracts_responsavelrenda,code_neighborhood,double,double,165353,0,0,0,1100015001,5218300013
2022_tracts_responsavelrenda,code_nucleo_urbano,double,double,12146,0,0,0,1100015001,5300108039
2022_tracts_responsavelrenda,code_region,double,int32,458772,0,0,0,1,5
2022_tracts_responsavelrenda,code_situacao,double,int32,458772,0,0,0,1,8
2022_tracts_responsavelrenda,code_state,double,int32,458772,0,0,0,11,53
2022_tracts_responsavelrenda,code_subdistrict,double,double,458772,0,0,0,11000150500,53001080544
2022_tracts_responsavelrenda,code_tract,double,double,458772,0,0,0,110001505000002,530010805440143
2022_tracts_responsavelrenda,code_type,double,int32,458772,0,0,0,0,9
2022_tracts_responsavelrenda,code_urban_concentration,double,int32,255506,0,0,0,1100122,5300108
2022_tracts_responsavelrenda,name_aglomerado,string,string,30616,30616,0,0,,
2022_tracts_responsavelrenda,name_district,string,string,458772,458772,0,0,,
2022_tracts_responsavelrenda,name_favela,string,string,33262,33262,0,7,,
2022_tracts_responsavelrenda,name_immediate,string,string,458772,458772,0,0,,
2022_tracts_responsavelrenda,name_intermediate,string,string,458772,458772,0,0,,
2022_tracts_responsavelrenda,name_muni,string,string,458772,458772,0,0,,
2022_tracts_responsavelrenda,name_neighborhood,string,string,165353,165256,0,0,1,34
2022_tracts_responsavelrenda,name_nucleo_urbano,string,string,12146,12142,0,0,1,3
2022_tracts_responsavelrenda,name_region,string,string,458772,458772,0,0,,
2022_tracts_responsavelrenda,name_state,string,string,458772,458772,0,0,,
2022_tracts_responsavelrenda,name_subdistrict,string,string,69735,69735,0,0,,
2022_tracts_responsavelrenda,name_urban_concentration,string,string,255506,255506,0,0,,
2022_tracts_responsavelrenda,situacao,string,string,458772,458772,0,0,,
